ISO-10303-21;
HEADER;
/* Generated by software containing ST-Developer
 * from STEP Tools, Inc. (www.steptools.com) 
 */

FILE_DESCRIPTION(
/* description */ (''),
/* implementation_level */ '2;1');

FILE_NAME(
/* name */ 'Trident Left_Power_Inlet Meshed Filtered.step',
/* time_stamp */ '2025-07-07T08:59:35-04:00',
/* author */ (''),
/* organization */ (''),
/* preprocessor_version */ 'ST-DEVELOPER v20.1',
/* originating_system */ 'Autodesk Translation Framework v14.10.0.0',
/* authorisation */ '');

FILE_SCHEMA (('AUTOMOTIVE_DESIGN { 1 0 10303 214 3 1 1 }'));
ENDSEC;

DATA;
#10=MECHANICAL_DESIGN_GEOMETRIC_PRESENTATION_REPRESENTATION('',(#23,#24,
#25,#26),#13715);
#11=ITEM_DEFINED_TRANSFORMATION($,$,#8192,#8811);
#12=ITEM_DEFINED_TRANSFORMATION($,$,#8581,#8812);
#13=(
REPRESENTATION_RELATIONSHIP($,$,#13729,#13728)
REPRESENTATION_RELATIONSHIP_WITH_TRANSFORMATION(#11)
SHAPE_REPRESENTATION_RELATIONSHIP()
);
#14=(
REPRESENTATION_RELATIONSHIP($,$,#13730,#13728)
REPRESENTATION_RELATIONSHIP_WITH_TRANSFORMATION(#12)
SHAPE_REPRESENTATION_RELATIONSHIP()
);
#15=CONTEXT_DEPENDENT_SHAPE_REPRESENTATION(#13,#13726);
#16=CONTEXT_DEPENDENT_SHAPE_REPRESENTATION(#14,#13727);
#17=NEXT_ASSEMBLY_USAGE_OCCURRENCE('Filtered:1','Filtered:1',
'Filtered:1',#13732,#13733,'Filtered:1');
#18=NEXT_ASSEMBLY_USAGE_OCCURRENCE('Hexagons (8):1','Hexagons (8):1',
'Hexagons (8):1',#13732,#13734,'Hexagons (8):1');
#19=SHAPE_REPRESENTATION_RELATIONSHIP('SRR','None',#13729,#21);
#20=SHAPE_REPRESENTATION_RELATIONSHIP('SRR','None',#13730,#22);
#21=ADVANCED_BREP_SHAPE_REPRESENTATION('',(#27),#13713);
#22=ADVANCED_BREP_SHAPE_REPRESENTATION('',(#28,#29,#30),#13714);
#23=STYLED_ITEM('',(#13748),#27);
#24=STYLED_ITEM('',(#13747),#28);
#25=STYLED_ITEM('',(#13747),#29);
#26=STYLED_ITEM('',(#13747),#30);
#27=MANIFOLD_SOLID_BREP('Body1',#8164);
#28=MANIFOLD_SOLID_BREP('Body1',#8165);
#29=MANIFOLD_SOLID_BREP('Body2',#8166);
#30=MANIFOLD_SOLID_BREP('Body3',#8167);
#31=B_SPLINE_SURFACE_WITH_KNOTS('',3,3,((#12081,#12082,#12083,#12084,#12085),
(#12086,#12087,#12088,#12089,#12090),(#12091,#12092,#12093,#12094,#12095),
(#12096,#12097,#12098,#12099,#12100),(#12101,#12102,#12103,#12104,#12105),
(#12106,#12107,#12108,#12109,#12110)),.UNSPECIFIED.,.F.,.F.,.F.,(4,1,1,
4),(4,1,4),(0.,0.285714285714286,0.571428571428571,1.),(0.,0.273857743969632,
0.479251051946857),.UNSPECIFIED.);
#32=B_SPLINE_SURFACE_WITH_KNOTS('',3,3,((#12124,#12125,#12126,#12127),(#12128,
#12129,#12130,#12131),(#12132,#12133,#12134,#12135),(#12136,#12137,#12138,
#12139),(#12140,#12141,#12142,#12143),(#12144,#12145,#12146,#12147)),
 .UNSPECIFIED.,.F.,.F.,.F.,(4,1,1,4),(4,4),(0.,0.285714285714286,0.571428571428571,
1.),(-1.57079632679509,-1.17627746021153),.UNSPECIFIED.);
#33=TOROIDAL_SURFACE('',#8453,12.,1.);
#34=TOROIDAL_SURFACE('',#8461,5.00000000000014,1.);
#35=TOROIDAL_SURFACE('',#8467,5.00000000000012,1.);
#36=TOROIDAL_SURFACE('',#8472,4.00000000000004,1.);
#37=TOROIDAL_SURFACE('',#8476,12.,1.);
#38=TOROIDAL_SURFACE('',#8532,12.,1.);
#39=TOROIDAL_SURFACE('',#8536,12.,1.);
#40=ELLIPSE('',#8265,21.9999999999998,11.);
#41=ELLIPSE('',#8266,22.,11.);
#42=ELLIPSE('',#8269,21.9999999999999,11.);
#43=ELLIPSE('',#8270,22.,11.);
#44=ELLIPSE('',#8271,21.9999999999999,11.);
#45=ELLIPSE('',#8272,22.,11.);
#46=ELLIPSE('',#8273,21.9999999999999,11.);
#47=ELLIPSE('',#8274,21.9999999999999,11.);
#48=ELLIPSE('',#8300,22.,11.);
#49=ELLIPSE('',#8320,22.,11.);
#50=ELLIPSE('',#8381,3.48689359124216,2.);
#51=ELLIPSE('',#8385,3.48689359124216,2.);
#52=ELLIPSE('',#8401,22.0000000000003,11.);
#53=ELLIPSE('',#8413,22.0000000000003,11.);
#54=ELLIPSE('',#8425,22.,11.);
#55=ELLIPSE('',#8434,1.13137084989848,0.8);
#56=ELLIPSE('',#8435,1.13137084989848,0.8);
#57=ELLIPSE('',#8438,1.13137084989848,0.8);
#58=ELLIPSE('',#8440,1.13137084989848,0.8);
#59=ELLIPSE('',#8459,24.,12.);
#60=ELLIPSE('',#8460,23.5159520326097,11.);
#61=ELLIPSE('',#8482,22.,11.);
#62=ELLIPSE('',#8484,22.0000000000001,11.);
#63=ELLIPSE('',#8486,22.,11.);
#64=ELLIPSE('',#8488,22.,11.);
#65=ELLIPSE('',#8508,3.48689359124217,2.);
#66=ELLIPSE('',#8510,3.48689359124217,2.);
#67=B_SPLINE_CURVE_WITH_KNOTS('',3,(#11252,#11253,#11254,#11255,#11256,
#11257,#11258,#11259),.UNSPECIFIED.,.F.,.F.,(4,2,2,4),(0.151425970380167,
0.22900696596496,0.344151139534536,0.459295313104112),.UNSPECIFIED.);
#68=B_SPLINE_CURVE_WITH_KNOTS('',3,(#11263,#11264,#11265,#11266,#11267,
#11268,#11269,#11270,#11271,#11272,#11273,#11274,#11275,#11276),
 .UNSPECIFIED.,.F.,.F.,(4,2,2,2,2,2,4),(-1.17518950176391,-1.13878507712356,
-1.07467611365275,-1.01056715018194,-0.951865774713381,-0.893164399244824,
-0.847412083162058),.UNSPECIFIED.);
#69=B_SPLINE_CURVE_WITH_KNOTS('',3,(#11280,#11281,#11282,#11283,#11284,
#11285,#11286,#11287),.UNSPECIFIED.,.F.,.F.,(4,2,2,4),(-0.464951220024758,
-0.346466622647233,-0.227982025269708,-0.152132987531833),.UNSPECIFIED.);
#70=B_SPLINE_CURVE_WITH_KNOTS('',3,(#11297,#11298,#11299,#11300,#11301,
#11302,#11303,#11304,#11305,#11306,#11307,#11308),.UNSPECIFIED.,.F.,.F.,
(4,2,2,2,2,4),(6.77728926187554E-14,0.124059333564473,0.248118667128878,
0.455758334316386,0.600651576161156,0.634328641009646),.UNSPECIFIED.);
#71=B_SPLINE_CURVE_WITH_KNOTS('',3,(#11312,#11313,#11314,#11315,#11316,
#11317,#11318,#11319,#11320,#11321,#11322),.UNSPECIFIED.,.F.,.F.,(4,2,3,
2,4),(-0.153778559338869,-0.108738569586593,0.,0.108738569586595,0.153778559338873),
 .UNSPECIFIED.);
#72=B_SPLINE_CURVE_WITH_KNOTS('',3,(#11326,#11327,#11328,#11329,#11330,
#11331,#11332,#11333,#11334,#11335),.UNSPECIFIED.,.F.,.F.,(4,2,2,2,4),(0.750607087134569,
0.784284151983076,0.929177393827854,1.15938597247852,1.38959455112919),
 .UNSPECIFIED.);
#73=B_SPLINE_CURVE_WITH_KNOTS('',3,(#11339,#11340,#11341,#11342,#11343,
#11344,#11345,#11346,#11347,#11348,#11349,#11350),.UNSPECIFIED.,.F.,.F.,
(4,2,2,2,2,4),(3.67152521885432E-14,0.230208578650697,0.460417157301358,
0.542421123898759,0.624425090496159,0.641105604422665),.UNSPECIFIED.);
#74=B_SPLINE_CURVE_WITH_KNOTS('',3,(#11354,#11355,#11356,#11357,#11358,
#11359,#11360,#11361,#11362,#11363,#11364),.UNSPECIFIED.,.F.,.F.,(4,2,3,
2,4),(-0.153778559338878,-0.108738569586595,0.,0.108738569586595,0.153778559338875),
 .UNSPECIFIED.);
#75=B_SPLINE_CURVE_WITH_KNOTS('',3,(#11368,#11369,#11370,#11371,#11372,
#11373,#11374,#11375,#11376,#11377,#11378,#11379),.UNSPECIFIED.,.F.,.F.,
(4,2,2,2,2,4),(0.7506070871346,0.784284151983083,0.929177393827865,1.1368170610154,
1.26087639457982,1.38493572814424),.UNSPECIFIED.);
#76=B_SPLINE_CURVE_WITH_KNOTS('',3,(#11383,#11384,#11385,#11386,#11387,
#11388,#11389,#11390,#11391,#11392,#11393,#11394),.UNSPECIFIED.,.F.,.F.,
(4,2,2,2,2,4),(-0.634328641009228,-0.60065157616073,-0.455758334315824,
-0.248118667127784,-0.124059333563913,-4.19664303308309E-14),
 .UNSPECIFIED.);
#77=B_SPLINE_CURVE_WITH_KNOTS('',3,(#11398,#11399,#11400,#11401,#11402,
#11403,#11404,#11405,#11406,#11407,#11408),.UNSPECIFIED.,.F.,.F.,(4,2,3,
2,4),(-0.153778559338814,-0.108738569586569,0.,0.108738569586573,0.153778559338859),
 .UNSPECIFIED.);
#78=B_SPLINE_CURVE_WITH_KNOTS('',3,(#11412,#11413,#11414,#11415,#11416,
#11417,#11418,#11419,#11420,#11421,#11422,#11423),.UNSPECIFIED.,.F.,.F.,
(4,2,2,2,2,4),(-1.38493572814344,-1.15472714949304,-0.924518570842646,-0.842514604245162,
-0.760510637647677,-0.743830123721242),.UNSPECIFIED.);
#79=B_SPLINE_CURVE_WITH_KNOTS('',3,(#11515,#11516,#11517,#11518,#11519,
#11520,#11521,#11522,#11523,#11524,#11525,#11526,#11527,#11528),
 .UNSPECIFIED.,.F.,.F.,(4,2,2,2,2,2,4),(-0.45244296523759,-0.414704593162719,
-0.376966221087847,-0.339272236742304,-0.30157825239676,-0.263869450244938,
-0.251526608403644),.UNSPECIFIED.);
#80=B_SPLINE_CURVE_WITH_KNOTS('',3,(#11581,#11582,#11583,#11584,#11585,
#11586,#11587,#11588,#11589,#11590),.UNSPECIFIED.,.F.,.F.,(4,2,2,2,4),(-1.2541050631466,
-1.20113863812386,-1.06809263151201,-0.935046624900153,-0.885778456673808),
 .UNSPECIFIED.);
#81=B_SPLINE_CURVE_WITH_KNOTS('',3,(#11598,#11599,#11600,#11601,#11602,
#11603),.UNSPECIFIED.,.F.,.F.,(4,2,4),(-2.10880653062332,-1.76872112577679,
-1.42863572093026),.UNSPECIFIED.);
#82=B_SPLINE_CURVE_WITH_KNOTS('',3,(#11870,#11871,#11872,#11873,#11874,
#11875,#11876,#11877,#11878,#11879),.UNSPECIFIED.,.F.,.F.,(4,2,2,2,4),(0.885778456675504,
0.935046624900433,1.06809263151266,1.20113863812488,1.25410506314811),
 .UNSPECIFIED.);
#83=B_SPLINE_CURVE_WITH_KNOTS('',3,(#11886,#11887,#11888,#11889,#11890,
#11891,#11892,#11893,#11894,#11895),.UNSPECIFIED.,.F.,.F.,(4,2,2,2,4),(-2.1088065306234,
-1.9264581456554,-1.74410976068741,-1.59307371238321,-1.44203766407902),
 .UNSPECIFIED.);
#84=B_SPLINE_CURVE_WITH_KNOTS('',3,(#11922,#11923,#11924,#11925,#11926,
#11927,#11928,#11929,#11930,#11931),.UNSPECIFIED.,.F.,.F.,(4,2,2,2,4),(0.885778456675414,
0.93504662490043,1.06809263151264,1.20113863812485,1.25410506314807),
 .UNSPECIFIED.);
#85=B_SPLINE_CURVE_WITH_KNOTS('',3,(#11938,#11939,#11940,#11941,#11942,
#11943,#11944,#11945,#11946,#11947),.UNSPECIFIED.,.F.,.F.,(4,2,2,2,4),(-2.10880653062337,
-1.92645814565539,-1.74410976068741,-1.5930737123832,-1.44203766407899),
 .UNSPECIFIED.);
#86=B_SPLINE_CURVE_WITH_KNOTS('',3,(#11974,#11975,#11976,#11977,#11978,
#11979,#11980,#11981,#11982,#11983),.UNSPECIFIED.,.F.,.F.,(4,2,2,2,4),(-1.25410506314636,
-1.20113863812365,-1.06809263151187,-0.935046624900091,-0.885778456673584),
 .UNSPECIFIED.);
#87=B_SPLINE_CURVE_WITH_KNOTS('',3,(#11990,#11991,#11992,#11993,#11994,
#11995),.UNSPECIFIED.,.F.,.F.,(4,2,4),(-2.10880653062336,-1.76872112577683,
-1.4286357209303),.UNSPECIFIED.);
#88=B_SPLINE_CURVE_WITH_KNOTS('',3,(#11999,#12000,#12001,#12002,#12003,
#12004,#12005,#12006,#12007,#12008,#12009),.UNSPECIFIED.,.F.,.F.,(4,2,3,
2,4),(1.72336978842462,1.76035656438707,1.87349162448584,1.98642812783137,
2.02359787848125),.UNSPECIFIED.);
#89=B_SPLINE_CURVE_WITH_KNOTS('',3,(#12013,#12014,#12015,#12016,#12017,
#12018,#12019,#12020,#12021,#12022,#12023),.UNSPECIFIED.,.F.,.F.,(4,2,3,
2,4),(-0.150121836061191,-0.113135060098769,0.,0.11293650334553,0.150106253995414),
 .UNSPECIFIED.);
#90=B_SPLINE_CURVE_WITH_KNOTS('',3,(#12027,#12028,#12029,#12030,#12031,
#12032,#12033,#12034,#12035,#12036,#12037),.UNSPECIFIED.,.F.,.F.,(4,2,3,
2,4),(-0.150121836061194,-0.11313506009877,0.,0.11293650334553,0.150106253995409),
 .UNSPECIFIED.);
#91=B_SPLINE_CURVE_WITH_KNOTS('',3,(#12112,#12113,#12114,#12115,#12116),
 .UNSPECIFIED.,.F.,.F.,(4,1,4),(0.,0.273857743969632,0.479251051946857),
 .UNSPECIFIED.);
#92=B_SPLINE_CURVE_WITH_KNOTS('',3,(#12119,#12120,#12121,#12122,#12123),
 .UNSPECIFIED.,.F.,.F.,(4,1,4),(-0.479251051946857,-0.273857743969632,0.),
 .UNSPECIFIED.);
#93=B_SPLINE_CURVE_WITH_KNOTS('',3,(#12185,#12186,#12187,#12188,#12189,
#12190,#12191,#12192,#12193,#12194),.UNSPECIFIED.,.F.,.F.,(4,2,2,2,4),(2.89953202116461,
2.97866361170865,3.09383500154421,3.20532331465864,3.26045056613737),
 .UNSPECIFIED.);
#94=B_SPLINE_CURVE_WITH_KNOTS('',3,(#12197,#12198,#12199,#12200,#12201,
#12202),.UNSPECIFIED.,.F.,.F.,(4,2,4),(1.42863572093042,1.76872112577694,
2.10880653062347),.UNSPECIFIED.);
#95=B_SPLINE_CURVE_WITH_KNOTS('',3,(#12206,#12207,#12208,#12209,#12210,
#12211,#12212,#12213,#12214,#12215),.UNSPECIFIED.,.F.,.F.,(4,2,2,2,4),(-3.26045056613442,
-3.20532331465557,-3.09383500154114,-2.9786636117056,-2.89953202116158),
 .UNSPECIFIED.);
#96=B_SPLINE_CURVE_WITH_KNOTS('',3,(#12218,#12219,#12220,#12221,#12222,
#12223,#12224,#12225,#12226,#12227),.UNSPECIFIED.,.F.,.F.,(4,2,2,2,4),(-2.10880653062276,
-1.92645814565523,-1.7441097606877,-1.59307371238332,-1.44203766407894),
 .UNSPECIFIED.);
#97=B_SPLINE_CURVE_WITH_KNOTS('',3,(#12231,#12232,#12233,#12234,#12235,
#12236,#12237,#12238,#12239,#12240),.UNSPECIFIED.,.F.,.F.,(4,2,2,2,4),(-3.2604505661335,
-3.20532331465462,-3.0938350015402,-2.97866361170466,-2.89953202116068),
 .UNSPECIFIED.);
#98=B_SPLINE_CURVE_WITH_KNOTS('',3,(#12243,#12244,#12245,#12246,#12247,
#12248,#12249,#12250,#12251,#12252),.UNSPECIFIED.,.F.,.F.,(4,2,2,2,4),(1.44203766407905,
1.59307371238323,1.74410976068741,1.92645814565541,2.10880653062341),
 .UNSPECIFIED.);
#99=B_SPLINE_CURVE_WITH_KNOTS('',3,(#12254,#12255,#12256,#12257,#12258,
#12259,#12260,#12261,#12262,#12263,#12264),.UNSPECIFIED.,.F.,.F.,(4,2,3,
2,4),(-0.150121836061211,-0.113135060098771,0.,0.112936503345528,0.150106253995415),
 .UNSPECIFIED.);
#100=B_SPLINE_CURVE_WITH_KNOTS('',3,(#12268,#12269,#12270,#12271,#12272,
#12273,#12274,#12275),.UNSPECIFIED.,.F.,.F.,(4,2,2,4),(0.15163290580152,
0.222146644654586,0.36000611801265,0.497865591370713),.UNSPECIFIED.);
#101=B_SPLINE_CURVE_WITH_KNOTS('',3,(#12278,#12279,#12280,#12281,#12282,
#12283,#12284,#12285,#12286,#12287),.UNSPECIFIED.,.F.,.F.,(4,2,2,2,4),(1.44203766407899,
1.5930737123832,1.74410976068741,1.92645814565538,2.10880653062336),
 .UNSPECIFIED.);
#102=CYLINDRICAL_SURFACE('',#8242,3.4);
#103=CYLINDRICAL_SURFACE('',#8245,3.4);
#104=CYLINDRICAL_SURFACE('',#8247,3.4);
#105=CYLINDRICAL_SURFACE('',#8250,3.4);
#106=CYLINDRICAL_SURFACE('',#8258,2.35);
#107=CYLINDRICAL_SURFACE('',#8260,2.35);
#108=CYLINDRICAL_SURFACE('',#8263,11.);
#109=CYLINDRICAL_SURFACE('',#8298,2.99999999999996);
#110=CYLINDRICAL_SURFACE('',#8301,1.);
#111=CYLINDRICAL_SURFACE('',#8321,3.00000000000002);
#112=CYLINDRICAL_SURFACE('',#8324,2.);
#113=CYLINDRICAL_SURFACE('',#8347,2.99999999999999);
#114=CYLINDRICAL_SURFACE('',#8349,2.99999999999993);
#115=CYLINDRICAL_SURFACE('',#8351,3.00000000000004);
#116=CYLINDRICAL_SURFACE('',#8376,3.00000000000004);
#117=CYLINDRICAL_SURFACE('',#8380,2.);
#118=CYLINDRICAL_SURFACE('',#8384,2.);
#119=CYLINDRICAL_SURFACE('',#8389,2.);
#120=CYLINDRICAL_SURFACE('',#8402,3.00000000000001);
#121=CYLINDRICAL_SURFACE('',#8405,2.);
#122=CYLINDRICAL_SURFACE('',#8414,3.00000000000001);
#123=CYLINDRICAL_SURFACE('',#8417,2.);
#124=CYLINDRICAL_SURFACE('',#8426,3.00000000000002);
#125=CYLINDRICAL_SURFACE('',#8429,2.);
#126=CYLINDRICAL_SURFACE('',#8430,3.);
#127=CYLINDRICAL_SURFACE('',#8431,3.);
#128=CYLINDRICAL_SURFACE('',#8432,3.);
#129=CYLINDRICAL_SURFACE('',#8433,0.8);
#130=CYLINDRICAL_SURFACE('',#8439,0.8);
#131=CYLINDRICAL_SURFACE('',#8442,3.);
#132=CYLINDRICAL_SURFACE('',#8446,3.);
#133=CYLINDRICAL_SURFACE('',#8450,1.);
#134=CYLINDRICAL_SURFACE('',#8465,1.);
#135=CYLINDRICAL_SURFACE('',#8470,1.);
#136=CYLINDRICAL_SURFACE('',#8474,1.);
#137=CYLINDRICAL_SURFACE('',#8478,1.);
#138=CYLINDRICAL_SURFACE('',#8480,1.);
#139=CYLINDRICAL_SURFACE('',#8481,11.);
#140=CYLINDRICAL_SURFACE('',#8497,2.);
#141=CYLINDRICAL_SURFACE('',#8499,1.99999999999998);
#142=CYLINDRICAL_SURFACE('',#8501,3.00000000000001);
#143=CYLINDRICAL_SURFACE('',#8502,6.00000000000014);
#144=CYLINDRICAL_SURFACE('',#8503,6.00000000000012);
#145=CYLINDRICAL_SURFACE('',#8507,2.);
#146=CYLINDRICAL_SURFACE('',#8513,3.00000000000001);
#147=CYLINDRICAL_SURFACE('',#8516,3.00000000000001);
#148=CYLINDRICAL_SURFACE('',#8518,2.);
#149=CYLINDRICAL_SURFACE('',#8520,0.999999999999999);
#150=CYLINDRICAL_SURFACE('',#8522,1.);
#151=CYLINDRICAL_SURFACE('',#8525,3.00000000000001);
#152=CYLINDRICAL_SURFACE('',#8529,2.);
#153=CYLINDRICAL_SURFACE('',#8530,1.);
#154=CYLINDRICAL_SURFACE('',#8534,1.);
#155=CYLINDRICAL_SURFACE('',#8538,1.);
#156=CYLINDRICAL_SURFACE('',#8541,3.);
#157=CYLINDRICAL_SURFACE('',#8542,3.);
#158=CYLINDRICAL_SURFACE('',#8544,2.);
#159=CYLINDRICAL_SURFACE('',#8546,3.00000000000002);
#160=CYLINDRICAL_SURFACE('',#8547,1.);
#161=CYLINDRICAL_SURFACE('',#8550,3.);
#162=CYLINDRICAL_SURFACE('',#8552,3.00000000000001);
#163=CYLINDRICAL_SURFACE('',#8554,1.);
#164=CYLINDRICAL_SURFACE('',#8559,3.00000000000002);
#165=CYLINDRICAL_SURFACE('',#8561,2.);
#166=CYLINDRICAL_SURFACE('',#8563,3.);
#167=CYLINDRICAL_SURFACE('',#8564,3.);
#168=CYLINDRICAL_SURFACE('',#8566,1.);
#169=CYLINDRICAL_SURFACE('',#8567,1.6);
#170=CYLINDRICAL_SURFACE('',#8568,1.6);
#171=CYLINDRICAL_SURFACE('',#8571,2.35);
#172=CYLINDRICAL_SURFACE('',#8573,3.00000000000001);
#173=CYLINDRICAL_SURFACE('',#8579,1.);
#174=CYLINDRICAL_SURFACE('',#8580,1.);
#175=CYLINDRICAL_SURFACE('',#8632,3.40000000000001);
#176=CYLINDRICAL_SURFACE('',#8648,3.39999999999999);
#177=CYLINDRICAL_SURFACE('',#8694,1.40000000000001);
#178=CYLINDRICAL_SURFACE('',#8699,1.40000000000001);
#179=CYLINDRICAL_SURFACE('',#8721,1.4);
#180=CYLINDRICAL_SURFACE('',#8760,3.39999999999999);
#181=CYLINDRICAL_SURFACE('',#8767,2.40000000000007);
#182=CYLINDRICAL_SURFACE('',#8785,2.399999999993);
#183=CYLINDRICAL_SURFACE('',#8790,2.399999999993);
#184=CONICAL_SURFACE('',#8229,3.59999999999999,0.785398163398324);
#185=CONICAL_SURFACE('',#8232,3.59999999999999,0.785398163398583);
#186=CONICAL_SURFACE('',#8235,3.6,0.785398163397138);
#187=CONICAL_SURFACE('',#8238,3.60000000000001,0.785398163396912);
#188=CONICAL_SURFACE('',#8287,1.2,0.785398163397453);
#189=CONICAL_SURFACE('',#8290,3.19999999999997,0.785398163397448);
#190=CONICAL_SURFACE('',#8293,3.20000000000002,0.78539816339737);
#191=CONICAL_SURFACE('',#8296,1.2,0.785398163397395);
#192=CONICAL_SURFACE('',#8305,2.20000000000004,0.785398163380798);
#193=CONICAL_SURFACE('',#8308,3.20000000000002,0.785398163397424);
#194=CONICAL_SURFACE('',#8311,3.2,0.785398163397398);
#195=CONICAL_SURFACE('',#8314,3.2,0.785398163397414);
#196=CONICAL_SURFACE('',#8317,2.20000000000004,0.785398163380811);
#197=CONICAL_SURFACE('',#8328,3.20000000000003,0.785398163397376);
#198=CONICAL_SURFACE('',#8331,3.19999999999993,0.78539816339745);
#199=CONICAL_SURFACE('',#8334,3.19999999999999,0.785398163397384);
#200=CONICAL_SURFACE('',#8337,3.2,0.785398163397447);
#201=CONICAL_SURFACE('',#8340,3.2,0.785398163397393);
#202=CONICAL_SURFACE('',#8343,3.19999999999999,0.785398163397428);
#203=CONICAL_SURFACE('',#8353,1.8,0.785398163397444);
#204=CONICAL_SURFACE('',#8356,1.8,0.785398163397325);
#205=CONICAL_SURFACE('',#8359,1.8,0.785398163401069);
#206=CONICAL_SURFACE('',#8362,3.20000000000007,0.785398163407894);
#207=CONICAL_SURFACE('',#8365,5.80000000000012,0.785398163397461);
#208=CONICAL_SURFACE('',#8368,5.80000000000014,0.785398163397486);
#209=CONICAL_SURFACE('',#8371,3.19999999999999,0.78539816338635);
#210=CONICAL_SURFACE('',#8374,1.8,0.78539816340119);
#211=FACE_BOUND('',#849,.T.);
#212=FACE_BOUND('',#850,.T.);
#213=FACE_BOUND('',#851,.T.);
#214=FACE_BOUND('',#852,.T.);
#215=FACE_BOUND('',#853,.T.);
#216=FACE_BOUND('',#854,.T.);
#217=FACE_BOUND('',#855,.T.);
#218=FACE_BOUND('',#882,.T.);
#219=FACE_BOUND('',#883,.T.);
#220=FACE_BOUND('',#884,.T.);
#221=FACE_BOUND('',#885,.T.);
#222=FACE_BOUND('',#913,.T.);
#223=FACE_BOUND('',#914,.T.);
#224=FACE_BOUND('',#953,.T.);
#225=FACE_BOUND('',#958,.T.);
#226=FACE_BOUND('',#959,.T.);
#227=FACE_BOUND('',#960,.T.);
#228=FACE_BOUND('',#986,.T.);
#229=FACE_BOUND('',#989,.T.);
#230=FACE_BOUND('',#1172,.T.);
#231=FACE_BOUND('',#1173,.T.);
#232=FACE_BOUND('',#1174,.T.);
#233=FACE_BOUND('',#1175,.T.);
#234=FACE_BOUND('',#1176,.T.);
#235=FACE_BOUND('',#1177,.T.);
#236=FACE_BOUND('',#1178,.T.);
#237=FACE_BOUND('',#1180,.T.);
#238=FACE_BOUND('',#1181,.T.);
#239=FACE_BOUND('',#1182,.T.);
#240=FACE_BOUND('',#1183,.T.);
#241=FACE_BOUND('',#1184,.T.);
#242=FACE_BOUND('',#1185,.T.);
#243=FACE_BOUND('',#1186,.T.);
#244=FACE_BOUND('',#1239,.T.);
#245=FACE_BOUND('',#1241,.T.);
#246=FACE_BOUND('',#1299,.T.);
#247=FACE_BOUND('',#1300,.T.);
#248=FACE_BOUND('',#1302,.T.);
#249=FACE_BOUND('',#1303,.T.);
#250=CIRCLE('',#8200,1.59999999999999);
#251=CIRCLE('',#8201,3.39999999999996);
#252=CIRCLE('',#8202,5.60000000000014);
#253=CIRCLE('',#8203,5.60000000000012);
#254=CIRCLE('',#8204,3.4000000000001);
#255=CIRCLE('',#8205,1.59999999999999);
#256=CIRCLE('',#8206,1.6);
#257=CIRCLE('',#8207,1.6);
#258=CIRCLE('',#8208,3.79999999999997);
#259=CIRCLE('',#8209,3.80000000000002);
#260=CIRCLE('',#8210,3.8);
#261=CIRCLE('',#8211,3.79999999999999);
#262=CIRCLE('',#8212,2.35);
#263=CIRCLE('',#8213,2.35);
#264=CIRCLE('',#8214,2.40000000000007);
#265=CIRCLE('',#8215,3.39999999999999);
#266=CIRCLE('',#8216,3.4);
#267=CIRCLE('',#8217,3.40000000000001);
#268=CIRCLE('',#8218,2.40000000000007);
#269=CIRCLE('',#8219,3.40000000000001);
#270=CIRCLE('',#8220,3.39999999999999);
#271=CIRCLE('',#8221,3.40000000000001);
#272=CIRCLE('',#8222,3.4);
#273=CIRCLE('',#8223,3.39999999999999);
#274=CIRCLE('',#8224,3.39999999999992);
#275=CIRCLE('',#8225,1.40000000000001);
#276=CIRCLE('',#8226,3.40000000000002);
#277=CIRCLE('',#8227,3.39999999999997);
#278=CIRCLE('',#8228,1.40000000000001);
#279=CIRCLE('',#8230,3.4);
#280=CIRCLE('',#8233,3.4);
#281=CIRCLE('',#8236,3.4);
#282=CIRCLE('',#8239,3.4);
#283=CIRCLE('',#8243,3.4);
#284=CIRCLE('',#8246,3.4);
#285=CIRCLE('',#8248,3.4);
#286=CIRCLE('',#8251,3.4);
#287=CIRCLE('',#8259,2.35);
#288=CIRCLE('',#8261,2.35);
#289=CIRCLE('',#8264,11.);
#290=CIRCLE('',#8267,11.);
#291=CIRCLE('',#8268,11.);
#292=CIRCLE('',#8275,11.);
#293=CIRCLE('',#8277,2.99999999999996);
#294=CIRCLE('',#8278,3.00000000000002);
#295=CIRCLE('',#8279,1.);
#296=CIRCLE('',#8280,3.);
#297=CIRCLE('',#8281,3.00000000000004);
#298=CIRCLE('',#8282,2.99999999999993);
#299=CIRCLE('',#8283,4.00000000000004);
#300=CIRCLE('',#8284,5.00000000000012);
#301=CIRCLE('',#8285,5.00000000000014);
#302=CIRCLE('',#8288,1.);
#303=CIRCLE('',#8291,2.99999999999996);
#304=CIRCLE('',#8294,3.00000000000002);
#305=CIRCLE('',#8297,1.);
#306=CIRCLE('',#8303,11.);
#307=CIRCLE('',#8306,2.);
#308=CIRCLE('',#8309,3.00000000000002);
#309=CIRCLE('',#8312,3.);
#310=CIRCLE('',#8315,3.);
#311=CIRCLE('',#8318,2.);
#312=CIRCLE('',#8323,11.);
#313=CIRCLE('',#8326,3.);
#314=CIRCLE('',#8327,3.);
#315=CIRCLE('',#8329,3.00000000000004);
#316=CIRCLE('',#8332,2.99999999999993);
#317=CIRCLE('',#8335,2.99999999999999);
#318=CIRCLE('',#8338,3.);
#319=CIRCLE('',#8341,3.);
#320=CIRCLE('',#8344,3.);
#321=CIRCLE('',#8354,2.);
#322=CIRCLE('',#8357,2.);
#323=CIRCLE('',#8360,2.);
#324=CIRCLE('',#8363,3.00000000000004);
#325=CIRCLE('',#8366,6.00000000000012);
#326=CIRCLE('',#8369,6.00000000000014);
#327=CIRCLE('',#8372,3.00000000000001);
#328=CIRCLE('',#8375,2.);
#329=CIRCLE('',#8377,3.00000000000004);
#330=CIRCLE('',#8379,12.);
#331=CIRCLE('',#8383,2.35);
#332=CIRCLE('',#8387,12.);
#333=CIRCLE('',#8388,12.);
#334=CIRCLE('',#8390,2.);
#335=CIRCLE('',#8392,1.6);
#336=CIRCLE('',#8393,1.6);
#337=CIRCLE('',#8395,2.);
#338=CIRCLE('',#8396,2.);
#339=CIRCLE('',#8397,3.00000000000001);
#340=CIRCLE('',#8398,3.);
#341=CIRCLE('',#8399,3.00000000000001);
#342=CIRCLE('',#8404,11.);
#343=CIRCLE('',#8407,2.);
#344=CIRCLE('',#8408,1.99999999999998);
#345=CIRCLE('',#8409,3.00000000000001);
#346=CIRCLE('',#8410,3.);
#347=CIRCLE('',#8411,3.00000000000001);
#348=CIRCLE('',#8416,11.);
#349=CIRCLE('',#8419,2.);
#350=CIRCLE('',#8420,2.);
#351=CIRCLE('',#8421,3.00000000000002);
#352=CIRCLE('',#8422,3.);
#353=CIRCLE('',#8423,3.00000000000002);
#354=CIRCLE('',#8428,11.);
#355=CIRCLE('',#8443,3.);
#356=CIRCLE('',#8445,1.6);
#357=CIRCLE('',#8447,3.);
#358=CIRCLE('',#8449,1.6);
#359=CIRCLE('',#8451,1.);
#360=CIRCLE('',#8452,1.00000000000001);
#361=CIRCLE('',#8454,0.999999999999921);
#362=CIRCLE('',#8455,12.);
#363=CIRCLE('',#8456,11.);
#364=CIRCLE('',#8457,1.);
#365=CIRCLE('',#8458,0.999999999999995);
#366=CIRCLE('',#8462,0.99999999999584);
#367=CIRCLE('',#8463,1.00000000000021);
#368=CIRCLE('',#8464,6.00000000000014);
#369=CIRCLE('',#8466,0.999999999999837);
#370=CIRCLE('',#8468,0.999999999999927);
#371=CIRCLE('',#8469,6.00000000000012);
#372=CIRCLE('',#8471,1.00000000000001);
#373=CIRCLE('',#8473,1.);
#374=CIRCLE('',#8475,1.00000000000001);
#375=CIRCLE('',#8477,0.999999999999983);
#376=CIRCLE('',#8479,1.);
#377=CIRCLE('',#8483,11.);
#378=CIRCLE('',#8485,11.);
#379=CIRCLE('',#8487,11.);
#380=CIRCLE('',#8489,11.);
#381=CIRCLE('',#8490,11.);
#382=CIRCLE('',#8493,1.);
#383=CIRCLE('',#8494,2.);
#384=CIRCLE('',#8495,2.);
#385=CIRCLE('',#8498,2.);
#386=CIRCLE('',#8505,1.);
#387=CIRCLE('',#8521,0.999999999999999);
#388=CIRCLE('',#8523,1.);
#389=CIRCLE('',#8526,3.00000000000001);
#390=CIRCLE('',#8531,0.999999999999996);
#391=CIRCLE('',#8533,1.);
#392=CIRCLE('',#8535,1.00000000000001);
#393=CIRCLE('',#8537,1.00000000000001);
#394=CIRCLE('',#8553,3.00000000000001);
#395=CIRCLE('',#8555,1.);
#396=CIRCLE('',#8558,1.);
#397=CIRCLE('',#8570,2.35);
#398=CIRCLE('',#8574,3.00000000000001);
#399=CIRCLE('',#8577,1.);
#400=CIRCLE('',#8578,1.);
#401=CIRCLE('',#8633,3.40000000000001);
#402=CIRCLE('',#8634,3.40000000000001);
#403=CIRCLE('',#8649,3.39999999999999);
#404=CIRCLE('',#8650,3.39999999999999);
#405=CIRCLE('',#8695,1.40000000000001);
#406=CIRCLE('',#8696,1.40000000000001);
#407=CIRCLE('',#8700,1.40000000000001);
#408=CIRCLE('',#8701,1.40000000000001);
#409=CIRCLE('',#8722,1.4);
#410=CIRCLE('',#8723,1.4);
#411=CIRCLE('',#8761,3.39999999999999);
#412=CIRCLE('',#8762,3.39999999999999);
#413=CIRCLE('',#8768,2.40000000000007);
#414=CIRCLE('',#8769,2.40000000000007);
#415=CIRCLE('',#8786,2.399999999993);
#416=CIRCLE('',#8787,2.399999999993);
#417=CIRCLE('',#8791,2.399999999993);
#418=CIRCLE('',#8792,2.399999999993);
#419=FACE_OUTER_BOUND('',#842,.T.);
#420=FACE_OUTER_BOUND('',#843,.T.);
#421=FACE_OUTER_BOUND('',#844,.T.);
#422=FACE_OUTER_BOUND('',#845,.T.);
#423=FACE_OUTER_BOUND('',#846,.T.);
#424=FACE_OUTER_BOUND('',#847,.T.);
#425=FACE_OUTER_BOUND('',#848,.T.);
#426=FACE_OUTER_BOUND('',#856,.T.);
#427=FACE_OUTER_BOUND('',#857,.T.);
#428=FACE_OUTER_BOUND('',#858,.T.);
#429=FACE_OUTER_BOUND('',#859,.T.);
#430=FACE_OUTER_BOUND('',#860,.T.);
#431=FACE_OUTER_BOUND('',#861,.T.);
#432=FACE_OUTER_BOUND('',#862,.T.);
#433=FACE_OUTER_BOUND('',#863,.T.);
#434=FACE_OUTER_BOUND('',#864,.T.);
#435=FACE_OUTER_BOUND('',#865,.T.);
#436=FACE_OUTER_BOUND('',#866,.T.);
#437=FACE_OUTER_BOUND('',#867,.T.);
#438=FACE_OUTER_BOUND('',#868,.T.);
#439=FACE_OUTER_BOUND('',#869,.T.);
#440=FACE_OUTER_BOUND('',#870,.T.);
#441=FACE_OUTER_BOUND('',#871,.T.);
#442=FACE_OUTER_BOUND('',#872,.T.);
#443=FACE_OUTER_BOUND('',#873,.T.);
#444=FACE_OUTER_BOUND('',#874,.T.);
#445=FACE_OUTER_BOUND('',#875,.T.);
#446=FACE_OUTER_BOUND('',#876,.T.);
#447=FACE_OUTER_BOUND('',#877,.T.);
#448=FACE_OUTER_BOUND('',#878,.T.);
#449=FACE_OUTER_BOUND('',#879,.T.);
#450=FACE_OUTER_BOUND('',#880,.T.);
#451=FACE_OUTER_BOUND('',#881,.T.);
#452=FACE_OUTER_BOUND('',#886,.T.);
#453=FACE_OUTER_BOUND('',#887,.T.);
#454=FACE_OUTER_BOUND('',#888,.T.);
#455=FACE_OUTER_BOUND('',#889,.T.);
#456=FACE_OUTER_BOUND('',#890,.T.);
#457=FACE_OUTER_BOUND('',#891,.T.);
#458=FACE_OUTER_BOUND('',#892,.T.);
#459=FACE_OUTER_BOUND('',#893,.T.);
#460=FACE_OUTER_BOUND('',#894,.T.);
#461=FACE_OUTER_BOUND('',#895,.T.);
#462=FACE_OUTER_BOUND('',#896,.T.);
#463=FACE_OUTER_BOUND('',#897,.T.);
#464=FACE_OUTER_BOUND('',#898,.T.);
#465=FACE_OUTER_BOUND('',#899,.T.);
#466=FACE_OUTER_BOUND('',#900,.T.);
#467=FACE_OUTER_BOUND('',#901,.T.);
#468=FACE_OUTER_BOUND('',#902,.T.);
#469=FACE_OUTER_BOUND('',#903,.T.);
#470=FACE_OUTER_BOUND('',#904,.T.);
#471=FACE_OUTER_BOUND('',#905,.T.);
#472=FACE_OUTER_BOUND('',#906,.T.);
#473=FACE_OUTER_BOUND('',#907,.T.);
#474=FACE_OUTER_BOUND('',#908,.T.);
#475=FACE_OUTER_BOUND('',#909,.T.);
#476=FACE_OUTER_BOUND('',#910,.T.);
#477=FACE_OUTER_BOUND('',#911,.T.);
#478=FACE_OUTER_BOUND('',#912,.T.);
#479=FACE_OUTER_BOUND('',#915,.T.);
#480=FACE_OUTER_BOUND('',#916,.T.);
#481=FACE_OUTER_BOUND('',#917,.T.);
#482=FACE_OUTER_BOUND('',#918,.T.);
#483=FACE_OUTER_BOUND('',#919,.T.);
#484=FACE_OUTER_BOUND('',#920,.T.);
#485=FACE_OUTER_BOUND('',#921,.T.);
#486=FACE_OUTER_BOUND('',#922,.T.);
#487=FACE_OUTER_BOUND('',#923,.T.);
#488=FACE_OUTER_BOUND('',#924,.T.);
#489=FACE_OUTER_BOUND('',#925,.T.);
#490=FACE_OUTER_BOUND('',#926,.T.);
#491=FACE_OUTER_BOUND('',#927,.T.);
#492=FACE_OUTER_BOUND('',#928,.T.);
#493=FACE_OUTER_BOUND('',#929,.T.);
#494=FACE_OUTER_BOUND('',#930,.T.);
#495=FACE_OUTER_BOUND('',#931,.T.);
#496=FACE_OUTER_BOUND('',#932,.T.);
#497=FACE_OUTER_BOUND('',#933,.T.);
#498=FACE_OUTER_BOUND('',#934,.T.);
#499=FACE_OUTER_BOUND('',#935,.T.);
#500=FACE_OUTER_BOUND('',#936,.T.);
#501=FACE_OUTER_BOUND('',#937,.T.);
#502=FACE_OUTER_BOUND('',#938,.T.);
#503=FACE_OUTER_BOUND('',#939,.T.);
#504=FACE_OUTER_BOUND('',#940,.T.);
#505=FACE_OUTER_BOUND('',#941,.T.);
#506=FACE_OUTER_BOUND('',#942,.T.);
#507=FACE_OUTER_BOUND('',#943,.T.);
#508=FACE_OUTER_BOUND('',#944,.T.);
#509=FACE_OUTER_BOUND('',#945,.T.);
#510=FACE_OUTER_BOUND('',#946,.T.);
#511=FACE_OUTER_BOUND('',#947,.T.);
#512=FACE_OUTER_BOUND('',#948,.T.);
#513=FACE_OUTER_BOUND('',#949,.T.);
#514=FACE_OUTER_BOUND('',#950,.T.);
#515=FACE_OUTER_BOUND('',#951,.T.);
#516=FACE_OUTER_BOUND('',#952,.T.);
#517=FACE_OUTER_BOUND('',#954,.T.);
#518=FACE_OUTER_BOUND('',#955,.T.);
#519=FACE_OUTER_BOUND('',#956,.T.);
#520=FACE_OUTER_BOUND('',#957,.T.);
#521=FACE_OUTER_BOUND('',#961,.T.);
#522=FACE_OUTER_BOUND('',#962,.T.);
#523=FACE_OUTER_BOUND('',#963,.T.);
#524=FACE_OUTER_BOUND('',#964,.T.);
#525=FACE_OUTER_BOUND('',#965,.T.);
#526=FACE_OUTER_BOUND('',#966,.T.);
#527=FACE_OUTER_BOUND('',#967,.T.);
#528=FACE_OUTER_BOUND('',#968,.T.);
#529=FACE_OUTER_BOUND('',#969,.T.);
#530=FACE_OUTER_BOUND('',#970,.T.);
#531=FACE_OUTER_BOUND('',#971,.T.);
#532=FACE_OUTER_BOUND('',#972,.T.);
#533=FACE_OUTER_BOUND('',#973,.T.);
#534=FACE_OUTER_BOUND('',#974,.T.);
#535=FACE_OUTER_BOUND('',#975,.T.);
#536=FACE_OUTER_BOUND('',#976,.T.);
#537=FACE_OUTER_BOUND('',#977,.T.);
#538=FACE_OUTER_BOUND('',#978,.T.);
#539=FACE_OUTER_BOUND('',#979,.T.);
#540=FACE_OUTER_BOUND('',#980,.T.);
#541=FACE_OUTER_BOUND('',#981,.T.);
#542=FACE_OUTER_BOUND('',#982,.T.);
#543=FACE_OUTER_BOUND('',#983,.T.);
#544=FACE_OUTER_BOUND('',#984,.T.);
#545=FACE_OUTER_BOUND('',#985,.T.);
#546=FACE_OUTER_BOUND('',#987,.T.);
#547=FACE_OUTER_BOUND('',#988,.T.);
#548=FACE_OUTER_BOUND('',#990,.T.);
#549=FACE_OUTER_BOUND('',#991,.T.);
#550=FACE_OUTER_BOUND('',#992,.T.);
#551=FACE_OUTER_BOUND('',#993,.T.);
#552=FACE_OUTER_BOUND('',#994,.T.);
#553=FACE_OUTER_BOUND('',#995,.T.);
#554=FACE_OUTER_BOUND('',#996,.T.);
#555=FACE_OUTER_BOUND('',#997,.T.);
#556=FACE_OUTER_BOUND('',#998,.T.);
#557=FACE_OUTER_BOUND('',#999,.T.);
#558=FACE_OUTER_BOUND('',#1000,.T.);
#559=FACE_OUTER_BOUND('',#1001,.T.);
#560=FACE_OUTER_BOUND('',#1002,.T.);
#561=FACE_OUTER_BOUND('',#1003,.T.);
#562=FACE_OUTER_BOUND('',#1004,.T.);
#563=FACE_OUTER_BOUND('',#1005,.T.);
#564=FACE_OUTER_BOUND('',#1006,.T.);
#565=FACE_OUTER_BOUND('',#1007,.T.);
#566=FACE_OUTER_BOUND('',#1008,.T.);
#567=FACE_OUTER_BOUND('',#1009,.T.);
#568=FACE_OUTER_BOUND('',#1010,.T.);
#569=FACE_OUTER_BOUND('',#1011,.T.);
#570=FACE_OUTER_BOUND('',#1012,.T.);
#571=FACE_OUTER_BOUND('',#1013,.T.);
#572=FACE_OUTER_BOUND('',#1014,.T.);
#573=FACE_OUTER_BOUND('',#1015,.T.);
#574=FACE_OUTER_BOUND('',#1016,.T.);
#575=FACE_OUTER_BOUND('',#1017,.T.);
#576=FACE_OUTER_BOUND('',#1018,.T.);
#577=FACE_OUTER_BOUND('',#1019,.T.);
#578=FACE_OUTER_BOUND('',#1020,.T.);
#579=FACE_OUTER_BOUND('',#1021,.T.);
#580=FACE_OUTER_BOUND('',#1022,.T.);
#581=FACE_OUTER_BOUND('',#1023,.T.);
#582=FACE_OUTER_BOUND('',#1024,.T.);
#583=FACE_OUTER_BOUND('',#1025,.T.);
#584=FACE_OUTER_BOUND('',#1026,.T.);
#585=FACE_OUTER_BOUND('',#1027,.T.);
#586=FACE_OUTER_BOUND('',#1028,.T.);
#587=FACE_OUTER_BOUND('',#1029,.T.);
#588=FACE_OUTER_BOUND('',#1030,.T.);
#589=FACE_OUTER_BOUND('',#1031,.T.);
#590=FACE_OUTER_BOUND('',#1032,.T.);
#591=FACE_OUTER_BOUND('',#1033,.T.);
#592=FACE_OUTER_BOUND('',#1034,.T.);
#593=FACE_OUTER_BOUND('',#1035,.T.);
#594=FACE_OUTER_BOUND('',#1036,.T.);
#595=FACE_OUTER_BOUND('',#1037,.T.);
#596=FACE_OUTER_BOUND('',#1038,.T.);
#597=FACE_OUTER_BOUND('',#1039,.T.);
#598=FACE_OUTER_BOUND('',#1040,.T.);
#599=FACE_OUTER_BOUND('',#1041,.T.);
#600=FACE_OUTER_BOUND('',#1042,.T.);
#601=FACE_OUTER_BOUND('',#1043,.T.);
#602=FACE_OUTER_BOUND('',#1044,.T.);
#603=FACE_OUTER_BOUND('',#1045,.T.);
#604=FACE_OUTER_BOUND('',#1046,.T.);
#605=FACE_OUTER_BOUND('',#1047,.T.);
#606=FACE_OUTER_BOUND('',#1048,.T.);
#607=FACE_OUTER_BOUND('',#1049,.T.);
#608=FACE_OUTER_BOUND('',#1050,.T.);
#609=FACE_OUTER_BOUND('',#1051,.T.);
#610=FACE_OUTER_BOUND('',#1052,.T.);
#611=FACE_OUTER_BOUND('',#1053,.T.);
#612=FACE_OUTER_BOUND('',#1054,.T.);
#613=FACE_OUTER_BOUND('',#1055,.T.);
#614=FACE_OUTER_BOUND('',#1056,.T.);
#615=FACE_OUTER_BOUND('',#1057,.T.);
#616=FACE_OUTER_BOUND('',#1058,.T.);
#617=FACE_OUTER_BOUND('',#1059,.T.);
#618=FACE_OUTER_BOUND('',#1060,.T.);
#619=FACE_OUTER_BOUND('',#1061,.T.);
#620=FACE_OUTER_BOUND('',#1062,.T.);
#621=FACE_OUTER_BOUND('',#1063,.T.);
#622=FACE_OUTER_BOUND('',#1064,.T.);
#623=FACE_OUTER_BOUND('',#1065,.T.);
#624=FACE_OUTER_BOUND('',#1066,.T.);
#625=FACE_OUTER_BOUND('',#1067,.T.);
#626=FACE_OUTER_BOUND('',#1068,.T.);
#627=FACE_OUTER_BOUND('',#1069,.T.);
#628=FACE_OUTER_BOUND('',#1070,.T.);
#629=FACE_OUTER_BOUND('',#1071,.T.);
#630=FACE_OUTER_BOUND('',#1072,.T.);
#631=FACE_OUTER_BOUND('',#1073,.T.);
#632=FACE_OUTER_BOUND('',#1074,.T.);
#633=FACE_OUTER_BOUND('',#1075,.T.);
#634=FACE_OUTER_BOUND('',#1076,.T.);
#635=FACE_OUTER_BOUND('',#1077,.T.);
#636=FACE_OUTER_BOUND('',#1078,.T.);
#637=FACE_OUTER_BOUND('',#1079,.T.);
#638=FACE_OUTER_BOUND('',#1080,.T.);
#639=FACE_OUTER_BOUND('',#1081,.T.);
#640=FACE_OUTER_BOUND('',#1082,.T.);
#641=FACE_OUTER_BOUND('',#1083,.T.);
#642=FACE_OUTER_BOUND('',#1084,.T.);
#643=FACE_OUTER_BOUND('',#1085,.T.);
#644=FACE_OUTER_BOUND('',#1086,.T.);
#645=FACE_OUTER_BOUND('',#1087,.T.);
#646=FACE_OUTER_BOUND('',#1088,.T.);
#647=FACE_OUTER_BOUND('',#1089,.T.);
#648=FACE_OUTER_BOUND('',#1090,.T.);
#649=FACE_OUTER_BOUND('',#1091,.T.);
#650=FACE_OUTER_BOUND('',#1092,.T.);
#651=FACE_OUTER_BOUND('',#1093,.T.);
#652=FACE_OUTER_BOUND('',#1094,.T.);
#653=FACE_OUTER_BOUND('',#1095,.T.);
#654=FACE_OUTER_BOUND('',#1096,.T.);
#655=FACE_OUTER_BOUND('',#1097,.T.);
#656=FACE_OUTER_BOUND('',#1098,.T.);
#657=FACE_OUTER_BOUND('',#1099,.T.);
#658=FACE_OUTER_BOUND('',#1100,.T.);
#659=FACE_OUTER_BOUND('',#1101,.T.);
#660=FACE_OUTER_BOUND('',#1102,.T.);
#661=FACE_OUTER_BOUND('',#1103,.T.);
#662=FACE_OUTER_BOUND('',#1104,.T.);
#663=FACE_OUTER_BOUND('',#1105,.T.);
#664=FACE_OUTER_BOUND('',#1106,.T.);
#665=FACE_OUTER_BOUND('',#1107,.T.);
#666=FACE_OUTER_BOUND('',#1108,.T.);
#667=FACE_OUTER_BOUND('',#1109,.T.);
#668=FACE_OUTER_BOUND('',#1110,.T.);
#669=FACE_OUTER_BOUND('',#1111,.T.);
#670=FACE_OUTER_BOUND('',#1112,.T.);
#671=FACE_OUTER_BOUND('',#1113,.T.);
#672=FACE_OUTER_BOUND('',#1114,.T.);
#673=FACE_OUTER_BOUND('',#1115,.T.);
#674=FACE_OUTER_BOUND('',#1116,.T.);
#675=FACE_OUTER_BOUND('',#1117,.T.);
#676=FACE_OUTER_BOUND('',#1118,.T.);
#677=FACE_OUTER_BOUND('',#1119,.T.);
#678=FACE_OUTER_BOUND('',#1120,.T.);
#679=FACE_OUTER_BOUND('',#1121,.T.);
#680=FACE_OUTER_BOUND('',#1122,.T.);
#681=FACE_OUTER_BOUND('',#1123,.T.);
#682=FACE_OUTER_BOUND('',#1124,.T.);
#683=FACE_OUTER_BOUND('',#1125,.T.);
#684=FACE_OUTER_BOUND('',#1126,.T.);
#685=FACE_OUTER_BOUND('',#1127,.T.);
#686=FACE_OUTER_BOUND('',#1128,.T.);
#687=FACE_OUTER_BOUND('',#1129,.T.);
#688=FACE_OUTER_BOUND('',#1130,.T.);
#689=FACE_OUTER_BOUND('',#1131,.T.);
#690=FACE_OUTER_BOUND('',#1132,.T.);
#691=FACE_OUTER_BOUND('',#1133,.T.);
#692=FACE_OUTER_BOUND('',#1134,.T.);
#693=FACE_OUTER_BOUND('',#1135,.T.);
#694=FACE_OUTER_BOUND('',#1136,.T.);
#695=FACE_OUTER_BOUND('',#1137,.T.);
#696=FACE_OUTER_BOUND('',#1138,.T.);
#697=FACE_OUTER_BOUND('',#1139,.T.);
#698=FACE_OUTER_BOUND('',#1140,.T.);
#699=FACE_OUTER_BOUND('',#1141,.T.);
#700=FACE_OUTER_BOUND('',#1142,.T.);
#701=FACE_OUTER_BOUND('',#1143,.T.);
#702=FACE_OUTER_BOUND('',#1144,.T.);
#703=FACE_OUTER_BOUND('',#1145,.T.);
#704=FACE_OUTER_BOUND('',#1146,.T.);
#705=FACE_OUTER_BOUND('',#1147,.T.);
#706=FACE_OUTER_BOUND('',#1148,.T.);
#707=FACE_OUTER_BOUND('',#1149,.T.);
#708=FACE_OUTER_BOUND('',#1150,.T.);
#709=FACE_OUTER_BOUND('',#1151,.T.);
#710=FACE_OUTER_BOUND('',#1152,.T.);
#711=FACE_OUTER_BOUND('',#1153,.T.);
#712=FACE_OUTER_BOUND('',#1154,.T.);
#713=FACE_OUTER_BOUND('',#1155,.T.);
#714=FACE_OUTER_BOUND('',#1156,.T.);
#715=FACE_OUTER_BOUND('',#1157,.T.);
#716=FACE_OUTER_BOUND('',#1158,.T.);
#717=FACE_OUTER_BOUND('',#1159,.T.);
#718=FACE_OUTER_BOUND('',#1160,.T.);
#719=FACE_OUTER_BOUND('',#1161,.T.);
#720=FACE_OUTER_BOUND('',#1162,.T.);
#721=FACE_OUTER_BOUND('',#1163,.T.);
#722=FACE_OUTER_BOUND('',#1164,.T.);
#723=FACE_OUTER_BOUND('',#1165,.T.);
#724=FACE_OUTER_BOUND('',#1166,.T.);
#725=FACE_OUTER_BOUND('',#1167,.T.);
#726=FACE_OUTER_BOUND('',#1168,.T.);
#727=FACE_OUTER_BOUND('',#1169,.T.);
#728=FACE_OUTER_BOUND('',#1170,.T.);
#729=FACE_OUTER_BOUND('',#1171,.T.);
#730=FACE_OUTER_BOUND('',#1179,.T.);
#731=FACE_OUTER_BOUND('',#1187,.T.);
#732=FACE_OUTER_BOUND('',#1188,.T.);
#733=FACE_OUTER_BOUND('',#1189,.T.);
#734=FACE_OUTER_BOUND('',#1190,.T.);
#735=FACE_OUTER_BOUND('',#1191,.T.);
#736=FACE_OUTER_BOUND('',#1192,.T.);
#737=FACE_OUTER_BOUND('',#1193,.T.);
#738=FACE_OUTER_BOUND('',#1194,.T.);
#739=FACE_OUTER_BOUND('',#1195,.T.);
#740=FACE_OUTER_BOUND('',#1196,.T.);
#741=FACE_OUTER_BOUND('',#1197,.T.);
#742=FACE_OUTER_BOUND('',#1198,.T.);
#743=FACE_OUTER_BOUND('',#1199,.T.);
#744=FACE_OUTER_BOUND('',#1200,.T.);
#745=FACE_OUTER_BOUND('',#1201,.T.);
#746=FACE_OUTER_BOUND('',#1202,.T.);
#747=FACE_OUTER_BOUND('',#1203,.T.);
#748=FACE_OUTER_BOUND('',#1204,.T.);
#749=FACE_OUTER_BOUND('',#1205,.T.);
#750=FACE_OUTER_BOUND('',#1206,.T.);
#751=FACE_OUTER_BOUND('',#1207,.T.);
#752=FACE_OUTER_BOUND('',#1208,.T.);
#753=FACE_OUTER_BOUND('',#1209,.T.);
#754=FACE_OUTER_BOUND('',#1210,.T.);
#755=FACE_OUTER_BOUND('',#1211,.T.);
#756=FACE_OUTER_BOUND('',#1212,.T.);
#757=FACE_OUTER_BOUND('',#1213,.T.);
#758=FACE_OUTER_BOUND('',#1214,.T.);
#759=FACE_OUTER_BOUND('',#1215,.T.);
#760=FACE_OUTER_BOUND('',#1216,.T.);
#761=FACE_OUTER_BOUND('',#1217,.T.);
#762=FACE_OUTER_BOUND('',#1218,.T.);
#763=FACE_OUTER_BOUND('',#1219,.T.);
#764=FACE_OUTER_BOUND('',#1220,.T.);
#765=FACE_OUTER_BOUND('',#1221,.T.);
#766=FACE_OUTER_BOUND('',#1222,.T.);
#767=FACE_OUTER_BOUND('',#1223,.T.);
#768=FACE_OUTER_BOUND('',#1224,.T.);
#769=FACE_OUTER_BOUND('',#1225,.T.);
#770=FACE_OUTER_BOUND('',#1226,.T.);
#771=FACE_OUTER_BOUND('',#1227,.T.);
#772=FACE_OUTER_BOUND('',#1228,.T.);
#773=FACE_OUTER_BOUND('',#1229,.T.);
#774=FACE_OUTER_BOUND('',#1230,.T.);
#775=FACE_OUTER_BOUND('',#1231,.T.);
#776=FACE_OUTER_BOUND('',#1232,.T.);
#777=FACE_OUTER_BOUND('',#1233,.T.);
#778=FACE_OUTER_BOUND('',#1234,.T.);
#779=FACE_OUTER_BOUND('',#1235,.T.);
#780=FACE_OUTER_BOUND('',#1236,.T.);
#781=FACE_OUTER_BOUND('',#1237,.T.);
#782=FACE_OUTER_BOUND('',#1238,.T.);
#783=FACE_OUTER_BOUND('',#1240,.T.);
#784=FACE_OUTER_BOUND('',#1242,.T.);
#785=FACE_OUTER_BOUND('',#1243,.T.);
#786=FACE_OUTER_BOUND('',#1244,.T.);
#787=FACE_OUTER_BOUND('',#1245,.T.);
#788=FACE_OUTER_BOUND('',#1246,.T.);
#789=FACE_OUTER_BOUND('',#1247,.T.);
#790=FACE_OUTER_BOUND('',#1248,.T.);
#791=FACE_OUTER_BOUND('',#1249,.T.);
#792=FACE_OUTER_BOUND('',#1250,.T.);
#793=FACE_OUTER_BOUND('',#1251,.T.);
#794=FACE_OUTER_BOUND('',#1252,.T.);
#795=FACE_OUTER_BOUND('',#1253,.T.);
#796=FACE_OUTER_BOUND('',#1254,.T.);
#797=FACE_OUTER_BOUND('',#1255,.T.);
#798=FACE_OUTER_BOUND('',#1256,.T.);
#799=FACE_OUTER_BOUND('',#1257,.T.);
#800=FACE_OUTER_BOUND('',#1258,.T.);
#801=FACE_OUTER_BOUND('',#1259,.T.);
#802=FACE_OUTER_BOUND('',#1260,.T.);
#803=FACE_OUTER_BOUND('',#1261,.T.);
#804=FACE_OUTER_BOUND('',#1262,.T.);
#805=FACE_OUTER_BOUND('',#1263,.T.);
#806=FACE_OUTER_BOUND('',#1264,.T.);
#807=FACE_OUTER_BOUND('',#1265,.T.);
#808=FACE_OUTER_BOUND('',#1266,.T.);
#809=FACE_OUTER_BOUND('',#1267,.T.);
#810=FACE_OUTER_BOUND('',#1268,.T.);
#811=FACE_OUTER_BOUND('',#1269,.T.);
#812=FACE_OUTER_BOUND('',#1270,.T.);
#813=FACE_OUTER_BOUND('',#1271,.T.);
#814=FACE_OUTER_BOUND('',#1272,.T.);
#815=FACE_OUTER_BOUND('',#1273,.T.);
#816=FACE_OUTER_BOUND('',#1274,.T.);
#817=FACE_OUTER_BOUND('',#1275,.T.);
#818=FACE_OUTER_BOUND('',#1276,.T.);
#819=FACE_OUTER_BOUND('',#1277,.T.);
#820=FACE_OUTER_BOUND('',#1278,.T.);
#821=FACE_OUTER_BOUND('',#1279,.T.);
#822=FACE_OUTER_BOUND('',#1280,.T.);
#823=FACE_OUTER_BOUND('',#1281,.T.);
#824=FACE_OUTER_BOUND('',#1282,.T.);
#825=FACE_OUTER_BOUND('',#1283,.T.);
#826=FACE_OUTER_BOUND('',#1284,.T.);
#827=FACE_OUTER_BOUND('',#1285,.T.);
#828=FACE_OUTER_BOUND('',#1286,.T.);
#829=FACE_OUTER_BOUND('',#1287,.T.);
#830=FACE_OUTER_BOUND('',#1288,.T.);
#831=FACE_OUTER_BOUND('',#1289,.T.);
#832=FACE_OUTER_BOUND('',#1290,.T.);
#833=FACE_OUTER_BOUND('',#1291,.T.);
#834=FACE_OUTER_BOUND('',#1292,.T.);
#835=FACE_OUTER_BOUND('',#1293,.T.);
#836=FACE_OUTER_BOUND('',#1294,.T.);
#837=FACE_OUTER_BOUND('',#1295,.T.);
#838=FACE_OUTER_BOUND('',#1296,.T.);
#839=FACE_OUTER_BOUND('',#1297,.T.);
#840=FACE_OUTER_BOUND('',#1298,.T.);
#841=FACE_OUTER_BOUND('',#1301,.T.);
#842=EDGE_LOOP('',(#5100,#5101,#5102,#5103));
#843=EDGE_LOOP('',(#5104,#5105,#5106,#5107));
#844=EDGE_LOOP('',(#5108,#5109,#5110,#5111));
#845=EDGE_LOOP('',(#5112,#5113,#5114,#5115));
#846=EDGE_LOOP('',(#5116,#5117,#5118,#5119,#5120,#5121,#5122,#5123));
#847=EDGE_LOOP('',(#5124,#5125,#5126,#5127));
#848=EDGE_LOOP('',(#5128,#5129,#5130,#5131,#5132,#5133,#5134,#5135,#5136,
#5137,#5138,#5139,#5140,#5141,#5142,#5143));
#849=EDGE_LOOP('',(#5144,#5145,#5146,#5147,#5148,#5149,#5150,#5151));
#850=EDGE_LOOP('',(#5152));
#851=EDGE_LOOP('',(#5153));
#852=EDGE_LOOP('',(#5154,#5155,#5156,#5157,#5158,#5159,#5160,#5161,#5162,
#5163));
#853=EDGE_LOOP('',(#5164,#5165,#5166,#5167,#5168,#5169,#5170,#5171,#5172,
#5173,#5174,#5175));
#854=EDGE_LOOP('',(#5176,#5177,#5178,#5179,#5180,#5181,#5182,#5183));
#855=EDGE_LOOP('',(#5184,#5185,#5186,#5187));
#856=EDGE_LOOP('',(#5188,#5189,#5190,#5191));
#857=EDGE_LOOP('',(#5192,#5193,#5194,#5195));
#858=EDGE_LOOP('',(#5196,#5197,#5198,#5199));
#859=EDGE_LOOP('',(#5200,#5201,#5202,#5203));
#860=EDGE_LOOP('',(#5204,#5205,#5206,#5207));
#861=EDGE_LOOP('',(#5208,#5209,#5210,#5211));
#862=EDGE_LOOP('',(#5212,#5213,#5214,#5215));
#863=EDGE_LOOP('',(#5216,#5217,#5218,#5219));
#864=EDGE_LOOP('',(#5220,#5221,#5222,#5223));
#865=EDGE_LOOP('',(#5224,#5225,#5226,#5227));
#866=EDGE_LOOP('',(#5228,#5229,#5230,#5231));
#867=EDGE_LOOP('',(#5232,#5233,#5234,#5235));
#868=EDGE_LOOP('',(#5236,#5237,#5238,#5239));
#869=EDGE_LOOP('',(#5240,#5241,#5242,#5243));
#870=EDGE_LOOP('',(#5244,#5245,#5246,#5247));
#871=EDGE_LOOP('',(#5248,#5249,#5250,#5251));
#872=EDGE_LOOP('',(#5252,#5253,#5254,#5255));
#873=EDGE_LOOP('',(#5256,#5257,#5258,#5259));
#874=EDGE_LOOP('',(#5260,#5261,#5262,#5263));
#875=EDGE_LOOP('',(#5264,#5265,#5266,#5267));
#876=EDGE_LOOP('',(#5268,#5269,#5270,#5271));
#877=EDGE_LOOP('',(#5272,#5273,#5274,#5275));
#878=EDGE_LOOP('',(#5276,#5277,#5278,#5279));
#879=EDGE_LOOP('',(#5280,#5281,#5282,#5283,#5284,#5285,#5286,#5287));
#880=EDGE_LOOP('',(#5288,#5289,#5290,#5291,#5292,#5293,#5294,#5295,#5296,
#5297,#5298,#5299,#5300,#5301,#5302,#5303,#5304,#5305,#5306,#5307,#5308,
#5309,#5310,#5311,#5312,#5313,#5314,#5315,#5316,#5317));
#881=EDGE_LOOP('',(#5318,#5319,#5320,#5321,#5322,#5323,#5324,#5325,#5326,
#5327,#5328,#5329,#5330,#5331,#5332,#5333,#5334,#5335,#5336,#5337,#5338,
#5339,#5340,#5341,#5342,#5343));
#882=EDGE_LOOP('',(#5344));
#883=EDGE_LOOP('',(#5345));
#884=EDGE_LOOP('',(#5346,#5347,#5348,#5349,#5350,#5351,#5352,#5353));
#885=EDGE_LOOP('',(#5354,#5355,#5356,#5357));
#886=EDGE_LOOP('',(#5358,#5359,#5360,#5361));
#887=EDGE_LOOP('',(#5362,#5363,#5364,#5365));
#888=EDGE_LOOP('',(#5366,#5367,#5368,#5369));
#889=EDGE_LOOP('',(#5370,#5371,#5372,#5373));
#890=EDGE_LOOP('',(#5374,#5375,#5376,#5377));
#891=EDGE_LOOP('',(#5378,#5379,#5380,#5381));
#892=EDGE_LOOP('',(#5382,#5383,#5384,#5385));
#893=EDGE_LOOP('',(#5386,#5387,#5388,#5389));
#894=EDGE_LOOP('',(#5390,#5391,#5392,#5393));
#895=EDGE_LOOP('',(#5394,#5395,#5396,#5397,#5398));
#896=EDGE_LOOP('',(#5399,#5400,#5401,#5402));
#897=EDGE_LOOP('',(#5403,#5404,#5405,#5406,#5407));
#898=EDGE_LOOP('',(#5408,#5409,#5410,#5411));
#899=EDGE_LOOP('',(#5412,#5413,#5414,#5415));
#900=EDGE_LOOP('',(#5416,#5417,#5418,#5419));
#901=EDGE_LOOP('',(#5420,#5421,#5422,#5423));
#902=EDGE_LOOP('',(#5424,#5425,#5426,#5427));
#903=EDGE_LOOP('',(#5428,#5429,#5430,#5431));
#904=EDGE_LOOP('',(#5432,#5433,#5434,#5435));
#905=EDGE_LOOP('',(#5436,#5437,#5438,#5439));
#906=EDGE_LOOP('',(#5440,#5441,#5442,#5443));
#907=EDGE_LOOP('',(#5444,#5445,#5446,#5447));
#908=EDGE_LOOP('',(#5448,#5449,#5450,#5451));
#909=EDGE_LOOP('',(#5452,#5453,#5454,#5455));
#910=EDGE_LOOP('',(#5456,#5457,#5458,#5459));
#911=EDGE_LOOP('',(#5460,#5461,#5462,#5463));
#912=EDGE_LOOP('',(#5464,#5465,#5466,#5467,#5468,#5469,#5470,#5471,#5472,
#5473,#5474,#5475,#5476,#5477,#5478,#5479,#5480,#5481,#5482,#5483));
#913=EDGE_LOOP('',(#5484));
#914=EDGE_LOOP('',(#5485));
#915=EDGE_LOOP('',(#5486,#5487,#5488,#5489));
#916=EDGE_LOOP('',(#5490,#5491,#5492,#5493));
#917=EDGE_LOOP('',(#5494,#5495,#5496,#5497));
#918=EDGE_LOOP('',(#5498,#5499,#5500,#5501));
#919=EDGE_LOOP('',(#5502,#5503,#5504,#5505));
#920=EDGE_LOOP('',(#5506,#5507,#5508,#5509));
#921=EDGE_LOOP('',(#5510,#5511,#5512,#5513));
#922=EDGE_LOOP('',(#5514,#5515,#5516,#5517));
#923=EDGE_LOOP('',(#5518,#5519,#5520,#5521));
#924=EDGE_LOOP('',(#5522,#5523,#5524,#5525));
#925=EDGE_LOOP('',(#5526,#5527,#5528,#5529));
#926=EDGE_LOOP('',(#5530,#5531,#5532,#5533));
#927=EDGE_LOOP('',(#5534,#5535,#5536,#5537));
#928=EDGE_LOOP('',(#5538,#5539,#5540,#5541));
#929=EDGE_LOOP('',(#5542,#5543,#5544,#5545,#5546));
#930=EDGE_LOOP('',(#5547,#5548,#5549,#5550));
#931=EDGE_LOOP('',(#5551,#5552,#5553,#5554));
#932=EDGE_LOOP('',(#5555,#5556,#5557,#5558));
#933=EDGE_LOOP('',(#5559,#5560,#5561,#5562));
#934=EDGE_LOOP('',(#5563,#5564,#5565,#5566));
#935=EDGE_LOOP('',(#5567,#5568,#5569,#5570));
#936=EDGE_LOOP('',(#5571,#5572,#5573,#5574));
#937=EDGE_LOOP('',(#5575,#5576,#5577,#5578));
#938=EDGE_LOOP('',(#5579,#5580,#5581,#5582));
#939=EDGE_LOOP('',(#5583,#5584,#5585,#5586));
#940=EDGE_LOOP('',(#5587,#5588,#5589,#5590));
#941=EDGE_LOOP('',(#5591,#5592,#5593,#5594));
#942=EDGE_LOOP('',(#5595,#5596,#5597,#5598));
#943=EDGE_LOOP('',(#5599,#5600,#5601,#5602));
#944=EDGE_LOOP('',(#5603,#5604,#5605,#5606));
#945=EDGE_LOOP('',(#5607,#5608,#5609,#5610));
#946=EDGE_LOOP('',(#5611,#5612,#5613,#5614));
#947=EDGE_LOOP('',(#5615,#5616,#5617,#5618));
#948=EDGE_LOOP('',(#5619,#5620,#5621,#5622));
#949=EDGE_LOOP('',(#5623,#5624,#5625,#5626));
#950=EDGE_LOOP('',(#5627,#5628,#5629,#5630,#5631,#5632,#5633,#5634,#5635));
#951=EDGE_LOOP('',(#5636,#5637,#5638,#5639));
#952=EDGE_LOOP('',(#5640,#5641,#5642,#5643));
#953=EDGE_LOOP('',(#5644));
#954=EDGE_LOOP('',(#5645,#5646,#5647,#5648));
#955=EDGE_LOOP('',(#5649,#5650,#5651,#5652,#5653,#5654,#5655,#5656,#5657,
#5658,#5659,#5660));
#956=EDGE_LOOP('',(#5661,#5662,#5663,#5664));
#957=EDGE_LOOP('',(#5665,#5666,#5667,#5668));
#958=EDGE_LOOP('',(#5669));
#959=EDGE_LOOP('',(#5670));
#960=EDGE_LOOP('',(#5671,#5672,#5673,#5674));
#961=EDGE_LOOP('',(#5675,#5676,#5677,#5678,#5679,#5680,#5681,#5682,#5683,
#5684));
#962=EDGE_LOOP('',(#5685,#5686,#5687,#5688));
#963=EDGE_LOOP('',(#5689,#5690,#5691,#5692));
#964=EDGE_LOOP('',(#5693,#5694,#5695,#5696));
#965=EDGE_LOOP('',(#5697,#5698,#5699,#5700));
#966=EDGE_LOOP('',(#5701,#5702,#5703,#5704,#5705,#5706,#5707,#5708,#5709,
#5710));
#967=EDGE_LOOP('',(#5711,#5712,#5713,#5714));
#968=EDGE_LOOP('',(#5715,#5716,#5717,#5718));
#969=EDGE_LOOP('',(#5719,#5720,#5721,#5722));
#970=EDGE_LOOP('',(#5723,#5724,#5725,#5726));
#971=EDGE_LOOP('',(#5727,#5728,#5729,#5730,#5731,#5732,#5733,#5734,#5735,
#5736));
#972=EDGE_LOOP('',(#5737,#5738,#5739,#5740));
#973=EDGE_LOOP('',(#5741,#5742,#5743,#5744));
#974=EDGE_LOOP('',(#5745,#5746,#5747,#5748));
#975=EDGE_LOOP('',(#5749,#5750,#5751,#5752));
#976=EDGE_LOOP('',(#5753,#5754,#5755,#5756));
#977=EDGE_LOOP('',(#5757,#5758,#5759,#5760));
#978=EDGE_LOOP('',(#5761,#5762,#5763,#5764));
#979=EDGE_LOOP('',(#5765,#5766,#5767,#5768));
#980=EDGE_LOOP('',(#5769,#5770,#5771,#5772));
#981=EDGE_LOOP('',(#5773,#5774,#5775,#5776));
#982=EDGE_LOOP('',(#5777,#5778,#5779,#5780));
#983=EDGE_LOOP('',(#5781,#5782,#5783,#5784));
#984=EDGE_LOOP('',(#5785,#5786,#5787,#5788));
#985=EDGE_LOOP('',(#5789));
#986=EDGE_LOOP('',(#5790));
#987=EDGE_LOOP('',(#5791,#5792,#5793,#5794));
#988=EDGE_LOOP('',(#5795));
#989=EDGE_LOOP('',(#5796));
#990=EDGE_LOOP('',(#5797,#5798,#5799,#5800));
#991=EDGE_LOOP('',(#5801,#5802,#5803,#5804));
#992=EDGE_LOOP('',(#5805,#5806,#5807,#5808));
#993=EDGE_LOOP('',(#5809,#5810,#5811,#5812));
#994=EDGE_LOOP('',(#5813,#5814,#5815,#5816));
#995=EDGE_LOOP('',(#5817,#5818,#5819,#5820));
#996=EDGE_LOOP('',(#5821,#5822,#5823,#5824));
#997=EDGE_LOOP('',(#5825,#5826,#5827,#5828));
#998=EDGE_LOOP('',(#5829,#5830,#5831,#5832));
#999=EDGE_LOOP('',(#5833,#5834,#5835,#5836));
#1000=EDGE_LOOP('',(#5837,#5838,#5839,#5840));
#1001=EDGE_LOOP('',(#5841,#5842,#5843,#5844));
#1002=EDGE_LOOP('',(#5845,#5846,#5847,#5848));
#1003=EDGE_LOOP('',(#5849,#5850,#5851,#5852,#5853,#5854,#5855,#5856,#5857,
#5858,#5859,#5860,#5861,#5862,#5863,#5864,#5865,#5866,#5867,#5868,#5869,
#5870,#5871,#5872,#5873,#5874,#5875,#5876,#5877,#5878,#5879,#5880,#5881,
#5882,#5883,#5884,#5885,#5886,#5887,#5888,#5889,#5890,#5891,#5892,#5893,
#5894,#5895,#5896,#5897,#5898));
#1004=EDGE_LOOP('',(#5899,#5900,#5901,#5902,#5903,#5904,#5905,#5906,#5907,
#5908,#5909,#5910,#5911,#5912,#5913,#5914));
#1005=EDGE_LOOP('',(#5915,#5916,#5917,#5918,#5919,#5920,#5921,#5922));
#1006=EDGE_LOOP('',(#5923,#5924,#5925,#5926));
#1007=EDGE_LOOP('',(#5927,#5928,#5929,#5930));
#1008=EDGE_LOOP('',(#5931,#5932,#5933,#5934));
#1009=EDGE_LOOP('',(#5935,#5936,#5937,#5938));
#1010=EDGE_LOOP('',(#5939,#5940,#5941,#5942));
#1011=EDGE_LOOP('',(#5943,#5944,#5945,#5946));
#1012=EDGE_LOOP('',(#5947,#5948,#5949,#5950));
#1013=EDGE_LOOP('',(#5951,#5952,#5953,#5954,#5955,#5956,#5957,#5958));
#1014=EDGE_LOOP('',(#5959,#5960,#5961,#5962));
#1015=EDGE_LOOP('',(#5963,#5964,#5965,#5966));
#1016=EDGE_LOOP('',(#5967,#5968,#5969,#5970,#5971,#5972,#5973,#5974));
#1017=EDGE_LOOP('',(#5975,#5976,#5977,#5978));
#1018=EDGE_LOOP('',(#5979,#5980,#5981,#5982,#5983));
#1019=EDGE_LOOP('',(#5984,#5985,#5986,#5987));
#1020=EDGE_LOOP('',(#5988,#5989,#5990,#5991,#5992,#5993));
#1021=EDGE_LOOP('',(#5994,#5995,#5996,#5997));
#1022=EDGE_LOOP('',(#5998,#5999,#6000,#6001));
#1023=EDGE_LOOP('',(#6002,#6003,#6004,#6005));
#1024=EDGE_LOOP('',(#6006,#6007,#6008,#6009));
#1025=EDGE_LOOP('',(#6010,#6011,#6012,#6013));
#1026=EDGE_LOOP('',(#6014,#6015,#6016,#6017));
#1027=EDGE_LOOP('',(#6018,#6019,#6020,#6021));
#1028=EDGE_LOOP('',(#6022,#6023,#6024,#6025));
#1029=EDGE_LOOP('',(#6026,#6027,#6028,#6029));
#1030=EDGE_LOOP('',(#6030,#6031,#6032,#6033,#6034,#6035));
#1031=EDGE_LOOP('',(#6036,#6037,#6038,#6039));
#1032=EDGE_LOOP('',(#6040,#6041,#6042,#6043));
#1033=EDGE_LOOP('',(#6044,#6045,#6046,#6047));
#1034=EDGE_LOOP('',(#6048,#6049,#6050,#6051));
#1035=EDGE_LOOP('',(#6052,#6053,#6054,#6055));
#1036=EDGE_LOOP('',(#6056,#6057,#6058,#6059));
#1037=EDGE_LOOP('',(#6060,#6061,#6062,#6063));
#1038=EDGE_LOOP('',(#6064,#6065,#6066,#6067,#6068));
#1039=EDGE_LOOP('',(#6069,#6070,#6071,#6072));
#1040=EDGE_LOOP('',(#6073,#6074,#6075,#6076));
#1041=EDGE_LOOP('',(#6077,#6078,#6079,#6080));
#1042=EDGE_LOOP('',(#6081,#6082,#6083,#6084));
#1043=EDGE_LOOP('',(#6085,#6086,#6087,#6088));
#1044=EDGE_LOOP('',(#6089,#6090,#6091,#6092));
#1045=EDGE_LOOP('',(#6093,#6094,#6095,#6096));
#1046=EDGE_LOOP('',(#6097,#6098,#6099,#6100));
#1047=EDGE_LOOP('',(#6101,#6102,#6103,#6104));
#1048=EDGE_LOOP('',(#6105,#6106,#6107,#6108));
#1049=EDGE_LOOP('',(#6109,#6110,#6111,#6112));
#1050=EDGE_LOOP('',(#6113,#6114,#6115,#6116));
#1051=EDGE_LOOP('',(#6117,#6118,#6119,#6120));
#1052=EDGE_LOOP('',(#6121,#6122,#6123,#6124));
#1053=EDGE_LOOP('',(#6125,#6126,#6127,#6128));
#1054=EDGE_LOOP('',(#6129,#6130,#6131,#6132,#6133,#6134));
#1055=EDGE_LOOP('',(#6135,#6136,#6137,#6138));
#1056=EDGE_LOOP('',(#6139,#6140,#6141,#6142));
#1057=EDGE_LOOP('',(#6143,#6144,#6145,#6146));
#1058=EDGE_LOOP('',(#6147,#6148,#6149,#6150));
#1059=EDGE_LOOP('',(#6151,#6152,#6153,#6154));
#1060=EDGE_LOOP('',(#6155,#6156,#6157,#6158));
#1061=EDGE_LOOP('',(#6159,#6160,#6161,#6162));
#1062=EDGE_LOOP('',(#6163,#6164,#6165,#6166));
#1063=EDGE_LOOP('',(#6167,#6168,#6169,#6170));
#1064=EDGE_LOOP('',(#6171,#6172,#6173,#6174));
#1065=EDGE_LOOP('',(#6175));
#1066=EDGE_LOOP('',(#6176,#6177,#6178,#6179));
#1067=EDGE_LOOP('',(#6180,#6181,#6182,#6183));
#1068=EDGE_LOOP('',(#6184,#6185,#6186,#6187));
#1069=EDGE_LOOP('',(#6188,#6189,#6190,#6191));
#1070=EDGE_LOOP('',(#6192,#6193,#6194,#6195,#6196,#6197));
#1071=EDGE_LOOP('',(#6198,#6199,#6200,#6201));
#1072=EDGE_LOOP('',(#6202,#6203,#6204,#6205));
#1073=EDGE_LOOP('',(#6206,#6207,#6208,#6209));
#1074=EDGE_LOOP('',(#6210,#6211,#6212,#6213));
#1075=EDGE_LOOP('',(#6214,#6215,#6216,#6217));
#1076=EDGE_LOOP('',(#6218,#6219,#6220,#6221));
#1077=EDGE_LOOP('',(#6222,#6223,#6224,#6225));
#1078=EDGE_LOOP('',(#6226,#6227,#6228,#6229));
#1079=EDGE_LOOP('',(#6230,#6231,#6232,#6233));
#1080=EDGE_LOOP('',(#6234,#6235,#6236,#6237));
#1081=EDGE_LOOP('',(#6238,#6239,#6240,#6241));
#1082=EDGE_LOOP('',(#6242,#6243,#6244,#6245));
#1083=EDGE_LOOP('',(#6246,#6247,#6248,#6249));
#1084=EDGE_LOOP('',(#6250,#6251,#6252,#6253));
#1085=EDGE_LOOP('',(#6254,#6255,#6256,#6257));
#1086=EDGE_LOOP('',(#6258,#6259,#6260,#6261));
#1087=EDGE_LOOP('',(#6262,#6263,#6264,#6265));
#1088=EDGE_LOOP('',(#6266,#6267,#6268,#6269));
#1089=EDGE_LOOP('',(#6270,#6271,#6272,#6273));
#1090=EDGE_LOOP('',(#6274,#6275,#6276,#6277));
#1091=EDGE_LOOP('',(#6278,#6279,#6280,#6281));
#1092=EDGE_LOOP('',(#6282,#6283,#6284,#6285));
#1093=EDGE_LOOP('',(#6286,#6287,#6288,#6289));
#1094=EDGE_LOOP('',(#6290,#6291,#6292,#6293));
#1095=EDGE_LOOP('',(#6294,#6295,#6296,#6297));
#1096=EDGE_LOOP('',(#6298,#6299,#6300,#6301));
#1097=EDGE_LOOP('',(#6302,#6303,#6304,#6305));
#1098=EDGE_LOOP('',(#6306,#6307,#6308,#6309));
#1099=EDGE_LOOP('',(#6310,#6311,#6312,#6313));
#1100=EDGE_LOOP('',(#6314,#6315,#6316,#6317));
#1101=EDGE_LOOP('',(#6318,#6319,#6320,#6321));
#1102=EDGE_LOOP('',(#6322,#6323,#6324,#6325));
#1103=EDGE_LOOP('',(#6326,#6327,#6328,#6329));
#1104=EDGE_LOOP('',(#6330,#6331,#6332,#6333));
#1105=EDGE_LOOP('',(#6334,#6335,#6336,#6337));
#1106=EDGE_LOOP('',(#6338,#6339,#6340,#6341));
#1107=EDGE_LOOP('',(#6342,#6343,#6344,#6345));
#1108=EDGE_LOOP('',(#6346,#6347,#6348,#6349));
#1109=EDGE_LOOP('',(#6350,#6351,#6352,#6353));
#1110=EDGE_LOOP('',(#6354,#6355,#6356,#6357));
#1111=EDGE_LOOP('',(#6358,#6359,#6360,#6361));
#1112=EDGE_LOOP('',(#6362,#6363,#6364,#6365));
#1113=EDGE_LOOP('',(#6366,#6367,#6368,#6369));
#1114=EDGE_LOOP('',(#6370,#6371,#6372,#6373));
#1115=EDGE_LOOP('',(#6374,#6375,#6376,#6377));
#1116=EDGE_LOOP('',(#6378,#6379,#6380,#6381));
#1117=EDGE_LOOP('',(#6382,#6383,#6384,#6385));
#1118=EDGE_LOOP('',(#6386,#6387,#6388,#6389));
#1119=EDGE_LOOP('',(#6390,#6391,#6392,#6393));
#1120=EDGE_LOOP('',(#6394,#6395,#6396,#6397));
#1121=EDGE_LOOP('',(#6398,#6399,#6400,#6401));
#1122=EDGE_LOOP('',(#6402,#6403,#6404,#6405));
#1123=EDGE_LOOP('',(#6406,#6407,#6408,#6409));
#1124=EDGE_LOOP('',(#6410,#6411,#6412,#6413));
#1125=EDGE_LOOP('',(#6414,#6415,#6416,#6417));
#1126=EDGE_LOOP('',(#6418,#6419,#6420,#6421));
#1127=EDGE_LOOP('',(#6422,#6423,#6424,#6425));
#1128=EDGE_LOOP('',(#6426,#6427,#6428,#6429));
#1129=EDGE_LOOP('',(#6430,#6431,#6432,#6433));
#1130=EDGE_LOOP('',(#6434,#6435,#6436,#6437));
#1131=EDGE_LOOP('',(#6438,#6439,#6440,#6441));
#1132=EDGE_LOOP('',(#6442,#6443,#6444,#6445));
#1133=EDGE_LOOP('',(#6446,#6447,#6448,#6449));
#1134=EDGE_LOOP('',(#6450,#6451,#6452,#6453));
#1135=EDGE_LOOP('',(#6454,#6455,#6456,#6457));
#1136=EDGE_LOOP('',(#6458,#6459,#6460,#6461));
#1137=EDGE_LOOP('',(#6462,#6463,#6464,#6465));
#1138=EDGE_LOOP('',(#6466,#6467,#6468,#6469));
#1139=EDGE_LOOP('',(#6470,#6471,#6472,#6473));
#1140=EDGE_LOOP('',(#6474,#6475,#6476,#6477));
#1141=EDGE_LOOP('',(#6478,#6479,#6480,#6481));
#1142=EDGE_LOOP('',(#6482,#6483,#6484,#6485));
#1143=EDGE_LOOP('',(#6486,#6487,#6488,#6489));
#1144=EDGE_LOOP('',(#6490,#6491,#6492,#6493));
#1145=EDGE_LOOP('',(#6494,#6495,#6496,#6497));
#1146=EDGE_LOOP('',(#6498,#6499,#6500,#6501));
#1147=EDGE_LOOP('',(#6502,#6503,#6504,#6505));
#1148=EDGE_LOOP('',(#6506,#6507,#6508,#6509));
#1149=EDGE_LOOP('',(#6510,#6511,#6512,#6513));
#1150=EDGE_LOOP('',(#6514,#6515,#6516,#6517));
#1151=EDGE_LOOP('',(#6518,#6519,#6520,#6521));
#1152=EDGE_LOOP('',(#6522,#6523,#6524,#6525));
#1153=EDGE_LOOP('',(#6526,#6527,#6528,#6529));
#1154=EDGE_LOOP('',(#6530,#6531,#6532,#6533));
#1155=EDGE_LOOP('',(#6534,#6535,#6536,#6537));
#1156=EDGE_LOOP('',(#6538,#6539,#6540,#6541));
#1157=EDGE_LOOP('',(#6542,#6543,#6544,#6545));
#1158=EDGE_LOOP('',(#6546,#6547,#6548,#6549));
#1159=EDGE_LOOP('',(#6550,#6551,#6552,#6553));
#1160=EDGE_LOOP('',(#6554,#6555,#6556,#6557));
#1161=EDGE_LOOP('',(#6558,#6559,#6560,#6561));
#1162=EDGE_LOOP('',(#6562,#6563,#6564,#6565));
#1163=EDGE_LOOP('',(#6566,#6567,#6568,#6569));
#1164=EDGE_LOOP('',(#6570,#6571,#6572,#6573));
#1165=EDGE_LOOP('',(#6574,#6575,#6576,#6577));
#1166=EDGE_LOOP('',(#6578,#6579,#6580,#6581));
#1167=EDGE_LOOP('',(#6582,#6583,#6584,#6585));
#1168=EDGE_LOOP('',(#6586,#6587,#6588,#6589));
#1169=EDGE_LOOP('',(#6590,#6591,#6592,#6593));
#1170=EDGE_LOOP('',(#6594,#6595,#6596,#6597));
#1171=EDGE_LOOP('',(#6598,#6599,#6600,#6601,#6602,#6603,#6604,#6605,#6606,
#6607,#6608,#6609,#6610,#6611,#6612,#6613,#6614,#6615,#6616,#6617,#6618,
#6619,#6620,#6621,#6622,#6623,#6624,#6625,#6626,#6627,#6628,#6629,#6630,
#6631,#6632,#6633,#6634,#6635,#6636,#6637,#6638,#6639,#6640,#6641,#6642,
#6643,#6644,#6645,#6646,#6647,#6648,#6649,#6650,#6651,#6652,#6653));
#1172=EDGE_LOOP('',(#6654,#6655,#6656,#6657,#6658,#6659));
#1173=EDGE_LOOP('',(#6660,#6661,#6662,#6663,#6664,#6665));
#1174=EDGE_LOOP('',(#6666,#6667,#6668,#6669,#6670,#6671));
#1175=EDGE_LOOP('',(#6672,#6673,#6674,#6675,#6676,#6677));
#1176=EDGE_LOOP('',(#6678,#6679,#6680,#6681,#6682,#6683));
#1177=EDGE_LOOP('',(#6684,#6685,#6686,#6687,#6688,#6689));
#1178=EDGE_LOOP('',(#6690,#6691,#6692,#6693,#6694,#6695));
#1179=EDGE_LOOP('',(#6696,#6697,#6698,#6699,#6700,#6701,#6702,#6703,#6704,
#6705,#6706,#6707,#6708,#6709,#6710,#6711,#6712,#6713,#6714,#6715,#6716,
#6717,#6718,#6719,#6720,#6721,#6722,#6723,#6724,#6725,#6726,#6727,#6728,
#6729,#6730,#6731,#6732,#6733,#6734,#6735,#6736,#6737,#6738,#6739,#6740,
#6741,#6742,#6743,#6744,#6745,#6746,#6747,#6748,#6749,#6750,#6751));
#1180=EDGE_LOOP('',(#6752,#6753,#6754,#6755,#6756,#6757));
#1181=EDGE_LOOP('',(#6758,#6759,#6760,#6761,#6762,#6763));
#1182=EDGE_LOOP('',(#6764,#6765,#6766,#6767,#6768,#6769));
#1183=EDGE_LOOP('',(#6770,#6771,#6772,#6773,#6774,#6775));
#1184=EDGE_LOOP('',(#6776,#6777,#6778,#6779,#6780,#6781));
#1185=EDGE_LOOP('',(#6782,#6783,#6784,#6785,#6786,#6787));
#1186=EDGE_LOOP('',(#6788,#6789,#6790,#6791,#6792,#6793));
#1187=EDGE_LOOP('',(#6794,#6795,#6796,#6797));
#1188=EDGE_LOOP('',(#6798,#6799,#6800,#6801));
#1189=EDGE_LOOP('',(#6802,#6803,#6804,#6805));
#1190=EDGE_LOOP('',(#6806,#6807,#6808,#6809));
#1191=EDGE_LOOP('',(#6810,#6811,#6812,#6813));
#1192=EDGE_LOOP('',(#6814,#6815,#6816,#6817));
#1193=EDGE_LOOP('',(#6818,#6819,#6820,#6821));
#1194=EDGE_LOOP('',(#6822,#6823,#6824,#6825));
#1195=EDGE_LOOP('',(#6826,#6827,#6828,#6829));
#1196=EDGE_LOOP('',(#6830,#6831,#6832,#6833));
#1197=EDGE_LOOP('',(#6834,#6835,#6836,#6837));
#1198=EDGE_LOOP('',(#6838,#6839,#6840,#6841));
#1199=EDGE_LOOP('',(#6842,#6843,#6844,#6845));
#1200=EDGE_LOOP('',(#6846,#6847,#6848,#6849));
#1201=EDGE_LOOP('',(#6850,#6851,#6852,#6853));
#1202=EDGE_LOOP('',(#6854,#6855,#6856,#6857));
#1203=EDGE_LOOP('',(#6858,#6859,#6860,#6861));
#1204=EDGE_LOOP('',(#6862,#6863,#6864,#6865));
#1205=EDGE_LOOP('',(#6866,#6867,#6868,#6869));
#1206=EDGE_LOOP('',(#6870,#6871,#6872,#6873));
#1207=EDGE_LOOP('',(#6874,#6875,#6876,#6877));
#1208=EDGE_LOOP('',(#6878,#6879,#6880,#6881));
#1209=EDGE_LOOP('',(#6882,#6883,#6884,#6885));
#1210=EDGE_LOOP('',(#6886,#6887,#6888,#6889));
#1211=EDGE_LOOP('',(#6890,#6891,#6892,#6893));
#1212=EDGE_LOOP('',(#6894,#6895,#6896,#6897));
#1213=EDGE_LOOP('',(#6898,#6899,#6900,#6901));
#1214=EDGE_LOOP('',(#6902,#6903,#6904,#6905));
#1215=EDGE_LOOP('',(#6906,#6907,#6908,#6909));
#1216=EDGE_LOOP('',(#6910,#6911,#6912,#6913));
#1217=EDGE_LOOP('',(#6914,#6915,#6916,#6917));
#1218=EDGE_LOOP('',(#6918,#6919,#6920,#6921));
#1219=EDGE_LOOP('',(#6922,#6923,#6924,#6925));
#1220=EDGE_LOOP('',(#6926,#6927,#6928,#6929));
#1221=EDGE_LOOP('',(#6930,#6931,#6932,#6933));
#1222=EDGE_LOOP('',(#6934,#6935,#6936,#6937));
#1223=EDGE_LOOP('',(#6938,#6939,#6940,#6941));
#1224=EDGE_LOOP('',(#6942,#6943,#6944,#6945));
#1225=EDGE_LOOP('',(#6946,#6947,#6948,#6949));
#1226=EDGE_LOOP('',(#6950,#6951,#6952,#6953));
#1227=EDGE_LOOP('',(#6954,#6955,#6956,#6957));
#1228=EDGE_LOOP('',(#6958,#6959,#6960,#6961));
#1229=EDGE_LOOP('',(#6962,#6963,#6964,#6965));
#1230=EDGE_LOOP('',(#6966,#6967,#6968,#6969));
#1231=EDGE_LOOP('',(#6970,#6971,#6972,#6973));
#1232=EDGE_LOOP('',(#6974,#6975,#6976,#6977));
#1233=EDGE_LOOP('',(#6978,#6979,#6980,#6981));
#1234=EDGE_LOOP('',(#6982,#6983,#6984,#6985));
#1235=EDGE_LOOP('',(#6986,#6987,#6988,#6989));
#1236=EDGE_LOOP('',(#6990,#6991,#6992,#6993));
#1237=EDGE_LOOP('',(#6994,#6995,#6996,#6997));
#1238=EDGE_LOOP('',(#6998,#6999,#7000,#7001,#7002,#7003,#7004,#7005,#7006,
#7007,#7008,#7009,#7010,#7011,#7012,#7013,#7014,#7015,#7016,#7017,#7018,
#7019,#7020,#7021,#7022,#7023,#7024,#7025,#7026,#7027,#7028,#7029,#7030,
#7031,#7032,#7033,#7034,#7035,#7036,#7037,#7038,#7039,#7040,#7041,#7042));
#1239=EDGE_LOOP('',(#7043,#7044,#7045,#7046,#7047,#7048));
#1240=EDGE_LOOP('',(#7049,#7050,#7051,#7052,#7053,#7054,#7055,#7056,#7057,
#7058,#7059,#7060,#7061,#7062,#7063,#7064,#7065,#7066,#7067,#7068,#7069,
#7070,#7071,#7072,#7073,#7074,#7075,#7076,#7077,#7078,#7079,#7080,#7081,
#7082,#7083,#7084,#7085,#7086,#7087,#7088,#7089,#7090,#7091,#7092,#7093));
#1241=EDGE_LOOP('',(#7094,#7095,#7096,#7097,#7098,#7099));
#1242=EDGE_LOOP('',(#7100,#7101,#7102,#7103));
#1243=EDGE_LOOP('',(#7104,#7105,#7106,#7107));
#1244=EDGE_LOOP('',(#7108,#7109,#7110,#7111));
#1245=EDGE_LOOP('',(#7112,#7113,#7114,#7115));
#1246=EDGE_LOOP('',(#7116,#7117,#7118,#7119));
#1247=EDGE_LOOP('',(#7120,#7121,#7122,#7123));
#1248=EDGE_LOOP('',(#7124,#7125,#7126,#7127));
#1249=EDGE_LOOP('',(#7128,#7129,#7130,#7131));
#1250=EDGE_LOOP('',(#7132,#7133,#7134,#7135));
#1251=EDGE_LOOP('',(#7136,#7137,#7138,#7139));
#1252=EDGE_LOOP('',(#7140,#7141,#7142,#7143));
#1253=EDGE_LOOP('',(#7144,#7145,#7146,#7147));
#1254=EDGE_LOOP('',(#7148,#7149,#7150,#7151));
#1255=EDGE_LOOP('',(#7152,#7153,#7154,#7155));
#1256=EDGE_LOOP('',(#7156,#7157,#7158,#7159));
#1257=EDGE_LOOP('',(#7160,#7161,#7162,#7163));
#1258=EDGE_LOOP('',(#7164,#7165,#7166,#7167));
#1259=EDGE_LOOP('',(#7168,#7169,#7170,#7171));
#1260=EDGE_LOOP('',(#7172,#7173,#7174,#7175));
#1261=EDGE_LOOP('',(#7176,#7177,#7178,#7179));
#1262=EDGE_LOOP('',(#7180,#7181,#7182,#7183));
#1263=EDGE_LOOP('',(#7184,#7185,#7186,#7187));
#1264=EDGE_LOOP('',(#7188,#7189,#7190,#7191));
#1265=EDGE_LOOP('',(#7192,#7193,#7194,#7195));
#1266=EDGE_LOOP('',(#7196,#7197,#7198,#7199));
#1267=EDGE_LOOP('',(#7200,#7201,#7202,#7203));
#1268=EDGE_LOOP('',(#7204,#7205,#7206,#7207));
#1269=EDGE_LOOP('',(#7208,#7209,#7210,#7211));
#1270=EDGE_LOOP('',(#7212,#7213,#7214,#7215));
#1271=EDGE_LOOP('',(#7216,#7217,#7218,#7219));
#1272=EDGE_LOOP('',(#7220,#7221,#7222,#7223));
#1273=EDGE_LOOP('',(#7224,#7225,#7226,#7227));
#1274=EDGE_LOOP('',(#7228,#7229,#7230,#7231));
#1275=EDGE_LOOP('',(#7232,#7233,#7234,#7235));
#1276=EDGE_LOOP('',(#7236,#7237,#7238,#7239));
#1277=EDGE_LOOP('',(#7240,#7241,#7242,#7243));
#1278=EDGE_LOOP('',(#7244,#7245,#7246,#7247));
#1279=EDGE_LOOP('',(#7248,#7249,#7250,#7251));
#1280=EDGE_LOOP('',(#7252,#7253,#7254,#7255));
#1281=EDGE_LOOP('',(#7256,#7257,#7258,#7259));
#1282=EDGE_LOOP('',(#7260,#7261,#7262,#7263));
#1283=EDGE_LOOP('',(#7264,#7265,#7266,#7267));
#1284=EDGE_LOOP('',(#7268,#7269,#7270,#7271));
#1285=EDGE_LOOP('',(#7272,#7273,#7274,#7275));
#1286=EDGE_LOOP('',(#7276,#7277,#7278,#7279));
#1287=EDGE_LOOP('',(#7280,#7281,#7282,#7283));
#1288=EDGE_LOOP('',(#7284,#7285,#7286,#7287));
#1289=EDGE_LOOP('',(#7288,#7289,#7290,#7291));
#1290=EDGE_LOOP('',(#7292,#7293,#7294,#7295));
#1291=EDGE_LOOP('',(#7296,#7297,#7298,#7299));
#1292=EDGE_LOOP('',(#7300,#7301,#7302,#7303));
#1293=EDGE_LOOP('',(#7304,#7305,#7306,#7307));
#1294=EDGE_LOOP('',(#7308,#7309,#7310,#7311));
#1295=EDGE_LOOP('',(#7312,#7313,#7314,#7315));
#1296=EDGE_LOOP('',(#7316,#7317,#7318,#7319));
#1297=EDGE_LOOP('',(#7320,#7321,#7322,#7323));
#1298=EDGE_LOOP('',(#7324,#7325,#7326,#7327,#7328,#7329,#7330,#7331,#7332,
#7333,#7334,#7335,#7336,#7337,#7338,#7339,#7340,#7341,#7342,#7343,#7344,
#7345,#7346,#7347,#7348,#7349,#7350,#7351,#7352,#7353,#7354,#7355,#7356,
#7357,#7358,#7359,#7360,#7361,#7362,#7363,#7364,#7365,#7366,#7367));
#1299=EDGE_LOOP('',(#7368,#7369,#7370,#7371,#7372,#7373));
#1300=EDGE_LOOP('',(#7374,#7375,#7376,#7377,#7378,#7379));
#1301=EDGE_LOOP('',(#7380,#7381,#7382,#7383,#7384,#7385,#7386,#7387,#7388,
#7389,#7390,#7391,#7392,#7393,#7394,#7395,#7396,#7397,#7398,#7399,#7400,
#7401,#7402,#7403,#7404,#7405,#7406,#7407,#7408,#7409,#7410,#7411,#7412,
#7413,#7414,#7415,#7416,#7417,#7418,#7419,#7420,#7421,#7422,#7423));
#1302=EDGE_LOOP('',(#7424,#7425,#7426,#7427,#7428,#7429));
#1303=EDGE_LOOP('',(#7430,#7431,#7432,#7433,#7434,#7435));
#1304=LINE('',#10999,#2241);
#1305=LINE('',#11001,#2242);
#1306=LINE('',#11003,#2243);
#1307=LINE('',#11004,#2244);
#1308=LINE('',#11007,#2245);
#1309=LINE('',#11009,#2246);
#1310=LINE('',#11010,#2247);
#1311=LINE('',#11013,#2248);
#1312=LINE('',#11015,#2249);
#1313=LINE('',#11016,#2250);
#1314=LINE('',#11018,#2251);
#1315=LINE('',#11019,#2252);
#1316=LINE('',#11022,#2253);
#1317=LINE('',#11024,#2254);
#1318=LINE('',#11026,#2255);
#1319=LINE('',#11028,#2256);
#1320=LINE('',#11030,#2257);
#1321=LINE('',#11032,#2258);
#1322=LINE('',#11033,#2259);
#1323=LINE('',#11036,#2260);
#1324=LINE('',#11037,#2261);
#1325=LINE('',#11041,#2262);
#1326=LINE('',#11045,#2263);
#1327=LINE('',#11049,#2264);
#1328=LINE('',#11053,#2265);
#1329=LINE('',#11057,#2266);
#1330=LINE('',#11061,#2267);
#1331=LINE('',#11065,#2268);
#1332=LINE('',#11069,#2269);
#1333=LINE('',#11075,#2270);
#1334=LINE('',#11079,#2271);
#1335=LINE('',#11083,#2272);
#1336=LINE('',#11086,#2273);
#1337=LINE('',#11093,#2274);
#1338=LINE('',#11097,#2275);
#1339=LINE('',#11101,#2276);
#1340=LINE('',#11105,#2277);
#1341=LINE('',#11109,#2278);
#1342=LINE('',#11115,#2279);
#1343=LINE('',#11119,#2280);
#1344=LINE('',#11123,#2281);
#1345=LINE('',#11127,#2282);
#1346=LINE('',#11131,#2283);
#1347=LINE('',#11134,#2284);
#1348=LINE('',#11137,#2285);
#1349=LINE('',#11141,#2286);
#1350=LINE('',#11145,#2287);
#1351=LINE('',#11149,#2288);
#1352=LINE('',#11153,#2289);
#1353=LINE('',#11156,#2290);
#1354=LINE('',#11159,#2291);
#1355=LINE('',#11160,#2292);
#1356=LINE('',#11163,#2293);
#1357=LINE('',#11167,#2294);
#1358=LINE('',#11168,#2295);
#1359=LINE('',#11171,#2296);
#1360=LINE('',#11175,#2297);
#1361=LINE('',#11176,#2298);
#1362=LINE('',#11179,#2299);
#1363=LINE('',#11182,#2300);
#1364=LINE('',#11185,#2301);
#1365=LINE('',#11187,#2302);
#1366=LINE('',#11188,#2303);
#1367=LINE('',#11191,#2304);
#1368=LINE('',#11195,#2305);
#1369=LINE('',#11196,#2306);
#1370=LINE('',#11199,#2307);
#1371=LINE('',#11203,#2308);
#1372=LINE('',#11206,#2309);
#1373=LINE('',#11208,#2310);
#1374=LINE('',#11212,#2311);
#1375=LINE('',#11214,#2312);
#1376=LINE('',#11217,#2313);
#1377=LINE('',#11218,#2314);
#1378=LINE('',#11221,#2315);
#1379=LINE('',#11222,#2316);
#1380=LINE('',#11225,#2317);
#1381=LINE('',#11226,#2318);
#1382=LINE('',#11229,#2319);
#1383=LINE('',#11230,#2320);
#1384=LINE('',#11233,#2321);
#1385=LINE('',#11234,#2322);
#1386=LINE('',#11238,#2323);
#1387=LINE('',#11242,#2324);
#1388=LINE('',#11244,#2325);
#1389=LINE('',#11248,#2326);
#1390=LINE('',#11291,#2327);
#1391=LINE('',#11295,#2328);
#1392=LINE('',#11337,#2329);
#1393=LINE('',#11381,#2330);
#1394=LINE('',#11425,#2331);
#1395=LINE('',#11430,#2332);
#1396=LINE('',#11432,#2333);
#1397=LINE('',#11436,#2334);
#1398=LINE('',#11440,#2335);
#1399=LINE('',#11444,#2336);
#1400=LINE('',#11446,#2337);
#1401=LINE('',#11447,#2338);
#1402=LINE('',#11449,#2339);
#1403=LINE('',#11453,#2340);
#1404=LINE('',#11457,#2341);
#1405=LINE('',#11460,#2342);
#1406=LINE('',#11462,#2343);
#1407=LINE('',#11466,#2344);
#1408=LINE('',#11470,#2345);
#1409=LINE('',#11473,#2346);
#1410=LINE('',#11476,#2347);
#1411=LINE('',#11478,#2348);
#1412=LINE('',#11479,#2349);
#1413=LINE('',#11482,#2350);
#1414=LINE('',#11486,#2351);
#1415=LINE('',#11487,#2352);
#1416=LINE('',#11490,#2353);
#1417=LINE('',#11494,#2354);
#1418=LINE('',#11495,#2355);
#1419=LINE('',#11498,#2356);
#1420=LINE('',#11502,#2357);
#1421=LINE('',#11503,#2358);
#1422=LINE('',#11507,#2359);
#1423=LINE('',#11508,#2360);
#1424=LINE('',#11512,#2361);
#1425=LINE('',#11529,#2362);
#1426=LINE('',#11532,#2363);
#1427=LINE('',#11535,#2364);
#1428=LINE('',#11537,#2365);
#1429=LINE('',#11538,#2366);
#1430=LINE('',#11541,#2367);
#1431=LINE('',#11545,#2368);
#1432=LINE('',#11546,#2369);
#1433=LINE('',#11549,#2370);
#1434=LINE('',#11553,#2371);
#1435=LINE('',#11554,#2372);
#1436=LINE('',#11557,#2373);
#1437=LINE('',#11561,#2374);
#1438=LINE('',#11562,#2375);
#1439=LINE('',#11565,#2376);
#1440=LINE('',#11569,#2377);
#1441=LINE('',#11570,#2378);
#1442=LINE('',#11575,#2379);
#1443=LINE('',#11578,#2380);
#1444=LINE('',#11591,#2381);
#1445=LINE('',#11595,#2382);
#1446=LINE('',#11604,#2383);
#1447=LINE('',#11607,#2384);
#1448=LINE('',#11609,#2385);
#1449=LINE('',#11611,#2386);
#1450=LINE('',#11613,#2387);
#1451=LINE('',#11615,#2388);
#1452=LINE('',#11617,#2389);
#1453=LINE('',#11619,#2390);
#1454=LINE('',#11621,#2391);
#1455=LINE('',#11623,#2392);
#1456=LINE('',#11625,#2393);
#1457=LINE('',#11627,#2394);
#1458=LINE('',#11629,#2395);
#1459=LINE('',#11631,#2396);
#1460=LINE('',#11633,#2397);
#1461=LINE('',#11635,#2398);
#1462=LINE('',#11637,#2399);
#1463=LINE('',#11639,#2400);
#1464=LINE('',#11640,#2401);
#1465=LINE('',#11647,#2402);
#1466=LINE('',#11650,#2403);
#1467=LINE('',#11653,#2404);
#1468=LINE('',#11654,#2405);
#1469=LINE('',#11657,#2406);
#1470=LINE('',#11661,#2407);
#1471=LINE('',#11662,#2408);
#1472=LINE('',#11665,#2409);
#1473=LINE('',#11669,#2410);
#1474=LINE('',#11670,#2411);
#1475=LINE('',#11673,#2412);
#1476=LINE('',#11677,#2413);
#1477=LINE('',#11678,#2414);
#1478=LINE('',#11681,#2415);
#1479=LINE('',#11685,#2416);
#1480=LINE('',#11686,#2417);
#1481=LINE('',#11689,#2418);
#1482=LINE('',#11692,#2419);
#1483=LINE('',#11694,#2420);
#1484=LINE('',#11695,#2421);
#1485=LINE('',#11697,#2422);
#1486=LINE('',#11699,#2423);
#1487=LINE('',#11701,#2424);
#1488=LINE('',#11703,#2425);
#1489=LINE('',#11705,#2426);
#1490=LINE('',#11708,#2427);
#1491=LINE('',#11710,#2428);
#1492=LINE('',#11711,#2429);
#1493=LINE('',#11714,#2430);
#1494=LINE('',#11718,#2431);
#1495=LINE('',#11719,#2432);
#1496=LINE('',#11722,#2433);
#1497=LINE('',#11726,#2434);
#1498=LINE('',#11727,#2435);
#1499=LINE('',#11730,#2436);
#1500=LINE('',#11734,#2437);
#1501=LINE('',#11735,#2438);
#1502=LINE('',#11738,#2439);
#1503=LINE('',#11742,#2440);
#1504=LINE('',#11743,#2441);
#1505=LINE('',#11746,#2442);
#1506=LINE('',#11750,#2443);
#1507=LINE('',#11751,#2444);
#1508=LINE('',#11754,#2445);
#1509=LINE('',#11758,#2446);
#1510=LINE('',#11759,#2447);
#1511=LINE('',#11762,#2448);
#1512=LINE('',#11766,#2449);
#1513=LINE('',#11767,#2450);
#1514=LINE('',#11772,#2451);
#1515=LINE('',#11775,#2452);
#1516=LINE('',#11778,#2453);
#1517=LINE('',#11782,#2454);
#1518=LINE('',#11784,#2455);
#1519=LINE('',#11786,#2456);
#1520=LINE('',#11788,#2457);
#1521=LINE('',#11789,#2458);
#1522=LINE('',#11793,#2459);
#1523=LINE('',#11796,#2460);
#1524=LINE('',#11797,#2461);
#1525=LINE('',#11803,#2462);
#1526=LINE('',#11806,#2463);
#1527=LINE('',#11808,#2464);
#1528=LINE('',#11810,#2465);
#1529=LINE('',#11812,#2466);
#1530=LINE('',#11816,#2467);
#1531=LINE('',#11820,#2468);
#1532=LINE('',#11822,#2469);
#1533=LINE('',#11823,#2470);
#1534=LINE('',#11827,#2471);
#1535=LINE('',#11830,#2472);
#1536=LINE('',#11831,#2473);
#1537=LINE('',#11838,#2474);
#1538=LINE('',#11840,#2475);
#1539=LINE('',#11842,#2476);
#1540=LINE('',#11843,#2477);
#1541=LINE('',#11850,#2478);
#1542=LINE('',#11854,#2479);
#1543=LINE('',#11858,#2480);
#1544=LINE('',#11861,#2481);
#1545=LINE('',#11864,#2482);
#1546=LINE('',#11867,#2483);
#1547=LINE('',#11880,#2484);
#1548=LINE('',#11884,#2485);
#1549=LINE('',#11902,#2486);
#1550=LINE('',#11906,#2487);
#1551=LINE('',#11910,#2488);
#1552=LINE('',#11913,#2489);
#1553=LINE('',#11916,#2490);
#1554=LINE('',#11919,#2491);
#1555=LINE('',#11932,#2492);
#1556=LINE('',#11936,#2493);
#1557=LINE('',#11954,#2494);
#1558=LINE('',#11958,#2495);
#1559=LINE('',#11962,#2496);
#1560=LINE('',#11965,#2497);
#1561=LINE('',#11968,#2498);
#1562=LINE('',#11971,#2499);
#1563=LINE('',#11984,#2500);
#1564=LINE('',#11988,#2501);
#1565=LINE('',#11998,#2502);
#1566=LINE('',#12012,#2503);
#1567=LINE('',#12026,#2504);
#1568=LINE('',#12043,#2505);
#1569=LINE('',#12046,#2506);
#1570=LINE('',#12048,#2507);
#1571=LINE('',#12049,#2508);
#1572=LINE('',#12057,#2509);
#1573=LINE('',#12064,#2510);
#1574=LINE('',#12074,#2511);
#1575=LINE('',#12161,#2512);
#1576=LINE('',#12168,#2513);
#1577=LINE('',#12178,#2514);
#1578=LINE('',#12180,#2515);
#1579=LINE('',#12291,#2516);
#1580=LINE('',#12293,#2517);
#1581=LINE('',#12294,#2518);
#1582=LINE('',#12296,#2519);
#1583=LINE('',#12298,#2520);
#1584=LINE('',#12299,#2521);
#1585=LINE('',#12301,#2522);
#1586=LINE('',#12303,#2523);
#1587=LINE('',#12304,#2524);
#1588=LINE('',#12306,#2525);
#1589=LINE('',#12307,#2526);
#1590=LINE('',#12313,#2527);
#1591=LINE('',#12316,#2528);
#1592=LINE('',#12320,#2529);
#1593=LINE('',#12322,#2530);
#1594=LINE('',#12324,#2531);
#1595=LINE('',#12326,#2532);
#1596=LINE('',#12328,#2533);
#1597=LINE('',#12329,#2534);
#1598=LINE('',#12331,#2535);
#1599=LINE('',#12333,#2536);
#1600=LINE('',#12339,#2537);
#1601=LINE('',#12342,#2538);
#1602=LINE('',#12346,#2539);
#1603=LINE('',#12348,#2540);
#1604=LINE('',#12349,#2541);
#1605=LINE('',#12351,#2542);
#1606=LINE('',#12353,#2543);
#1607=LINE('',#12356,#2544);
#1608=LINE('',#12358,#2545);
#1609=LINE('',#12360,#2546);
#1610=LINE('',#12366,#2547);
#1611=LINE('',#12371,#2548);
#1612=LINE('',#12372,#2549);
#1613=LINE('',#12377,#2550);
#1614=LINE('',#12389,#2551);
#1615=LINE('',#12390,#2552);
#1616=LINE('',#12392,#2553);
#1617=LINE('',#12393,#2554);
#1618=LINE('',#12396,#2555);
#1619=LINE('',#12397,#2556);
#1620=LINE('',#12399,#2557);
#1621=LINE('',#12401,#2558);
#1622=LINE('',#12404,#2559);
#1623=LINE('',#12405,#2560);
#1624=LINE('',#12407,#2561);
#1625=LINE('',#12410,#2562);
#1626=LINE('',#12415,#2563);
#1627=LINE('',#12418,#2564);
#1628=LINE('',#12422,#2565);
#1629=LINE('',#12424,#2566);
#1630=LINE('',#12427,#2567);
#1631=LINE('',#12430,#2568);
#1632=LINE('',#12431,#2569);
#1633=LINE('',#12434,#2570);
#1634=LINE('',#12439,#2571);
#1635=LINE('',#12442,#2572);
#1636=LINE('',#12444,#2573);
#1637=LINE('',#12449,#2574);
#1638=LINE('',#12452,#2575);
#1639=LINE('',#12454,#2576);
#1640=LINE('',#12455,#2577);
#1641=LINE('',#12458,#2578);
#1642=LINE('',#12462,#2579);
#1643=LINE('',#12463,#2580);
#1644=LINE('',#12473,#2581);
#1645=LINE('',#12475,#2582);
#1646=LINE('',#12477,#2583);
#1647=LINE('',#12478,#2584);
#1648=LINE('',#12481,#2585);
#1649=LINE('',#12483,#2586);
#1650=LINE('',#12484,#2587);
#1651=LINE('',#12487,#2588);
#1652=LINE('',#12489,#2589);
#1653=LINE('',#12490,#2590);
#1654=LINE('',#12493,#2591);
#1655=LINE('',#12495,#2592);
#1656=LINE('',#12496,#2593);
#1657=LINE('',#12499,#2594);
#1658=LINE('',#12501,#2595);
#1659=LINE('',#12502,#2596);
#1660=LINE('',#12504,#2597);
#1661=LINE('',#12505,#2598);
#1662=LINE('',#12509,#2599);
#1663=LINE('',#12511,#2600);
#1664=LINE('',#12513,#2601);
#1665=LINE('',#12514,#2602);
#1666=LINE('',#12517,#2603);
#1667=LINE('',#12519,#2604);
#1668=LINE('',#12520,#2605);
#1669=LINE('',#12523,#2606);
#1670=LINE('',#12525,#2607);
#1671=LINE('',#12526,#2608);
#1672=LINE('',#12529,#2609);
#1673=LINE('',#12531,#2610);
#1674=LINE('',#12532,#2611);
#1675=LINE('',#12535,#2612);
#1676=LINE('',#12537,#2613);
#1677=LINE('',#12538,#2614);
#1678=LINE('',#12540,#2615);
#1679=LINE('',#12541,#2616);
#1680=LINE('',#12545,#2617);
#1681=LINE('',#12547,#2618);
#1682=LINE('',#12549,#2619);
#1683=LINE('',#12550,#2620);
#1684=LINE('',#12553,#2621);
#1685=LINE('',#12555,#2622);
#1686=LINE('',#12556,#2623);
#1687=LINE('',#12559,#2624);
#1688=LINE('',#12561,#2625);
#1689=LINE('',#12562,#2626);
#1690=LINE('',#12565,#2627);
#1691=LINE('',#12567,#2628);
#1692=LINE('',#12568,#2629);
#1693=LINE('',#12571,#2630);
#1694=LINE('',#12573,#2631);
#1695=LINE('',#12574,#2632);
#1696=LINE('',#12576,#2633);
#1697=LINE('',#12577,#2634);
#1698=LINE('',#12581,#2635);
#1699=LINE('',#12583,#2636);
#1700=LINE('',#12585,#2637);
#1701=LINE('',#12586,#2638);
#1702=LINE('',#12589,#2639);
#1703=LINE('',#12591,#2640);
#1704=LINE('',#12592,#2641);
#1705=LINE('',#12595,#2642);
#1706=LINE('',#12597,#2643);
#1707=LINE('',#12598,#2644);
#1708=LINE('',#12601,#2645);
#1709=LINE('',#12603,#2646);
#1710=LINE('',#12604,#2647);
#1711=LINE('',#12607,#2648);
#1712=LINE('',#12609,#2649);
#1713=LINE('',#12610,#2650);
#1714=LINE('',#12612,#2651);
#1715=LINE('',#12613,#2652);
#1716=LINE('',#12617,#2653);
#1717=LINE('',#12619,#2654);
#1718=LINE('',#12621,#2655);
#1719=LINE('',#12622,#2656);
#1720=LINE('',#12625,#2657);
#1721=LINE('',#12627,#2658);
#1722=LINE('',#12628,#2659);
#1723=LINE('',#12631,#2660);
#1724=LINE('',#12633,#2661);
#1725=LINE('',#12634,#2662);
#1726=LINE('',#12637,#2663);
#1727=LINE('',#12639,#2664);
#1728=LINE('',#12640,#2665);
#1729=LINE('',#12643,#2666);
#1730=LINE('',#12645,#2667);
#1731=LINE('',#12646,#2668);
#1732=LINE('',#12648,#2669);
#1733=LINE('',#12649,#2670);
#1734=LINE('',#12653,#2671);
#1735=LINE('',#12655,#2672);
#1736=LINE('',#12657,#2673);
#1737=LINE('',#12658,#2674);
#1738=LINE('',#12661,#2675);
#1739=LINE('',#12663,#2676);
#1740=LINE('',#12664,#2677);
#1741=LINE('',#12667,#2678);
#1742=LINE('',#12669,#2679);
#1743=LINE('',#12670,#2680);
#1744=LINE('',#12673,#2681);
#1745=LINE('',#12675,#2682);
#1746=LINE('',#12676,#2683);
#1747=LINE('',#12679,#2684);
#1748=LINE('',#12681,#2685);
#1749=LINE('',#12682,#2686);
#1750=LINE('',#12684,#2687);
#1751=LINE('',#12685,#2688);
#1752=LINE('',#12689,#2689);
#1753=LINE('',#12691,#2690);
#1754=LINE('',#12693,#2691);
#1755=LINE('',#12694,#2692);
#1756=LINE('',#12697,#2693);
#1757=LINE('',#12699,#2694);
#1758=LINE('',#12700,#2695);
#1759=LINE('',#12703,#2696);
#1760=LINE('',#12705,#2697);
#1761=LINE('',#12706,#2698);
#1762=LINE('',#12709,#2699);
#1763=LINE('',#12711,#2700);
#1764=LINE('',#12712,#2701);
#1765=LINE('',#12715,#2702);
#1766=LINE('',#12717,#2703);
#1767=LINE('',#12718,#2704);
#1768=LINE('',#12720,#2705);
#1769=LINE('',#12721,#2706);
#1770=LINE('',#12725,#2707);
#1771=LINE('',#12727,#2708);
#1772=LINE('',#12729,#2709);
#1773=LINE('',#12730,#2710);
#1774=LINE('',#12733,#2711);
#1775=LINE('',#12735,#2712);
#1776=LINE('',#12736,#2713);
#1777=LINE('',#12739,#2714);
#1778=LINE('',#12741,#2715);
#1779=LINE('',#12742,#2716);
#1780=LINE('',#12745,#2717);
#1781=LINE('',#12747,#2718);
#1782=LINE('',#12748,#2719);
#1783=LINE('',#12751,#2720);
#1784=LINE('',#12753,#2721);
#1785=LINE('',#12754,#2722);
#1786=LINE('',#12757,#2723);
#1787=LINE('',#12759,#2724);
#1788=LINE('',#12760,#2725);
#1789=LINE('',#12763,#2726);
#1790=LINE('',#12765,#2727);
#1791=LINE('',#12766,#2728);
#1792=LINE('',#12769,#2729);
#1793=LINE('',#12771,#2730);
#1794=LINE('',#12772,#2731);
#1795=LINE('',#12778,#2732);
#1796=LINE('',#12781,#2733);
#1797=LINE('',#12783,#2734);
#1798=LINE('',#12784,#2735);
#1799=LINE('',#12787,#2736);
#1800=LINE('',#12789,#2737);
#1801=LINE('',#12790,#2738);
#1802=LINE('',#12793,#2739);
#1803=LINE('',#12795,#2740);
#1804=LINE('',#12796,#2741);
#1805=LINE('',#12799,#2742);
#1806=LINE('',#12801,#2743);
#1807=LINE('',#12802,#2744);
#1808=LINE('',#12805,#2745);
#1809=LINE('',#12807,#2746);
#1810=LINE('',#12808,#2747);
#1811=LINE('',#12811,#2748);
#1812=LINE('',#12813,#2749);
#1813=LINE('',#12814,#2750);
#1814=LINE('',#12817,#2751);
#1815=LINE('',#12819,#2752);
#1816=LINE('',#12820,#2753);
#1817=LINE('',#12823,#2754);
#1818=LINE('',#12825,#2755);
#1819=LINE('',#12826,#2756);
#1820=LINE('',#12829,#2757);
#1821=LINE('',#12831,#2758);
#1822=LINE('',#12832,#2759);
#1823=LINE('',#12835,#2760);
#1824=LINE('',#12837,#2761);
#1825=LINE('',#12838,#2762);
#1826=LINE('',#12841,#2763);
#1827=LINE('',#12843,#2764);
#1828=LINE('',#12844,#2765);
#1829=LINE('',#12847,#2766);
#1830=LINE('',#12849,#2767);
#1831=LINE('',#12850,#2768);
#1832=LINE('',#12853,#2769);
#1833=LINE('',#12855,#2770);
#1834=LINE('',#12856,#2771);
#1835=LINE('',#12862,#2772);
#1836=LINE('',#12865,#2773);
#1837=LINE('',#12867,#2774);
#1838=LINE('',#12868,#2775);
#1839=LINE('',#12871,#2776);
#1840=LINE('',#12873,#2777);
#1841=LINE('',#12874,#2778);
#1842=LINE('',#12877,#2779);
#1843=LINE('',#12879,#2780);
#1844=LINE('',#12880,#2781);
#1845=LINE('',#12883,#2782);
#1846=LINE('',#12885,#2783);
#1847=LINE('',#12886,#2784);
#1848=LINE('',#12889,#2785);
#1849=LINE('',#12891,#2786);
#1850=LINE('',#12892,#2787);
#1851=LINE('',#12895,#2788);
#1852=LINE('',#12897,#2789);
#1853=LINE('',#12898,#2790);
#1854=LINE('',#12901,#2791);
#1855=LINE('',#12903,#2792);
#1856=LINE('',#12904,#2793);
#1857=LINE('',#12907,#2794);
#1858=LINE('',#12909,#2795);
#1859=LINE('',#12910,#2796);
#1860=LINE('',#12913,#2797);
#1861=LINE('',#12915,#2798);
#1862=LINE('',#12916,#2799);
#1863=LINE('',#12919,#2800);
#1864=LINE('',#12921,#2801);
#1865=LINE('',#12922,#2802);
#1866=LINE('',#12925,#2803);
#1867=LINE('',#12927,#2804);
#1868=LINE('',#12928,#2805);
#1869=LINE('',#12931,#2806);
#1870=LINE('',#12933,#2807);
#1871=LINE('',#12934,#2808);
#1872=LINE('',#12937,#2809);
#1873=LINE('',#12939,#2810);
#1874=LINE('',#12940,#2811);
#1875=LINE('',#12943,#2812);
#1876=LINE('',#12945,#2813);
#1877=LINE('',#12946,#2814);
#1878=LINE('',#12949,#2815);
#1879=LINE('',#12951,#2816);
#1880=LINE('',#12952,#2817);
#1881=LINE('',#12955,#2818);
#1882=LINE('',#12957,#2819);
#1883=LINE('',#12958,#2820);
#1884=LINE('',#12961,#2821);
#1885=LINE('',#12963,#2822);
#1886=LINE('',#12964,#2823);
#1887=LINE('',#12967,#2824);
#1888=LINE('',#12969,#2825);
#1889=LINE('',#12970,#2826);
#1890=LINE('',#12973,#2827);
#1891=LINE('',#12975,#2828);
#1892=LINE('',#12976,#2829);
#1893=LINE('',#12979,#2830);
#1894=LINE('',#12981,#2831);
#1895=LINE('',#12982,#2832);
#1896=LINE('',#12985,#2833);
#1897=LINE('',#12987,#2834);
#1898=LINE('',#12988,#2835);
#1899=LINE('',#12991,#2836);
#1900=LINE('',#12993,#2837);
#1901=LINE('',#12994,#2838);
#1902=LINE('',#12997,#2839);
#1903=LINE('',#12999,#2840);
#1904=LINE('',#13000,#2841);
#1905=LINE('',#13003,#2842);
#1906=LINE('',#13005,#2843);
#1907=LINE('',#13006,#2844);
#1908=LINE('',#13009,#2845);
#1909=LINE('',#13011,#2846);
#1910=LINE('',#13012,#2847);
#1911=LINE('',#13015,#2848);
#1912=LINE('',#13017,#2849);
#1913=LINE('',#13018,#2850);
#1914=LINE('',#13021,#2851);
#1915=LINE('',#13023,#2852);
#1916=LINE('',#13024,#2853);
#1917=LINE('',#13027,#2854);
#1918=LINE('',#13029,#2855);
#1919=LINE('',#13030,#2856);
#1920=LINE('',#13033,#2857);
#1921=LINE('',#13035,#2858);
#1922=LINE('',#13036,#2859);
#1923=LINE('',#13039,#2860);
#1924=LINE('',#13041,#2861);
#1925=LINE('',#13042,#2862);
#1926=LINE('',#13045,#2863);
#1927=LINE('',#13047,#2864);
#1928=LINE('',#13048,#2865);
#1929=LINE('',#13051,#2866);
#1930=LINE('',#13053,#2867);
#1931=LINE('',#13054,#2868);
#1932=LINE('',#13056,#2869);
#1933=LINE('',#13057,#2870);
#1934=LINE('',#13063,#2871);
#1935=LINE('',#13065,#2872);
#1936=LINE('',#13067,#2873);
#1937=LINE('',#13068,#2874);
#1938=LINE('',#13071,#2875);
#1939=LINE('',#13073,#2876);
#1940=LINE('',#13074,#2877);
#1941=LINE('',#13077,#2878);
#1942=LINE('',#13079,#2879);
#1943=LINE('',#13080,#2880);
#1944=LINE('',#13083,#2881);
#1945=LINE('',#13085,#2882);
#1946=LINE('',#13086,#2883);
#1947=LINE('',#13089,#2884);
#1948=LINE('',#13091,#2885);
#1949=LINE('',#13092,#2886);
#1950=LINE('',#13094,#2887);
#1951=LINE('',#13095,#2888);
#1952=LINE('',#13099,#2889);
#1953=LINE('',#13101,#2890);
#1954=LINE('',#13103,#2891);
#1955=LINE('',#13104,#2892);
#1956=LINE('',#13107,#2893);
#1957=LINE('',#13109,#2894);
#1958=LINE('',#13110,#2895);
#1959=LINE('',#13116,#2896);
#1960=LINE('',#13119,#2897);
#1961=LINE('',#13121,#2898);
#1962=LINE('',#13122,#2899);
#1963=LINE('',#13125,#2900);
#1964=LINE('',#13127,#2901);
#1965=LINE('',#13128,#2902);
#1966=LINE('',#13134,#2903);
#1967=LINE('',#13137,#2904);
#1968=LINE('',#13139,#2905);
#1969=LINE('',#13140,#2906);
#1970=LINE('',#13143,#2907);
#1971=LINE('',#13145,#2908);
#1972=LINE('',#13146,#2909);
#1973=LINE('',#13149,#2910);
#1974=LINE('',#13151,#2911);
#1975=LINE('',#13152,#2912);
#1976=LINE('',#13155,#2913);
#1977=LINE('',#13157,#2914);
#1978=LINE('',#13158,#2915);
#1979=LINE('',#13161,#2916);
#1980=LINE('',#13163,#2917);
#1981=LINE('',#13164,#2918);
#1982=LINE('',#13167,#2919);
#1983=LINE('',#13169,#2920);
#1984=LINE('',#13170,#2921);
#1985=LINE('',#13173,#2922);
#1986=LINE('',#13175,#2923);
#1987=LINE('',#13176,#2924);
#1988=LINE('',#13179,#2925);
#1989=LINE('',#13181,#2926);
#1990=LINE('',#13182,#2927);
#1991=LINE('',#13185,#2928);
#1992=LINE('',#13187,#2929);
#1993=LINE('',#13188,#2930);
#1994=LINE('',#13191,#2931);
#1995=LINE('',#13193,#2932);
#1996=LINE('',#13194,#2933);
#1997=LINE('',#13197,#2934);
#1998=LINE('',#13199,#2935);
#1999=LINE('',#13200,#2936);
#2000=LINE('',#13203,#2937);
#2001=LINE('',#13205,#2938);
#2002=LINE('',#13206,#2939);
#2003=LINE('',#13209,#2940);
#2004=LINE('',#13211,#2941);
#2005=LINE('',#13212,#2942);
#2006=LINE('',#13215,#2943);
#2007=LINE('',#13217,#2944);
#2008=LINE('',#13218,#2945);
#2009=LINE('',#13221,#2946);
#2010=LINE('',#13223,#2947);
#2011=LINE('',#13224,#2948);
#2012=LINE('',#13227,#2949);
#2013=LINE('',#13229,#2950);
#2014=LINE('',#13230,#2951);
#2015=LINE('',#13233,#2952);
#2016=LINE('',#13235,#2953);
#2017=LINE('',#13236,#2954);
#2018=LINE('',#13239,#2955);
#2019=LINE('',#13241,#2956);
#2020=LINE('',#13242,#2957);
#2021=LINE('',#13245,#2958);
#2022=LINE('',#13247,#2959);
#2023=LINE('',#13248,#2960);
#2024=LINE('',#13254,#2961);
#2025=LINE('',#13257,#2962);
#2026=LINE('',#13259,#2963);
#2027=LINE('',#13260,#2964);
#2028=LINE('',#13263,#2965);
#2029=LINE('',#13265,#2966);
#2030=LINE('',#13266,#2967);
#2031=LINE('',#13269,#2968);
#2032=LINE('',#13271,#2969);
#2033=LINE('',#13272,#2970);
#2034=LINE('',#13275,#2971);
#2035=LINE('',#13277,#2972);
#2036=LINE('',#13278,#2973);
#2037=LINE('',#13281,#2974);
#2038=LINE('',#13283,#2975);
#2039=LINE('',#13284,#2976);
#2040=LINE('',#13287,#2977);
#2041=LINE('',#13289,#2978);
#2042=LINE('',#13290,#2979);
#2043=LINE('',#13293,#2980);
#2044=LINE('',#13295,#2981);
#2045=LINE('',#13296,#2982);
#2046=LINE('',#13299,#2983);
#2047=LINE('',#13301,#2984);
#2048=LINE('',#13302,#2985);
#2049=LINE('',#13305,#2986);
#2050=LINE('',#13307,#2987);
#2051=LINE('',#13308,#2988);
#2052=LINE('',#13311,#2989);
#2053=LINE('',#13313,#2990);
#2054=LINE('',#13314,#2991);
#2055=LINE('',#13317,#2992);
#2056=LINE('',#13319,#2993);
#2057=LINE('',#13320,#2994);
#2058=LINE('',#13323,#2995);
#2059=LINE('',#13325,#2996);
#2060=LINE('',#13326,#2997);
#2061=LINE('',#13329,#2998);
#2062=LINE('',#13331,#2999);
#2063=LINE('',#13332,#3000);
#2064=LINE('',#13335,#3001);
#2065=LINE('',#13337,#3002);
#2066=LINE('',#13338,#3003);
#2067=LINE('',#13341,#3004);
#2068=LINE('',#13343,#3005);
#2069=LINE('',#13344,#3006);
#2070=LINE('',#13347,#3007);
#2071=LINE('',#13349,#3008);
#2072=LINE('',#13350,#3009);
#2073=LINE('',#13353,#3010);
#2074=LINE('',#13355,#3011);
#2075=LINE('',#13356,#3012);
#2076=LINE('',#13359,#3013);
#2077=LINE('',#13361,#3014);
#2078=LINE('',#13362,#3015);
#2079=LINE('',#13364,#3016);
#2080=LINE('',#13365,#3017);
#2081=LINE('',#13371,#3018);
#2082=LINE('',#13373,#3019);
#2083=LINE('',#13375,#3020);
#2084=LINE('',#13376,#3021);
#2085=LINE('',#13379,#3022);
#2086=LINE('',#13381,#3023);
#2087=LINE('',#13382,#3024);
#2088=LINE('',#13385,#3025);
#2089=LINE('',#13387,#3026);
#2090=LINE('',#13388,#3027);
#2091=LINE('',#13391,#3028);
#2092=LINE('',#13393,#3029);
#2093=LINE('',#13394,#3030);
#2094=LINE('',#13397,#3031);
#2095=LINE('',#13399,#3032);
#2096=LINE('',#13400,#3033);
#2097=LINE('',#13402,#3034);
#2098=LINE('',#13403,#3035);
#2099=LINE('',#13407,#3036);
#2100=LINE('',#13409,#3037);
#2101=LINE('',#13411,#3038);
#2102=LINE('',#13412,#3039);
#2103=LINE('',#13415,#3040);
#2104=LINE('',#13417,#3041);
#2105=LINE('',#13418,#3042);
#2106=LINE('',#13421,#3043);
#2107=LINE('',#13423,#3044);
#2108=LINE('',#13424,#3045);
#2109=LINE('',#13427,#3046);
#2110=LINE('',#13429,#3047);
#2111=LINE('',#13430,#3048);
#2112=LINE('',#13433,#3049);
#2113=LINE('',#13435,#3050);
#2114=LINE('',#13436,#3051);
#2115=LINE('',#13438,#3052);
#2116=LINE('',#13439,#3053);
#2117=LINE('',#13443,#3054);
#2118=LINE('',#13445,#3055);
#2119=LINE('',#13447,#3056);
#2120=LINE('',#13448,#3057);
#2121=LINE('',#13451,#3058);
#2122=LINE('',#13453,#3059);
#2123=LINE('',#13454,#3060);
#2124=LINE('',#13457,#3061);
#2125=LINE('',#13459,#3062);
#2126=LINE('',#13460,#3063);
#2127=LINE('',#13466,#3064);
#2128=LINE('',#13469,#3065);
#2129=LINE('',#13471,#3066);
#2130=LINE('',#13472,#3067);
#2131=LINE('',#13475,#3068);
#2132=LINE('',#13477,#3069);
#2133=LINE('',#13478,#3070);
#2134=LINE('',#13481,#3071);
#2135=LINE('',#13483,#3072);
#2136=LINE('',#13484,#3073);
#2137=LINE('',#13487,#3074);
#2138=LINE('',#13489,#3075);
#2139=LINE('',#13490,#3076);
#2140=LINE('',#13496,#3077);
#2141=LINE('',#13499,#3078);
#2142=LINE('',#13501,#3079);
#2143=LINE('',#13502,#3080);
#2144=LINE('',#13505,#3081);
#2145=LINE('',#13507,#3082);
#2146=LINE('',#13508,#3083);
#2147=LINE('',#13511,#3084);
#2148=LINE('',#13513,#3085);
#2149=LINE('',#13514,#3086);
#2150=LINE('',#13517,#3087);
#2151=LINE('',#13519,#3088);
#2152=LINE('',#13520,#3089);
#2153=LINE('',#13523,#3090);
#2154=LINE('',#13525,#3091);
#2155=LINE('',#13526,#3092);
#2156=LINE('',#13529,#3093);
#2157=LINE('',#13531,#3094);
#2158=LINE('',#13532,#3095);
#2159=LINE('',#13535,#3096);
#2160=LINE('',#13537,#3097);
#2161=LINE('',#13538,#3098);
#2162=LINE('',#13541,#3099);
#2163=LINE('',#13543,#3100);
#2164=LINE('',#13544,#3101);
#2165=LINE('',#13547,#3102);
#2166=LINE('',#13549,#3103);
#2167=LINE('',#13550,#3104);
#2168=LINE('',#13553,#3105);
#2169=LINE('',#13555,#3106);
#2170=LINE('',#13556,#3107);
#2171=LINE('',#13559,#3108);
#2172=LINE('',#13561,#3109);
#2173=LINE('',#13562,#3110);
#2174=LINE('',#13565,#3111);
#2175=LINE('',#13567,#3112);
#2176=LINE('',#13568,#3113);
#2177=LINE('',#13571,#3114);
#2178=LINE('',#13573,#3115);
#2179=LINE('',#13574,#3116);
#2180=LINE('',#13577,#3117);
#2181=LINE('',#13579,#3118);
#2182=LINE('',#13580,#3119);
#2183=LINE('',#13583,#3120);
#2184=LINE('',#13585,#3121);
#2185=LINE('',#13586,#3122);
#2186=LINE('',#13592,#3123);
#2187=LINE('',#13595,#3124);
#2188=LINE('',#13597,#3125);
#2189=LINE('',#13598,#3126);
#2190=LINE('',#13601,#3127);
#2191=LINE('',#13603,#3128);
#2192=LINE('',#13604,#3129);
#2193=LINE('',#13610,#3130);
#2194=LINE('',#13613,#3131);
#2195=LINE('',#13615,#3132);
#2196=LINE('',#13616,#3133);
#2197=LINE('',#13619,#3134);
#2198=LINE('',#13621,#3135);
#2199=LINE('',#13622,#3136);
#2200=LINE('',#13625,#3137);
#2201=LINE('',#13627,#3138);
#2202=LINE('',#13628,#3139);
#2203=LINE('',#13631,#3140);
#2204=LINE('',#13633,#3141);
#2205=LINE('',#13634,#3142);
#2206=LINE('',#13637,#3143);
#2207=LINE('',#13639,#3144);
#2208=LINE('',#13640,#3145);
#2209=LINE('',#13643,#3146);
#2210=LINE('',#13645,#3147);
#2211=LINE('',#13646,#3148);
#2212=LINE('',#13649,#3149);
#2213=LINE('',#13651,#3150);
#2214=LINE('',#13652,#3151);
#2215=LINE('',#13655,#3152);
#2216=LINE('',#13657,#3153);
#2217=LINE('',#13658,#3154);
#2218=LINE('',#13661,#3155);
#2219=LINE('',#13663,#3156);
#2220=LINE('',#13664,#3157);
#2221=LINE('',#13667,#3158);
#2222=LINE('',#13669,#3159);
#2223=LINE('',#13670,#3160);
#2224=LINE('',#13673,#3161);
#2225=LINE('',#13675,#3162);
#2226=LINE('',#13676,#3163);
#2227=LINE('',#13679,#3164);
#2228=LINE('',#13681,#3165);
#2229=LINE('',#13682,#3166);
#2230=LINE('',#13685,#3167);
#2231=LINE('',#13687,#3168);
#2232=LINE('',#13688,#3169);
#2233=LINE('',#13691,#3170);
#2234=LINE('',#13693,#3171);
#2235=LINE('',#13694,#3172);
#2236=LINE('',#13697,#3173);
#2237=LINE('',#13699,#3174);
#2238=LINE('',#13700,#3175);
#2239=LINE('',#13702,#3176);
#2240=LINE('',#13703,#3177);
#2241=VECTOR('',#8819,10.);
#2242=VECTOR('',#8820,10.);
#2243=VECTOR('',#8821,10.);
#2244=VECTOR('',#8822,10.);
#2245=VECTOR('',#8825,10.);
#2246=VECTOR('',#8826,10.);
#2247=VECTOR('',#8827,10.);
#2248=VECTOR('',#8830,10.);
#2249=VECTOR('',#8831,10.);
#2250=VECTOR('',#8832,10.);
#2251=VECTOR('',#8835,10.);
#2252=VECTOR('',#8836,10.);
#2253=VECTOR('',#8839,10.);
#2254=VECTOR('',#8840,10.);
#2255=VECTOR('',#8841,10.);
#2256=VECTOR('',#8842,10.);
#2257=VECTOR('',#8843,10.);
#2258=VECTOR('',#8844,10.);
#2259=VECTOR('',#8845,10.);
#2260=VECTOR('',#8848,10.);
#2261=VECTOR('',#8849,10.);
#2262=VECTOR('',#8852,10.);
#2263=VECTOR('',#8855,10.);
#2264=VECTOR('',#8858,10.);
#2265=VECTOR('',#8861,10.);
#2266=VECTOR('',#8864,10.);
#2267=VECTOR('',#8867,10.);
#2268=VECTOR('',#8870,10.);
#2269=VECTOR('',#8873,10.);
#2270=VECTOR('',#8878,10.);
#2271=VECTOR('',#8881,10.);
#2272=VECTOR('',#8884,10.);
#2273=VECTOR('',#8887,10.);
#2274=VECTOR('',#8892,10.);
#2275=VECTOR('',#8895,10.);
#2276=VECTOR('',#8898,10.);
#2277=VECTOR('',#8901,10.);
#2278=VECTOR('',#8904,10.);
#2279=VECTOR('',#8909,10.);
#2280=VECTOR('',#8912,10.);
#2281=VECTOR('',#8915,10.);
#2282=VECTOR('',#8918,10.);
#2283=VECTOR('',#8921,10.);
#2284=VECTOR('',#8924,10.);
#2285=VECTOR('',#8925,10.);
#2286=VECTOR('',#8928,10.);
#2287=VECTOR('',#8931,10.);
#2288=VECTOR('',#8934,10.);
#2289=VECTOR('',#8939,10.);
#2290=VECTOR('',#8942,10.);
#2291=VECTOR('',#8945,10.);
#2292=VECTOR('',#8946,10.);
#2293=VECTOR('',#8949,10.);
#2294=VECTOR('',#8954,10.);
#2295=VECTOR('',#8955,10.);
#2296=VECTOR('',#8958,10.);
#2297=VECTOR('',#8963,10.);
#2298=VECTOR('',#8964,10.);
#2299=VECTOR('',#8967,10.);
#2300=VECTOR('',#8972,10.);
#2301=VECTOR('',#8975,10.);
#2302=VECTOR('',#8976,10.);
#2303=VECTOR('',#8977,10.);
#2304=VECTOR('',#8980,10.);
#2305=VECTOR('',#8985,10.);
#2306=VECTOR('',#8986,10.);
#2307=VECTOR('',#8989,10.);
#2308=VECTOR('',#8994,10.);
#2309=VECTOR('',#8997,10.);
#2310=VECTOR('',#9000,10.);
#2311=VECTOR('',#9005,10.);
#2312=VECTOR('',#9008,10.);
#2313=VECTOR('',#9011,10.);
#2314=VECTOR('',#9012,10.);
#2315=VECTOR('',#9015,10.);
#2316=VECTOR('',#9016,10.);
#2317=VECTOR('',#9019,10.);
#2318=VECTOR('',#9020,10.);
#2319=VECTOR('',#9023,10.);
#2320=VECTOR('',#9024,10.);
#2321=VECTOR('',#9027,10.);
#2322=VECTOR('',#9028,10.);
#2323=VECTOR('',#9033,2.35);
#2324=VECTOR('',#9038,2.35);
#2325=VECTOR('',#9041,10.);
#2326=VECTOR('',#9044,10.);
#2327=VECTOR('',#9053,10.);
#2328=VECTOR('',#9056,10.);
#2329=VECTOR('',#9061,10.);
#2330=VECTOR('',#9066,10.);
#2331=VECTOR('',#9071,10.);
#2332=VECTOR('',#9076,10.);
#2333=VECTOR('',#9077,10.);
#2334=VECTOR('',#9080,10.);
#2335=VECTOR('',#9083,10.);
#2336=VECTOR('',#9086,10.);
#2337=VECTOR('',#9087,10.);
#2338=VECTOR('',#9088,10.);
#2339=VECTOR('',#9089,10.);
#2340=VECTOR('',#9092,10.);
#2341=VECTOR('',#9095,10.);
#2342=VECTOR('',#9098,10.);
#2343=VECTOR('',#9099,10.);
#2344=VECTOR('',#9102,10.);
#2345=VECTOR('',#9105,10.);
#2346=VECTOR('',#9108,10.);
#2347=VECTOR('',#9111,10.);
#2348=VECTOR('',#9112,10.);
#2349=VECTOR('',#9113,10.);
#2350=VECTOR('',#9116,10.);
#2351=VECTOR('',#9121,9.99999999999999);
#2352=VECTOR('',#9122,10.);
#2353=VECTOR('',#9125,10.);
#2354=VECTOR('',#9130,10.);
#2355=VECTOR('',#9131,10.);
#2356=VECTOR('',#9134,10.);
#2357=VECTOR('',#9139,10.);
#2358=VECTOR('',#9140,10.);
#2359=VECTOR('',#9147,10.);
#2360=VECTOR('',#9148,10.);
#2361=VECTOR('',#9153,10.);
#2362=VECTOR('',#9156,10.);
#2363=VECTOR('',#9161,10.);
#2364=VECTOR('',#9164,10.);
#2365=VECTOR('',#9165,10.);
#2366=VECTOR('',#9166,10.);
#2367=VECTOR('',#9169,10.);
#2368=VECTOR('',#9174,10.);
#2369=VECTOR('',#9175,10.);
#2370=VECTOR('',#9178,10.);
#2371=VECTOR('',#9183,10.);
#2372=VECTOR('',#9184,10.);
#2373=VECTOR('',#9187,10.);
#2374=VECTOR('',#9192,10.);
#2375=VECTOR('',#9193,10.);
#2376=VECTOR('',#9196,10.);
#2377=VECTOR('',#9201,10.);
#2378=VECTOR('',#9202,10.);
#2379=VECTOR('',#9209,10.);
#2380=VECTOR('',#9212,10.);
#2381=VECTOR('',#9215,10.);
#2382=VECTOR('',#9220,10.);
#2383=VECTOR('',#9223,10.);
#2384=VECTOR('',#9226,10.);
#2385=VECTOR('',#9227,10.);
#2386=VECTOR('',#9228,10.);
#2387=VECTOR('',#9229,10.);
#2388=VECTOR('',#9230,10.);
#2389=VECTOR('',#9231,10.);
#2390=VECTOR('',#9232,10.);
#2391=VECTOR('',#9233,10.);
#2392=VECTOR('',#9234,10.);
#2393=VECTOR('',#9235,10.);
#2394=VECTOR('',#9236,10.);
#2395=VECTOR('',#9237,10.);
#2396=VECTOR('',#9238,10.);
#2397=VECTOR('',#9239,10.);
#2398=VECTOR('',#9240,10.);
#2399=VECTOR('',#9241,10.);
#2400=VECTOR('',#9242,10.);
#2401=VECTOR('',#9243,10.);
#2402=VECTOR('',#9250,10.);
#2403=VECTOR('',#9253,10.);
#2404=VECTOR('',#9256,9.99999999999999);
#2405=VECTOR('',#9257,10.);
#2406=VECTOR('',#9260,10.);
#2407=VECTOR('',#9265,10.);
#2408=VECTOR('',#9266,10.);
#2409=VECTOR('',#9269,10.);
#2410=VECTOR('',#9274,10.);
#2411=VECTOR('',#9275,10.);
#2412=VECTOR('',#9278,10.);
#2413=VECTOR('',#9283,10.);
#2414=VECTOR('',#9284,10.);
#2415=VECTOR('',#9287,10.);
#2416=VECTOR('',#9292,10.);
#2417=VECTOR('',#9293,10.);
#2418=VECTOR('',#9296,10.);
#2419=VECTOR('',#9301,10.);
#2420=VECTOR('',#9304,10.);
#2421=VECTOR('',#9305,10.);
#2422=VECTOR('',#9308,10.);
#2423=VECTOR('',#9311,10.);
#2424=VECTOR('',#9314,10.);
#2425=VECTOR('',#9317,10.);
#2426=VECTOR('',#9320,10.);
#2427=VECTOR('',#9323,10.);
#2428=VECTOR('',#9324,10.);
#2429=VECTOR('',#9325,10.);
#2430=VECTOR('',#9328,10.);
#2431=VECTOR('',#9333,10.);
#2432=VECTOR('',#9334,10.);
#2433=VECTOR('',#9337,10.);
#2434=VECTOR('',#9342,10.);
#2435=VECTOR('',#9343,10.);
#2436=VECTOR('',#9346,10.);
#2437=VECTOR('',#9351,10.);
#2438=VECTOR('',#9352,10.);
#2439=VECTOR('',#9355,10.);
#2440=VECTOR('',#9360,10.);
#2441=VECTOR('',#9361,10.);
#2442=VECTOR('',#9364,10.);
#2443=VECTOR('',#9369,10.);
#2444=VECTOR('',#9370,10.);
#2445=VECTOR('',#9373,10.);
#2446=VECTOR('',#9378,10.);
#2447=VECTOR('',#9379,10.);
#2448=VECTOR('',#9382,10.);
#2449=VECTOR('',#9387,10.);
#2450=VECTOR('',#9388,10.);
#2451=VECTOR('',#9395,10.);
#2452=VECTOR('',#9398,3.00000000000004);
#2453=VECTOR('',#9401,10.);
#2454=VECTOR('',#9404,10.);
#2455=VECTOR('',#9405,10.);
#2456=VECTOR('',#9406,10.);
#2457=VECTOR('',#9407,10.);
#2458=VECTOR('',#9408,10.);
#2459=VECTOR('',#9413,10.);
#2460=VECTOR('',#9416,10.);
#2461=VECTOR('',#9417,10.);
#2462=VECTOR('',#9424,10.);
#2463=VECTOR('',#9427,10.);
#2464=VECTOR('',#9428,10.);
#2465=VECTOR('',#9429,10.);
#2466=VECTOR('',#9430,10.);
#2467=VECTOR('',#9433,10.);
#2468=VECTOR('',#9436,10.);
#2469=VECTOR('',#9437,10.);
#2470=VECTOR('',#9438,10.);
#2471=VECTOR('',#9443,10.);
#2472=VECTOR('',#9446,10.);
#2473=VECTOR('',#9447,10.);
#2474=VECTOR('',#9452,10.);
#2475=VECTOR('',#9453,10.);
#2476=VECTOR('',#9454,10.);
#2477=VECTOR('',#9455,10.);
#2478=VECTOR('',#9462,10.);
#2479=VECTOR('',#9465,10.);
#2480=VECTOR('',#9468,10.);
#2481=VECTOR('',#9471,10.);
#2482=VECTOR('',#9474,10.);
#2483=VECTOR('',#9477,10.);
#2484=VECTOR('',#9480,10.);
#2485=VECTOR('',#9485,10.);
#2486=VECTOR('',#9494,10.);
#2487=VECTOR('',#9497,10.);
#2488=VECTOR('',#9500,10.);
#2489=VECTOR('',#9503,10.);
#2490=VECTOR('',#9506,10.);
#2491=VECTOR('',#9509,10.);
#2492=VECTOR('',#9512,10.);
#2493=VECTOR('',#9517,10.);
#2494=VECTOR('',#9526,10.);
#2495=VECTOR('',#9529,10.);
#2496=VECTOR('',#9532,10.);
#2497=VECTOR('',#9535,10.);
#2498=VECTOR('',#9538,10.);
#2499=VECTOR('',#9541,10.);
#2500=VECTOR('',#9544,10.);
#2501=VECTOR('',#9549,10.);
#2502=VECTOR('',#9554,10.);
#2503=VECTOR('',#9557,10.);
#2504=VECTOR('',#9560,10.);
#2505=VECTOR('',#9567,10.);
#2506=VECTOR('',#9570,10.);
#2507=VECTOR('',#9571,10.);
#2508=VECTOR('',#9572,10.);
#2509=VECTOR('',#9585,3.);
#2510=VECTOR('',#9594,3.);
#2511=VECTOR('',#9607,10.);
#2512=VECTOR('',#9636,10.);
#2513=VECTOR('',#9647,10.);
#2514=VECTOR('',#9664,10.);
#2515=VECTOR('',#9667,10.);
#2516=VECTOR('',#9690,10.);
#2517=VECTOR('',#9691,10.);
#2518=VECTOR('',#9692,10.);
#2519=VECTOR('',#9693,10.);
#2520=VECTOR('',#9694,10.);
#2521=VECTOR('',#9695,10.);
#2522=VECTOR('',#9696,10.);
#2523=VECTOR('',#9697,10.);
#2524=VECTOR('',#9698,10.);
#2525=VECTOR('',#9699,10.);
#2526=VECTOR('',#9700,10.);
#2527=VECTOR('',#9707,10.);
#2528=VECTOR('',#9712,10.);
#2529=VECTOR('',#9717,10.);
#2530=VECTOR('',#9720,10.);
#2531=VECTOR('',#9723,10.);
#2532=VECTOR('',#9726,10.);
#2533=VECTOR('',#9729,10.);
#2534=VECTOR('',#9730,10.);
#2535=VECTOR('',#9733,10.);
#2536=VECTOR('',#9736,10.);
#2537=VECTOR('',#9745,10.);
#2538=VECTOR('',#9748,10.);
#2539=VECTOR('',#9753,10.);
#2540=VECTOR('',#9754,10.);
#2541=VECTOR('',#9755,10.);
#2542=VECTOR('',#9758,10.);
#2543=VECTOR('',#9761,10.);
#2544=VECTOR('',#9766,10.);
#2545=VECTOR('',#9769,10.);
#2546=VECTOR('',#9772,10.);
#2547=VECTOR('',#9781,10.);
#2548=VECTOR('',#9788,10.);
#2549=VECTOR('',#9789,10.);
#2550=VECTOR('',#9798,10.);
#2551=VECTOR('',#9821,10.);
#2552=VECTOR('',#9822,10.);
#2553=VECTOR('',#9825,10.);
#2554=VECTOR('',#9826,10.);
#2555=VECTOR('',#9831,10.);
#2556=VECTOR('',#9832,10.);
#2557=VECTOR('',#9835,10.);
#2558=VECTOR('',#9838,10.);
#2559=VECTOR('',#9843,10.);
#2560=VECTOR('',#9844,10.);
#2561=VECTOR('',#9847,10.);
#2562=VECTOR('',#9852,10.);
#2563=VECTOR('',#9859,10.);
#2564=VECTOR('',#9862,10.);
#2565=VECTOR('',#9867,10.);
#2566=VECTOR('',#9870,10.);
#2567=VECTOR('',#9873,10.);
#2568=VECTOR('',#9878,10.);
#2569=VECTOR('',#9879,10.);
#2570=VECTOR('',#9884,10.);
#2571=VECTOR('',#9893,10.);
#2572=VECTOR('',#9898,1.6);
#2573=VECTOR('',#9901,1.6);
#2574=VECTOR('',#9908,2.35);
#2575=VECTOR('',#9911,10.);
#2576=VECTOR('',#9912,10.);
#2577=VECTOR('',#9913,9.99999999999999);
#2578=VECTOR('',#9916,10.);
#2579=VECTOR('',#9921,10.);
#2580=VECTOR('',#9922,10.);
#2581=VECTOR('',#9937,10.);
#2582=VECTOR('',#9938,10.);
#2583=VECTOR('',#9939,10.);
#2584=VECTOR('',#9940,10.);
#2585=VECTOR('',#9943,10.);
#2586=VECTOR('',#9944,10.);
#2587=VECTOR('',#9945,10.);
#2588=VECTOR('',#9948,10.);
#2589=VECTOR('',#9949,10.);
#2590=VECTOR('',#9950,10.);
#2591=VECTOR('',#9953,10.);
#2592=VECTOR('',#9954,10.);
#2593=VECTOR('',#9955,10.);
#2594=VECTOR('',#9958,10.);
#2595=VECTOR('',#9959,10.);
#2596=VECTOR('',#9960,10.);
#2597=VECTOR('',#9963,10.);
#2598=VECTOR('',#9964,10.);
#2599=VECTOR('',#9967,10.);
#2600=VECTOR('',#9968,10.);
#2601=VECTOR('',#9969,10.);
#2602=VECTOR('',#9970,10.);
#2603=VECTOR('',#9973,10.);
#2604=VECTOR('',#9974,10.);
#2605=VECTOR('',#9975,10.);
#2606=VECTOR('',#9978,10.);
#2607=VECTOR('',#9979,10.);
#2608=VECTOR('',#9980,10.);
#2609=VECTOR('',#9983,10.);
#2610=VECTOR('',#9984,10.);
#2611=VECTOR('',#9985,10.);
#2612=VECTOR('',#9988,10.);
#2613=VECTOR('',#9989,10.);
#2614=VECTOR('',#9990,10.);
#2615=VECTOR('',#9993,10.);
#2616=VECTOR('',#9994,10.);
#2617=VECTOR('',#9997,10.);
#2618=VECTOR('',#9998,10.);
#2619=VECTOR('',#9999,10.);
#2620=VECTOR('',#10000,10.);
#2621=VECTOR('',#10003,10.);
#2622=VECTOR('',#10004,10.);
#2623=VECTOR('',#10005,10.);
#2624=VECTOR('',#10008,10.);
#2625=VECTOR('',#10009,10.);
#2626=VECTOR('',#10010,10.);
#2627=VECTOR('',#10013,10.);
#2628=VECTOR('',#10014,10.);
#2629=VECTOR('',#10015,10.);
#2630=VECTOR('',#10018,10.);
#2631=VECTOR('',#10019,10.);
#2632=VECTOR('',#10020,10.);
#2633=VECTOR('',#10023,10.);
#2634=VECTOR('',#10024,10.);
#2635=VECTOR('',#10027,10.);
#2636=VECTOR('',#10028,10.);
#2637=VECTOR('',#10029,10.);
#2638=VECTOR('',#10030,10.);
#2639=VECTOR('',#10033,10.);
#2640=VECTOR('',#10034,10.);
#2641=VECTOR('',#10035,10.);
#2642=VECTOR('',#10038,10.);
#2643=VECTOR('',#10039,10.);
#2644=VECTOR('',#10040,10.);
#2645=VECTOR('',#10043,10.);
#2646=VECTOR('',#10044,10.);
#2647=VECTOR('',#10045,10.);
#2648=VECTOR('',#10048,10.);
#2649=VECTOR('',#10049,10.);
#2650=VECTOR('',#10050,10.);
#2651=VECTOR('',#10053,10.);
#2652=VECTOR('',#10054,10.);
#2653=VECTOR('',#10057,10.);
#2654=VECTOR('',#10058,10.);
#2655=VECTOR('',#10059,10.);
#2656=VECTOR('',#10060,10.);
#2657=VECTOR('',#10063,10.);
#2658=VECTOR('',#10064,10.);
#2659=VECTOR('',#10065,10.);
#2660=VECTOR('',#10068,10.);
#2661=VECTOR('',#10069,10.);
#2662=VECTOR('',#10070,10.);
#2663=VECTOR('',#10073,10.);
#2664=VECTOR('',#10074,10.);
#2665=VECTOR('',#10075,10.);
#2666=VECTOR('',#10078,10.);
#2667=VECTOR('',#10079,10.);
#2668=VECTOR('',#10080,10.);
#2669=VECTOR('',#10083,10.);
#2670=VECTOR('',#10084,10.);
#2671=VECTOR('',#10087,10.);
#2672=VECTOR('',#10088,10.);
#2673=VECTOR('',#10089,10.);
#2674=VECTOR('',#10090,10.);
#2675=VECTOR('',#10093,10.);
#2676=VECTOR('',#10094,10.);
#2677=VECTOR('',#10095,10.);
#2678=VECTOR('',#10098,10.);
#2679=VECTOR('',#10099,10.);
#2680=VECTOR('',#10100,10.);
#2681=VECTOR('',#10103,10.);
#2682=VECTOR('',#10104,10.);
#2683=VECTOR('',#10105,10.);
#2684=VECTOR('',#10108,10.);
#2685=VECTOR('',#10109,10.);
#2686=VECTOR('',#10110,10.);
#2687=VECTOR('',#10113,10.);
#2688=VECTOR('',#10114,10.);
#2689=VECTOR('',#10117,10.);
#2690=VECTOR('',#10118,10.);
#2691=VECTOR('',#10119,10.);
#2692=VECTOR('',#10120,10.);
#2693=VECTOR('',#10123,10.);
#2694=VECTOR('',#10124,10.);
#2695=VECTOR('',#10125,10.);
#2696=VECTOR('',#10128,10.);
#2697=VECTOR('',#10129,10.);
#2698=VECTOR('',#10130,10.);
#2699=VECTOR('',#10133,10.);
#2700=VECTOR('',#10134,10.);
#2701=VECTOR('',#10135,10.);
#2702=VECTOR('',#10138,10.);
#2703=VECTOR('',#10139,10.);
#2704=VECTOR('',#10140,10.);
#2705=VECTOR('',#10143,10.);
#2706=VECTOR('',#10144,10.);
#2707=VECTOR('',#10147,10.);
#2708=VECTOR('',#10148,10.);
#2709=VECTOR('',#10149,10.);
#2710=VECTOR('',#10150,10.);
#2711=VECTOR('',#10153,10.);
#2712=VECTOR('',#10154,10.);
#2713=VECTOR('',#10155,10.);
#2714=VECTOR('',#10158,10.);
#2715=VECTOR('',#10159,10.);
#2716=VECTOR('',#10160,10.);
#2717=VECTOR('',#10163,10.);
#2718=VECTOR('',#10164,10.);
#2719=VECTOR('',#10165,10.);
#2720=VECTOR('',#10168,10.);
#2721=VECTOR('',#10169,10.);
#2722=VECTOR('',#10170,10.);
#2723=VECTOR('',#10173,10.);
#2724=VECTOR('',#10174,10.);
#2725=VECTOR('',#10175,10.);
#2726=VECTOR('',#10178,10.);
#2727=VECTOR('',#10179,10.);
#2728=VECTOR('',#10180,10.);
#2729=VECTOR('',#10183,10.);
#2730=VECTOR('',#10184,10.);
#2731=VECTOR('',#10185,10.);
#2732=VECTOR('',#10192,10.);
#2733=VECTOR('',#10195,10.);
#2734=VECTOR('',#10196,10.);
#2735=VECTOR('',#10197,10.);
#2736=VECTOR('',#10200,10.);
#2737=VECTOR('',#10201,10.);
#2738=VECTOR('',#10202,10.);
#2739=VECTOR('',#10205,10.);
#2740=VECTOR('',#10206,10.);
#2741=VECTOR('',#10207,10.);
#2742=VECTOR('',#10210,10.);
#2743=VECTOR('',#10211,10.);
#2744=VECTOR('',#10212,10.);
#2745=VECTOR('',#10215,10.);
#2746=VECTOR('',#10216,10.);
#2747=VECTOR('',#10217,10.);
#2748=VECTOR('',#10220,10.);
#2749=VECTOR('',#10221,10.);
#2750=VECTOR('',#10222,10.);
#2751=VECTOR('',#10225,10.);
#2752=VECTOR('',#10226,10.);
#2753=VECTOR('',#10227,10.);
#2754=VECTOR('',#10230,10.);
#2755=VECTOR('',#10231,10.);
#2756=VECTOR('',#10232,10.);
#2757=VECTOR('',#10235,10.);
#2758=VECTOR('',#10236,10.);
#2759=VECTOR('',#10237,10.);
#2760=VECTOR('',#10240,10.);
#2761=VECTOR('',#10241,10.);
#2762=VECTOR('',#10242,10.);
#2763=VECTOR('',#10245,10.);
#2764=VECTOR('',#10246,10.);
#2765=VECTOR('',#10247,10.);
#2766=VECTOR('',#10250,10.);
#2767=VECTOR('',#10251,10.);
#2768=VECTOR('',#10252,10.);
#2769=VECTOR('',#10255,10.);
#2770=VECTOR('',#10256,10.);
#2771=VECTOR('',#10257,10.);
#2772=VECTOR('',#10264,10.);
#2773=VECTOR('',#10267,10.);
#2774=VECTOR('',#10268,10.);
#2775=VECTOR('',#10269,10.);
#2776=VECTOR('',#10272,10.);
#2777=VECTOR('',#10273,10.);
#2778=VECTOR('',#10274,10.);
#2779=VECTOR('',#10277,10.);
#2780=VECTOR('',#10278,10.);
#2781=VECTOR('',#10279,10.);
#2782=VECTOR('',#10282,10.);
#2783=VECTOR('',#10283,10.);
#2784=VECTOR('',#10284,10.);
#2785=VECTOR('',#10287,10.);
#2786=VECTOR('',#10288,10.);
#2787=VECTOR('',#10289,10.);
#2788=VECTOR('',#10292,10.);
#2789=VECTOR('',#10293,10.);
#2790=VECTOR('',#10294,10.);
#2791=VECTOR('',#10297,10.);
#2792=VECTOR('',#10298,10.);
#2793=VECTOR('',#10299,10.);
#2794=VECTOR('',#10302,10.);
#2795=VECTOR('',#10303,10.);
#2796=VECTOR('',#10304,10.);
#2797=VECTOR('',#10307,10.);
#2798=VECTOR('',#10308,10.);
#2799=VECTOR('',#10309,10.);
#2800=VECTOR('',#10312,10.);
#2801=VECTOR('',#10313,10.);
#2802=VECTOR('',#10314,10.);
#2803=VECTOR('',#10317,10.);
#2804=VECTOR('',#10318,10.);
#2805=VECTOR('',#10319,10.);
#2806=VECTOR('',#10322,10.);
#2807=VECTOR('',#10323,10.);
#2808=VECTOR('',#10324,10.);
#2809=VECTOR('',#10327,10.);
#2810=VECTOR('',#10328,10.);
#2811=VECTOR('',#10329,10.);
#2812=VECTOR('',#10332,10.);
#2813=VECTOR('',#10333,10.);
#2814=VECTOR('',#10334,10.);
#2815=VECTOR('',#10337,10.);
#2816=VECTOR('',#10338,10.);
#2817=VECTOR('',#10339,10.);
#2818=VECTOR('',#10342,10.);
#2819=VECTOR('',#10343,10.);
#2820=VECTOR('',#10344,10.);
#2821=VECTOR('',#10347,10.);
#2822=VECTOR('',#10348,10.);
#2823=VECTOR('',#10349,10.);
#2824=VECTOR('',#10352,10.);
#2825=VECTOR('',#10353,10.);
#2826=VECTOR('',#10354,10.);
#2827=VECTOR('',#10357,10.);
#2828=VECTOR('',#10358,10.);
#2829=VECTOR('',#10359,10.);
#2830=VECTOR('',#10362,10.);
#2831=VECTOR('',#10363,10.);
#2832=VECTOR('',#10364,10.);
#2833=VECTOR('',#10367,10.);
#2834=VECTOR('',#10368,10.);
#2835=VECTOR('',#10369,10.);
#2836=VECTOR('',#10372,10.);
#2837=VECTOR('',#10373,10.);
#2838=VECTOR('',#10374,10.);
#2839=VECTOR('',#10377,10.);
#2840=VECTOR('',#10378,10.);
#2841=VECTOR('',#10379,10.);
#2842=VECTOR('',#10382,10.);
#2843=VECTOR('',#10383,10.);
#2844=VECTOR('',#10384,10.);
#2845=VECTOR('',#10387,10.);
#2846=VECTOR('',#10388,10.);
#2847=VECTOR('',#10389,10.);
#2848=VECTOR('',#10392,10.);
#2849=VECTOR('',#10393,10.);
#2850=VECTOR('',#10394,10.);
#2851=VECTOR('',#10397,10.);
#2852=VECTOR('',#10398,10.);
#2853=VECTOR('',#10399,10.);
#2854=VECTOR('',#10402,10.);
#2855=VECTOR('',#10403,10.);
#2856=VECTOR('',#10404,10.);
#2857=VECTOR('',#10407,10.);
#2858=VECTOR('',#10408,10.);
#2859=VECTOR('',#10409,10.);
#2860=VECTOR('',#10412,10.);
#2861=VECTOR('',#10413,10.);
#2862=VECTOR('',#10414,10.);
#2863=VECTOR('',#10417,10.);
#2864=VECTOR('',#10418,10.);
#2865=VECTOR('',#10419,10.);
#2866=VECTOR('',#10422,10.);
#2867=VECTOR('',#10423,10.);
#2868=VECTOR('',#10424,10.);
#2869=VECTOR('',#10427,10.);
#2870=VECTOR('',#10428,10.);
#2871=VECTOR('',#10435,10.);
#2872=VECTOR('',#10436,10.);
#2873=VECTOR('',#10437,10.);
#2874=VECTOR('',#10438,10.);
#2875=VECTOR('',#10441,10.);
#2876=VECTOR('',#10442,10.);
#2877=VECTOR('',#10443,10.);
#2878=VECTOR('',#10446,10.);
#2879=VECTOR('',#10447,10.);
#2880=VECTOR('',#10448,10.);
#2881=VECTOR('',#10451,10.);
#2882=VECTOR('',#10452,10.);
#2883=VECTOR('',#10453,10.);
#2884=VECTOR('',#10456,10.);
#2885=VECTOR('',#10457,10.);
#2886=VECTOR('',#10458,10.);
#2887=VECTOR('',#10461,10.);
#2888=VECTOR('',#10462,10.);
#2889=VECTOR('',#10465,10.);
#2890=VECTOR('',#10466,10.);
#2891=VECTOR('',#10467,10.);
#2892=VECTOR('',#10468,10.);
#2893=VECTOR('',#10471,10.);
#2894=VECTOR('',#10472,10.);
#2895=VECTOR('',#10473,10.);
#2896=VECTOR('',#10480,10.);
#2897=VECTOR('',#10483,10.);
#2898=VECTOR('',#10484,10.);
#2899=VECTOR('',#10485,10.);
#2900=VECTOR('',#10488,10.);
#2901=VECTOR('',#10489,10.);
#2902=VECTOR('',#10490,10.);
#2903=VECTOR('',#10497,10.);
#2904=VECTOR('',#10500,10.);
#2905=VECTOR('',#10501,10.);
#2906=VECTOR('',#10502,10.);
#2907=VECTOR('',#10505,10.);
#2908=VECTOR('',#10506,10.);
#2909=VECTOR('',#10507,10.);
#2910=VECTOR('',#10510,10.);
#2911=VECTOR('',#10511,10.);
#2912=VECTOR('',#10512,10.);
#2913=VECTOR('',#10515,10.);
#2914=VECTOR('',#10516,10.);
#2915=VECTOR('',#10517,10.);
#2916=VECTOR('',#10520,10.);
#2917=VECTOR('',#10521,10.);
#2918=VECTOR('',#10522,10.);
#2919=VECTOR('',#10525,10.);
#2920=VECTOR('',#10526,10.);
#2921=VECTOR('',#10527,10.);
#2922=VECTOR('',#10530,10.);
#2923=VECTOR('',#10531,10.);
#2924=VECTOR('',#10532,10.);
#2925=VECTOR('',#10535,10.);
#2926=VECTOR('',#10536,10.);
#2927=VECTOR('',#10537,10.);
#2928=VECTOR('',#10540,10.);
#2929=VECTOR('',#10541,10.);
#2930=VECTOR('',#10542,10.);
#2931=VECTOR('',#10545,10.);
#2932=VECTOR('',#10546,10.);
#2933=VECTOR('',#10547,10.);
#2934=VECTOR('',#10550,10.);
#2935=VECTOR('',#10551,10.);
#2936=VECTOR('',#10552,10.);
#2937=VECTOR('',#10555,10.);
#2938=VECTOR('',#10556,10.);
#2939=VECTOR('',#10557,10.);
#2940=VECTOR('',#10560,10.);
#2941=VECTOR('',#10561,10.);
#2942=VECTOR('',#10562,10.);
#2943=VECTOR('',#10565,10.);
#2944=VECTOR('',#10566,10.);
#2945=VECTOR('',#10567,10.);
#2946=VECTOR('',#10570,10.);
#2947=VECTOR('',#10571,10.);
#2948=VECTOR('',#10572,10.);
#2949=VECTOR('',#10575,10.);
#2950=VECTOR('',#10576,10.);
#2951=VECTOR('',#10577,10.);
#2952=VECTOR('',#10580,10.);
#2953=VECTOR('',#10581,10.);
#2954=VECTOR('',#10582,10.);
#2955=VECTOR('',#10585,10.);
#2956=VECTOR('',#10586,10.);
#2957=VECTOR('',#10587,10.);
#2958=VECTOR('',#10590,10.);
#2959=VECTOR('',#10591,10.);
#2960=VECTOR('',#10592,10.);
#2961=VECTOR('',#10599,10.);
#2962=VECTOR('',#10602,10.);
#2963=VECTOR('',#10603,10.);
#2964=VECTOR('',#10604,10.);
#2965=VECTOR('',#10607,10.);
#2966=VECTOR('',#10608,10.);
#2967=VECTOR('',#10609,10.);
#2968=VECTOR('',#10612,10.);
#2969=VECTOR('',#10613,10.);
#2970=VECTOR('',#10614,10.);
#2971=VECTOR('',#10617,10.);
#2972=VECTOR('',#10618,10.);
#2973=VECTOR('',#10619,10.);
#2974=VECTOR('',#10622,10.);
#2975=VECTOR('',#10623,10.);
#2976=VECTOR('',#10624,10.);
#2977=VECTOR('',#10627,10.);
#2978=VECTOR('',#10628,10.);
#2979=VECTOR('',#10629,10.);
#2980=VECTOR('',#10632,10.);
#2981=VECTOR('',#10633,10.);
#2982=VECTOR('',#10634,10.);
#2983=VECTOR('',#10637,10.);
#2984=VECTOR('',#10638,10.);
#2985=VECTOR('',#10639,10.);
#2986=VECTOR('',#10642,10.);
#2987=VECTOR('',#10643,10.);
#2988=VECTOR('',#10644,10.);
#2989=VECTOR('',#10647,10.);
#2990=VECTOR('',#10648,10.);
#2991=VECTOR('',#10649,10.);
#2992=VECTOR('',#10652,10.);
#2993=VECTOR('',#10653,10.);
#2994=VECTOR('',#10654,10.);
#2995=VECTOR('',#10657,10.);
#2996=VECTOR('',#10658,10.);
#2997=VECTOR('',#10659,10.);
#2998=VECTOR('',#10662,10.);
#2999=VECTOR('',#10663,10.);
#3000=VECTOR('',#10664,10.);
#3001=VECTOR('',#10667,10.);
#3002=VECTOR('',#10668,10.);
#3003=VECTOR('',#10669,10.);
#3004=VECTOR('',#10672,10.);
#3005=VECTOR('',#10673,10.);
#3006=VECTOR('',#10674,10.);
#3007=VECTOR('',#10677,10.);
#3008=VECTOR('',#10678,10.);
#3009=VECTOR('',#10679,10.);
#3010=VECTOR('',#10682,10.);
#3011=VECTOR('',#10683,10.);
#3012=VECTOR('',#10684,10.);
#3013=VECTOR('',#10687,10.);
#3014=VECTOR('',#10688,10.);
#3015=VECTOR('',#10689,10.);
#3016=VECTOR('',#10692,10.);
#3017=VECTOR('',#10693,10.);
#3018=VECTOR('',#10700,10.);
#3019=VECTOR('',#10701,10.);
#3020=VECTOR('',#10702,10.);
#3021=VECTOR('',#10703,10.);
#3022=VECTOR('',#10706,10.);
#3023=VECTOR('',#10707,10.);
#3024=VECTOR('',#10708,10.);
#3025=VECTOR('',#10711,10.);
#3026=VECTOR('',#10712,10.);
#3027=VECTOR('',#10713,10.);
#3028=VECTOR('',#10716,10.);
#3029=VECTOR('',#10717,10.);
#3030=VECTOR('',#10718,10.);
#3031=VECTOR('',#10721,10.);
#3032=VECTOR('',#10722,10.);
#3033=VECTOR('',#10723,10.);
#3034=VECTOR('',#10726,10.);
#3035=VECTOR('',#10727,10.);
#3036=VECTOR('',#10730,10.);
#3037=VECTOR('',#10731,10.);
#3038=VECTOR('',#10732,10.);
#3039=VECTOR('',#10733,10.);
#3040=VECTOR('',#10736,10.);
#3041=VECTOR('',#10737,10.);
#3042=VECTOR('',#10738,10.);
#3043=VECTOR('',#10741,10.);
#3044=VECTOR('',#10742,10.);
#3045=VECTOR('',#10743,10.);
#3046=VECTOR('',#10746,10.);
#3047=VECTOR('',#10747,10.);
#3048=VECTOR('',#10748,10.);
#3049=VECTOR('',#10751,10.);
#3050=VECTOR('',#10752,10.);
#3051=VECTOR('',#10753,10.);
#3052=VECTOR('',#10756,10.);
#3053=VECTOR('',#10757,10.);
#3054=VECTOR('',#10760,10.);
#3055=VECTOR('',#10761,10.);
#3056=VECTOR('',#10762,10.);
#3057=VECTOR('',#10763,10.);
#3058=VECTOR('',#10766,10.);
#3059=VECTOR('',#10767,10.);
#3060=VECTOR('',#10768,10.);
#3061=VECTOR('',#10771,10.);
#3062=VECTOR('',#10772,10.);
#3063=VECTOR('',#10773,10.);
#3064=VECTOR('',#10780,10.);
#3065=VECTOR('',#10783,10.);
#3066=VECTOR('',#10784,10.);
#3067=VECTOR('',#10785,10.);
#3068=VECTOR('',#10788,10.);
#3069=VECTOR('',#10789,10.);
#3070=VECTOR('',#10790,10.);
#3071=VECTOR('',#10793,10.);
#3072=VECTOR('',#10794,10.);
#3073=VECTOR('',#10795,10.);
#3074=VECTOR('',#10798,10.);
#3075=VECTOR('',#10799,10.);
#3076=VECTOR('',#10800,10.);
#3077=VECTOR('',#10807,10.);
#3078=VECTOR('',#10810,10.);
#3079=VECTOR('',#10811,10.);
#3080=VECTOR('',#10812,10.);
#3081=VECTOR('',#10815,10.);
#3082=VECTOR('',#10816,10.);
#3083=VECTOR('',#10817,10.);
#3084=VECTOR('',#10820,10.);
#3085=VECTOR('',#10821,10.);
#3086=VECTOR('',#10822,10.);
#3087=VECTOR('',#10825,10.);
#3088=VECTOR('',#10826,10.);
#3089=VECTOR('',#10827,10.);
#3090=VECTOR('',#10830,10.);
#3091=VECTOR('',#10831,10.);
#3092=VECTOR('',#10832,10.);
#3093=VECTOR('',#10835,10.);
#3094=VECTOR('',#10836,10.);
#3095=VECTOR('',#10837,10.);
#3096=VECTOR('',#10840,10.);
#3097=VECTOR('',#10841,10.);
#3098=VECTOR('',#10842,10.);
#3099=VECTOR('',#10845,10.);
#3100=VECTOR('',#10846,10.);
#3101=VECTOR('',#10847,10.);
#3102=VECTOR('',#10850,10.);
#3103=VECTOR('',#10851,10.);
#3104=VECTOR('',#10852,10.);
#3105=VECTOR('',#10855,10.);
#3106=VECTOR('',#10856,10.);
#3107=VECTOR('',#10857,10.);
#3108=VECTOR('',#10860,10.);
#3109=VECTOR('',#10861,10.);
#3110=VECTOR('',#10862,10.);
#3111=VECTOR('',#10865,10.);
#3112=VECTOR('',#10866,10.);
#3113=VECTOR('',#10867,10.);
#3114=VECTOR('',#10870,10.);
#3115=VECTOR('',#10871,10.);
#3116=VECTOR('',#10872,10.);
#3117=VECTOR('',#10875,10.);
#3118=VECTOR('',#10876,10.);
#3119=VECTOR('',#10877,10.);
#3120=VECTOR('',#10880,10.);
#3121=VECTOR('',#10881,10.);
#3122=VECTOR('',#10882,10.);
#3123=VECTOR('',#10889,10.);
#3124=VECTOR('',#10892,10.);
#3125=VECTOR('',#10893,10.);
#3126=VECTOR('',#10894,10.);
#3127=VECTOR('',#10897,10.);
#3128=VECTOR('',#10898,10.);
#3129=VECTOR('',#10899,10.);
#3130=VECTOR('',#10906,10.);
#3131=VECTOR('',#10909,10.);
#3132=VECTOR('',#10910,10.);
#3133=VECTOR('',#10911,10.);
#3134=VECTOR('',#10914,10.);
#3135=VECTOR('',#10915,10.);
#3136=VECTOR('',#10916,10.);
#3137=VECTOR('',#10919,10.);
#3138=VECTOR('',#10920,10.);
#3139=VECTOR('',#10921,10.);
#3140=VECTOR('',#10924,10.);
#3141=VECTOR('',#10925,10.);
#3142=VECTOR('',#10926,10.);
#3143=VECTOR('',#10929,10.);
#3144=VECTOR('',#10930,10.);
#3145=VECTOR('',#10931,10.);
#3146=VECTOR('',#10934,10.);
#3147=VECTOR('',#10935,10.);
#3148=VECTOR('',#10936,10.);
#3149=VECTOR('',#10939,10.);
#3150=VECTOR('',#10940,10.);
#3151=VECTOR('',#10941,10.);
#3152=VECTOR('',#10944,10.);
#3153=VECTOR('',#10945,10.);
#3154=VECTOR('',#10946,10.);
#3155=VECTOR('',#10949,10.);
#3156=VECTOR('',#10950,10.);
#3157=VECTOR('',#10951,10.);
#3158=VECTOR('',#10954,10.);
#3159=VECTOR('',#10955,10.);
#3160=VECTOR('',#10956,10.);
#3161=VECTOR('',#10959,10.);
#3162=VECTOR('',#10960,10.);
#3163=VECTOR('',#10961,10.);
#3164=VECTOR('',#10964,10.);
#3165=VECTOR('',#10965,10.);
#3166=VECTOR('',#10966,10.);
#3167=VECTOR('',#10969,10.);
#3168=VECTOR('',#10970,10.);
#3169=VECTOR('',#10971,10.);
#3170=VECTOR('',#10974,10.);
#3171=VECTOR('',#10975,10.);
#3172=VECTOR('',#10976,10.);
#3173=VECTOR('',#10979,10.);
#3174=VECTOR('',#10980,10.);
#3175=VECTOR('',#10981,10.);
#3176=VECTOR('',#10984,10.);
#3177=VECTOR('',#10985,10.);
#3178=VERTEX_POINT('',#10997);
#3179=VERTEX_POINT('',#10998);
#3180=VERTEX_POINT('',#11000);
#3181=VERTEX_POINT('',#11002);
#3182=VERTEX_POINT('',#11006);
#3183=VERTEX_POINT('',#11008);
#3184=VERTEX_POINT('',#11012);
#3185=VERTEX_POINT('',#11014);
#3186=VERTEX_POINT('',#11021);
#3187=VERTEX_POINT('',#11023);
#3188=VERTEX_POINT('',#11025);
#3189=VERTEX_POINT('',#11027);
#3190=VERTEX_POINT('',#11029);
#3191=VERTEX_POINT('',#11031);
#3192=VERTEX_POINT('',#11035);
#3193=VERTEX_POINT('',#11039);
#3194=VERTEX_POINT('',#11040);
#3195=VERTEX_POINT('',#11042);
#3196=VERTEX_POINT('',#11044);
#3197=VERTEX_POINT('',#11046);
#3198=VERTEX_POINT('',#11048);
#3199=VERTEX_POINT('',#11050);
#3200=VERTEX_POINT('',#11052);
#3201=VERTEX_POINT('',#11054);
#3202=VERTEX_POINT('',#11056);
#3203=VERTEX_POINT('',#11058);
#3204=VERTEX_POINT('',#11060);
#3205=VERTEX_POINT('',#11062);
#3206=VERTEX_POINT('',#11064);
#3207=VERTEX_POINT('',#11066);
#3208=VERTEX_POINT('',#11068);
#3209=VERTEX_POINT('',#11071);
#3210=VERTEX_POINT('',#11072);
#3211=VERTEX_POINT('',#11074);
#3212=VERTEX_POINT('',#11076);
#3213=VERTEX_POINT('',#11078);
#3214=VERTEX_POINT('',#11080);
#3215=VERTEX_POINT('',#11082);
#3216=VERTEX_POINT('',#11084);
#3217=VERTEX_POINT('',#11087);
#3218=VERTEX_POINT('',#11089);
#3219=VERTEX_POINT('',#11091);
#3220=VERTEX_POINT('',#11092);
#3221=VERTEX_POINT('',#11094);
#3222=VERTEX_POINT('',#11096);
#3223=VERTEX_POINT('',#11098);
#3224=VERTEX_POINT('',#11100);
#3225=VERTEX_POINT('',#11102);
#3226=VERTEX_POINT('',#11104);
#3227=VERTEX_POINT('',#11106);
#3228=VERTEX_POINT('',#11108);
#3229=VERTEX_POINT('',#11111);
#3230=VERTEX_POINT('',#11112);
#3231=VERTEX_POINT('',#11114);
#3232=VERTEX_POINT('',#11116);
#3233=VERTEX_POINT('',#11118);
#3234=VERTEX_POINT('',#11120);
#3235=VERTEX_POINT('',#11122);
#3236=VERTEX_POINT('',#11124);
#3237=VERTEX_POINT('',#11126);
#3238=VERTEX_POINT('',#11128);
#3239=VERTEX_POINT('',#11130);
#3240=VERTEX_POINT('',#11132);
#3241=VERTEX_POINT('',#11135);
#3242=VERTEX_POINT('',#11136);
#3243=VERTEX_POINT('',#11138);
#3244=VERTEX_POINT('',#11140);
#3245=VERTEX_POINT('',#11142);
#3246=VERTEX_POINT('',#11144);
#3247=VERTEX_POINT('',#11146);
#3248=VERTEX_POINT('',#11148);
#3249=VERTEX_POINT('',#11152);
#3250=VERTEX_POINT('',#11154);
#3251=VERTEX_POINT('',#11158);
#3252=VERTEX_POINT('',#11162);
#3253=VERTEX_POINT('',#11166);
#3254=VERTEX_POINT('',#11170);
#3255=VERTEX_POINT('',#11174);
#3256=VERTEX_POINT('',#11178);
#3257=VERTEX_POINT('',#11184);
#3258=VERTEX_POINT('',#11186);
#3259=VERTEX_POINT('',#11190);
#3260=VERTEX_POINT('',#11194);
#3261=VERTEX_POINT('',#11198);
#3262=VERTEX_POINT('',#11202);
#3263=VERTEX_POINT('',#11204);
#3264=VERTEX_POINT('',#11210);
#3265=VERTEX_POINT('',#11216);
#3266=VERTEX_POINT('',#11220);
#3267=VERTEX_POINT('',#11224);
#3268=VERTEX_POINT('',#11228);
#3269=VERTEX_POINT('',#11232);
#3270=VERTEX_POINT('',#11236);
#3271=VERTEX_POINT('',#11240);
#3272=VERTEX_POINT('',#11246);
#3273=VERTEX_POINT('',#11247);
#3274=VERTEX_POINT('',#11249);
#3275=VERTEX_POINT('',#11251);
#3276=VERTEX_POINT('',#11260);
#3277=VERTEX_POINT('',#11262);
#3278=VERTEX_POINT('',#11277);
#3279=VERTEX_POINT('',#11279);
#3280=VERTEX_POINT('',#11288);
#3281=VERTEX_POINT('',#11290);
#3282=VERTEX_POINT('',#11292);
#3283=VERTEX_POINT('',#11294);
#3284=VERTEX_POINT('',#11296);
#3285=VERTEX_POINT('',#11309);
#3286=VERTEX_POINT('',#11311);
#3287=VERTEX_POINT('',#11323);
#3288=VERTEX_POINT('',#11325);
#3289=VERTEX_POINT('',#11336);
#3290=VERTEX_POINT('',#11338);
#3291=VERTEX_POINT('',#11351);
#3292=VERTEX_POINT('',#11353);
#3293=VERTEX_POINT('',#11365);
#3294=VERTEX_POINT('',#11367);
#3295=VERTEX_POINT('',#11380);
#3296=VERTEX_POINT('',#11382);
#3297=VERTEX_POINT('',#11395);
#3298=VERTEX_POINT('',#11397);
#3299=VERTEX_POINT('',#11409);
#3300=VERTEX_POINT('',#11411);
#3301=VERTEX_POINT('',#11424);
#3302=VERTEX_POINT('',#11428);
#3303=VERTEX_POINT('',#11429);
#3304=VERTEX_POINT('',#11431);
#3305=VERTEX_POINT('',#11433);
#3306=VERTEX_POINT('',#11435);
#3307=VERTEX_POINT('',#11437);
#3308=VERTEX_POINT('',#11439);
#3309=VERTEX_POINT('',#11441);
#3310=VERTEX_POINT('',#11443);
#3311=VERTEX_POINT('',#11445);
#3312=VERTEX_POINT('',#11448);
#3313=VERTEX_POINT('',#11450);
#3314=VERTEX_POINT('',#11452);
#3315=VERTEX_POINT('',#11454);
#3316=VERTEX_POINT('',#11456);
#3317=VERTEX_POINT('',#11458);
#3318=VERTEX_POINT('',#11461);
#3319=VERTEX_POINT('',#11463);
#3320=VERTEX_POINT('',#11465);
#3321=VERTEX_POINT('',#11467);
#3322=VERTEX_POINT('',#11469);
#3323=VERTEX_POINT('',#11471);
#3324=VERTEX_POINT('',#11475);
#3325=VERTEX_POINT('',#11477);
#3326=VERTEX_POINT('',#11481);
#3327=VERTEX_POINT('',#11485);
#3328=VERTEX_POINT('',#11489);
#3329=VERTEX_POINT('',#11493);
#3330=VERTEX_POINT('',#11497);
#3331=VERTEX_POINT('',#11501);
#3332=VERTEX_POINT('',#11510);
#3333=VERTEX_POINT('',#11514);
#3334=VERTEX_POINT('',#11534);
#3335=VERTEX_POINT('',#11536);
#3336=VERTEX_POINT('',#11540);
#3337=VERTEX_POINT('',#11544);
#3338=VERTEX_POINT('',#11548);
#3339=VERTEX_POINT('',#11552);
#3340=VERTEX_POINT('',#11556);
#3341=VERTEX_POINT('',#11560);
#3342=VERTEX_POINT('',#11564);
#3343=VERTEX_POINT('',#11568);
#3344=VERTEX_POINT('',#11574);
#3345=VERTEX_POINT('',#11576);
#3346=VERTEX_POINT('',#11580);
#3347=VERTEX_POINT('',#11593);
#3348=VERTEX_POINT('',#11597);
#3349=VERTEX_POINT('',#11606);
#3350=VERTEX_POINT('',#11608);
#3351=VERTEX_POINT('',#11610);
#3352=VERTEX_POINT('',#11612);
#3353=VERTEX_POINT('',#11614);
#3354=VERTEX_POINT('',#11616);
#3355=VERTEX_POINT('',#11618);
#3356=VERTEX_POINT('',#11620);
#3357=VERTEX_POINT('',#11622);
#3358=VERTEX_POINT('',#11624);
#3359=VERTEX_POINT('',#11626);
#3360=VERTEX_POINT('',#11628);
#3361=VERTEX_POINT('',#11630);
#3362=VERTEX_POINT('',#11632);
#3363=VERTEX_POINT('',#11634);
#3364=VERTEX_POINT('',#11636);
#3365=VERTEX_POINT('',#11638);
#3366=VERTEX_POINT('',#11641);
#3367=VERTEX_POINT('',#11643);
#3368=VERTEX_POINT('',#11646);
#3369=VERTEX_POINT('',#11648);
#3370=VERTEX_POINT('',#11652);
#3371=VERTEX_POINT('',#11656);
#3372=VERTEX_POINT('',#11660);
#3373=VERTEX_POINT('',#11664);
#3374=VERTEX_POINT('',#11668);
#3375=VERTEX_POINT('',#11672);
#3376=VERTEX_POINT('',#11676);
#3377=VERTEX_POINT('',#11680);
#3378=VERTEX_POINT('',#11684);
#3379=VERTEX_POINT('',#11688);
#3380=VERTEX_POINT('',#11707);
#3381=VERTEX_POINT('',#11709);
#3382=VERTEX_POINT('',#11713);
#3383=VERTEX_POINT('',#11717);
#3384=VERTEX_POINT('',#11721);
#3385=VERTEX_POINT('',#11725);
#3386=VERTEX_POINT('',#11729);
#3387=VERTEX_POINT('',#11733);
#3388=VERTEX_POINT('',#11737);
#3389=VERTEX_POINT('',#11741);
#3390=VERTEX_POINT('',#11745);
#3391=VERTEX_POINT('',#11749);
#3392=VERTEX_POINT('',#11753);
#3393=VERTEX_POINT('',#11757);
#3394=VERTEX_POINT('',#11761);
#3395=VERTEX_POINT('',#11765);
#3396=VERTEX_POINT('',#11771);
#3397=VERTEX_POINT('',#11773);
#3398=VERTEX_POINT('',#11777);
#3399=VERTEX_POINT('',#11779);
#3400=VERTEX_POINT('',#11781);
#3401=VERTEX_POINT('',#11783);
#3402=VERTEX_POINT('',#11785);
#3403=VERTEX_POINT('',#11787);
#3404=VERTEX_POINT('',#11791);
#3405=VERTEX_POINT('',#11795);
#3406=VERTEX_POINT('',#11798);
#3407=VERTEX_POINT('',#11801);
#3408=VERTEX_POINT('',#11805);
#3409=VERTEX_POINT('',#11807);
#3410=VERTEX_POINT('',#11809);
#3411=VERTEX_POINT('',#11811);
#3412=VERTEX_POINT('',#11813);
#3413=VERTEX_POINT('',#11815);
#3414=VERTEX_POINT('',#11817);
#3415=VERTEX_POINT('',#11819);
#3416=VERTEX_POINT('',#11821);
#3417=VERTEX_POINT('',#11825);
#3418=VERTEX_POINT('',#11829);
#3419=VERTEX_POINT('',#11832);
#3420=VERTEX_POINT('',#11834);
#3421=VERTEX_POINT('',#11836);
#3422=VERTEX_POINT('',#11837);
#3423=VERTEX_POINT('',#11839);
#3424=VERTEX_POINT('',#11841);
#3425=VERTEX_POINT('',#11845);
#3426=VERTEX_POINT('',#11847);
#3427=VERTEX_POINT('',#11849);
#3428=VERTEX_POINT('',#11851);
#3429=VERTEX_POINT('',#11853);
#3430=VERTEX_POINT('',#11855);
#3431=VERTEX_POINT('',#11857);
#3432=VERTEX_POINT('',#11859);
#3433=VERTEX_POINT('',#11863);
#3434=VERTEX_POINT('',#11865);
#3435=VERTEX_POINT('',#11869);
#3436=VERTEX_POINT('',#11882);
#3437=VERTEX_POINT('',#11897);
#3438=VERTEX_POINT('',#11899);
#3439=VERTEX_POINT('',#11901);
#3440=VERTEX_POINT('',#11903);
#3441=VERTEX_POINT('',#11905);
#3442=VERTEX_POINT('',#11907);
#3443=VERTEX_POINT('',#11909);
#3444=VERTEX_POINT('',#11911);
#3445=VERTEX_POINT('',#11915);
#3446=VERTEX_POINT('',#11917);
#3447=VERTEX_POINT('',#11921);
#3448=VERTEX_POINT('',#11934);
#3449=VERTEX_POINT('',#11949);
#3450=VERTEX_POINT('',#11951);
#3451=VERTEX_POINT('',#11953);
#3452=VERTEX_POINT('',#11955);
#3453=VERTEX_POINT('',#11957);
#3454=VERTEX_POINT('',#11959);
#3455=VERTEX_POINT('',#11961);
#3456=VERTEX_POINT('',#11963);
#3457=VERTEX_POINT('',#11967);
#3458=VERTEX_POINT('',#11969);
#3459=VERTEX_POINT('',#11973);
#3460=VERTEX_POINT('',#11986);
#3461=VERTEX_POINT('',#11997);
#3462=VERTEX_POINT('',#12011);
#3463=VERTEX_POINT('',#12025);
#3464=VERTEX_POINT('',#12039);
#3465=VERTEX_POINT('',#12041);
#3466=VERTEX_POINT('',#12045);
#3467=VERTEX_POINT('',#12047);
#3468=VERTEX_POINT('',#12056);
#3469=VERTEX_POINT('',#12060);
#3470=VERTEX_POINT('',#12063);
#3471=VERTEX_POINT('',#12067);
#3472=VERTEX_POINT('',#12070);
#3473=VERTEX_POINT('',#12072);
#3474=VERTEX_POINT('',#12076);
#3475=VERTEX_POINT('',#12077);
#3476=VERTEX_POINT('',#12111);
#3477=VERTEX_POINT('',#12117);
#3478=VERTEX_POINT('',#12148);
#3479=VERTEX_POINT('',#12153);
#3480=VERTEX_POINT('',#12155);
#3481=VERTEX_POINT('',#12159);
#3482=VERTEX_POINT('',#12163);
#3483=VERTEX_POINT('',#12176);
#3484=VERTEX_POINT('',#12182);
#3485=VERTEX_POINT('',#12184);
#3486=VERTEX_POINT('',#12195);
#3487=VERTEX_POINT('',#12203);
#3488=VERTEX_POINT('',#12205);
#3489=VERTEX_POINT('',#12216);
#3490=VERTEX_POINT('',#12228);
#3491=VERTEX_POINT('',#12230);
#3492=VERTEX_POINT('',#12241);
#3493=VERTEX_POINT('',#12253);
#3494=VERTEX_POINT('',#12265);
#3495=VERTEX_POINT('',#12267);
#3496=VERTEX_POINT('',#12276);
#3497=VERTEX_POINT('',#12290);
#3498=VERTEX_POINT('',#12292);
#3499=VERTEX_POINT('',#12295);
#3500=VERTEX_POINT('',#12297);
#3501=VERTEX_POINT('',#12300);
#3502=VERTEX_POINT('',#12302);
#3503=VERTEX_POINT('',#12305);
#3504=VERTEX_POINT('',#12310);
#3505=VERTEX_POINT('',#12312);
#3506=VERTEX_POINT('',#12318);
#3507=VERTEX_POINT('',#12337);
#3508=VERTEX_POINT('',#12341);
#3509=VERTEX_POINT('',#12345);
#3510=VERTEX_POINT('',#12347);
#3511=VERTEX_POINT('',#12364);
#3512=VERTEX_POINT('',#12370);
#3513=VERTEX_POINT('',#12414);
#3514=VERTEX_POINT('',#12416);
#3515=VERTEX_POINT('',#12420);
#3516=VERTEX_POINT('',#12426);
#3517=VERTEX_POINT('',#12446);
#3518=VERTEX_POINT('',#12451);
#3519=VERTEX_POINT('',#12453);
#3520=VERTEX_POINT('',#12457);
#3521=VERTEX_POINT('',#12461);
#3522=VERTEX_POINT('',#12471);
#3523=VERTEX_POINT('',#12472);
#3524=VERTEX_POINT('',#12474);
#3525=VERTEX_POINT('',#12476);
#3526=VERTEX_POINT('',#12480);
#3527=VERTEX_POINT('',#12482);
#3528=VERTEX_POINT('',#12486);
#3529=VERTEX_POINT('',#12488);
#3530=VERTEX_POINT('',#12492);
#3531=VERTEX_POINT('',#12494);
#3532=VERTEX_POINT('',#12498);
#3533=VERTEX_POINT('',#12500);
#3534=VERTEX_POINT('',#12507);
#3535=VERTEX_POINT('',#12508);
#3536=VERTEX_POINT('',#12510);
#3537=VERTEX_POINT('',#12512);
#3538=VERTEX_POINT('',#12516);
#3539=VERTEX_POINT('',#12518);
#3540=VERTEX_POINT('',#12522);
#3541=VERTEX_POINT('',#12524);
#3542=VERTEX_POINT('',#12528);
#3543=VERTEX_POINT('',#12530);
#3544=VERTEX_POINT('',#12534);
#3545=VERTEX_POINT('',#12536);
#3546=VERTEX_POINT('',#12543);
#3547=VERTEX_POINT('',#12544);
#3548=VERTEX_POINT('',#12546);
#3549=VERTEX_POINT('',#12548);
#3550=VERTEX_POINT('',#12552);
#3551=VERTEX_POINT('',#12554);
#3552=VERTEX_POINT('',#12558);
#3553=VERTEX_POINT('',#12560);
#3554=VERTEX_POINT('',#12564);
#3555=VERTEX_POINT('',#12566);
#3556=VERTEX_POINT('',#12570);
#3557=VERTEX_POINT('',#12572);
#3558=VERTEX_POINT('',#12579);
#3559=VERTEX_POINT('',#12580);
#3560=VERTEX_POINT('',#12582);
#3561=VERTEX_POINT('',#12584);
#3562=VERTEX_POINT('',#12588);
#3563=VERTEX_POINT('',#12590);
#3564=VERTEX_POINT('',#12594);
#3565=VERTEX_POINT('',#12596);
#3566=VERTEX_POINT('',#12600);
#3567=VERTEX_POINT('',#12602);
#3568=VERTEX_POINT('',#12606);
#3569=VERTEX_POINT('',#12608);
#3570=VERTEX_POINT('',#12615);
#3571=VERTEX_POINT('',#12616);
#3572=VERTEX_POINT('',#12618);
#3573=VERTEX_POINT('',#12620);
#3574=VERTEX_POINT('',#12624);
#3575=VERTEX_POINT('',#12626);
#3576=VERTEX_POINT('',#12630);
#3577=VERTEX_POINT('',#12632);
#3578=VERTEX_POINT('',#12636);
#3579=VERTEX_POINT('',#12638);
#3580=VERTEX_POINT('',#12642);
#3581=VERTEX_POINT('',#12644);
#3582=VERTEX_POINT('',#12651);
#3583=VERTEX_POINT('',#12652);
#3584=VERTEX_POINT('',#12654);
#3585=VERTEX_POINT('',#12656);
#3586=VERTEX_POINT('',#12660);
#3587=VERTEX_POINT('',#12662);
#3588=VERTEX_POINT('',#12666);
#3589=VERTEX_POINT('',#12668);
#3590=VERTEX_POINT('',#12672);
#3591=VERTEX_POINT('',#12674);
#3592=VERTEX_POINT('',#12678);
#3593=VERTEX_POINT('',#12680);
#3594=VERTEX_POINT('',#12687);
#3595=VERTEX_POINT('',#12688);
#3596=VERTEX_POINT('',#12690);
#3597=VERTEX_POINT('',#12692);
#3598=VERTEX_POINT('',#12696);
#3599=VERTEX_POINT('',#12698);
#3600=VERTEX_POINT('',#12702);
#3601=VERTEX_POINT('',#12704);
#3602=VERTEX_POINT('',#12708);
#3603=VERTEX_POINT('',#12710);
#3604=VERTEX_POINT('',#12714);
#3605=VERTEX_POINT('',#12716);
#3606=VERTEX_POINT('',#12723);
#3607=VERTEX_POINT('',#12724);
#3608=VERTEX_POINT('',#12726);
#3609=VERTEX_POINT('',#12728);
#3610=VERTEX_POINT('',#12732);
#3611=VERTEX_POINT('',#12734);
#3612=VERTEX_POINT('',#12738);
#3613=VERTEX_POINT('',#12740);
#3614=VERTEX_POINT('',#12744);
#3615=VERTEX_POINT('',#12746);
#3616=VERTEX_POINT('',#12750);
#3617=VERTEX_POINT('',#12752);
#3618=VERTEX_POINT('',#12756);
#3619=VERTEX_POINT('',#12758);
#3620=VERTEX_POINT('',#12762);
#3621=VERTEX_POINT('',#12764);
#3622=VERTEX_POINT('',#12768);
#3623=VERTEX_POINT('',#12770);
#3624=VERTEX_POINT('',#12774);
#3625=VERTEX_POINT('',#12776);
#3626=VERTEX_POINT('',#12780);
#3627=VERTEX_POINT('',#12782);
#3628=VERTEX_POINT('',#12786);
#3629=VERTEX_POINT('',#12788);
#3630=VERTEX_POINT('',#12792);
#3631=VERTEX_POINT('',#12794);
#3632=VERTEX_POINT('',#12798);
#3633=VERTEX_POINT('',#12800);
#3634=VERTEX_POINT('',#12804);
#3635=VERTEX_POINT('',#12806);
#3636=VERTEX_POINT('',#12810);
#3637=VERTEX_POINT('',#12812);
#3638=VERTEX_POINT('',#12816);
#3639=VERTEX_POINT('',#12818);
#3640=VERTEX_POINT('',#12822);
#3641=VERTEX_POINT('',#12824);
#3642=VERTEX_POINT('',#12828);
#3643=VERTEX_POINT('',#12830);
#3644=VERTEX_POINT('',#12834);
#3645=VERTEX_POINT('',#12836);
#3646=VERTEX_POINT('',#12840);
#3647=VERTEX_POINT('',#12842);
#3648=VERTEX_POINT('',#12846);
#3649=VERTEX_POINT('',#12848);
#3650=VERTEX_POINT('',#12852);
#3651=VERTEX_POINT('',#12854);
#3652=VERTEX_POINT('',#12858);
#3653=VERTEX_POINT('',#12860);
#3654=VERTEX_POINT('',#12864);
#3655=VERTEX_POINT('',#12866);
#3656=VERTEX_POINT('',#12870);
#3657=VERTEX_POINT('',#12872);
#3658=VERTEX_POINT('',#12876);
#3659=VERTEX_POINT('',#12878);
#3660=VERTEX_POINT('',#12882);
#3661=VERTEX_POINT('',#12884);
#3662=VERTEX_POINT('',#12888);
#3663=VERTEX_POINT('',#12890);
#3664=VERTEX_POINT('',#12894);
#3665=VERTEX_POINT('',#12896);
#3666=VERTEX_POINT('',#12900);
#3667=VERTEX_POINT('',#12902);
#3668=VERTEX_POINT('',#12906);
#3669=VERTEX_POINT('',#12908);
#3670=VERTEX_POINT('',#12912);
#3671=VERTEX_POINT('',#12914);
#3672=VERTEX_POINT('',#12918);
#3673=VERTEX_POINT('',#12920);
#3674=VERTEX_POINT('',#12924);
#3675=VERTEX_POINT('',#12926);
#3676=VERTEX_POINT('',#12930);
#3677=VERTEX_POINT('',#12932);
#3678=VERTEX_POINT('',#12936);
#3679=VERTEX_POINT('',#12938);
#3680=VERTEX_POINT('',#12942);
#3681=VERTEX_POINT('',#12944);
#3682=VERTEX_POINT('',#12948);
#3683=VERTEX_POINT('',#12950);
#3684=VERTEX_POINT('',#12954);
#3685=VERTEX_POINT('',#12956);
#3686=VERTEX_POINT('',#12960);
#3687=VERTEX_POINT('',#12962);
#3688=VERTEX_POINT('',#12966);
#3689=VERTEX_POINT('',#12968);
#3690=VERTEX_POINT('',#12972);
#3691=VERTEX_POINT('',#12974);
#3692=VERTEX_POINT('',#12978);
#3693=VERTEX_POINT('',#12980);
#3694=VERTEX_POINT('',#12984);
#3695=VERTEX_POINT('',#12986);
#3696=VERTEX_POINT('',#12990);
#3697=VERTEX_POINT('',#12992);
#3698=VERTEX_POINT('',#12996);
#3699=VERTEX_POINT('',#12998);
#3700=VERTEX_POINT('',#13002);
#3701=VERTEX_POINT('',#13004);
#3702=VERTEX_POINT('',#13008);
#3703=VERTEX_POINT('',#13010);
#3704=VERTEX_POINT('',#13014);
#3705=VERTEX_POINT('',#13016);
#3706=VERTEX_POINT('',#13020);
#3707=VERTEX_POINT('',#13022);
#3708=VERTEX_POINT('',#13026);
#3709=VERTEX_POINT('',#13028);
#3710=VERTEX_POINT('',#13032);
#3711=VERTEX_POINT('',#13034);
#3712=VERTEX_POINT('',#13038);
#3713=VERTEX_POINT('',#13040);
#3714=VERTEX_POINT('',#13044);
#3715=VERTEX_POINT('',#13046);
#3716=VERTEX_POINT('',#13050);
#3717=VERTEX_POINT('',#13052);
#3718=VERTEX_POINT('',#13061);
#3719=VERTEX_POINT('',#13062);
#3720=VERTEX_POINT('',#13064);
#3721=VERTEX_POINT('',#13066);
#3722=VERTEX_POINT('',#13070);
#3723=VERTEX_POINT('',#13072);
#3724=VERTEX_POINT('',#13076);
#3725=VERTEX_POINT('',#13078);
#3726=VERTEX_POINT('',#13082);
#3727=VERTEX_POINT('',#13084);
#3728=VERTEX_POINT('',#13088);
#3729=VERTEX_POINT('',#13090);
#3730=VERTEX_POINT('',#13097);
#3731=VERTEX_POINT('',#13098);
#3732=VERTEX_POINT('',#13100);
#3733=VERTEX_POINT('',#13102);
#3734=VERTEX_POINT('',#13106);
#3735=VERTEX_POINT('',#13108);
#3736=VERTEX_POINT('',#13112);
#3737=VERTEX_POINT('',#13114);
#3738=VERTEX_POINT('',#13118);
#3739=VERTEX_POINT('',#13120);
#3740=VERTEX_POINT('',#13124);
#3741=VERTEX_POINT('',#13126);
#3742=VERTEX_POINT('',#13130);
#3743=VERTEX_POINT('',#13132);
#3744=VERTEX_POINT('',#13136);
#3745=VERTEX_POINT('',#13138);
#3746=VERTEX_POINT('',#13142);
#3747=VERTEX_POINT('',#13144);
#3748=VERTEX_POINT('',#13148);
#3749=VERTEX_POINT('',#13150);
#3750=VERTEX_POINT('',#13154);
#3751=VERTEX_POINT('',#13156);
#3752=VERTEX_POINT('',#13160);
#3753=VERTEX_POINT('',#13162);
#3754=VERTEX_POINT('',#13166);
#3755=VERTEX_POINT('',#13168);
#3756=VERTEX_POINT('',#13172);
#3757=VERTEX_POINT('',#13174);
#3758=VERTEX_POINT('',#13178);
#3759=VERTEX_POINT('',#13180);
#3760=VERTEX_POINT('',#13184);
#3761=VERTEX_POINT('',#13186);
#3762=VERTEX_POINT('',#13190);
#3763=VERTEX_POINT('',#13192);
#3764=VERTEX_POINT('',#13196);
#3765=VERTEX_POINT('',#13198);
#3766=VERTEX_POINT('',#13202);
#3767=VERTEX_POINT('',#13204);
#3768=VERTEX_POINT('',#13208);
#3769=VERTEX_POINT('',#13210);
#3770=VERTEX_POINT('',#13214);
#3771=VERTEX_POINT('',#13216);
#3772=VERTEX_POINT('',#13220);
#3773=VERTEX_POINT('',#13222);
#3774=VERTEX_POINT('',#13226);
#3775=VERTEX_POINT('',#13228);
#3776=VERTEX_POINT('',#13232);
#3777=VERTEX_POINT('',#13234);
#3778=VERTEX_POINT('',#13238);
#3779=VERTEX_POINT('',#13240);
#3780=VERTEX_POINT('',#13244);
#3781=VERTEX_POINT('',#13246);
#3782=VERTEX_POINT('',#13250);
#3783=VERTEX_POINT('',#13252);
#3784=VERTEX_POINT('',#13256);
#3785=VERTEX_POINT('',#13258);
#3786=VERTEX_POINT('',#13262);
#3787=VERTEX_POINT('',#13264);
#3788=VERTEX_POINT('',#13268);
#3789=VERTEX_POINT('',#13270);
#3790=VERTEX_POINT('',#13274);
#3791=VERTEX_POINT('',#13276);
#3792=VERTEX_POINT('',#13280);
#3793=VERTEX_POINT('',#13282);
#3794=VERTEX_POINT('',#13286);
#3795=VERTEX_POINT('',#13288);
#3796=VERTEX_POINT('',#13292);
#3797=VERTEX_POINT('',#13294);
#3798=VERTEX_POINT('',#13298);
#3799=VERTEX_POINT('',#13300);
#3800=VERTEX_POINT('',#13304);
#3801=VERTEX_POINT('',#13306);
#3802=VERTEX_POINT('',#13310);
#3803=VERTEX_POINT('',#13312);
#3804=VERTEX_POINT('',#13316);
#3805=VERTEX_POINT('',#13318);
#3806=VERTEX_POINT('',#13322);
#3807=VERTEX_POINT('',#13324);
#3808=VERTEX_POINT('',#13328);
#3809=VERTEX_POINT('',#13330);
#3810=VERTEX_POINT('',#13334);
#3811=VERTEX_POINT('',#13336);
#3812=VERTEX_POINT('',#13340);
#3813=VERTEX_POINT('',#13342);
#3814=VERTEX_POINT('',#13346);
#3815=VERTEX_POINT('',#13348);
#3816=VERTEX_POINT('',#13352);
#3817=VERTEX_POINT('',#13354);
#3818=VERTEX_POINT('',#13358);
#3819=VERTEX_POINT('',#13360);
#3820=VERTEX_POINT('',#13369);
#3821=VERTEX_POINT('',#13370);
#3822=VERTEX_POINT('',#13372);
#3823=VERTEX_POINT('',#13374);
#3824=VERTEX_POINT('',#13378);
#3825=VERTEX_POINT('',#13380);
#3826=VERTEX_POINT('',#13384);
#3827=VERTEX_POINT('',#13386);
#3828=VERTEX_POINT('',#13390);
#3829=VERTEX_POINT('',#13392);
#3830=VERTEX_POINT('',#13396);
#3831=VERTEX_POINT('',#13398);
#3832=VERTEX_POINT('',#13405);
#3833=VERTEX_POINT('',#13406);
#3834=VERTEX_POINT('',#13408);
#3835=VERTEX_POINT('',#13410);
#3836=VERTEX_POINT('',#13414);
#3837=VERTEX_POINT('',#13416);
#3838=VERTEX_POINT('',#13420);
#3839=VERTEX_POINT('',#13422);
#3840=VERTEX_POINT('',#13426);
#3841=VERTEX_POINT('',#13428);
#3842=VERTEX_POINT('',#13432);
#3843=VERTEX_POINT('',#13434);
#3844=VERTEX_POINT('',#13441);
#3845=VERTEX_POINT('',#13442);
#3846=VERTEX_POINT('',#13444);
#3847=VERTEX_POINT('',#13446);
#3848=VERTEX_POINT('',#13450);
#3849=VERTEX_POINT('',#13452);
#3850=VERTEX_POINT('',#13456);
#3851=VERTEX_POINT('',#13458);
#3852=VERTEX_POINT('',#13462);
#3853=VERTEX_POINT('',#13464);
#3854=VERTEX_POINT('',#13468);
#3855=VERTEX_POINT('',#13470);
#3856=VERTEX_POINT('',#13474);
#3857=VERTEX_POINT('',#13476);
#3858=VERTEX_POINT('',#13480);
#3859=VERTEX_POINT('',#13482);
#3860=VERTEX_POINT('',#13486);
#3861=VERTEX_POINT('',#13488);
#3862=VERTEX_POINT('',#13492);
#3863=VERTEX_POINT('',#13494);
#3864=VERTEX_POINT('',#13498);
#3865=VERTEX_POINT('',#13500);
#3866=VERTEX_POINT('',#13504);
#3867=VERTEX_POINT('',#13506);
#3868=VERTEX_POINT('',#13510);
#3869=VERTEX_POINT('',#13512);
#3870=VERTEX_POINT('',#13516);
#3871=VERTEX_POINT('',#13518);
#3872=VERTEX_POINT('',#13522);
#3873=VERTEX_POINT('',#13524);
#3874=VERTEX_POINT('',#13528);
#3875=VERTEX_POINT('',#13530);
#3876=VERTEX_POINT('',#13534);
#3877=VERTEX_POINT('',#13536);
#3878=VERTEX_POINT('',#13540);
#3879=VERTEX_POINT('',#13542);
#3880=VERTEX_POINT('',#13546);
#3881=VERTEX_POINT('',#13548);
#3882=VERTEX_POINT('',#13552);
#3883=VERTEX_POINT('',#13554);
#3884=VERTEX_POINT('',#13558);
#3885=VERTEX_POINT('',#13560);
#3886=VERTEX_POINT('',#13564);
#3887=VERTEX_POINT('',#13566);
#3888=VERTEX_POINT('',#13570);
#3889=VERTEX_POINT('',#13572);
#3890=VERTEX_POINT('',#13576);
#3891=VERTEX_POINT('',#13578);
#3892=VERTEX_POINT('',#13582);
#3893=VERTEX_POINT('',#13584);
#3894=VERTEX_POINT('',#13588);
#3895=VERTEX_POINT('',#13590);
#3896=VERTEX_POINT('',#13594);
#3897=VERTEX_POINT('',#13596);
#3898=VERTEX_POINT('',#13600);
#3899=VERTEX_POINT('',#13602);
#3900=VERTEX_POINT('',#13606);
#3901=VERTEX_POINT('',#13608);
#3902=VERTEX_POINT('',#13612);
#3903=VERTEX_POINT('',#13614);
#3904=VERTEX_POINT('',#13618);
#3905=VERTEX_POINT('',#13620);
#3906=VERTEX_POINT('',#13624);
#3907=VERTEX_POINT('',#13626);
#3908=VERTEX_POINT('',#13630);
#3909=VERTEX_POINT('',#13632);
#3910=VERTEX_POINT('',#13636);
#3911=VERTEX_POINT('',#13638);
#3912=VERTEX_POINT('',#13642);
#3913=VERTEX_POINT('',#13644);
#3914=VERTEX_POINT('',#13648);
#3915=VERTEX_POINT('',#13650);
#3916=VERTEX_POINT('',#13654);
#3917=VERTEX_POINT('',#13656);
#3918=VERTEX_POINT('',#13660);
#3919=VERTEX_POINT('',#13662);
#3920=VERTEX_POINT('',#13666);
#3921=VERTEX_POINT('',#13668);
#3922=VERTEX_POINT('',#13672);
#3923=VERTEX_POINT('',#13674);
#3924=VERTEX_POINT('',#13678);
#3925=VERTEX_POINT('',#13680);
#3926=VERTEX_POINT('',#13684);
#3927=VERTEX_POINT('',#13686);
#3928=VERTEX_POINT('',#13690);
#3929=VERTEX_POINT('',#13692);
#3930=VERTEX_POINT('',#13696);
#3931=VERTEX_POINT('',#13698);
#3932=EDGE_CURVE('',#3178,#3179,#1304,.T.);
#3933=EDGE_CURVE('',#3179,#3180,#1305,.T.);
#3934=EDGE_CURVE('',#3180,#3181,#1306,.T.);
#3935=EDGE_CURVE('',#3181,#3178,#1307,.T.);
#3936=EDGE_CURVE('',#3179,#3182,#1308,.T.);
#3937=EDGE_CURVE('',#3182,#3183,#1309,.T.);
#3938=EDGE_CURVE('',#3183,#3180,#1310,.T.);
#3939=EDGE_CURVE('',#3181,#3184,#1311,.T.);
#3940=EDGE_CURVE('',#3184,#3185,#1312,.T.);
#3941=EDGE_CURVE('',#3185,#3178,#1313,.T.);
#3942=EDGE_CURVE('',#3182,#3185,#1314,.T.);
#3943=EDGE_CURVE('',#3184,#3183,#1315,.T.);
#3944=EDGE_CURVE('',#3186,#3181,#1316,.T.);
#3945=EDGE_CURVE('',#3186,#3187,#1317,.T.);
#3946=EDGE_CURVE('',#3188,#3187,#1318,.T.);
#3947=EDGE_CURVE('',#3189,#3188,#1319,.T.);
#3948=EDGE_CURVE('',#3189,#3190,#1320,.T.);
#3949=EDGE_CURVE('',#3191,#3190,#1321,.T.);
#3950=EDGE_CURVE('',#3191,#3184,#1322,.T.);
#3951=EDGE_CURVE('',#3192,#3180,#1323,.T.);
#3952=EDGE_CURVE('',#3192,#3186,#1324,.T.);
#3953=EDGE_CURVE('',#3193,#3194,#1325,.T.);
#3954=EDGE_CURVE('',#3194,#3195,#250,.T.);
#3955=EDGE_CURVE('',#3195,#3196,#1326,.T.);
#3956=EDGE_CURVE('',#3196,#3197,#251,.T.);
#3957=EDGE_CURVE('',#3197,#3198,#1327,.T.);
#3958=EDGE_CURVE('',#3198,#3199,#252,.T.);
#3959=EDGE_CURVE('',#3199,#3200,#1328,.T.);
#3960=EDGE_CURVE('',#3200,#3201,#253,.T.);
#3961=EDGE_CURVE('',#3201,#3202,#1329,.T.);
#3962=EDGE_CURVE('',#3202,#3203,#254,.T.);
#3963=EDGE_CURVE('',#3203,#3204,#1330,.T.);
#3964=EDGE_CURVE('',#3204,#3205,#255,.T.);
#3965=EDGE_CURVE('',#3205,#3206,#1331,.T.);
#3966=EDGE_CURVE('',#3206,#3207,#256,.T.);
#3967=EDGE_CURVE('',#3207,#3208,#1332,.T.);
#3968=EDGE_CURVE('',#3208,#3193,#257,.T.);
#3969=EDGE_CURVE('',#3209,#3210,#258,.T.);
#3970=EDGE_CURVE('',#3211,#3209,#1333,.T.);
#3971=EDGE_CURVE('',#3212,#3211,#259,.T.);
#3972=EDGE_CURVE('',#3213,#3212,#1334,.T.);
#3973=EDGE_CURVE('',#3214,#3213,#260,.T.);
#3974=EDGE_CURVE('',#3215,#3214,#1335,.T.);
#3975=EDGE_CURVE('',#3216,#3215,#261,.T.);
#3976=EDGE_CURVE('',#3210,#3216,#1336,.T.);
#3977=EDGE_CURVE('',#3217,#3217,#262,.F.);
#3978=EDGE_CURVE('',#3218,#3218,#263,.F.);
#3979=EDGE_CURVE('',#3219,#3220,#1337,.T.);
#3980=EDGE_CURVE('',#3220,#3221,#264,.T.);
#3981=EDGE_CURVE('',#3221,#3222,#1338,.T.);
#3982=EDGE_CURVE('',#3222,#3223,#265,.T.);
#3983=EDGE_CURVE('',#3223,#3224,#1339,.T.);
#3984=EDGE_CURVE('',#3224,#3225,#266,.T.);
#3985=EDGE_CURVE('',#3225,#3226,#1340,.T.);
#3986=EDGE_CURVE('',#3226,#3227,#267,.T.);
#3987=EDGE_CURVE('',#3227,#3228,#1341,.T.);
#3988=EDGE_CURVE('',#3228,#3219,#268,.T.);
#3989=EDGE_CURVE('',#3229,#3230,#269,.T.);
#3990=EDGE_CURVE('',#3230,#3231,#1342,.T.);
#3991=EDGE_CURVE('',#3231,#3232,#270,.T.);
#3992=EDGE_CURVE('',#3232,#3233,#1343,.T.);
#3993=EDGE_CURVE('',#3233,#3234,#271,.T.);
#3994=EDGE_CURVE('',#3234,#3235,#1344,.T.);
#3995=EDGE_CURVE('',#3235,#3236,#272,.T.);
#3996=EDGE_CURVE('',#3236,#3237,#1345,.T.);
#3997=EDGE_CURVE('',#3237,#3238,#273,.T.);
#3998=EDGE_CURVE('',#3238,#3239,#1346,.T.);
#3999=EDGE_CURVE('',#3239,#3240,#274,.T.);
#4000=EDGE_CURVE('',#3240,#3229,#1347,.T.);
#4001=EDGE_CURVE('',#3241,#3242,#1348,.T.);
#4002=EDGE_CURVE('',#3242,#3243,#275,.T.);
#4003=EDGE_CURVE('',#3243,#3244,#1349,.T.);
#4004=EDGE_CURVE('',#3244,#3245,#276,.T.);
#4005=EDGE_CURVE('',#3245,#3246,#1350,.T.);
#4006=EDGE_CURVE('',#3246,#3247,#277,.T.);
#4007=EDGE_CURVE('',#3247,#3248,#1351,.T.);
#4008=EDGE_CURVE('',#3248,#3241,#278,.T.);
#4009=EDGE_CURVE('',#3210,#3249,#1352,.T.);
#4010=EDGE_CURVE('',#3249,#3250,#279,.T.);
#4011=EDGE_CURVE('',#3250,#3209,#1353,.T.);
#4012=EDGE_CURVE('',#3216,#3251,#1354,.T.);
#4013=EDGE_CURVE('',#3251,#3249,#1355,.T.);
#4014=EDGE_CURVE('',#3215,#3252,#1356,.T.);
#4015=EDGE_CURVE('',#3252,#3251,#280,.T.);
#4016=EDGE_CURVE('',#3214,#3253,#1357,.T.);
#4017=EDGE_CURVE('',#3253,#3252,#1358,.T.);
#4018=EDGE_CURVE('',#3213,#3254,#1359,.T.);
#4019=EDGE_CURVE('',#3254,#3253,#281,.T.);
#4020=EDGE_CURVE('',#3212,#3255,#1360,.T.);
#4021=EDGE_CURVE('',#3255,#3254,#1361,.T.);
#4022=EDGE_CURVE('',#3211,#3256,#1362,.T.);
#4023=EDGE_CURVE('',#3256,#3255,#282,.T.);
#4024=EDGE_CURVE('',#3250,#3256,#1363,.T.);
#4025=EDGE_CURVE('',#3257,#3255,#1364,.T.);
#4026=EDGE_CURVE('',#3258,#3257,#1365,.T.);
#4027=EDGE_CURVE('',#3254,#3258,#1366,.T.);
#4028=EDGE_CURVE('',#3256,#3259,#1367,.T.);
#4029=EDGE_CURVE('',#3259,#3257,#283,.T.);
#4030=EDGE_CURVE('',#3260,#3250,#1368,.T.);
#4031=EDGE_CURVE('',#3259,#3260,#1369,.T.);
#4032=EDGE_CURVE('',#3249,#3261,#1370,.T.);
#4033=EDGE_CURVE('',#3261,#3260,#284,.T.);
#4034=EDGE_CURVE('',#3252,#3262,#1371,.T.);
#4035=EDGE_CURVE('',#3262,#3263,#285,.T.);
#4036=EDGE_CURVE('',#3263,#3251,#1372,.T.);
#4037=EDGE_CURVE('',#3261,#3263,#1373,.T.);
#4038=EDGE_CURVE('',#3258,#3264,#286,.T.);
#4039=EDGE_CURVE('',#3264,#3253,#1374,.T.);
#4040=EDGE_CURVE('',#3262,#3264,#1375,.T.);
#4041=EDGE_CURVE('',#3265,#3192,#1376,.T.);
#4042=EDGE_CURVE('',#3187,#3265,#1377,.T.);
#4043=EDGE_CURVE('',#3266,#3191,#1378,.T.);
#4044=EDGE_CURVE('',#3266,#3183,#1379,.T.);
#4045=EDGE_CURVE('',#3267,#3190,#1380,.T.);
#4046=EDGE_CURVE('',#3267,#3266,#1381,.T.);
#4047=EDGE_CURVE('',#3268,#3265,#1382,.T.);
#4048=EDGE_CURVE('',#3188,#3268,#1383,.T.);
#4049=EDGE_CURVE('',#3269,#3189,#1384,.T.);
#4050=EDGE_CURVE('',#3269,#3267,#1385,.T.);
#4051=EDGE_CURVE('',#3270,#3270,#287,.F.);
#4052=EDGE_CURVE('',#3270,#3217,#1386,.T.);
#4053=EDGE_CURVE('',#3271,#3271,#288,.F.);
#4054=EDGE_CURVE('',#3271,#3218,#1387,.T.);
#4055=EDGE_CURVE('',#3268,#3269,#1388,.T.);
#4056=EDGE_CURVE('',#3272,#3273,#1389,.T.);
#4057=EDGE_CURVE('',#3273,#3274,#289,.F.);
#4058=EDGE_CURVE('',#3275,#3274,#67,.T.);
#4059=EDGE_CURVE('',#3276,#3275,#40,.T.);
#4060=EDGE_CURVE('',#3277,#3276,#68,.T.);
#4061=EDGE_CURVE('',#3277,#3278,#41,.F.);
#4062=EDGE_CURVE('',#3279,#3278,#69,.T.);
#4063=EDGE_CURVE('',#3279,#3280,#290,.F.);
#4064=EDGE_CURVE('',#3280,#3281,#1390,.T.);
#4065=EDGE_CURVE('',#3281,#3282,#291,.T.);
#4066=EDGE_CURVE('',#3282,#3283,#1391,.T.);
#4067=EDGE_CURVE('',#3283,#3284,#70,.T.);
#4068=EDGE_CURVE('',#3285,#3284,#42,.T.);
#4069=EDGE_CURVE('',#3286,#3285,#71,.T.);
#4070=EDGE_CURVE('',#3287,#3286,#43,.T.);
#4071=EDGE_CURVE('',#3287,#3288,#72,.T.);
#4072=EDGE_CURVE('',#3288,#3289,#1392,.T.);
#4073=EDGE_CURVE('',#3289,#3290,#73,.T.);
#4074=EDGE_CURVE('',#3291,#3290,#44,.T.);
#4075=EDGE_CURVE('',#3292,#3291,#74,.T.);
#4076=EDGE_CURVE('',#3293,#3292,#45,.T.);
#4077=EDGE_CURVE('',#3293,#3294,#75,.T.);
#4078=EDGE_CURVE('',#3294,#3295,#1393,.T.);
#4079=EDGE_CURVE('',#3296,#3295,#76,.T.);
#4080=EDGE_CURVE('',#3297,#3296,#46,.T.);
#4081=EDGE_CURVE('',#3297,#3298,#77,.T.);
#4082=EDGE_CURVE('',#3298,#3299,#47,.T.);
#4083=EDGE_CURVE('',#3300,#3299,#78,.T.);
#4084=EDGE_CURVE('',#3300,#3301,#1394,.T.);
#4085=EDGE_CURVE('',#3301,#3272,#292,.T.);
#4086=EDGE_CURVE('',#3302,#3303,#1395,.T.);
#4087=EDGE_CURVE('',#3304,#3302,#1396,.T.);
#4088=EDGE_CURVE('',#3305,#3304,#293,.T.);
#4089=EDGE_CURVE('',#3305,#3306,#1397,.T.);
#4090=EDGE_CURVE('',#3307,#3306,#294,.T.);
#4091=EDGE_CURVE('',#3308,#3307,#1398,.T.);
#4092=EDGE_CURVE('',#3308,#3309,#295,.T.);
#4093=EDGE_CURVE('',#3310,#3309,#1399,.T.);
#4094=EDGE_CURVE('',#3311,#3310,#1400,.T.);
#4095=EDGE_CURVE('',#3311,#3281,#1401,.T.);
#4096=EDGE_CURVE('',#3312,#3280,#1402,.T.);
#4097=EDGE_CURVE('',#3313,#3312,#296,.T.);
#4098=EDGE_CURVE('',#3314,#3313,#1403,.T.);
#4099=EDGE_CURVE('',#3315,#3314,#297,.T.);
#4100=EDGE_CURVE('',#3316,#3315,#1404,.T.);
#4101=EDGE_CURVE('',#3317,#3316,#298,.T.);
#4102=EDGE_CURVE('',#3273,#3317,#1405,.T.);
#4103=EDGE_CURVE('',#3272,#3318,#1406,.T.);
#4104=EDGE_CURVE('',#3318,#3319,#299,.T.);
#4105=EDGE_CURVE('',#3319,#3320,#1407,.T.);
#4106=EDGE_CURVE('',#3320,#3321,#300,.T.);
#4107=EDGE_CURVE('',#3321,#3322,#1408,.T.);
#4108=EDGE_CURVE('',#3322,#3323,#301,.T.);
#4109=EDGE_CURVE('',#3323,#3303,#1409,.T.);
#4110=EDGE_CURVE('',#3324,#3241,#1410,.T.);
#4111=EDGE_CURVE('',#3325,#3324,#1411,.T.);
#4112=EDGE_CURVE('',#3242,#3325,#1412,.T.);
#4113=EDGE_CURVE('',#3326,#3248,#1413,.T.);
#4114=EDGE_CURVE('',#3324,#3326,#302,.T.);
#4115=EDGE_CURVE('',#3327,#3247,#1414,.T.);
#4116=EDGE_CURVE('',#3326,#3327,#1415,.T.);
#4117=EDGE_CURVE('',#3328,#3246,#1416,.T.);
#4118=EDGE_CURVE('',#3327,#3328,#303,.T.);
#4119=EDGE_CURVE('',#3329,#3245,#1417,.T.);
#4120=EDGE_CURVE('',#3328,#3329,#1418,.T.);
#4121=EDGE_CURVE('',#3330,#3244,#1419,.T.);
#4122=EDGE_CURVE('',#3329,#3330,#304,.T.);
#4123=EDGE_CURVE('',#3331,#3243,#1420,.T.);
#4124=EDGE_CURVE('',#3330,#3331,#1421,.T.);
#4125=EDGE_CURVE('',#3331,#3325,#305,.T.);
#4126=EDGE_CURVE('',#3305,#3328,#1422,.T.);
#4127=EDGE_CURVE('',#3327,#3304,#1423,.T.);
#4128=EDGE_CURVE('',#3302,#3332,#48,.T.);
#4129=EDGE_CURVE('',#3332,#3326,#1424,.T.);
#4130=EDGE_CURVE('',#3333,#3332,#79,.T.);
#4131=EDGE_CURVE('',#3324,#3333,#1425,.T.);
#4132=EDGE_CURVE('',#3333,#3310,#306,.T.);
#4133=EDGE_CURVE('',#3309,#3325,#1426,.T.);
#4134=EDGE_CURVE('',#3334,#3219,#1427,.T.);
#4135=EDGE_CURVE('',#3335,#3334,#1428,.T.);
#4136=EDGE_CURVE('',#3220,#3335,#1429,.T.);
#4137=EDGE_CURVE('',#3336,#3228,#1430,.T.);
#4138=EDGE_CURVE('',#3334,#3336,#307,.T.);
#4139=EDGE_CURVE('',#3337,#3227,#1431,.T.);
#4140=EDGE_CURVE('',#3336,#3337,#1432,.T.);
#4141=EDGE_CURVE('',#3338,#3226,#1433,.T.);
#4142=EDGE_CURVE('',#3337,#3338,#308,.T.);
#4143=EDGE_CURVE('',#3339,#3225,#1434,.T.);
#4144=EDGE_CURVE('',#3338,#3339,#1435,.T.);
#4145=EDGE_CURVE('',#3340,#3224,#1436,.T.);
#4146=EDGE_CURVE('',#3339,#3340,#309,.T.);
#4147=EDGE_CURVE('',#3341,#3223,#1437,.T.);
#4148=EDGE_CURVE('',#3340,#3341,#1438,.T.);
#4149=EDGE_CURVE('',#3342,#3222,#1439,.T.);
#4150=EDGE_CURVE('',#3341,#3342,#310,.T.);
#4151=EDGE_CURVE('',#3343,#3221,#1440,.T.);
#4152=EDGE_CURVE('',#3342,#3343,#1441,.T.);
#4153=EDGE_CURVE('',#3343,#3335,#311,.T.);
#4154=EDGE_CURVE('',#3339,#3344,#1442,.T.);
#4155=EDGE_CURVE('',#3344,#3345,#49,.T.);
#4156=EDGE_CURVE('',#3338,#3345,#1443,.T.);
#4157=EDGE_CURVE('',#3345,#3346,#80,.T.);
#4158=EDGE_CURVE('',#3337,#3346,#1444,.T.);
#4159=EDGE_CURVE('',#3346,#3347,#312,.T.);
#4160=EDGE_CURVE('',#3347,#3336,#1445,.T.);
#4161=EDGE_CURVE('',#3348,#3347,#81,.T.);
#4162=EDGE_CURVE('',#3334,#3348,#1446,.T.);
#4163=EDGE_CURVE('',#3348,#3349,#1447,.T.);
#4164=EDGE_CURVE('',#3349,#3350,#1448,.T.);
#4165=EDGE_CURVE('',#3351,#3350,#1449,.T.);
#4166=EDGE_CURVE('',#3351,#3352,#1450,.T.);
#4167=EDGE_CURVE('',#3352,#3353,#1451,.T.);
#4168=EDGE_CURVE('',#3354,#3353,#1452,.T.);
#4169=EDGE_CURVE('',#3355,#3354,#1453,.T.);
#4170=EDGE_CURVE('',#3355,#3356,#1454,.T.);
#4171=EDGE_CURVE('',#3356,#3357,#1455,.T.);
#4172=EDGE_CURVE('',#3358,#3357,#1456,.T.);
#4173=EDGE_CURVE('',#3359,#3358,#1457,.T.);
#4174=EDGE_CURVE('',#3359,#3360,#1458,.T.);
#4175=EDGE_CURVE('',#3360,#3361,#1459,.T.);
#4176=EDGE_CURVE('',#3361,#3362,#1460,.T.);
#4177=EDGE_CURVE('',#3362,#3363,#1461,.T.);
#4178=EDGE_CURVE('',#3363,#3364,#1462,.T.);
#4179=EDGE_CURVE('',#3364,#3365,#1463,.T.);
#4180=EDGE_CURVE('',#3365,#3335,#1464,.T.);
#4181=EDGE_CURVE('',#3366,#3366,#313,.T.);
#4182=EDGE_CURVE('',#3367,#3367,#314,.T.);
#4183=EDGE_CURVE('',#3368,#3229,#1465,.T.);
#4184=EDGE_CURVE('',#3369,#3368,#315,.T.);
#4185=EDGE_CURVE('',#3230,#3369,#1466,.T.);
#4186=EDGE_CURVE('',#3370,#3240,#1467,.T.);
#4187=EDGE_CURVE('',#3368,#3370,#1468,.T.);
#4188=EDGE_CURVE('',#3371,#3239,#1469,.T.);
#4189=EDGE_CURVE('',#3370,#3371,#316,.T.);
#4190=EDGE_CURVE('',#3372,#3238,#1470,.T.);
#4191=EDGE_CURVE('',#3371,#3372,#1471,.T.);
#4192=EDGE_CURVE('',#3373,#3237,#1472,.T.);
#4193=EDGE_CURVE('',#3372,#3373,#317,.T.);
#4194=EDGE_CURVE('',#3374,#3236,#1473,.T.);
#4195=EDGE_CURVE('',#3373,#3374,#1474,.T.);
#4196=EDGE_CURVE('',#3375,#3235,#1475,.T.);
#4197=EDGE_CURVE('',#3374,#3375,#318,.T.);
#4198=EDGE_CURVE('',#3376,#3234,#1476,.T.);
#4199=EDGE_CURVE('',#3375,#3376,#1477,.T.);
#4200=EDGE_CURVE('',#3377,#3233,#1478,.T.);
#4201=EDGE_CURVE('',#3376,#3377,#319,.T.);
#4202=EDGE_CURVE('',#3378,#3232,#1479,.T.);
#4203=EDGE_CURVE('',#3377,#3378,#1480,.T.);
#4204=EDGE_CURVE('',#3379,#3231,#1481,.T.);
#4205=EDGE_CURVE('',#3378,#3379,#320,.T.);
#4206=EDGE_CURVE('',#3379,#3369,#1482,.T.);
#4207=EDGE_CURVE('',#3374,#3276,#1483,.T.);
#4208=EDGE_CURVE('',#3275,#3373,#1484,.T.);
#4209=EDGE_CURVE('',#3274,#3372,#1485,.T.);
#4210=EDGE_CURVE('',#3371,#3317,#1486,.T.);
#4211=EDGE_CURVE('',#3370,#3316,#1487,.T.);
#4212=EDGE_CURVE('',#3368,#3315,#1488,.T.);
#4213=EDGE_CURVE('',#3369,#3314,#1489,.T.);
#4214=EDGE_CURVE('',#3380,#3193,#1490,.T.);
#4215=EDGE_CURVE('',#3381,#3380,#1491,.T.);
#4216=EDGE_CURVE('',#3194,#3381,#1492,.T.);
#4217=EDGE_CURVE('',#3382,#3208,#1493,.T.);
#4218=EDGE_CURVE('',#3380,#3382,#321,.T.);
#4219=EDGE_CURVE('',#3383,#3207,#1494,.T.);
#4220=EDGE_CURVE('',#3382,#3383,#1495,.T.);
#4221=EDGE_CURVE('',#3384,#3206,#1496,.T.);
#4222=EDGE_CURVE('',#3383,#3384,#322,.T.);
#4223=EDGE_CURVE('',#3385,#3205,#1497,.T.);
#4224=EDGE_CURVE('',#3384,#3385,#1498,.T.);
#4225=EDGE_CURVE('',#3386,#3204,#1499,.T.);
#4226=EDGE_CURVE('',#3385,#3386,#323,.T.);
#4227=EDGE_CURVE('',#3387,#3203,#1500,.T.);
#4228=EDGE_CURVE('',#3386,#3387,#1501,.T.);
#4229=EDGE_CURVE('',#3388,#3202,#1502,.T.);
#4230=EDGE_CURVE('',#3387,#3388,#324,.T.);
#4231=EDGE_CURVE('',#3389,#3201,#1503,.T.);
#4232=EDGE_CURVE('',#3388,#3389,#1504,.T.);
#4233=EDGE_CURVE('',#3390,#3200,#1505,.T.);
#4234=EDGE_CURVE('',#3389,#3390,#325,.T.);
#4235=EDGE_CURVE('',#3391,#3199,#1506,.T.);
#4236=EDGE_CURVE('',#3390,#3391,#1507,.T.);
#4237=EDGE_CURVE('',#3392,#3198,#1508,.T.);
#4238=EDGE_CURVE('',#3391,#3392,#326,.T.);
#4239=EDGE_CURVE('',#3393,#3197,#1509,.T.);
#4240=EDGE_CURVE('',#3392,#3393,#1510,.T.);
#4241=EDGE_CURVE('',#3394,#3196,#1511,.T.);
#4242=EDGE_CURVE('',#3393,#3394,#327,.T.);
#4243=EDGE_CURVE('',#3395,#3195,#1512,.T.);
#4244=EDGE_CURVE('',#3394,#3395,#1513,.T.);
#4245=EDGE_CURVE('',#3395,#3381,#328,.T.);
#4246=EDGE_CURVE('',#3388,#3396,#1514,.T.);
#4247=EDGE_CURVE('',#3396,#3397,#329,.T.);
#4248=EDGE_CURVE('',#3387,#3397,#1515,.T.);
#4249=EDGE_CURVE('',#3397,#3398,#1516,.T.);
#4250=EDGE_CURVE('',#3398,#3399,#330,.T.);
#4251=EDGE_CURVE('',#3399,#3400,#1517,.T.);
#4252=EDGE_CURVE('',#3400,#3401,#1518,.T.);
#4253=EDGE_CURVE('',#3401,#3402,#1519,.T.);
#4254=EDGE_CURVE('',#3402,#3403,#1520,.T.);
#4255=EDGE_CURVE('',#3403,#3386,#1521,.T.);
#4256=EDGE_CURVE('',#3404,#3403,#50,.F.);
#4257=EDGE_CURVE('',#3385,#3404,#1522,.T.);
#4258=EDGE_CURVE('',#3405,#3404,#1523,.T.);
#4259=EDGE_CURVE('',#3405,#3384,#1524,.T.);
#4260=EDGE_CURVE('',#3406,#3406,#331,.T.);
#4261=EDGE_CURVE('',#3407,#3405,#51,.F.);
#4262=EDGE_CURVE('',#3383,#3407,#1525,.T.);
#4263=EDGE_CURVE('',#3408,#3407,#1526,.T.);
#4264=EDGE_CURVE('',#3408,#3409,#1527,.T.);
#4265=EDGE_CURVE('',#3410,#3409,#1528,.T.);
#4266=EDGE_CURVE('',#3410,#3411,#1529,.T.);
#4267=EDGE_CURVE('',#3411,#3412,#332,.T.);
#4268=EDGE_CURVE('',#3412,#3413,#1530,.T.);
#4269=EDGE_CURVE('',#3413,#3414,#333,.T.);
#4270=EDGE_CURVE('',#3414,#3415,#1531,.T.);
#4271=EDGE_CURVE('',#3416,#3415,#1532,.T.);
#4272=EDGE_CURVE('',#3416,#3382,#1533,.T.);
#4273=EDGE_CURVE('',#3417,#3416,#334,.T.);
#4274=EDGE_CURVE('',#3380,#3417,#1534,.T.);
#4275=EDGE_CURVE('',#3418,#3417,#1535,.T.);
#4276=EDGE_CURVE('',#3418,#3381,#1536,.T.);
#4277=EDGE_CURVE('',#3419,#3419,#335,.T.);
#4278=EDGE_CURVE('',#3420,#3420,#336,.T.);
#4279=EDGE_CURVE('',#3421,#3422,#1537,.T.);
#4280=EDGE_CURVE('',#3423,#3421,#1538,.T.);
#4281=EDGE_CURVE('',#3424,#3423,#1539,.T.);
#4282=EDGE_CURVE('',#3422,#3424,#1540,.T.);
#4283=EDGE_CURVE('',#3425,#3359,#337,.T.);
#4284=EDGE_CURVE('',#3358,#3426,#338,.T.);
#4285=EDGE_CURVE('',#3426,#3427,#1541,.T.);
#4286=EDGE_CURVE('',#3427,#3428,#339,.T.);
#4287=EDGE_CURVE('',#3428,#3429,#1542,.T.);
#4288=EDGE_CURVE('',#3429,#3430,#340,.T.);
#4289=EDGE_CURVE('',#3430,#3431,#1543,.T.);
#4290=EDGE_CURVE('',#3431,#3432,#341,.T.);
#4291=EDGE_CURVE('',#3432,#3425,#1544,.T.);
#4292=EDGE_CURVE('',#3430,#3433,#1545,.T.);
#4293=EDGE_CURVE('',#3434,#3433,#52,.T.);
#4294=EDGE_CURVE('',#3431,#3434,#1546,.T.);
#4295=EDGE_CURVE('',#3435,#3434,#82,.T.);
#4296=EDGE_CURVE('',#3432,#3435,#1547,.T.);
#4297=EDGE_CURVE('',#3436,#3435,#342,.T.);
#4298=EDGE_CURVE('',#3425,#3436,#1548,.T.);
#4299=EDGE_CURVE('',#3360,#3436,#83,.T.);
#4300=EDGE_CURVE('',#3437,#3355,#343,.T.);
#4301=EDGE_CURVE('',#3354,#3438,#344,.T.);
#4302=EDGE_CURVE('',#3438,#3439,#1549,.T.);
#4303=EDGE_CURVE('',#3439,#3440,#345,.T.);
#4304=EDGE_CURVE('',#3440,#3441,#1550,.T.);
#4305=EDGE_CURVE('',#3441,#3442,#346,.T.);
#4306=EDGE_CURVE('',#3442,#3443,#1551,.T.);
#4307=EDGE_CURVE('',#3443,#3444,#347,.T.);
#4308=EDGE_CURVE('',#3444,#3437,#1552,.T.);
#4309=EDGE_CURVE('',#3442,#3445,#1553,.T.);
#4310=EDGE_CURVE('',#3446,#3445,#53,.T.);
#4311=EDGE_CURVE('',#3443,#3446,#1554,.T.);
#4312=EDGE_CURVE('',#3447,#3446,#84,.T.);
#4313=EDGE_CURVE('',#3444,#3447,#1555,.T.);
#4314=EDGE_CURVE('',#3448,#3447,#348,.T.);
#4315=EDGE_CURVE('',#3437,#3448,#1556,.T.);
#4316=EDGE_CURVE('',#3356,#3448,#85,.T.);
#4317=EDGE_CURVE('',#3449,#3351,#349,.T.);
#4318=EDGE_CURVE('',#3350,#3450,#350,.T.);
#4319=EDGE_CURVE('',#3450,#3451,#1557,.T.);
#4320=EDGE_CURVE('',#3451,#3452,#351,.T.);
#4321=EDGE_CURVE('',#3452,#3453,#1558,.T.);
#4322=EDGE_CURVE('',#3453,#3454,#352,.T.);
#4323=EDGE_CURVE('',#3454,#3455,#1559,.T.);
#4324=EDGE_CURVE('',#3455,#3456,#353,.T.);
#4325=EDGE_CURVE('',#3456,#3449,#1560,.T.);
#4326=EDGE_CURVE('',#3454,#3457,#1561,.T.);
#4327=EDGE_CURVE('',#3457,#3458,#54,.T.);
#4328=EDGE_CURVE('',#3455,#3458,#1562,.T.);
#4329=EDGE_CURVE('',#3458,#3459,#86,.T.);
#4330=EDGE_CURVE('',#3456,#3459,#1563,.T.);
#4331=EDGE_CURVE('',#3459,#3460,#354,.T.);
#4332=EDGE_CURVE('',#3460,#3449,#1564,.T.);
#4333=EDGE_CURVE('',#3352,#3460,#87,.T.);
#4334=EDGE_CURVE('',#3453,#3461,#1565,.T.);
#4335=EDGE_CURVE('',#3461,#3457,#88,.T.);
#4336=EDGE_CURVE('',#3429,#3462,#1566,.T.);
#4337=EDGE_CURVE('',#3433,#3462,#89,.T.);
#4338=EDGE_CURVE('',#3441,#3463,#1567,.T.);
#4339=EDGE_CURVE('',#3445,#3463,#90,.T.);
#4340=EDGE_CURVE('',#3424,#3464,#55,.T.);
#4341=EDGE_CURVE('',#3465,#3423,#56,.T.);
#4342=EDGE_CURVE('',#3464,#3465,#1568,.T.);
#4343=EDGE_CURVE('',#3465,#3466,#1569,.T.);
#4344=EDGE_CURVE('',#3466,#3467,#1570,.T.);
#4345=EDGE_CURVE('',#3467,#3464,#1571,.T.);
#4346=EDGE_CURVE('',#3467,#3422,#57,.T.);
#4347=EDGE_CURVE('',#3421,#3466,#58,.T.);
#4348=EDGE_CURVE('',#3366,#3468,#1572,.T.);
#4349=EDGE_CURVE('',#3468,#3468,#355,.T.);
#4350=EDGE_CURVE('',#3469,#3469,#356,.T.);
#4351=EDGE_CURVE('',#3367,#3470,#1573,.T.);
#4352=EDGE_CURVE('',#3470,#3470,#357,.T.);
#4353=EDGE_CURVE('',#3471,#3471,#358,.T.);
#4354=EDGE_CURVE('',#3362,#3472,#359,.T.);
#4355=EDGE_CURVE('',#3473,#3361,#360,.T.);
#4356=EDGE_CURVE('',#3472,#3473,#1574,.T.);
#4357=EDGE_CURVE('',#3474,#3475,#361,.T.);
#4358=EDGE_CURVE('',#3473,#3474,#362,.T.);
#4359=EDGE_CURVE('',#3475,#3361,#363,.T.);
#4360=EDGE_CURVE('',#3476,#3475,#91,.T.);
#4361=EDGE_CURVE('',#3477,#3476,#364,.T.);
#4362=EDGE_CURVE('',#3474,#3477,#92,.T.);
#4363=EDGE_CURVE('',#3478,#3303,#365,.T.);
#4364=EDGE_CURVE('',#3477,#3478,#59,.T.);
#4365=EDGE_CURVE('',#3303,#3476,#60,.T.);
#4366=EDGE_CURVE('',#3323,#3479,#366,.T.);
#4367=EDGE_CURVE('',#3480,#3322,#367,.T.);
#4368=EDGE_CURVE('',#3479,#3480,#368,.T.);
#4369=EDGE_CURVE('',#3481,#3321,#369,.T.);
#4370=EDGE_CURVE('',#3480,#3481,#1575,.T.);
#4371=EDGE_CURVE('',#3482,#3320,#370,.T.);
#4372=EDGE_CURVE('',#3481,#3482,#371,.T.);
#4373=EDGE_CURVE('',#3396,#3319,#372,.T.);
#4374=EDGE_CURVE('',#3482,#3396,#1576,.T.);
#4375=EDGE_CURVE('',#3397,#3318,#373,.T.);
#4376=EDGE_CURVE('',#3398,#3272,#374,.T.);
#4377=EDGE_CURVE('',#3399,#3301,#375,.T.);
#4378=EDGE_CURVE('',#3400,#3483,#376,.T.);
#4379=EDGE_CURVE('',#3483,#3301,#1577,.T.);
#4380=EDGE_CURVE('',#3478,#3479,#1578,.T.);
#4381=EDGE_CURVE('',#3462,#3484,#61,.T.);
#4382=EDGE_CURVE('',#3484,#3485,#93,.T.);
#4383=EDGE_CURVE('',#3485,#3486,#377,.T.);
#4384=EDGE_CURVE('',#3486,#3357,#94,.T.);
#4385=EDGE_CURVE('',#3463,#3487,#62,.T.);
#4386=EDGE_CURVE('',#3488,#3487,#95,.T.);
#4387=EDGE_CURVE('',#3489,#3488,#378,.T.);
#4388=EDGE_CURVE('',#3353,#3489,#96,.T.);
#4389=EDGE_CURVE('',#3490,#3461,#63,.T.);
#4390=EDGE_CURVE('',#3491,#3490,#97,.T.);
#4391=EDGE_CURVE('',#3492,#3491,#379,.T.);
#4392=EDGE_CURVE('',#3492,#3349,#98,.T.);
#4393=EDGE_CURVE('',#3493,#3344,#99,.T.);
#4394=EDGE_CURVE('',#3494,#3493,#64,.T.);
#4395=EDGE_CURVE('',#3494,#3495,#100,.T.);
#4396=EDGE_CURVE('',#3496,#3495,#380,.T.);
#4397=EDGE_CURVE('',#3496,#3365,#101,.T.);
#4398=EDGE_CURVE('',#3364,#3311,#381,.T.);
#4399=EDGE_CURVE('',#3497,#3300,#1579,.T.);
#4400=EDGE_CURVE('',#3498,#3497,#1580,.T.);
#4401=EDGE_CURVE('',#3498,#3295,#1581,.T.);
#4402=EDGE_CURVE('',#3294,#3499,#1582,.T.);
#4403=EDGE_CURVE('',#3500,#3499,#1583,.T.);
#4404=EDGE_CURVE('',#3500,#3289,#1584,.T.);
#4405=EDGE_CURVE('',#3288,#3501,#1585,.T.);
#4406=EDGE_CURVE('',#3502,#3501,#1586,.T.);
#4407=EDGE_CURVE('',#3502,#3283,#1587,.T.);
#4408=EDGE_CURVE('',#3282,#3503,#1588,.T.);
#4409=EDGE_CURVE('',#3503,#3483,#1589,.T.);
#4410=EDGE_CURVE('',#3503,#3410,#382,.T.);
#4411=EDGE_CURVE('',#3409,#3504,#383,.T.);
#4412=EDGE_CURVE('',#3504,#3505,#1590,.T.);
#4413=EDGE_CURVE('',#3505,#3401,#384,.T.);
#4414=EDGE_CURVE('',#3482,#3389,#1591,.T.);
#4415=EDGE_CURVE('',#3506,#3418,#385,.T.);
#4416=EDGE_CURVE('',#3395,#3506,#1592,.T.);
#4417=EDGE_CURVE('',#3438,#3489,#1593,.T.);
#4418=EDGE_CURVE('',#3439,#3488,#1594,.T.);
#4419=EDGE_CURVE('',#3440,#3487,#1595,.T.);
#4420=EDGE_CURVE('',#3392,#3479,#1596,.T.);
#4421=EDGE_CURVE('',#3480,#3391,#1597,.T.);
#4422=EDGE_CURVE('',#3481,#3390,#1598,.T.);
#4423=EDGE_CURVE('',#3506,#3472,#1599,.T.);
#4424=EDGE_CURVE('',#3415,#3363,#386,.T.);
#4425=EDGE_CURVE('',#3402,#3507,#65,.T.);
#4426=EDGE_CURVE('',#3507,#3505,#1600,.T.);
#4427=EDGE_CURVE('',#3507,#3508,#1601,.T.);
#4428=EDGE_CURVE('',#3508,#3408,#66,.T.);
#4429=EDGE_CURVE('',#3509,#3298,#1602,.T.);
#4430=EDGE_CURVE('',#3510,#3509,#1603,.T.);
#4431=EDGE_CURVE('',#3510,#3299,#1604,.T.);
#4432=EDGE_CURVE('',#3393,#3477,#1605,.T.);
#4433=EDGE_CURVE('',#3394,#3474,#1606,.T.);
#4434=EDGE_CURVE('',#3428,#3484,#1607,.T.);
#4435=EDGE_CURVE('',#3427,#3485,#1608,.T.);
#4436=EDGE_CURVE('',#3426,#3486,#1609,.T.);
#4437=EDGE_CURVE('',#3511,#3498,#387,.T.);
#4438=EDGE_CURVE('',#3511,#3296,#1610,.T.);
#4439=EDGE_CURVE('',#3497,#3510,#388,.T.);
#4440=EDGE_CURVE('',#3512,#3511,#1611,.T.);
#4441=EDGE_CURVE('',#3512,#3297,#1612,.T.);
#4442=EDGE_CURVE('',#3509,#3512,#389,.T.);
#4443=EDGE_CURVE('',#3504,#3508,#1613,.T.);
#4444=EDGE_CURVE('',#3364,#3414,#390,.T.);
#4445=EDGE_CURVE('',#3311,#3413,#391,.T.);
#4446=EDGE_CURVE('',#3281,#3412,#392,.T.);
#4447=EDGE_CURVE('',#3282,#3411,#393,.T.);
#4448=EDGE_CURVE('',#3378,#3312,#1614,.T.);
#4449=EDGE_CURVE('',#3377,#3279,#1615,.F.);
#4450=EDGE_CURVE('',#3278,#3376,#1616,.T.);
#4451=EDGE_CURVE('',#3277,#3375,#1617,.T.);
#4452=EDGE_CURVE('',#3495,#3342,#1618,.T.);
#4453=EDGE_CURVE('',#3341,#3494,#1619,.T.);
#4454=EDGE_CURVE('',#3340,#3493,#1620,.T.);
#4455=EDGE_CURVE('',#3343,#3496,#1621,.T.);
#4456=EDGE_CURVE('',#3330,#3307,#1622,.T.);
#4457=EDGE_CURVE('',#3306,#3329,#1623,.T.);
#4458=EDGE_CURVE('',#3331,#3308,#1624,.T.);
#4459=EDGE_CURVE('',#3379,#3313,#1625,.T.);
#4460=EDGE_CURVE('',#3285,#3513,#1626,.T.);
#4461=EDGE_CURVE('',#3514,#3513,#394,.T.);
#4462=EDGE_CURVE('',#3286,#3514,#1627,.T.);
#4463=EDGE_CURVE('',#3515,#3501,#395,.T.);
#4464=EDGE_CURVE('',#3515,#3287,#1628,.T.);
#4465=EDGE_CURVE('',#3515,#3514,#1629,.T.);
#4466=EDGE_CURVE('',#3513,#3516,#1630,.T.);
#4467=EDGE_CURVE('',#3502,#3516,#396,.T.);
#4468=EDGE_CURVE('',#3451,#3491,#1631,.T.);
#4469=EDGE_CURVE('',#3452,#3490,#1632,.T.);
#4470=EDGE_CURVE('',#3450,#3492,#1633,.T.);
#4471=EDGE_CURVE('',#3284,#3516,#1634,.T.);
#4472=EDGE_CURVE('',#3471,#3420,#1635,.T.);
#4473=EDGE_CURVE('',#3469,#3419,#1636,.T.);
#4474=EDGE_CURVE('',#3517,#3517,#397,.T.);
#4475=EDGE_CURVE('',#3517,#3406,#1637,.T.);
#4476=EDGE_CURVE('',#3518,#3293,#1638,.T.);
#4477=EDGE_CURVE('',#3292,#3519,#1639,.T.);
#4478=EDGE_CURVE('',#3518,#3519,#1640,.T.);
#4479=EDGE_CURVE('',#3291,#3520,#1641,.T.);
#4480=EDGE_CURVE('',#3519,#3520,#398,.T.);
#4481=EDGE_CURVE('',#3290,#3521,#1642,.T.);
#4482=EDGE_CURVE('',#3520,#3521,#1643,.T.);
#4483=EDGE_CURVE('',#3500,#3521,#399,.T.);
#4484=EDGE_CURVE('',#3518,#3499,#400,.T.);
#4485=EDGE_CURVE('',#3522,#3523,#1644,.T.);
#4486=EDGE_CURVE('',#3523,#3524,#1645,.T.);
#4487=EDGE_CURVE('',#3525,#3524,#1646,.T.);
#4488=EDGE_CURVE('',#3522,#3525,#1647,.T.);
#4489=EDGE_CURVE('',#3526,#3522,#1648,.T.);
#4490=EDGE_CURVE('',#3527,#3525,#1649,.T.);
#4491=EDGE_CURVE('',#3526,#3527,#1650,.T.);
#4492=EDGE_CURVE('',#3528,#3526,#1651,.T.);
#4493=EDGE_CURVE('',#3529,#3527,#1652,.T.);
#4494=EDGE_CURVE('',#3528,#3529,#1653,.T.);
#4495=EDGE_CURVE('',#3530,#3528,#1654,.T.);
#4496=EDGE_CURVE('',#3531,#3529,#1655,.T.);
#4497=EDGE_CURVE('',#3530,#3531,#1656,.T.);
#4498=EDGE_CURVE('',#3532,#3530,#1657,.T.);
#4499=EDGE_CURVE('',#3533,#3531,#1658,.T.);
#4500=EDGE_CURVE('',#3532,#3533,#1659,.T.);
#4501=EDGE_CURVE('',#3523,#3532,#1660,.T.);
#4502=EDGE_CURVE('',#3524,#3533,#1661,.T.);
#4503=EDGE_CURVE('',#3534,#3535,#1662,.T.);
#4504=EDGE_CURVE('',#3535,#3536,#1663,.T.);
#4505=EDGE_CURVE('',#3537,#3536,#1664,.T.);
#4506=EDGE_CURVE('',#3534,#3537,#1665,.T.);
#4507=EDGE_CURVE('',#3538,#3534,#1666,.T.);
#4508=EDGE_CURVE('',#3539,#3537,#1667,.T.);
#4509=EDGE_CURVE('',#3538,#3539,#1668,.T.);
#4510=EDGE_CURVE('',#3540,#3538,#1669,.T.);
#4511=EDGE_CURVE('',#3541,#3539,#1670,.T.);
#4512=EDGE_CURVE('',#3540,#3541,#1671,.T.);
#4513=EDGE_CURVE('',#3542,#3540,#1672,.T.);
#4514=EDGE_CURVE('',#3543,#3541,#1673,.T.);
#4515=EDGE_CURVE('',#3542,#3543,#1674,.T.);
#4516=EDGE_CURVE('',#3544,#3542,#1675,.T.);
#4517=EDGE_CURVE('',#3545,#3543,#1676,.T.);
#4518=EDGE_CURVE('',#3544,#3545,#1677,.T.);
#4519=EDGE_CURVE('',#3535,#3544,#1678,.T.);
#4520=EDGE_CURVE('',#3536,#3545,#1679,.T.);
#4521=EDGE_CURVE('',#3546,#3547,#1680,.T.);
#4522=EDGE_CURVE('',#3547,#3548,#1681,.T.);
#4523=EDGE_CURVE('',#3549,#3548,#1682,.T.);
#4524=EDGE_CURVE('',#3546,#3549,#1683,.T.);
#4525=EDGE_CURVE('',#3550,#3546,#1684,.T.);
#4526=EDGE_CURVE('',#3551,#3549,#1685,.T.);
#4527=EDGE_CURVE('',#3550,#3551,#1686,.T.);
#4528=EDGE_CURVE('',#3552,#3550,#1687,.T.);
#4529=EDGE_CURVE('',#3553,#3551,#1688,.T.);
#4530=EDGE_CURVE('',#3552,#3553,#1689,.T.);
#4531=EDGE_CURVE('',#3554,#3552,#1690,.T.);
#4532=EDGE_CURVE('',#3555,#3553,#1691,.T.);
#4533=EDGE_CURVE('',#3554,#3555,#1692,.T.);
#4534=EDGE_CURVE('',#3556,#3554,#1693,.T.);
#4535=EDGE_CURVE('',#3557,#3555,#1694,.T.);
#4536=EDGE_CURVE('',#3556,#3557,#1695,.T.);
#4537=EDGE_CURVE('',#3547,#3556,#1696,.T.);
#4538=EDGE_CURVE('',#3548,#3557,#1697,.T.);
#4539=EDGE_CURVE('',#3558,#3559,#1698,.T.);
#4540=EDGE_CURVE('',#3559,#3560,#1699,.T.);
#4541=EDGE_CURVE('',#3561,#3560,#1700,.T.);
#4542=EDGE_CURVE('',#3558,#3561,#1701,.T.);
#4543=EDGE_CURVE('',#3562,#3558,#1702,.T.);
#4544=EDGE_CURVE('',#3563,#3561,#1703,.T.);
#4545=EDGE_CURVE('',#3562,#3563,#1704,.T.);
#4546=EDGE_CURVE('',#3564,#3562,#1705,.T.);
#4547=EDGE_CURVE('',#3565,#3563,#1706,.T.);
#4548=EDGE_CURVE('',#3564,#3565,#1707,.T.);
#4549=EDGE_CURVE('',#3566,#3564,#1708,.T.);
#4550=EDGE_CURVE('',#3567,#3565,#1709,.T.);
#4551=EDGE_CURVE('',#3566,#3567,#1710,.T.);
#4552=EDGE_CURVE('',#3568,#3566,#1711,.T.);
#4553=EDGE_CURVE('',#3569,#3567,#1712,.T.);
#4554=EDGE_CURVE('',#3568,#3569,#1713,.T.);
#4555=EDGE_CURVE('',#3559,#3568,#1714,.T.);
#4556=EDGE_CURVE('',#3560,#3569,#1715,.T.);
#4557=EDGE_CURVE('',#3570,#3571,#1716,.T.);
#4558=EDGE_CURVE('',#3571,#3572,#1717,.T.);
#4559=EDGE_CURVE('',#3573,#3572,#1718,.T.);
#4560=EDGE_CURVE('',#3570,#3573,#1719,.T.);
#4561=EDGE_CURVE('',#3574,#3570,#1720,.T.);
#4562=EDGE_CURVE('',#3575,#3573,#1721,.T.);
#4563=EDGE_CURVE('',#3574,#3575,#1722,.T.);
#4564=EDGE_CURVE('',#3576,#3574,#1723,.T.);
#4565=EDGE_CURVE('',#3577,#3575,#1724,.T.);
#4566=EDGE_CURVE('',#3576,#3577,#1725,.T.);
#4567=EDGE_CURVE('',#3578,#3576,#1726,.T.);
#4568=EDGE_CURVE('',#3579,#3577,#1727,.T.);
#4569=EDGE_CURVE('',#3578,#3579,#1728,.T.);
#4570=EDGE_CURVE('',#3580,#3578,#1729,.T.);
#4571=EDGE_CURVE('',#3581,#3579,#1730,.T.);
#4572=EDGE_CURVE('',#3580,#3581,#1731,.T.);
#4573=EDGE_CURVE('',#3571,#3580,#1732,.T.);
#4574=EDGE_CURVE('',#3572,#3581,#1733,.T.);
#4575=EDGE_CURVE('',#3582,#3583,#1734,.T.);
#4576=EDGE_CURVE('',#3583,#3584,#1735,.T.);
#4577=EDGE_CURVE('',#3585,#3584,#1736,.T.);
#4578=EDGE_CURVE('',#3582,#3585,#1737,.T.);
#4579=EDGE_CURVE('',#3586,#3582,#1738,.T.);
#4580=EDGE_CURVE('',#3587,#3585,#1739,.T.);
#4581=EDGE_CURVE('',#3586,#3587,#1740,.T.);
#4582=EDGE_CURVE('',#3588,#3586,#1741,.T.);
#4583=EDGE_CURVE('',#3589,#3587,#1742,.T.);
#4584=EDGE_CURVE('',#3588,#3589,#1743,.T.);
#4585=EDGE_CURVE('',#3590,#3588,#1744,.T.);
#4586=EDGE_CURVE('',#3591,#3589,#1745,.T.);
#4587=EDGE_CURVE('',#3590,#3591,#1746,.T.);
#4588=EDGE_CURVE('',#3592,#3590,#1747,.T.);
#4589=EDGE_CURVE('',#3593,#3591,#1748,.T.);
#4590=EDGE_CURVE('',#3592,#3593,#1749,.T.);
#4591=EDGE_CURVE('',#3583,#3592,#1750,.T.);
#4592=EDGE_CURVE('',#3584,#3593,#1751,.T.);
#4593=EDGE_CURVE('',#3594,#3595,#1752,.T.);
#4594=EDGE_CURVE('',#3595,#3596,#1753,.T.);
#4595=EDGE_CURVE('',#3597,#3596,#1754,.T.);
#4596=EDGE_CURVE('',#3594,#3597,#1755,.T.);
#4597=EDGE_CURVE('',#3598,#3594,#1756,.T.);
#4598=EDGE_CURVE('',#3599,#3597,#1757,.T.);
#4599=EDGE_CURVE('',#3598,#3599,#1758,.T.);
#4600=EDGE_CURVE('',#3600,#3598,#1759,.T.);
#4601=EDGE_CURVE('',#3601,#3599,#1760,.T.);
#4602=EDGE_CURVE('',#3600,#3601,#1761,.T.);
#4603=EDGE_CURVE('',#3602,#3600,#1762,.T.);
#4604=EDGE_CURVE('',#3603,#3601,#1763,.T.);
#4605=EDGE_CURVE('',#3602,#3603,#1764,.T.);
#4606=EDGE_CURVE('',#3604,#3602,#1765,.T.);
#4607=EDGE_CURVE('',#3605,#3603,#1766,.T.);
#4608=EDGE_CURVE('',#3604,#3605,#1767,.T.);
#4609=EDGE_CURVE('',#3595,#3604,#1768,.T.);
#4610=EDGE_CURVE('',#3596,#3605,#1769,.T.);
#4611=EDGE_CURVE('',#3606,#3607,#1770,.T.);
#4612=EDGE_CURVE('',#3607,#3608,#1771,.T.);
#4613=EDGE_CURVE('',#3609,#3608,#1772,.T.);
#4614=EDGE_CURVE('',#3606,#3609,#1773,.T.);
#4615=EDGE_CURVE('',#3610,#3606,#1774,.T.);
#4616=EDGE_CURVE('',#3611,#3609,#1775,.T.);
#4617=EDGE_CURVE('',#3610,#3611,#1776,.T.);
#4618=EDGE_CURVE('',#3612,#3610,#1777,.T.);
#4619=EDGE_CURVE('',#3613,#3611,#1778,.T.);
#4620=EDGE_CURVE('',#3612,#3613,#1779,.T.);
#4621=EDGE_CURVE('',#3614,#3612,#1780,.T.);
#4622=EDGE_CURVE('',#3615,#3613,#1781,.T.);
#4623=EDGE_CURVE('',#3614,#3615,#1782,.T.);
#4624=EDGE_CURVE('',#3616,#3614,#1783,.T.);
#4625=EDGE_CURVE('',#3617,#3615,#1784,.T.);
#4626=EDGE_CURVE('',#3616,#3617,#1785,.T.);
#4627=EDGE_CURVE('',#3618,#3616,#1786,.T.);
#4628=EDGE_CURVE('',#3619,#3617,#1787,.T.);
#4629=EDGE_CURVE('',#3618,#3619,#1788,.T.);
#4630=EDGE_CURVE('',#3620,#3618,#1789,.T.);
#4631=EDGE_CURVE('',#3621,#3619,#1790,.T.);
#4632=EDGE_CURVE('',#3620,#3621,#1791,.T.);
#4633=EDGE_CURVE('',#3622,#3620,#1792,.T.);
#4634=EDGE_CURVE('',#3623,#3621,#1793,.T.);
#4635=EDGE_CURVE('',#3622,#3623,#1794,.T.);
#4636=EDGE_CURVE('',#3622,#3624,#401,.T.);
#4637=EDGE_CURVE('',#3625,#3623,#402,.T.);
#4638=EDGE_CURVE('',#3624,#3625,#1795,.T.);
#4639=EDGE_CURVE('',#3626,#3624,#1796,.T.);
#4640=EDGE_CURVE('',#3627,#3625,#1797,.T.);
#4641=EDGE_CURVE('',#3626,#3627,#1798,.T.);
#4642=EDGE_CURVE('',#3628,#3626,#1799,.T.);
#4643=EDGE_CURVE('',#3629,#3627,#1800,.T.);
#4644=EDGE_CURVE('',#3628,#3629,#1801,.T.);
#4645=EDGE_CURVE('',#3630,#3628,#1802,.T.);
#4646=EDGE_CURVE('',#3631,#3629,#1803,.T.);
#4647=EDGE_CURVE('',#3630,#3631,#1804,.T.);
#4648=EDGE_CURVE('',#3632,#3630,#1805,.T.);
#4649=EDGE_CURVE('',#3633,#3631,#1806,.T.);
#4650=EDGE_CURVE('',#3632,#3633,#1807,.T.);
#4651=EDGE_CURVE('',#3634,#3632,#1808,.T.);
#4652=EDGE_CURVE('',#3635,#3633,#1809,.T.);
#4653=EDGE_CURVE('',#3634,#3635,#1810,.T.);
#4654=EDGE_CURVE('',#3636,#3634,#1811,.T.);
#4655=EDGE_CURVE('',#3637,#3635,#1812,.T.);
#4656=EDGE_CURVE('',#3636,#3637,#1813,.T.);
#4657=EDGE_CURVE('',#3638,#3636,#1814,.T.);
#4658=EDGE_CURVE('',#3639,#3637,#1815,.T.);
#4659=EDGE_CURVE('',#3638,#3639,#1816,.T.);
#4660=EDGE_CURVE('',#3640,#3638,#1817,.T.);
#4661=EDGE_CURVE('',#3641,#3639,#1818,.T.);
#4662=EDGE_CURVE('',#3640,#3641,#1819,.T.);
#4663=EDGE_CURVE('',#3642,#3640,#1820,.T.);
#4664=EDGE_CURVE('',#3643,#3641,#1821,.T.);
#4665=EDGE_CURVE('',#3642,#3643,#1822,.T.);
#4666=EDGE_CURVE('',#3644,#3642,#1823,.T.);
#4667=EDGE_CURVE('',#3645,#3643,#1824,.T.);
#4668=EDGE_CURVE('',#3644,#3645,#1825,.T.);
#4669=EDGE_CURVE('',#3646,#3644,#1826,.T.);
#4670=EDGE_CURVE('',#3647,#3645,#1827,.T.);
#4671=EDGE_CURVE('',#3646,#3647,#1828,.T.);
#4672=EDGE_CURVE('',#3648,#3646,#1829,.T.);
#4673=EDGE_CURVE('',#3649,#3647,#1830,.T.);
#4674=EDGE_CURVE('',#3648,#3649,#1831,.T.);
#4675=EDGE_CURVE('',#3650,#3648,#1832,.T.);
#4676=EDGE_CURVE('',#3651,#3649,#1833,.T.);
#4677=EDGE_CURVE('',#3650,#3651,#1834,.T.);
#4678=EDGE_CURVE('',#3650,#3652,#403,.T.);
#4679=EDGE_CURVE('',#3653,#3651,#404,.T.);
#4680=EDGE_CURVE('',#3652,#3653,#1835,.T.);
#4681=EDGE_CURVE('',#3654,#3652,#1836,.T.);
#4682=EDGE_CURVE('',#3655,#3653,#1837,.T.);
#4683=EDGE_CURVE('',#3654,#3655,#1838,.T.);
#4684=EDGE_CURVE('',#3656,#3654,#1839,.T.);
#4685=EDGE_CURVE('',#3657,#3655,#1840,.T.);
#4686=EDGE_CURVE('',#3656,#3657,#1841,.T.);
#4687=EDGE_CURVE('',#3658,#3656,#1842,.T.);
#4688=EDGE_CURVE('',#3659,#3657,#1843,.T.);
#4689=EDGE_CURVE('',#3658,#3659,#1844,.T.);
#4690=EDGE_CURVE('',#3660,#3658,#1845,.T.);
#4691=EDGE_CURVE('',#3661,#3659,#1846,.T.);
#4692=EDGE_CURVE('',#3660,#3661,#1847,.T.);
#4693=EDGE_CURVE('',#3662,#3660,#1848,.T.);
#4694=EDGE_CURVE('',#3663,#3661,#1849,.T.);
#4695=EDGE_CURVE('',#3662,#3663,#1850,.T.);
#4696=EDGE_CURVE('',#3664,#3662,#1851,.T.);
#4697=EDGE_CURVE('',#3665,#3663,#1852,.T.);
#4698=EDGE_CURVE('',#3664,#3665,#1853,.T.);
#4699=EDGE_CURVE('',#3666,#3664,#1854,.T.);
#4700=EDGE_CURVE('',#3667,#3665,#1855,.T.);
#4701=EDGE_CURVE('',#3666,#3667,#1856,.T.);
#4702=EDGE_CURVE('',#3668,#3666,#1857,.T.);
#4703=EDGE_CURVE('',#3669,#3667,#1858,.T.);
#4704=EDGE_CURVE('',#3668,#3669,#1859,.T.);
#4705=EDGE_CURVE('',#3670,#3668,#1860,.T.);
#4706=EDGE_CURVE('',#3671,#3669,#1861,.T.);
#4707=EDGE_CURVE('',#3670,#3671,#1862,.T.);
#4708=EDGE_CURVE('',#3672,#3670,#1863,.T.);
#4709=EDGE_CURVE('',#3673,#3671,#1864,.T.);
#4710=EDGE_CURVE('',#3672,#3673,#1865,.T.);
#4711=EDGE_CURVE('',#3674,#3672,#1866,.T.);
#4712=EDGE_CURVE('',#3675,#3673,#1867,.T.);
#4713=EDGE_CURVE('',#3674,#3675,#1868,.T.);
#4714=EDGE_CURVE('',#3676,#3674,#1869,.T.);
#4715=EDGE_CURVE('',#3677,#3675,#1870,.T.);
#4716=EDGE_CURVE('',#3676,#3677,#1871,.T.);
#4717=EDGE_CURVE('',#3678,#3676,#1872,.T.);
#4718=EDGE_CURVE('',#3679,#3677,#1873,.T.);
#4719=EDGE_CURVE('',#3678,#3679,#1874,.T.);
#4720=EDGE_CURVE('',#3680,#3678,#1875,.T.);
#4721=EDGE_CURVE('',#3681,#3679,#1876,.T.);
#4722=EDGE_CURVE('',#3680,#3681,#1877,.T.);
#4723=EDGE_CURVE('',#3682,#3680,#1878,.T.);
#4724=EDGE_CURVE('',#3683,#3681,#1879,.T.);
#4725=EDGE_CURVE('',#3682,#3683,#1880,.T.);
#4726=EDGE_CURVE('',#3684,#3682,#1881,.T.);
#4727=EDGE_CURVE('',#3685,#3683,#1882,.T.);
#4728=EDGE_CURVE('',#3684,#3685,#1883,.T.);
#4729=EDGE_CURVE('',#3686,#3684,#1884,.T.);
#4730=EDGE_CURVE('',#3687,#3685,#1885,.T.);
#4731=EDGE_CURVE('',#3686,#3687,#1886,.T.);
#4732=EDGE_CURVE('',#3688,#3686,#1887,.T.);
#4733=EDGE_CURVE('',#3689,#3687,#1888,.T.);
#4734=EDGE_CURVE('',#3688,#3689,#1889,.T.);
#4735=EDGE_CURVE('',#3690,#3688,#1890,.T.);
#4736=EDGE_CURVE('',#3691,#3689,#1891,.T.);
#4737=EDGE_CURVE('',#3690,#3691,#1892,.T.);
#4738=EDGE_CURVE('',#3692,#3690,#1893,.T.);
#4739=EDGE_CURVE('',#3693,#3691,#1894,.T.);
#4740=EDGE_CURVE('',#3692,#3693,#1895,.T.);
#4741=EDGE_CURVE('',#3694,#3692,#1896,.T.);
#4742=EDGE_CURVE('',#3695,#3693,#1897,.T.);
#4743=EDGE_CURVE('',#3694,#3695,#1898,.T.);
#4744=EDGE_CURVE('',#3696,#3694,#1899,.T.);
#4745=EDGE_CURVE('',#3697,#3695,#1900,.T.);
#4746=EDGE_CURVE('',#3696,#3697,#1901,.T.);
#4747=EDGE_CURVE('',#3698,#3696,#1902,.T.);
#4748=EDGE_CURVE('',#3699,#3697,#1903,.T.);
#4749=EDGE_CURVE('',#3698,#3699,#1904,.T.);
#4750=EDGE_CURVE('',#3700,#3698,#1905,.T.);
#4751=EDGE_CURVE('',#3701,#3699,#1906,.T.);
#4752=EDGE_CURVE('',#3700,#3701,#1907,.T.);
#4753=EDGE_CURVE('',#3702,#3700,#1908,.T.);
#4754=EDGE_CURVE('',#3703,#3701,#1909,.T.);
#4755=EDGE_CURVE('',#3702,#3703,#1910,.T.);
#4756=EDGE_CURVE('',#3704,#3702,#1911,.T.);
#4757=EDGE_CURVE('',#3705,#3703,#1912,.T.);
#4758=EDGE_CURVE('',#3704,#3705,#1913,.T.);
#4759=EDGE_CURVE('',#3706,#3704,#1914,.T.);
#4760=EDGE_CURVE('',#3707,#3705,#1915,.T.);
#4761=EDGE_CURVE('',#3706,#3707,#1916,.T.);
#4762=EDGE_CURVE('',#3708,#3706,#1917,.T.);
#4763=EDGE_CURVE('',#3709,#3707,#1918,.T.);
#4764=EDGE_CURVE('',#3708,#3709,#1919,.T.);
#4765=EDGE_CURVE('',#3710,#3708,#1920,.T.);
#4766=EDGE_CURVE('',#3711,#3709,#1921,.T.);
#4767=EDGE_CURVE('',#3710,#3711,#1922,.T.);
#4768=EDGE_CURVE('',#3712,#3710,#1923,.T.);
#4769=EDGE_CURVE('',#3713,#3711,#1924,.T.);
#4770=EDGE_CURVE('',#3712,#3713,#1925,.T.);
#4771=EDGE_CURVE('',#3714,#3712,#1926,.T.);
#4772=EDGE_CURVE('',#3715,#3713,#1927,.T.);
#4773=EDGE_CURVE('',#3714,#3715,#1928,.T.);
#4774=EDGE_CURVE('',#3716,#3714,#1929,.T.);
#4775=EDGE_CURVE('',#3717,#3715,#1930,.T.);
#4776=EDGE_CURVE('',#3716,#3717,#1931,.T.);
#4777=EDGE_CURVE('',#3607,#3716,#1932,.T.);
#4778=EDGE_CURVE('',#3608,#3717,#1933,.T.);
#4779=EDGE_CURVE('',#3718,#3719,#1934,.T.);
#4780=EDGE_CURVE('',#3719,#3720,#1935,.T.);
#4781=EDGE_CURVE('',#3721,#3720,#1936,.T.);
#4782=EDGE_CURVE('',#3718,#3721,#1937,.T.);
#4783=EDGE_CURVE('',#3722,#3718,#1938,.T.);
#4784=EDGE_CURVE('',#3723,#3721,#1939,.T.);
#4785=EDGE_CURVE('',#3722,#3723,#1940,.T.);
#4786=EDGE_CURVE('',#3724,#3722,#1941,.T.);
#4787=EDGE_CURVE('',#3725,#3723,#1942,.T.);
#4788=EDGE_CURVE('',#3724,#3725,#1943,.T.);
#4789=EDGE_CURVE('',#3726,#3724,#1944,.T.);
#4790=EDGE_CURVE('',#3727,#3725,#1945,.T.);
#4791=EDGE_CURVE('',#3726,#3727,#1946,.T.);
#4792=EDGE_CURVE('',#3728,#3726,#1947,.T.);
#4793=EDGE_CURVE('',#3729,#3727,#1948,.T.);
#4794=EDGE_CURVE('',#3728,#3729,#1949,.T.);
#4795=EDGE_CURVE('',#3719,#3728,#1950,.T.);
#4796=EDGE_CURVE('',#3720,#3729,#1951,.T.);
#4797=EDGE_CURVE('',#3730,#3731,#1952,.T.);
#4798=EDGE_CURVE('',#3731,#3732,#1953,.T.);
#4799=EDGE_CURVE('',#3733,#3732,#1954,.T.);
#4800=EDGE_CURVE('',#3730,#3733,#1955,.T.);
#4801=EDGE_CURVE('',#3734,#3730,#1956,.T.);
#4802=EDGE_CURVE('',#3735,#3733,#1957,.T.);
#4803=EDGE_CURVE('',#3734,#3735,#1958,.T.);
#4804=EDGE_CURVE('',#3734,#3736,#405,.T.);
#4805=EDGE_CURVE('',#3737,#3735,#406,.T.);
#4806=EDGE_CURVE('',#3736,#3737,#1959,.T.);
#4807=EDGE_CURVE('',#3738,#3736,#1960,.T.);
#4808=EDGE_CURVE('',#3739,#3737,#1961,.T.);
#4809=EDGE_CURVE('',#3738,#3739,#1962,.T.);
#4810=EDGE_CURVE('',#3740,#3738,#1963,.T.);
#4811=EDGE_CURVE('',#3741,#3739,#1964,.T.);
#4812=EDGE_CURVE('',#3740,#3741,#1965,.T.);
#4813=EDGE_CURVE('',#3740,#3742,#407,.T.);
#4814=EDGE_CURVE('',#3743,#3741,#408,.T.);
#4815=EDGE_CURVE('',#3742,#3743,#1966,.T.);
#4816=EDGE_CURVE('',#3744,#3742,#1967,.T.);
#4817=EDGE_CURVE('',#3745,#3743,#1968,.T.);
#4818=EDGE_CURVE('',#3744,#3745,#1969,.T.);
#4819=EDGE_CURVE('',#3746,#3744,#1970,.T.);
#4820=EDGE_CURVE('',#3747,#3745,#1971,.T.);
#4821=EDGE_CURVE('',#3746,#3747,#1972,.T.);
#4822=EDGE_CURVE('',#3748,#3746,#1973,.T.);
#4823=EDGE_CURVE('',#3749,#3747,#1974,.T.);
#4824=EDGE_CURVE('',#3748,#3749,#1975,.T.);
#4825=EDGE_CURVE('',#3750,#3748,#1976,.T.);
#4826=EDGE_CURVE('',#3751,#3749,#1977,.T.);
#4827=EDGE_CURVE('',#3750,#3751,#1978,.T.);
#4828=EDGE_CURVE('',#3752,#3750,#1979,.T.);
#4829=EDGE_CURVE('',#3753,#3751,#1980,.T.);
#4830=EDGE_CURVE('',#3752,#3753,#1981,.T.);
#4831=EDGE_CURVE('',#3754,#3752,#1982,.T.);
#4832=EDGE_CURVE('',#3755,#3753,#1983,.T.);
#4833=EDGE_CURVE('',#3754,#3755,#1984,.T.);
#4834=EDGE_CURVE('',#3756,#3754,#1985,.T.);
#4835=EDGE_CURVE('',#3757,#3755,#1986,.T.);
#4836=EDGE_CURVE('',#3756,#3757,#1987,.T.);
#4837=EDGE_CURVE('',#3758,#3756,#1988,.T.);
#4838=EDGE_CURVE('',#3759,#3757,#1989,.T.);
#4839=EDGE_CURVE('',#3758,#3759,#1990,.T.);
#4840=EDGE_CURVE('',#3760,#3758,#1991,.T.);
#4841=EDGE_CURVE('',#3761,#3759,#1992,.T.);
#4842=EDGE_CURVE('',#3760,#3761,#1993,.T.);
#4843=EDGE_CURVE('',#3762,#3760,#1994,.T.);
#4844=EDGE_CURVE('',#3763,#3761,#1995,.T.);
#4845=EDGE_CURVE('',#3762,#3763,#1996,.T.);
#4846=EDGE_CURVE('',#3764,#3762,#1997,.T.);
#4847=EDGE_CURVE('',#3765,#3763,#1998,.T.);
#4848=EDGE_CURVE('',#3764,#3765,#1999,.T.);
#4849=EDGE_CURVE('',#3766,#3764,#2000,.T.);
#4850=EDGE_CURVE('',#3767,#3765,#2001,.T.);
#4851=EDGE_CURVE('',#3766,#3767,#2002,.T.);
#4852=EDGE_CURVE('',#3768,#3766,#2003,.T.);
#4853=EDGE_CURVE('',#3769,#3767,#2004,.T.);
#4854=EDGE_CURVE('',#3768,#3769,#2005,.T.);
#4855=EDGE_CURVE('',#3770,#3768,#2006,.T.);
#4856=EDGE_CURVE('',#3771,#3769,#2007,.T.);
#4857=EDGE_CURVE('',#3770,#3771,#2008,.T.);
#4858=EDGE_CURVE('',#3772,#3770,#2009,.T.);
#4859=EDGE_CURVE('',#3773,#3771,#2010,.T.);
#4860=EDGE_CURVE('',#3772,#3773,#2011,.T.);
#4861=EDGE_CURVE('',#3774,#3772,#2012,.T.);
#4862=EDGE_CURVE('',#3775,#3773,#2013,.T.);
#4863=EDGE_CURVE('',#3774,#3775,#2014,.T.);
#4864=EDGE_CURVE('',#3776,#3774,#2015,.T.);
#4865=EDGE_CURVE('',#3777,#3775,#2016,.T.);
#4866=EDGE_CURVE('',#3776,#3777,#2017,.T.);
#4867=EDGE_CURVE('',#3778,#3776,#2018,.T.);
#4868=EDGE_CURVE('',#3779,#3777,#2019,.T.);
#4869=EDGE_CURVE('',#3778,#3779,#2020,.T.);
#4870=EDGE_CURVE('',#3780,#3778,#2021,.T.);
#4871=EDGE_CURVE('',#3781,#3779,#2022,.T.);
#4872=EDGE_CURVE('',#3780,#3781,#2023,.T.);
#4873=EDGE_CURVE('',#3780,#3782,#409,.T.);
#4874=EDGE_CURVE('',#3783,#3781,#410,.T.);
#4875=EDGE_CURVE('',#3782,#3783,#2024,.T.);
#4876=EDGE_CURVE('',#3784,#3782,#2025,.T.);
#4877=EDGE_CURVE('',#3785,#3783,#2026,.T.);
#4878=EDGE_CURVE('',#3784,#3785,#2027,.T.);
#4879=EDGE_CURVE('',#3786,#3784,#2028,.T.);
#4880=EDGE_CURVE('',#3787,#3785,#2029,.T.);
#4881=EDGE_CURVE('',#3786,#3787,#2030,.T.);
#4882=EDGE_CURVE('',#3788,#3786,#2031,.T.);
#4883=EDGE_CURVE('',#3789,#3787,#2032,.T.);
#4884=EDGE_CURVE('',#3788,#3789,#2033,.T.);
#4885=EDGE_CURVE('',#3790,#3788,#2034,.T.);
#4886=EDGE_CURVE('',#3791,#3789,#2035,.T.);
#4887=EDGE_CURVE('',#3790,#3791,#2036,.T.);
#4888=EDGE_CURVE('',#3792,#3790,#2037,.T.);
#4889=EDGE_CURVE('',#3793,#3791,#2038,.T.);
#4890=EDGE_CURVE('',#3792,#3793,#2039,.T.);
#4891=EDGE_CURVE('',#3794,#3792,#2040,.T.);
#4892=EDGE_CURVE('',#3795,#3793,#2041,.T.);
#4893=EDGE_CURVE('',#3794,#3795,#2042,.T.);
#4894=EDGE_CURVE('',#3796,#3794,#2043,.T.);
#4895=EDGE_CURVE('',#3797,#3795,#2044,.T.);
#4896=EDGE_CURVE('',#3796,#3797,#2045,.T.);
#4897=EDGE_CURVE('',#3798,#3796,#2046,.T.);
#4898=EDGE_CURVE('',#3799,#3797,#2047,.T.);
#4899=EDGE_CURVE('',#3798,#3799,#2048,.T.);
#4900=EDGE_CURVE('',#3800,#3798,#2049,.T.);
#4901=EDGE_CURVE('',#3801,#3799,#2050,.T.);
#4902=EDGE_CURVE('',#3800,#3801,#2051,.T.);
#4903=EDGE_CURVE('',#3802,#3800,#2052,.T.);
#4904=EDGE_CURVE('',#3803,#3801,#2053,.T.);
#4905=EDGE_CURVE('',#3802,#3803,#2054,.T.);
#4906=EDGE_CURVE('',#3804,#3802,#2055,.T.);
#4907=EDGE_CURVE('',#3805,#3803,#2056,.T.);
#4908=EDGE_CURVE('',#3804,#3805,#2057,.T.);
#4909=EDGE_CURVE('',#3806,#3804,#2058,.T.);
#4910=EDGE_CURVE('',#3807,#3805,#2059,.T.);
#4911=EDGE_CURVE('',#3806,#3807,#2060,.T.);
#4912=EDGE_CURVE('',#3808,#3806,#2061,.T.);
#4913=EDGE_CURVE('',#3809,#3807,#2062,.T.);
#4914=EDGE_CURVE('',#3808,#3809,#2063,.T.);
#4915=EDGE_CURVE('',#3810,#3808,#2064,.T.);
#4916=EDGE_CURVE('',#3811,#3809,#2065,.T.);
#4917=EDGE_CURVE('',#3810,#3811,#2066,.T.);
#4918=EDGE_CURVE('',#3812,#3810,#2067,.T.);
#4919=EDGE_CURVE('',#3813,#3811,#2068,.T.);
#4920=EDGE_CURVE('',#3812,#3813,#2069,.T.);
#4921=EDGE_CURVE('',#3814,#3812,#2070,.T.);
#4922=EDGE_CURVE('',#3815,#3813,#2071,.T.);
#4923=EDGE_CURVE('',#3814,#3815,#2072,.T.);
#4924=EDGE_CURVE('',#3816,#3814,#2073,.T.);
#4925=EDGE_CURVE('',#3817,#3815,#2074,.T.);
#4926=EDGE_CURVE('',#3816,#3817,#2075,.T.);
#4927=EDGE_CURVE('',#3818,#3816,#2076,.T.);
#4928=EDGE_CURVE('',#3819,#3817,#2077,.T.);
#4929=EDGE_CURVE('',#3818,#3819,#2078,.T.);
#4930=EDGE_CURVE('',#3731,#3818,#2079,.T.);
#4931=EDGE_CURVE('',#3732,#3819,#2080,.T.);
#4932=EDGE_CURVE('',#3820,#3821,#2081,.T.);
#4933=EDGE_CURVE('',#3821,#3822,#2082,.T.);
#4934=EDGE_CURVE('',#3823,#3822,#2083,.T.);
#4935=EDGE_CURVE('',#3820,#3823,#2084,.T.);
#4936=EDGE_CURVE('',#3824,#3820,#2085,.T.);
#4937=EDGE_CURVE('',#3825,#3823,#2086,.T.);
#4938=EDGE_CURVE('',#3824,#3825,#2087,.T.);
#4939=EDGE_CURVE('',#3826,#3824,#2088,.T.);
#4940=EDGE_CURVE('',#3827,#3825,#2089,.T.);
#4941=EDGE_CURVE('',#3826,#3827,#2090,.T.);
#4942=EDGE_CURVE('',#3828,#3826,#2091,.T.);
#4943=EDGE_CURVE('',#3829,#3827,#2092,.T.);
#4944=EDGE_CURVE('',#3828,#3829,#2093,.T.);
#4945=EDGE_CURVE('',#3830,#3828,#2094,.T.);
#4946=EDGE_CURVE('',#3831,#3829,#2095,.T.);
#4947=EDGE_CURVE('',#3830,#3831,#2096,.T.);
#4948=EDGE_CURVE('',#3821,#3830,#2097,.T.);
#4949=EDGE_CURVE('',#3822,#3831,#2098,.T.);
#4950=EDGE_CURVE('',#3832,#3833,#2099,.T.);
#4951=EDGE_CURVE('',#3833,#3834,#2100,.T.);
#4952=EDGE_CURVE('',#3835,#3834,#2101,.T.);
#4953=EDGE_CURVE('',#3832,#3835,#2102,.T.);
#4954=EDGE_CURVE('',#3836,#3832,#2103,.T.);
#4955=EDGE_CURVE('',#3837,#3835,#2104,.T.);
#4956=EDGE_CURVE('',#3836,#3837,#2105,.T.);
#4957=EDGE_CURVE('',#3838,#3836,#2106,.T.);
#4958=EDGE_CURVE('',#3839,#3837,#2107,.T.);
#4959=EDGE_CURVE('',#3838,#3839,#2108,.T.);
#4960=EDGE_CURVE('',#3840,#3838,#2109,.T.);
#4961=EDGE_CURVE('',#3841,#3839,#2110,.T.);
#4962=EDGE_CURVE('',#3840,#3841,#2111,.T.);
#4963=EDGE_CURVE('',#3842,#3840,#2112,.T.);
#4964=EDGE_CURVE('',#3843,#3841,#2113,.T.);
#4965=EDGE_CURVE('',#3842,#3843,#2114,.T.);
#4966=EDGE_CURVE('',#3833,#3842,#2115,.T.);
#4967=EDGE_CURVE('',#3834,#3843,#2116,.T.);
#4968=EDGE_CURVE('',#3844,#3845,#2117,.T.);
#4969=EDGE_CURVE('',#3845,#3846,#2118,.T.);
#4970=EDGE_CURVE('',#3847,#3846,#2119,.T.);
#4971=EDGE_CURVE('',#3844,#3847,#2120,.T.);
#4972=EDGE_CURVE('',#3848,#3844,#2121,.T.);
#4973=EDGE_CURVE('',#3849,#3847,#2122,.T.);
#4974=EDGE_CURVE('',#3848,#3849,#2123,.T.);
#4975=EDGE_CURVE('',#3850,#3848,#2124,.T.);
#4976=EDGE_CURVE('',#3851,#3849,#2125,.T.);
#4977=EDGE_CURVE('',#3850,#3851,#2126,.T.);
#4978=EDGE_CURVE('',#3850,#3852,#411,.T.);
#4979=EDGE_CURVE('',#3853,#3851,#412,.T.);
#4980=EDGE_CURVE('',#3852,#3853,#2127,.T.);
#4981=EDGE_CURVE('',#3854,#3852,#2128,.T.);
#4982=EDGE_CURVE('',#3855,#3853,#2129,.T.);
#4983=EDGE_CURVE('',#3854,#3855,#2130,.T.);
#4984=EDGE_CURVE('',#3856,#3854,#2131,.T.);
#4985=EDGE_CURVE('',#3857,#3855,#2132,.T.);
#4986=EDGE_CURVE('',#3856,#3857,#2133,.T.);
#4987=EDGE_CURVE('',#3858,#3856,#2134,.T.);
#4988=EDGE_CURVE('',#3859,#3857,#2135,.T.);
#4989=EDGE_CURVE('',#3858,#3859,#2136,.T.);
#4990=EDGE_CURVE('',#3860,#3858,#2137,.T.);
#4991=EDGE_CURVE('',#3861,#3859,#2138,.T.);
#4992=EDGE_CURVE('',#3860,#3861,#2139,.T.);
#4993=EDGE_CURVE('',#3860,#3862,#413,.T.);
#4994=EDGE_CURVE('',#3863,#3861,#414,.T.);
#4995=EDGE_CURVE('',#3862,#3863,#2140,.T.);
#4996=EDGE_CURVE('',#3864,#3862,#2141,.T.);
#4997=EDGE_CURVE('',#3865,#3863,#2142,.T.);
#4998=EDGE_CURVE('',#3864,#3865,#2143,.T.);
#4999=EDGE_CURVE('',#3866,#3864,#2144,.T.);
#5000=EDGE_CURVE('',#3867,#3865,#2145,.T.);
#5001=EDGE_CURVE('',#3866,#3867,#2146,.T.);
#5002=EDGE_CURVE('',#3868,#3866,#2147,.T.);
#5003=EDGE_CURVE('',#3869,#3867,#2148,.T.);
#5004=EDGE_CURVE('',#3868,#3869,#2149,.T.);
#5005=EDGE_CURVE('',#3870,#3868,#2150,.T.);
#5006=EDGE_CURVE('',#3871,#3869,#2151,.T.);
#5007=EDGE_CURVE('',#3870,#3871,#2152,.T.);
#5008=EDGE_CURVE('',#3872,#3870,#2153,.T.);
#5009=EDGE_CURVE('',#3873,#3871,#2154,.T.);
#5010=EDGE_CURVE('',#3872,#3873,#2155,.T.);
#5011=EDGE_CURVE('',#3874,#3872,#2156,.T.);
#5012=EDGE_CURVE('',#3875,#3873,#2157,.T.);
#5013=EDGE_CURVE('',#3874,#3875,#2158,.T.);
#5014=EDGE_CURVE('',#3876,#3874,#2159,.T.);
#5015=EDGE_CURVE('',#3877,#3875,#2160,.T.);
#5016=EDGE_CURVE('',#3876,#3877,#2161,.T.);
#5017=EDGE_CURVE('',#3878,#3876,#2162,.T.);
#5018=EDGE_CURVE('',#3879,#3877,#2163,.T.);
#5019=EDGE_CURVE('',#3878,#3879,#2164,.T.);
#5020=EDGE_CURVE('',#3880,#3878,#2165,.T.);
#5021=EDGE_CURVE('',#3881,#3879,#2166,.T.);
#5022=EDGE_CURVE('',#3880,#3881,#2167,.T.);
#5023=EDGE_CURVE('',#3882,#3880,#2168,.T.);
#5024=EDGE_CURVE('',#3883,#3881,#2169,.T.);
#5025=EDGE_CURVE('',#3882,#3883,#2170,.T.);
#5026=EDGE_CURVE('',#3884,#3882,#2171,.T.);
#5027=EDGE_CURVE('',#3885,#3883,#2172,.T.);
#5028=EDGE_CURVE('',#3884,#3885,#2173,.T.);
#5029=EDGE_CURVE('',#3886,#3884,#2174,.T.);
#5030=EDGE_CURVE('',#3887,#3885,#2175,.T.);
#5031=EDGE_CURVE('',#3886,#3887,#2176,.T.);
#5032=EDGE_CURVE('',#3888,#3886,#2177,.T.);
#5033=EDGE_CURVE('',#3889,#3887,#2178,.T.);
#5034=EDGE_CURVE('',#3888,#3889,#2179,.T.);
#5035=EDGE_CURVE('',#3890,#3888,#2180,.T.);
#5036=EDGE_CURVE('',#3891,#3889,#2181,.T.);
#5037=EDGE_CURVE('',#3890,#3891,#2182,.T.);
#5038=EDGE_CURVE('',#3892,#3890,#2183,.T.);
#5039=EDGE_CURVE('',#3893,#3891,#2184,.T.);
#5040=EDGE_CURVE('',#3892,#3893,#2185,.T.);
#5041=EDGE_CURVE('',#3892,#3894,#415,.T.);
#5042=EDGE_CURVE('',#3895,#3893,#416,.T.);
#5043=EDGE_CURVE('',#3894,#3895,#2186,.T.);
#5044=EDGE_CURVE('',#3896,#3894,#2187,.T.);
#5045=EDGE_CURVE('',#3897,#3895,#2188,.T.);
#5046=EDGE_CURVE('',#3896,#3897,#2189,.T.);
#5047=EDGE_CURVE('',#3898,#3896,#2190,.T.);
#5048=EDGE_CURVE('',#3899,#3897,#2191,.T.);
#5049=EDGE_CURVE('',#3898,#3899,#2192,.T.);
#5050=EDGE_CURVE('',#3898,#3900,#417,.T.);
#5051=EDGE_CURVE('',#3901,#3899,#418,.T.);
#5052=EDGE_CURVE('',#3900,#3901,#2193,.T.);
#5053=EDGE_CURVE('',#3902,#3900,#2194,.T.);
#5054=EDGE_CURVE('',#3903,#3901,#2195,.T.);
#5055=EDGE_CURVE('',#3902,#3903,#2196,.T.);
#5056=EDGE_CURVE('',#3904,#3902,#2197,.T.);
#5057=EDGE_CURVE('',#3905,#3903,#2198,.T.);
#5058=EDGE_CURVE('',#3904,#3905,#2199,.T.);
#5059=EDGE_CURVE('',#3906,#3904,#2200,.T.);
#5060=EDGE_CURVE('',#3907,#3905,#2201,.T.);
#5061=EDGE_CURVE('',#3906,#3907,#2202,.T.);
#5062=EDGE_CURVE('',#3908,#3906,#2203,.T.);
#5063=EDGE_CURVE('',#3909,#3907,#2204,.T.);
#5064=EDGE_CURVE('',#3908,#3909,#2205,.T.);
#5065=EDGE_CURVE('',#3910,#3908,#2206,.T.);
#5066=EDGE_CURVE('',#3911,#3909,#2207,.T.);
#5067=EDGE_CURVE('',#3910,#3911,#2208,.T.);
#5068=EDGE_CURVE('',#3912,#3910,#2209,.T.);
#5069=EDGE_CURVE('',#3913,#3911,#2210,.T.);
#5070=EDGE_CURVE('',#3912,#3913,#2211,.T.);
#5071=EDGE_CURVE('',#3914,#3912,#2212,.T.);
#5072=EDGE_CURVE('',#3915,#3913,#2213,.T.);
#5073=EDGE_CURVE('',#3914,#3915,#2214,.T.);
#5074=EDGE_CURVE('',#3916,#3914,#2215,.T.);
#5075=EDGE_CURVE('',#3917,#3915,#2216,.T.);
#5076=EDGE_CURVE('',#3916,#3917,#2217,.T.);
#5077=EDGE_CURVE('',#3918,#3916,#2218,.T.);
#5078=EDGE_CURVE('',#3919,#3917,#2219,.T.);
#5079=EDGE_CURVE('',#3918,#3919,#2220,.T.);
#5080=EDGE_CURVE('',#3920,#3918,#2221,.T.);
#5081=EDGE_CURVE('',#3921,#3919,#2222,.T.);
#5082=EDGE_CURVE('',#3920,#3921,#2223,.T.);
#5083=EDGE_CURVE('',#3922,#3920,#2224,.T.);
#5084=EDGE_CURVE('',#3923,#3921,#2225,.T.);
#5085=EDGE_CURVE('',#3922,#3923,#2226,.T.);
#5086=EDGE_CURVE('',#3924,#3922,#2227,.T.);
#5087=EDGE_CURVE('',#3925,#3923,#2228,.T.);
#5088=EDGE_CURVE('',#3924,#3925,#2229,.T.);
#5089=EDGE_CURVE('',#3926,#3924,#2230,.T.);
#5090=EDGE_CURVE('',#3927,#3925,#2231,.T.);
#5091=EDGE_CURVE('',#3926,#3927,#2232,.T.);
#5092=EDGE_CURVE('',#3928,#3926,#2233,.T.);
#5093=EDGE_CURVE('',#3929,#3927,#2234,.T.);
#5094=EDGE_CURVE('',#3928,#3929,#2235,.T.);
#5095=EDGE_CURVE('',#3930,#3928,#2236,.T.);
#5096=EDGE_CURVE('',#3931,#3929,#2237,.T.);
#5097=EDGE_CURVE('',#3930,#3931,#2238,.T.);
#5098=EDGE_CURVE('',#3845,#3930,#2239,.T.);
#5099=EDGE_CURVE('',#3846,#3931,#2240,.T.);
#5100=ORIENTED_EDGE('',*,*,#3932,.T.);
#5101=ORIENTED_EDGE('',*,*,#3933,.T.);
#5102=ORIENTED_EDGE('',*,*,#3934,.T.);
#5103=ORIENTED_EDGE('',*,*,#3935,.T.);
#5104=ORIENTED_EDGE('',*,*,#3936,.T.);
#5105=ORIENTED_EDGE('',*,*,#3937,.T.);
#5106=ORIENTED_EDGE('',*,*,#3938,.T.);
#5107=ORIENTED_EDGE('',*,*,#3933,.F.);
#5108=ORIENTED_EDGE('',*,*,#3939,.T.);
#5109=ORIENTED_EDGE('',*,*,#3940,.T.);
#5110=ORIENTED_EDGE('',*,*,#3941,.T.);
#5111=ORIENTED_EDGE('',*,*,#3935,.F.);
#5112=ORIENTED_EDGE('',*,*,#3942,.T.);
#5113=ORIENTED_EDGE('',*,*,#3940,.F.);
#5114=ORIENTED_EDGE('',*,*,#3943,.T.);
#5115=ORIENTED_EDGE('',*,*,#3937,.F.);
#5116=ORIENTED_EDGE('',*,*,#3939,.F.);
#5117=ORIENTED_EDGE('',*,*,#3944,.F.);
#5118=ORIENTED_EDGE('',*,*,#3945,.T.);
#5119=ORIENTED_EDGE('',*,*,#3946,.F.);
#5120=ORIENTED_EDGE('',*,*,#3947,.F.);
#5121=ORIENTED_EDGE('',*,*,#3948,.T.);
#5122=ORIENTED_EDGE('',*,*,#3949,.F.);
#5123=ORIENTED_EDGE('',*,*,#3950,.T.);
#5124=ORIENTED_EDGE('',*,*,#3934,.F.);
#5125=ORIENTED_EDGE('',*,*,#3951,.F.);
#5126=ORIENTED_EDGE('',*,*,#3952,.T.);
#5127=ORIENTED_EDGE('',*,*,#3944,.T.);
#5128=ORIENTED_EDGE('',*,*,#3953,.T.);
#5129=ORIENTED_EDGE('',*,*,#3954,.T.);
#5130=ORIENTED_EDGE('',*,*,#3955,.T.);
#5131=ORIENTED_EDGE('',*,*,#3956,.T.);
#5132=ORIENTED_EDGE('',*,*,#3957,.T.);
#5133=ORIENTED_EDGE('',*,*,#3958,.T.);
#5134=ORIENTED_EDGE('',*,*,#3959,.T.);
#5135=ORIENTED_EDGE('',*,*,#3960,.T.);
#5136=ORIENTED_EDGE('',*,*,#3961,.T.);
#5137=ORIENTED_EDGE('',*,*,#3962,.T.);
#5138=ORIENTED_EDGE('',*,*,#3963,.T.);
#5139=ORIENTED_EDGE('',*,*,#3964,.T.);
#5140=ORIENTED_EDGE('',*,*,#3965,.T.);
#5141=ORIENTED_EDGE('',*,*,#3966,.T.);
#5142=ORIENTED_EDGE('',*,*,#3967,.T.);
#5143=ORIENTED_EDGE('',*,*,#3968,.T.);
#5144=ORIENTED_EDGE('',*,*,#3969,.F.);
#5145=ORIENTED_EDGE('',*,*,#3970,.F.);
#5146=ORIENTED_EDGE('',*,*,#3971,.F.);
#5147=ORIENTED_EDGE('',*,*,#3972,.F.);
#5148=ORIENTED_EDGE('',*,*,#3973,.F.);
#5149=ORIENTED_EDGE('',*,*,#3974,.F.);
#5150=ORIENTED_EDGE('',*,*,#3975,.F.);
#5151=ORIENTED_EDGE('',*,*,#3976,.F.);
#5152=ORIENTED_EDGE('',*,*,#3977,.T.);
#5153=ORIENTED_EDGE('',*,*,#3978,.T.);
#5154=ORIENTED_EDGE('',*,*,#3979,.T.);
#5155=ORIENTED_EDGE('',*,*,#3980,.T.);
#5156=ORIENTED_EDGE('',*,*,#3981,.T.);
#5157=ORIENTED_EDGE('',*,*,#3982,.T.);
#5158=ORIENTED_EDGE('',*,*,#3983,.T.);
#5159=ORIENTED_EDGE('',*,*,#3984,.T.);
#5160=ORIENTED_EDGE('',*,*,#3985,.T.);
#5161=ORIENTED_EDGE('',*,*,#3986,.T.);
#5162=ORIENTED_EDGE('',*,*,#3987,.T.);
#5163=ORIENTED_EDGE('',*,*,#3988,.T.);
#5164=ORIENTED_EDGE('',*,*,#3989,.T.);
#5165=ORIENTED_EDGE('',*,*,#3990,.T.);
#5166=ORIENTED_EDGE('',*,*,#3991,.T.);
#5167=ORIENTED_EDGE('',*,*,#3992,.T.);
#5168=ORIENTED_EDGE('',*,*,#3993,.T.);
#5169=ORIENTED_EDGE('',*,*,#3994,.T.);
#5170=ORIENTED_EDGE('',*,*,#3995,.T.);
#5171=ORIENTED_EDGE('',*,*,#3996,.T.);
#5172=ORIENTED_EDGE('',*,*,#3997,.T.);
#5173=ORIENTED_EDGE('',*,*,#3998,.T.);
#5174=ORIENTED_EDGE('',*,*,#3999,.T.);
#5175=ORIENTED_EDGE('',*,*,#4000,.T.);
#5176=ORIENTED_EDGE('',*,*,#4001,.T.);
#5177=ORIENTED_EDGE('',*,*,#4002,.T.);
#5178=ORIENTED_EDGE('',*,*,#4003,.T.);
#5179=ORIENTED_EDGE('',*,*,#4004,.T.);
#5180=ORIENTED_EDGE('',*,*,#4005,.T.);
#5181=ORIENTED_EDGE('',*,*,#4006,.T.);
#5182=ORIENTED_EDGE('',*,*,#4007,.T.);
#5183=ORIENTED_EDGE('',*,*,#4008,.T.);
#5184=ORIENTED_EDGE('',*,*,#3932,.F.);
#5185=ORIENTED_EDGE('',*,*,#3941,.F.);
#5186=ORIENTED_EDGE('',*,*,#3942,.F.);
#5187=ORIENTED_EDGE('',*,*,#3936,.F.);
#5188=ORIENTED_EDGE('',*,*,#4009,.T.);
#5189=ORIENTED_EDGE('',*,*,#4010,.T.);
#5190=ORIENTED_EDGE('',*,*,#4011,.T.);
#5191=ORIENTED_EDGE('',*,*,#3969,.T.);
#5192=ORIENTED_EDGE('',*,*,#4009,.F.);
#5193=ORIENTED_EDGE('',*,*,#3976,.T.);
#5194=ORIENTED_EDGE('',*,*,#4012,.T.);
#5195=ORIENTED_EDGE('',*,*,#4013,.T.);
#5196=ORIENTED_EDGE('',*,*,#4014,.T.);
#5197=ORIENTED_EDGE('',*,*,#4015,.T.);
#5198=ORIENTED_EDGE('',*,*,#4012,.F.);
#5199=ORIENTED_EDGE('',*,*,#3975,.T.);
#5200=ORIENTED_EDGE('',*,*,#4014,.F.);
#5201=ORIENTED_EDGE('',*,*,#3974,.T.);
#5202=ORIENTED_EDGE('',*,*,#4016,.T.);
#5203=ORIENTED_EDGE('',*,*,#4017,.T.);
#5204=ORIENTED_EDGE('',*,*,#4018,.T.);
#5205=ORIENTED_EDGE('',*,*,#4019,.T.);
#5206=ORIENTED_EDGE('',*,*,#4016,.F.);
#5207=ORIENTED_EDGE('',*,*,#3973,.T.);
#5208=ORIENTED_EDGE('',*,*,#4018,.F.);
#5209=ORIENTED_EDGE('',*,*,#3972,.T.);
#5210=ORIENTED_EDGE('',*,*,#4020,.T.);
#5211=ORIENTED_EDGE('',*,*,#4021,.T.);
#5212=ORIENTED_EDGE('',*,*,#4022,.T.);
#5213=ORIENTED_EDGE('',*,*,#4023,.T.);
#5214=ORIENTED_EDGE('',*,*,#4020,.F.);
#5215=ORIENTED_EDGE('',*,*,#3971,.T.);
#5216=ORIENTED_EDGE('',*,*,#4022,.F.);
#5217=ORIENTED_EDGE('',*,*,#3970,.T.);
#5218=ORIENTED_EDGE('',*,*,#4011,.F.);
#5219=ORIENTED_EDGE('',*,*,#4024,.T.);
#5220=ORIENTED_EDGE('',*,*,#4021,.F.);
#5221=ORIENTED_EDGE('',*,*,#4025,.F.);
#5222=ORIENTED_EDGE('',*,*,#4026,.F.);
#5223=ORIENTED_EDGE('',*,*,#4027,.F.);
#5224=ORIENTED_EDGE('',*,*,#4023,.F.);
#5225=ORIENTED_EDGE('',*,*,#4028,.T.);
#5226=ORIENTED_EDGE('',*,*,#4029,.T.);
#5227=ORIENTED_EDGE('',*,*,#4025,.T.);
#5228=ORIENTED_EDGE('',*,*,#4024,.F.);
#5229=ORIENTED_EDGE('',*,*,#4030,.F.);
#5230=ORIENTED_EDGE('',*,*,#4031,.F.);
#5231=ORIENTED_EDGE('',*,*,#4028,.F.);
#5232=ORIENTED_EDGE('',*,*,#4010,.F.);
#5233=ORIENTED_EDGE('',*,*,#4032,.T.);
#5234=ORIENTED_EDGE('',*,*,#4033,.T.);
#5235=ORIENTED_EDGE('',*,*,#4030,.T.);
#5236=ORIENTED_EDGE('',*,*,#4015,.F.);
#5237=ORIENTED_EDGE('',*,*,#4034,.T.);
#5238=ORIENTED_EDGE('',*,*,#4035,.T.);
#5239=ORIENTED_EDGE('',*,*,#4036,.T.);
#5240=ORIENTED_EDGE('',*,*,#4013,.F.);
#5241=ORIENTED_EDGE('',*,*,#4036,.F.);
#5242=ORIENTED_EDGE('',*,*,#4037,.F.);
#5243=ORIENTED_EDGE('',*,*,#4032,.F.);
#5244=ORIENTED_EDGE('',*,*,#4019,.F.);
#5245=ORIENTED_EDGE('',*,*,#4027,.T.);
#5246=ORIENTED_EDGE('',*,*,#4038,.T.);
#5247=ORIENTED_EDGE('',*,*,#4039,.T.);
#5248=ORIENTED_EDGE('',*,*,#4017,.F.);
#5249=ORIENTED_EDGE('',*,*,#4039,.F.);
#5250=ORIENTED_EDGE('',*,*,#4040,.F.);
#5251=ORIENTED_EDGE('',*,*,#4034,.F.);
#5252=ORIENTED_EDGE('',*,*,#3945,.F.);
#5253=ORIENTED_EDGE('',*,*,#3952,.F.);
#5254=ORIENTED_EDGE('',*,*,#4041,.F.);
#5255=ORIENTED_EDGE('',*,*,#4042,.F.);
#5256=ORIENTED_EDGE('',*,*,#3943,.F.);
#5257=ORIENTED_EDGE('',*,*,#3950,.F.);
#5258=ORIENTED_EDGE('',*,*,#4043,.F.);
#5259=ORIENTED_EDGE('',*,*,#4044,.T.);
#5260=ORIENTED_EDGE('',*,*,#4045,.F.);
#5261=ORIENTED_EDGE('',*,*,#4046,.T.);
#5262=ORIENTED_EDGE('',*,*,#4043,.T.);
#5263=ORIENTED_EDGE('',*,*,#3949,.T.);
#5264=ORIENTED_EDGE('',*,*,#4042,.T.);
#5265=ORIENTED_EDGE('',*,*,#4047,.F.);
#5266=ORIENTED_EDGE('',*,*,#4048,.F.);
#5267=ORIENTED_EDGE('',*,*,#3946,.T.);
#5268=ORIENTED_EDGE('',*,*,#4045,.T.);
#5269=ORIENTED_EDGE('',*,*,#3948,.F.);
#5270=ORIENTED_EDGE('',*,*,#4049,.F.);
#5271=ORIENTED_EDGE('',*,*,#4050,.T.);
#5272=ORIENTED_EDGE('',*,*,#4051,.F.);
#5273=ORIENTED_EDGE('',*,*,#4052,.T.);
#5274=ORIENTED_EDGE('',*,*,#3977,.F.);
#5275=ORIENTED_EDGE('',*,*,#4052,.F.);
#5276=ORIENTED_EDGE('',*,*,#4053,.F.);
#5277=ORIENTED_EDGE('',*,*,#4054,.T.);
#5278=ORIENTED_EDGE('',*,*,#3978,.F.);
#5279=ORIENTED_EDGE('',*,*,#4054,.F.);
#5280=ORIENTED_EDGE('',*,*,#3938,.F.);
#5281=ORIENTED_EDGE('',*,*,#4044,.F.);
#5282=ORIENTED_EDGE('',*,*,#4046,.F.);
#5283=ORIENTED_EDGE('',*,*,#4050,.F.);
#5284=ORIENTED_EDGE('',*,*,#4055,.F.);
#5285=ORIENTED_EDGE('',*,*,#4047,.T.);
#5286=ORIENTED_EDGE('',*,*,#4041,.T.);
#5287=ORIENTED_EDGE('',*,*,#3951,.T.);
#5288=ORIENTED_EDGE('',*,*,#4056,.T.);
#5289=ORIENTED_EDGE('',*,*,#4057,.T.);
#5290=ORIENTED_EDGE('',*,*,#4058,.F.);
#5291=ORIENTED_EDGE('',*,*,#4059,.F.);
#5292=ORIENTED_EDGE('',*,*,#4060,.F.);
#5293=ORIENTED_EDGE('',*,*,#4061,.T.);
#5294=ORIENTED_EDGE('',*,*,#4062,.F.);
#5295=ORIENTED_EDGE('',*,*,#4063,.T.);
#5296=ORIENTED_EDGE('',*,*,#4064,.T.);
#5297=ORIENTED_EDGE('',*,*,#4065,.T.);
#5298=ORIENTED_EDGE('',*,*,#4066,.T.);
#5299=ORIENTED_EDGE('',*,*,#4067,.T.);
#5300=ORIENTED_EDGE('',*,*,#4068,.F.);
#5301=ORIENTED_EDGE('',*,*,#4069,.F.);
#5302=ORIENTED_EDGE('',*,*,#4070,.F.);
#5303=ORIENTED_EDGE('',*,*,#4071,.T.);
#5304=ORIENTED_EDGE('',*,*,#4072,.T.);
#5305=ORIENTED_EDGE('',*,*,#4073,.T.);
#5306=ORIENTED_EDGE('',*,*,#4074,.F.);
#5307=ORIENTED_EDGE('',*,*,#4075,.F.);
#5308=ORIENTED_EDGE('',*,*,#4076,.F.);
#5309=ORIENTED_EDGE('',*,*,#4077,.T.);
#5310=ORIENTED_EDGE('',*,*,#4078,.T.);
#5311=ORIENTED_EDGE('',*,*,#4079,.F.);
#5312=ORIENTED_EDGE('',*,*,#4080,.F.);
#5313=ORIENTED_EDGE('',*,*,#4081,.T.);
#5314=ORIENTED_EDGE('',*,*,#4082,.T.);
#5315=ORIENTED_EDGE('',*,*,#4083,.F.);
#5316=ORIENTED_EDGE('',*,*,#4084,.T.);
#5317=ORIENTED_EDGE('',*,*,#4085,.T.);
#5318=ORIENTED_EDGE('',*,*,#4086,.F.);
#5319=ORIENTED_EDGE('',*,*,#4087,.F.);
#5320=ORIENTED_EDGE('',*,*,#4088,.F.);
#5321=ORIENTED_EDGE('',*,*,#4089,.T.);
#5322=ORIENTED_EDGE('',*,*,#4090,.F.);
#5323=ORIENTED_EDGE('',*,*,#4091,.F.);
#5324=ORIENTED_EDGE('',*,*,#4092,.T.);
#5325=ORIENTED_EDGE('',*,*,#4093,.F.);
#5326=ORIENTED_EDGE('',*,*,#4094,.F.);
#5327=ORIENTED_EDGE('',*,*,#4095,.T.);
#5328=ORIENTED_EDGE('',*,*,#4064,.F.);
#5329=ORIENTED_EDGE('',*,*,#4096,.F.);
#5330=ORIENTED_EDGE('',*,*,#4097,.F.);
#5331=ORIENTED_EDGE('',*,*,#4098,.F.);
#5332=ORIENTED_EDGE('',*,*,#4099,.F.);
#5333=ORIENTED_EDGE('',*,*,#4100,.F.);
#5334=ORIENTED_EDGE('',*,*,#4101,.F.);
#5335=ORIENTED_EDGE('',*,*,#4102,.F.);
#5336=ORIENTED_EDGE('',*,*,#4056,.F.);
#5337=ORIENTED_EDGE('',*,*,#4103,.T.);
#5338=ORIENTED_EDGE('',*,*,#4104,.T.);
#5339=ORIENTED_EDGE('',*,*,#4105,.T.);
#5340=ORIENTED_EDGE('',*,*,#4106,.T.);
#5341=ORIENTED_EDGE('',*,*,#4107,.T.);
#5342=ORIENTED_EDGE('',*,*,#4108,.T.);
#5343=ORIENTED_EDGE('',*,*,#4109,.T.);
#5344=ORIENTED_EDGE('',*,*,#4051,.T.);
#5345=ORIENTED_EDGE('',*,*,#4053,.T.);
#5346=ORIENTED_EDGE('',*,*,#4026,.T.);
#5347=ORIENTED_EDGE('',*,*,#4029,.F.);
#5348=ORIENTED_EDGE('',*,*,#4031,.T.);
#5349=ORIENTED_EDGE('',*,*,#4033,.F.);
#5350=ORIENTED_EDGE('',*,*,#4037,.T.);
#5351=ORIENTED_EDGE('',*,*,#4035,.F.);
#5352=ORIENTED_EDGE('',*,*,#4040,.T.);
#5353=ORIENTED_EDGE('',*,*,#4038,.F.);
#5354=ORIENTED_EDGE('',*,*,#4055,.T.);
#5355=ORIENTED_EDGE('',*,*,#4049,.T.);
#5356=ORIENTED_EDGE('',*,*,#3947,.T.);
#5357=ORIENTED_EDGE('',*,*,#4048,.T.);
#5358=ORIENTED_EDGE('',*,*,#4110,.F.);
#5359=ORIENTED_EDGE('',*,*,#4111,.F.);
#5360=ORIENTED_EDGE('',*,*,#4112,.F.);
#5361=ORIENTED_EDGE('',*,*,#4001,.F.);
#5362=ORIENTED_EDGE('',*,*,#4110,.T.);
#5363=ORIENTED_EDGE('',*,*,#4008,.F.);
#5364=ORIENTED_EDGE('',*,*,#4113,.F.);
#5365=ORIENTED_EDGE('',*,*,#4114,.F.);
#5366=ORIENTED_EDGE('',*,*,#4115,.F.);
#5367=ORIENTED_EDGE('',*,*,#4116,.F.);
#5368=ORIENTED_EDGE('',*,*,#4113,.T.);
#5369=ORIENTED_EDGE('',*,*,#4007,.F.);
#5370=ORIENTED_EDGE('',*,*,#4117,.F.);
#5371=ORIENTED_EDGE('',*,*,#4118,.F.);
#5372=ORIENTED_EDGE('',*,*,#4115,.T.);
#5373=ORIENTED_EDGE('',*,*,#4006,.F.);
#5374=ORIENTED_EDGE('',*,*,#4117,.T.);
#5375=ORIENTED_EDGE('',*,*,#4005,.F.);
#5376=ORIENTED_EDGE('',*,*,#4119,.F.);
#5377=ORIENTED_EDGE('',*,*,#4120,.F.);
#5378=ORIENTED_EDGE('',*,*,#4121,.F.);
#5379=ORIENTED_EDGE('',*,*,#4122,.F.);
#5380=ORIENTED_EDGE('',*,*,#4119,.T.);
#5381=ORIENTED_EDGE('',*,*,#4004,.F.);
#5382=ORIENTED_EDGE('',*,*,#4123,.F.);
#5383=ORIENTED_EDGE('',*,*,#4124,.F.);
#5384=ORIENTED_EDGE('',*,*,#4121,.T.);
#5385=ORIENTED_EDGE('',*,*,#4003,.F.);
#5386=ORIENTED_EDGE('',*,*,#4123,.T.);
#5387=ORIENTED_EDGE('',*,*,#4002,.F.);
#5388=ORIENTED_EDGE('',*,*,#4112,.T.);
#5389=ORIENTED_EDGE('',*,*,#4125,.F.);
#5390=ORIENTED_EDGE('',*,*,#4118,.T.);
#5391=ORIENTED_EDGE('',*,*,#4126,.F.);
#5392=ORIENTED_EDGE('',*,*,#4088,.T.);
#5393=ORIENTED_EDGE('',*,*,#4127,.F.);
#5394=ORIENTED_EDGE('',*,*,#4116,.T.);
#5395=ORIENTED_EDGE('',*,*,#4127,.T.);
#5396=ORIENTED_EDGE('',*,*,#4087,.T.);
#5397=ORIENTED_EDGE('',*,*,#4128,.T.);
#5398=ORIENTED_EDGE('',*,*,#4129,.T.);
#5399=ORIENTED_EDGE('',*,*,#4114,.T.);
#5400=ORIENTED_EDGE('',*,*,#4129,.F.);
#5401=ORIENTED_EDGE('',*,*,#4130,.F.);
#5402=ORIENTED_EDGE('',*,*,#4131,.F.);
#5403=ORIENTED_EDGE('',*,*,#4111,.T.);
#5404=ORIENTED_EDGE('',*,*,#4131,.T.);
#5405=ORIENTED_EDGE('',*,*,#4132,.T.);
#5406=ORIENTED_EDGE('',*,*,#4093,.T.);
#5407=ORIENTED_EDGE('',*,*,#4133,.T.);
#5408=ORIENTED_EDGE('',*,*,#4134,.F.);
#5409=ORIENTED_EDGE('',*,*,#4135,.F.);
#5410=ORIENTED_EDGE('',*,*,#4136,.F.);
#5411=ORIENTED_EDGE('',*,*,#3979,.F.);
#5412=ORIENTED_EDGE('',*,*,#4134,.T.);
#5413=ORIENTED_EDGE('',*,*,#3988,.F.);
#5414=ORIENTED_EDGE('',*,*,#4137,.F.);
#5415=ORIENTED_EDGE('',*,*,#4138,.F.);
#5416=ORIENTED_EDGE('',*,*,#4139,.F.);
#5417=ORIENTED_EDGE('',*,*,#4140,.F.);
#5418=ORIENTED_EDGE('',*,*,#4137,.T.);
#5419=ORIENTED_EDGE('',*,*,#3987,.F.);
#5420=ORIENTED_EDGE('',*,*,#4141,.F.);
#5421=ORIENTED_EDGE('',*,*,#4142,.F.);
#5422=ORIENTED_EDGE('',*,*,#4139,.T.);
#5423=ORIENTED_EDGE('',*,*,#3986,.F.);
#5424=ORIENTED_EDGE('',*,*,#4143,.F.);
#5425=ORIENTED_EDGE('',*,*,#4144,.F.);
#5426=ORIENTED_EDGE('',*,*,#4141,.T.);
#5427=ORIENTED_EDGE('',*,*,#3985,.F.);
#5428=ORIENTED_EDGE('',*,*,#4145,.F.);
#5429=ORIENTED_EDGE('',*,*,#4146,.F.);
#5430=ORIENTED_EDGE('',*,*,#4143,.T.);
#5431=ORIENTED_EDGE('',*,*,#3984,.F.);
#5432=ORIENTED_EDGE('',*,*,#4147,.F.);
#5433=ORIENTED_EDGE('',*,*,#4148,.F.);
#5434=ORIENTED_EDGE('',*,*,#4145,.T.);
#5435=ORIENTED_EDGE('',*,*,#3983,.F.);
#5436=ORIENTED_EDGE('',*,*,#4147,.T.);
#5437=ORIENTED_EDGE('',*,*,#3982,.F.);
#5438=ORIENTED_EDGE('',*,*,#4149,.F.);
#5439=ORIENTED_EDGE('',*,*,#4150,.F.);
#5440=ORIENTED_EDGE('',*,*,#4151,.F.);
#5441=ORIENTED_EDGE('',*,*,#4152,.F.);
#5442=ORIENTED_EDGE('',*,*,#4149,.T.);
#5443=ORIENTED_EDGE('',*,*,#3981,.F.);
#5444=ORIENTED_EDGE('',*,*,#4151,.T.);
#5445=ORIENTED_EDGE('',*,*,#3980,.F.);
#5446=ORIENTED_EDGE('',*,*,#4136,.T.);
#5447=ORIENTED_EDGE('',*,*,#4153,.F.);
#5448=ORIENTED_EDGE('',*,*,#4144,.T.);
#5449=ORIENTED_EDGE('',*,*,#4154,.T.);
#5450=ORIENTED_EDGE('',*,*,#4155,.T.);
#5451=ORIENTED_EDGE('',*,*,#4156,.F.);
#5452=ORIENTED_EDGE('',*,*,#4142,.T.);
#5453=ORIENTED_EDGE('',*,*,#4156,.T.);
#5454=ORIENTED_EDGE('',*,*,#4157,.T.);
#5455=ORIENTED_EDGE('',*,*,#4158,.F.);
#5456=ORIENTED_EDGE('',*,*,#4140,.T.);
#5457=ORIENTED_EDGE('',*,*,#4158,.T.);
#5458=ORIENTED_EDGE('',*,*,#4159,.T.);
#5459=ORIENTED_EDGE('',*,*,#4160,.T.);
#5460=ORIENTED_EDGE('',*,*,#4138,.T.);
#5461=ORIENTED_EDGE('',*,*,#4160,.F.);
#5462=ORIENTED_EDGE('',*,*,#4161,.F.);
#5463=ORIENTED_EDGE('',*,*,#4162,.F.);
#5464=ORIENTED_EDGE('',*,*,#4135,.T.);
#5465=ORIENTED_EDGE('',*,*,#4162,.T.);
#5466=ORIENTED_EDGE('',*,*,#4163,.T.);
#5467=ORIENTED_EDGE('',*,*,#4164,.T.);
#5468=ORIENTED_EDGE('',*,*,#4165,.F.);
#5469=ORIENTED_EDGE('',*,*,#4166,.T.);
#5470=ORIENTED_EDGE('',*,*,#4167,.T.);
#5471=ORIENTED_EDGE('',*,*,#4168,.F.);
#5472=ORIENTED_EDGE('',*,*,#4169,.F.);
#5473=ORIENTED_EDGE('',*,*,#4170,.T.);
#5474=ORIENTED_EDGE('',*,*,#4171,.T.);
#5475=ORIENTED_EDGE('',*,*,#4172,.F.);
#5476=ORIENTED_EDGE('',*,*,#4173,.F.);
#5477=ORIENTED_EDGE('',*,*,#4174,.T.);
#5478=ORIENTED_EDGE('',*,*,#4175,.T.);
#5479=ORIENTED_EDGE('',*,*,#4176,.T.);
#5480=ORIENTED_EDGE('',*,*,#4177,.T.);
#5481=ORIENTED_EDGE('',*,*,#4178,.T.);
#5482=ORIENTED_EDGE('',*,*,#4179,.T.);
#5483=ORIENTED_EDGE('',*,*,#4180,.T.);
#5484=ORIENTED_EDGE('',*,*,#4181,.F.);
#5485=ORIENTED_EDGE('',*,*,#4182,.F.);
#5486=ORIENTED_EDGE('',*,*,#4183,.F.);
#5487=ORIENTED_EDGE('',*,*,#4184,.F.);
#5488=ORIENTED_EDGE('',*,*,#4185,.F.);
#5489=ORIENTED_EDGE('',*,*,#3989,.F.);
#5490=ORIENTED_EDGE('',*,*,#4186,.F.);
#5491=ORIENTED_EDGE('',*,*,#4187,.F.);
#5492=ORIENTED_EDGE('',*,*,#4183,.T.);
#5493=ORIENTED_EDGE('',*,*,#4000,.F.);
#5494=ORIENTED_EDGE('',*,*,#4188,.F.);
#5495=ORIENTED_EDGE('',*,*,#4189,.F.);
#5496=ORIENTED_EDGE('',*,*,#4186,.T.);
#5497=ORIENTED_EDGE('',*,*,#3999,.F.);
#5498=ORIENTED_EDGE('',*,*,#4190,.F.);
#5499=ORIENTED_EDGE('',*,*,#4191,.F.);
#5500=ORIENTED_EDGE('',*,*,#4188,.T.);
#5501=ORIENTED_EDGE('',*,*,#3998,.F.);
#5502=ORIENTED_EDGE('',*,*,#4192,.F.);
#5503=ORIENTED_EDGE('',*,*,#4193,.F.);
#5504=ORIENTED_EDGE('',*,*,#4190,.T.);
#5505=ORIENTED_EDGE('',*,*,#3997,.F.);
#5506=ORIENTED_EDGE('',*,*,#4194,.F.);
#5507=ORIENTED_EDGE('',*,*,#4195,.F.);
#5508=ORIENTED_EDGE('',*,*,#4192,.T.);
#5509=ORIENTED_EDGE('',*,*,#3996,.F.);
#5510=ORIENTED_EDGE('',*,*,#4194,.T.);
#5511=ORIENTED_EDGE('',*,*,#3995,.F.);
#5512=ORIENTED_EDGE('',*,*,#4196,.F.);
#5513=ORIENTED_EDGE('',*,*,#4197,.F.);
#5514=ORIENTED_EDGE('',*,*,#4198,.F.);
#5515=ORIENTED_EDGE('',*,*,#4199,.F.);
#5516=ORIENTED_EDGE('',*,*,#4196,.T.);
#5517=ORIENTED_EDGE('',*,*,#3994,.F.);
#5518=ORIENTED_EDGE('',*,*,#4200,.F.);
#5519=ORIENTED_EDGE('',*,*,#4201,.F.);
#5520=ORIENTED_EDGE('',*,*,#4198,.T.);
#5521=ORIENTED_EDGE('',*,*,#3993,.F.);
#5522=ORIENTED_EDGE('',*,*,#4202,.F.);
#5523=ORIENTED_EDGE('',*,*,#4203,.F.);
#5524=ORIENTED_EDGE('',*,*,#4200,.T.);
#5525=ORIENTED_EDGE('',*,*,#3992,.F.);
#5526=ORIENTED_EDGE('',*,*,#4204,.F.);
#5527=ORIENTED_EDGE('',*,*,#4205,.F.);
#5528=ORIENTED_EDGE('',*,*,#4202,.T.);
#5529=ORIENTED_EDGE('',*,*,#3991,.F.);
#5530=ORIENTED_EDGE('',*,*,#4185,.T.);
#5531=ORIENTED_EDGE('',*,*,#4206,.F.);
#5532=ORIENTED_EDGE('',*,*,#4204,.T.);
#5533=ORIENTED_EDGE('',*,*,#3990,.F.);
#5534=ORIENTED_EDGE('',*,*,#4195,.T.);
#5535=ORIENTED_EDGE('',*,*,#4207,.T.);
#5536=ORIENTED_EDGE('',*,*,#4059,.T.);
#5537=ORIENTED_EDGE('',*,*,#4208,.T.);
#5538=ORIENTED_EDGE('',*,*,#4193,.T.);
#5539=ORIENTED_EDGE('',*,*,#4208,.F.);
#5540=ORIENTED_EDGE('',*,*,#4058,.T.);
#5541=ORIENTED_EDGE('',*,*,#4209,.T.);
#5542=ORIENTED_EDGE('',*,*,#4191,.T.);
#5543=ORIENTED_EDGE('',*,*,#4209,.F.);
#5544=ORIENTED_EDGE('',*,*,#4057,.F.);
#5545=ORIENTED_EDGE('',*,*,#4102,.T.);
#5546=ORIENTED_EDGE('',*,*,#4210,.F.);
#5547=ORIENTED_EDGE('',*,*,#4189,.T.);
#5548=ORIENTED_EDGE('',*,*,#4210,.T.);
#5549=ORIENTED_EDGE('',*,*,#4101,.T.);
#5550=ORIENTED_EDGE('',*,*,#4211,.F.);
#5551=ORIENTED_EDGE('',*,*,#4187,.T.);
#5552=ORIENTED_EDGE('',*,*,#4211,.T.);
#5553=ORIENTED_EDGE('',*,*,#4100,.T.);
#5554=ORIENTED_EDGE('',*,*,#4212,.F.);
#5555=ORIENTED_EDGE('',*,*,#4184,.T.);
#5556=ORIENTED_EDGE('',*,*,#4212,.T.);
#5557=ORIENTED_EDGE('',*,*,#4099,.T.);
#5558=ORIENTED_EDGE('',*,*,#4213,.F.);
#5559=ORIENTED_EDGE('',*,*,#4214,.F.);
#5560=ORIENTED_EDGE('',*,*,#4215,.F.);
#5561=ORIENTED_EDGE('',*,*,#4216,.F.);
#5562=ORIENTED_EDGE('',*,*,#3953,.F.);
#5563=ORIENTED_EDGE('',*,*,#4217,.F.);
#5564=ORIENTED_EDGE('',*,*,#4218,.F.);
#5565=ORIENTED_EDGE('',*,*,#4214,.T.);
#5566=ORIENTED_EDGE('',*,*,#3968,.F.);
#5567=ORIENTED_EDGE('',*,*,#4219,.F.);
#5568=ORIENTED_EDGE('',*,*,#4220,.F.);
#5569=ORIENTED_EDGE('',*,*,#4217,.T.);
#5570=ORIENTED_EDGE('',*,*,#3967,.F.);
#5571=ORIENTED_EDGE('',*,*,#4221,.F.);
#5572=ORIENTED_EDGE('',*,*,#4222,.F.);
#5573=ORIENTED_EDGE('',*,*,#4219,.T.);
#5574=ORIENTED_EDGE('',*,*,#3966,.F.);
#5575=ORIENTED_EDGE('',*,*,#4223,.F.);
#5576=ORIENTED_EDGE('',*,*,#4224,.F.);
#5577=ORIENTED_EDGE('',*,*,#4221,.T.);
#5578=ORIENTED_EDGE('',*,*,#3965,.F.);
#5579=ORIENTED_EDGE('',*,*,#4223,.T.);
#5580=ORIENTED_EDGE('',*,*,#3964,.F.);
#5581=ORIENTED_EDGE('',*,*,#4225,.F.);
#5582=ORIENTED_EDGE('',*,*,#4226,.F.);
#5583=ORIENTED_EDGE('',*,*,#4227,.F.);
#5584=ORIENTED_EDGE('',*,*,#4228,.F.);
#5585=ORIENTED_EDGE('',*,*,#4225,.T.);
#5586=ORIENTED_EDGE('',*,*,#3963,.F.);
#5587=ORIENTED_EDGE('',*,*,#4227,.T.);
#5588=ORIENTED_EDGE('',*,*,#3962,.F.);
#5589=ORIENTED_EDGE('',*,*,#4229,.F.);
#5590=ORIENTED_EDGE('',*,*,#4230,.F.);
#5591=ORIENTED_EDGE('',*,*,#4231,.F.);
#5592=ORIENTED_EDGE('',*,*,#4232,.F.);
#5593=ORIENTED_EDGE('',*,*,#4229,.T.);
#5594=ORIENTED_EDGE('',*,*,#3961,.F.);
#5595=ORIENTED_EDGE('',*,*,#4233,.F.);
#5596=ORIENTED_EDGE('',*,*,#4234,.F.);
#5597=ORIENTED_EDGE('',*,*,#4231,.T.);
#5598=ORIENTED_EDGE('',*,*,#3960,.F.);
#5599=ORIENTED_EDGE('',*,*,#4233,.T.);
#5600=ORIENTED_EDGE('',*,*,#3959,.F.);
#5601=ORIENTED_EDGE('',*,*,#4235,.F.);
#5602=ORIENTED_EDGE('',*,*,#4236,.F.);
#5603=ORIENTED_EDGE('',*,*,#4237,.F.);
#5604=ORIENTED_EDGE('',*,*,#4238,.F.);
#5605=ORIENTED_EDGE('',*,*,#4235,.T.);
#5606=ORIENTED_EDGE('',*,*,#3958,.F.);
#5607=ORIENTED_EDGE('',*,*,#4239,.F.);
#5608=ORIENTED_EDGE('',*,*,#4240,.F.);
#5609=ORIENTED_EDGE('',*,*,#4237,.T.);
#5610=ORIENTED_EDGE('',*,*,#3957,.F.);
#5611=ORIENTED_EDGE('',*,*,#4239,.T.);
#5612=ORIENTED_EDGE('',*,*,#3956,.F.);
#5613=ORIENTED_EDGE('',*,*,#4241,.F.);
#5614=ORIENTED_EDGE('',*,*,#4242,.F.);
#5615=ORIENTED_EDGE('',*,*,#4243,.F.);
#5616=ORIENTED_EDGE('',*,*,#4244,.F.);
#5617=ORIENTED_EDGE('',*,*,#4241,.T.);
#5618=ORIENTED_EDGE('',*,*,#3955,.F.);
#5619=ORIENTED_EDGE('',*,*,#4243,.T.);
#5620=ORIENTED_EDGE('',*,*,#3954,.F.);
#5621=ORIENTED_EDGE('',*,*,#4216,.T.);
#5622=ORIENTED_EDGE('',*,*,#4245,.F.);
#5623=ORIENTED_EDGE('',*,*,#4230,.T.);
#5624=ORIENTED_EDGE('',*,*,#4246,.T.);
#5625=ORIENTED_EDGE('',*,*,#4247,.T.);
#5626=ORIENTED_EDGE('',*,*,#4248,.F.);
#5627=ORIENTED_EDGE('',*,*,#4228,.T.);
#5628=ORIENTED_EDGE('',*,*,#4248,.T.);
#5629=ORIENTED_EDGE('',*,*,#4249,.T.);
#5630=ORIENTED_EDGE('',*,*,#4250,.T.);
#5631=ORIENTED_EDGE('',*,*,#4251,.T.);
#5632=ORIENTED_EDGE('',*,*,#4252,.T.);
#5633=ORIENTED_EDGE('',*,*,#4253,.T.);
#5634=ORIENTED_EDGE('',*,*,#4254,.T.);
#5635=ORIENTED_EDGE('',*,*,#4255,.T.);
#5636=ORIENTED_EDGE('',*,*,#4226,.T.);
#5637=ORIENTED_EDGE('',*,*,#4255,.F.);
#5638=ORIENTED_EDGE('',*,*,#4256,.F.);
#5639=ORIENTED_EDGE('',*,*,#4257,.F.);
#5640=ORIENTED_EDGE('',*,*,#4224,.T.);
#5641=ORIENTED_EDGE('',*,*,#4257,.T.);
#5642=ORIENTED_EDGE('',*,*,#4258,.F.);
#5643=ORIENTED_EDGE('',*,*,#4259,.T.);
#5644=ORIENTED_EDGE('',*,*,#4260,.F.);
#5645=ORIENTED_EDGE('',*,*,#4222,.T.);
#5646=ORIENTED_EDGE('',*,*,#4259,.F.);
#5647=ORIENTED_EDGE('',*,*,#4261,.F.);
#5648=ORIENTED_EDGE('',*,*,#4262,.F.);
#5649=ORIENTED_EDGE('',*,*,#4220,.T.);
#5650=ORIENTED_EDGE('',*,*,#4262,.T.);
#5651=ORIENTED_EDGE('',*,*,#4263,.F.);
#5652=ORIENTED_EDGE('',*,*,#4264,.T.);
#5653=ORIENTED_EDGE('',*,*,#4265,.F.);
#5654=ORIENTED_EDGE('',*,*,#4266,.T.);
#5655=ORIENTED_EDGE('',*,*,#4267,.T.);
#5656=ORIENTED_EDGE('',*,*,#4268,.T.);
#5657=ORIENTED_EDGE('',*,*,#4269,.T.);
#5658=ORIENTED_EDGE('',*,*,#4270,.T.);
#5659=ORIENTED_EDGE('',*,*,#4271,.F.);
#5660=ORIENTED_EDGE('',*,*,#4272,.T.);
#5661=ORIENTED_EDGE('',*,*,#4218,.T.);
#5662=ORIENTED_EDGE('',*,*,#4272,.F.);
#5663=ORIENTED_EDGE('',*,*,#4273,.F.);
#5664=ORIENTED_EDGE('',*,*,#4274,.F.);
#5665=ORIENTED_EDGE('',*,*,#4215,.T.);
#5666=ORIENTED_EDGE('',*,*,#4274,.T.);
#5667=ORIENTED_EDGE('',*,*,#4275,.F.);
#5668=ORIENTED_EDGE('',*,*,#4276,.T.);
#5669=ORIENTED_EDGE('',*,*,#4277,.F.);
#5670=ORIENTED_EDGE('',*,*,#4278,.F.);
#5671=ORIENTED_EDGE('',*,*,#4279,.F.);
#5672=ORIENTED_EDGE('',*,*,#4280,.F.);
#5673=ORIENTED_EDGE('',*,*,#4281,.F.);
#5674=ORIENTED_EDGE('',*,*,#4282,.F.);
#5675=ORIENTED_EDGE('',*,*,#4283,.T.);
#5676=ORIENTED_EDGE('',*,*,#4173,.T.);
#5677=ORIENTED_EDGE('',*,*,#4284,.T.);
#5678=ORIENTED_EDGE('',*,*,#4285,.T.);
#5679=ORIENTED_EDGE('',*,*,#4286,.T.);
#5680=ORIENTED_EDGE('',*,*,#4287,.T.);
#5681=ORIENTED_EDGE('',*,*,#4288,.T.);
#5682=ORIENTED_EDGE('',*,*,#4289,.T.);
#5683=ORIENTED_EDGE('',*,*,#4290,.T.);
#5684=ORIENTED_EDGE('',*,*,#4291,.T.);
#5685=ORIENTED_EDGE('',*,*,#4289,.F.);
#5686=ORIENTED_EDGE('',*,*,#4292,.T.);
#5687=ORIENTED_EDGE('',*,*,#4293,.F.);
#5688=ORIENTED_EDGE('',*,*,#4294,.F.);
#5689=ORIENTED_EDGE('',*,*,#4290,.F.);
#5690=ORIENTED_EDGE('',*,*,#4294,.T.);
#5691=ORIENTED_EDGE('',*,*,#4295,.F.);
#5692=ORIENTED_EDGE('',*,*,#4296,.F.);
#5693=ORIENTED_EDGE('',*,*,#4291,.F.);
#5694=ORIENTED_EDGE('',*,*,#4296,.T.);
#5695=ORIENTED_EDGE('',*,*,#4297,.F.);
#5696=ORIENTED_EDGE('',*,*,#4298,.F.);
#5697=ORIENTED_EDGE('',*,*,#4283,.F.);
#5698=ORIENTED_EDGE('',*,*,#4298,.T.);
#5699=ORIENTED_EDGE('',*,*,#4299,.F.);
#5700=ORIENTED_EDGE('',*,*,#4174,.F.);
#5701=ORIENTED_EDGE('',*,*,#4300,.T.);
#5702=ORIENTED_EDGE('',*,*,#4169,.T.);
#5703=ORIENTED_EDGE('',*,*,#4301,.T.);
#5704=ORIENTED_EDGE('',*,*,#4302,.T.);
#5705=ORIENTED_EDGE('',*,*,#4303,.T.);
#5706=ORIENTED_EDGE('',*,*,#4304,.T.);
#5707=ORIENTED_EDGE('',*,*,#4305,.T.);
#5708=ORIENTED_EDGE('',*,*,#4306,.T.);
#5709=ORIENTED_EDGE('',*,*,#4307,.T.);
#5710=ORIENTED_EDGE('',*,*,#4308,.T.);
#5711=ORIENTED_EDGE('',*,*,#4306,.F.);
#5712=ORIENTED_EDGE('',*,*,#4309,.T.);
#5713=ORIENTED_EDGE('',*,*,#4310,.F.);
#5714=ORIENTED_EDGE('',*,*,#4311,.F.);
#5715=ORIENTED_EDGE('',*,*,#4307,.F.);
#5716=ORIENTED_EDGE('',*,*,#4311,.T.);
#5717=ORIENTED_EDGE('',*,*,#4312,.F.);
#5718=ORIENTED_EDGE('',*,*,#4313,.F.);
#5719=ORIENTED_EDGE('',*,*,#4308,.F.);
#5720=ORIENTED_EDGE('',*,*,#4313,.T.);
#5721=ORIENTED_EDGE('',*,*,#4314,.F.);
#5722=ORIENTED_EDGE('',*,*,#4315,.F.);
#5723=ORIENTED_EDGE('',*,*,#4300,.F.);
#5724=ORIENTED_EDGE('',*,*,#4315,.T.);
#5725=ORIENTED_EDGE('',*,*,#4316,.F.);
#5726=ORIENTED_EDGE('',*,*,#4170,.F.);
#5727=ORIENTED_EDGE('',*,*,#4317,.T.);
#5728=ORIENTED_EDGE('',*,*,#4165,.T.);
#5729=ORIENTED_EDGE('',*,*,#4318,.T.);
#5730=ORIENTED_EDGE('',*,*,#4319,.T.);
#5731=ORIENTED_EDGE('',*,*,#4320,.T.);
#5732=ORIENTED_EDGE('',*,*,#4321,.T.);
#5733=ORIENTED_EDGE('',*,*,#4322,.T.);
#5734=ORIENTED_EDGE('',*,*,#4323,.T.);
#5735=ORIENTED_EDGE('',*,*,#4324,.T.);
#5736=ORIENTED_EDGE('',*,*,#4325,.T.);
#5737=ORIENTED_EDGE('',*,*,#4323,.F.);
#5738=ORIENTED_EDGE('',*,*,#4326,.T.);
#5739=ORIENTED_EDGE('',*,*,#4327,.T.);
#5740=ORIENTED_EDGE('',*,*,#4328,.F.);
#5741=ORIENTED_EDGE('',*,*,#4324,.F.);
#5742=ORIENTED_EDGE('',*,*,#4328,.T.);
#5743=ORIENTED_EDGE('',*,*,#4329,.T.);
#5744=ORIENTED_EDGE('',*,*,#4330,.F.);
#5745=ORIENTED_EDGE('',*,*,#4325,.F.);
#5746=ORIENTED_EDGE('',*,*,#4330,.T.);
#5747=ORIENTED_EDGE('',*,*,#4331,.T.);
#5748=ORIENTED_EDGE('',*,*,#4332,.T.);
#5749=ORIENTED_EDGE('',*,*,#4317,.F.);
#5750=ORIENTED_EDGE('',*,*,#4332,.F.);
#5751=ORIENTED_EDGE('',*,*,#4333,.F.);
#5752=ORIENTED_EDGE('',*,*,#4166,.F.);
#5753=ORIENTED_EDGE('',*,*,#4322,.F.);
#5754=ORIENTED_EDGE('',*,*,#4334,.T.);
#5755=ORIENTED_EDGE('',*,*,#4335,.T.);
#5756=ORIENTED_EDGE('',*,*,#4326,.F.);
#5757=ORIENTED_EDGE('',*,*,#4288,.F.);
#5758=ORIENTED_EDGE('',*,*,#4336,.T.);
#5759=ORIENTED_EDGE('',*,*,#4337,.F.);
#5760=ORIENTED_EDGE('',*,*,#4292,.F.);
#5761=ORIENTED_EDGE('',*,*,#4305,.F.);
#5762=ORIENTED_EDGE('',*,*,#4338,.T.);
#5763=ORIENTED_EDGE('',*,*,#4339,.F.);
#5764=ORIENTED_EDGE('',*,*,#4309,.F.);
#5765=ORIENTED_EDGE('',*,*,#4340,.F.);
#5766=ORIENTED_EDGE('',*,*,#4281,.T.);
#5767=ORIENTED_EDGE('',*,*,#4341,.F.);
#5768=ORIENTED_EDGE('',*,*,#4342,.F.);
#5769=ORIENTED_EDGE('',*,*,#4342,.T.);
#5770=ORIENTED_EDGE('',*,*,#4343,.T.);
#5771=ORIENTED_EDGE('',*,*,#4344,.T.);
#5772=ORIENTED_EDGE('',*,*,#4345,.T.);
#5773=ORIENTED_EDGE('',*,*,#4340,.T.);
#5774=ORIENTED_EDGE('',*,*,#4345,.F.);
#5775=ORIENTED_EDGE('',*,*,#4346,.T.);
#5776=ORIENTED_EDGE('',*,*,#4282,.T.);
#5777=ORIENTED_EDGE('',*,*,#4347,.F.);
#5778=ORIENTED_EDGE('',*,*,#4279,.T.);
#5779=ORIENTED_EDGE('',*,*,#4346,.F.);
#5780=ORIENTED_EDGE('',*,*,#4344,.F.);
#5781=ORIENTED_EDGE('',*,*,#4341,.T.);
#5782=ORIENTED_EDGE('',*,*,#4280,.T.);
#5783=ORIENTED_EDGE('',*,*,#4347,.T.);
#5784=ORIENTED_EDGE('',*,*,#4343,.F.);
#5785=ORIENTED_EDGE('',*,*,#4181,.T.);
#5786=ORIENTED_EDGE('',*,*,#4348,.T.);
#5787=ORIENTED_EDGE('',*,*,#4349,.F.);
#5788=ORIENTED_EDGE('',*,*,#4348,.F.);
#5789=ORIENTED_EDGE('',*,*,#4349,.T.);
#5790=ORIENTED_EDGE('',*,*,#4350,.T.);
#5791=ORIENTED_EDGE('',*,*,#4182,.T.);
#5792=ORIENTED_EDGE('',*,*,#4351,.T.);
#5793=ORIENTED_EDGE('',*,*,#4352,.F.);
#5794=ORIENTED_EDGE('',*,*,#4351,.F.);
#5795=ORIENTED_EDGE('',*,*,#4352,.T.);
#5796=ORIENTED_EDGE('',*,*,#4353,.T.);
#5797=ORIENTED_EDGE('',*,*,#4354,.F.);
#5798=ORIENTED_EDGE('',*,*,#4176,.F.);
#5799=ORIENTED_EDGE('',*,*,#4355,.F.);
#5800=ORIENTED_EDGE('',*,*,#4356,.F.);
#5801=ORIENTED_EDGE('',*,*,#4357,.F.);
#5802=ORIENTED_EDGE('',*,*,#4358,.F.);
#5803=ORIENTED_EDGE('',*,*,#4355,.T.);
#5804=ORIENTED_EDGE('',*,*,#4359,.F.);
#5805=ORIENTED_EDGE('',*,*,#4357,.T.);
#5806=ORIENTED_EDGE('',*,*,#4360,.F.);
#5807=ORIENTED_EDGE('',*,*,#4361,.F.);
#5808=ORIENTED_EDGE('',*,*,#4362,.F.);
#5809=ORIENTED_EDGE('',*,*,#4363,.F.);
#5810=ORIENTED_EDGE('',*,*,#4364,.F.);
#5811=ORIENTED_EDGE('',*,*,#4361,.T.);
#5812=ORIENTED_EDGE('',*,*,#4365,.F.);
#5813=ORIENTED_EDGE('',*,*,#4366,.F.);
#5814=ORIENTED_EDGE('',*,*,#4108,.F.);
#5815=ORIENTED_EDGE('',*,*,#4367,.F.);
#5816=ORIENTED_EDGE('',*,*,#4368,.F.);
#5817=ORIENTED_EDGE('',*,*,#4369,.F.);
#5818=ORIENTED_EDGE('',*,*,#4370,.F.);
#5819=ORIENTED_EDGE('',*,*,#4367,.T.);
#5820=ORIENTED_EDGE('',*,*,#4107,.F.);
#5821=ORIENTED_EDGE('',*,*,#4371,.F.);
#5822=ORIENTED_EDGE('',*,*,#4372,.F.);
#5823=ORIENTED_EDGE('',*,*,#4369,.T.);
#5824=ORIENTED_EDGE('',*,*,#4106,.F.);
#5825=ORIENTED_EDGE('',*,*,#4373,.F.);
#5826=ORIENTED_EDGE('',*,*,#4374,.F.);
#5827=ORIENTED_EDGE('',*,*,#4371,.T.);
#5828=ORIENTED_EDGE('',*,*,#4105,.F.);
#5829=ORIENTED_EDGE('',*,*,#4375,.F.);
#5830=ORIENTED_EDGE('',*,*,#4247,.F.);
#5831=ORIENTED_EDGE('',*,*,#4373,.T.);
#5832=ORIENTED_EDGE('',*,*,#4104,.F.);
#5833=ORIENTED_EDGE('',*,*,#4376,.F.);
#5834=ORIENTED_EDGE('',*,*,#4249,.F.);
#5835=ORIENTED_EDGE('',*,*,#4375,.T.);
#5836=ORIENTED_EDGE('',*,*,#4103,.F.);
#5837=ORIENTED_EDGE('',*,*,#4377,.F.);
#5838=ORIENTED_EDGE('',*,*,#4250,.F.);
#5839=ORIENTED_EDGE('',*,*,#4376,.T.);
#5840=ORIENTED_EDGE('',*,*,#4085,.F.);
#5841=ORIENTED_EDGE('',*,*,#4378,.F.);
#5842=ORIENTED_EDGE('',*,*,#4251,.F.);
#5843=ORIENTED_EDGE('',*,*,#4377,.T.);
#5844=ORIENTED_EDGE('',*,*,#4379,.F.);
#5845=ORIENTED_EDGE('',*,*,#4366,.T.);
#5846=ORIENTED_EDGE('',*,*,#4380,.F.);
#5847=ORIENTED_EDGE('',*,*,#4363,.T.);
#5848=ORIENTED_EDGE('',*,*,#4109,.F.);
#5849=ORIENTED_EDGE('',*,*,#4359,.T.);
#5850=ORIENTED_EDGE('',*,*,#4175,.F.);
#5851=ORIENTED_EDGE('',*,*,#4299,.T.);
#5852=ORIENTED_EDGE('',*,*,#4297,.T.);
#5853=ORIENTED_EDGE('',*,*,#4295,.T.);
#5854=ORIENTED_EDGE('',*,*,#4293,.T.);
#5855=ORIENTED_EDGE('',*,*,#4337,.T.);
#5856=ORIENTED_EDGE('',*,*,#4381,.T.);
#5857=ORIENTED_EDGE('',*,*,#4382,.T.);
#5858=ORIENTED_EDGE('',*,*,#4383,.T.);
#5859=ORIENTED_EDGE('',*,*,#4384,.T.);
#5860=ORIENTED_EDGE('',*,*,#4171,.F.);
#5861=ORIENTED_EDGE('',*,*,#4316,.T.);
#5862=ORIENTED_EDGE('',*,*,#4314,.T.);
#5863=ORIENTED_EDGE('',*,*,#4312,.T.);
#5864=ORIENTED_EDGE('',*,*,#4310,.T.);
#5865=ORIENTED_EDGE('',*,*,#4339,.T.);
#5866=ORIENTED_EDGE('',*,*,#4385,.T.);
#5867=ORIENTED_EDGE('',*,*,#4386,.F.);
#5868=ORIENTED_EDGE('',*,*,#4387,.F.);
#5869=ORIENTED_EDGE('',*,*,#4388,.F.);
#5870=ORIENTED_EDGE('',*,*,#4167,.F.);
#5871=ORIENTED_EDGE('',*,*,#4333,.T.);
#5872=ORIENTED_EDGE('',*,*,#4331,.F.);
#5873=ORIENTED_EDGE('',*,*,#4329,.F.);
#5874=ORIENTED_EDGE('',*,*,#4327,.F.);
#5875=ORIENTED_EDGE('',*,*,#4335,.F.);
#5876=ORIENTED_EDGE('',*,*,#4389,.F.);
#5877=ORIENTED_EDGE('',*,*,#4390,.F.);
#5878=ORIENTED_EDGE('',*,*,#4391,.F.);
#5879=ORIENTED_EDGE('',*,*,#4392,.T.);
#5880=ORIENTED_EDGE('',*,*,#4163,.F.);
#5881=ORIENTED_EDGE('',*,*,#4161,.T.);
#5882=ORIENTED_EDGE('',*,*,#4159,.F.);
#5883=ORIENTED_EDGE('',*,*,#4157,.F.);
#5884=ORIENTED_EDGE('',*,*,#4155,.F.);
#5885=ORIENTED_EDGE('',*,*,#4393,.F.);
#5886=ORIENTED_EDGE('',*,*,#4394,.F.);
#5887=ORIENTED_EDGE('',*,*,#4395,.T.);
#5888=ORIENTED_EDGE('',*,*,#4396,.F.);
#5889=ORIENTED_EDGE('',*,*,#4397,.T.);
#5890=ORIENTED_EDGE('',*,*,#4179,.F.);
#5891=ORIENTED_EDGE('',*,*,#4398,.T.);
#5892=ORIENTED_EDGE('',*,*,#4094,.T.);
#5893=ORIENTED_EDGE('',*,*,#4132,.F.);
#5894=ORIENTED_EDGE('',*,*,#4130,.T.);
#5895=ORIENTED_EDGE('',*,*,#4128,.F.);
#5896=ORIENTED_EDGE('',*,*,#4086,.T.);
#5897=ORIENTED_EDGE('',*,*,#4365,.T.);
#5898=ORIENTED_EDGE('',*,*,#4360,.T.);
#5899=ORIENTED_EDGE('',*,*,#4379,.T.);
#5900=ORIENTED_EDGE('',*,*,#4084,.F.);
#5901=ORIENTED_EDGE('',*,*,#4399,.F.);
#5902=ORIENTED_EDGE('',*,*,#4400,.F.);
#5903=ORIENTED_EDGE('',*,*,#4401,.T.);
#5904=ORIENTED_EDGE('',*,*,#4078,.F.);
#5905=ORIENTED_EDGE('',*,*,#4402,.T.);
#5906=ORIENTED_EDGE('',*,*,#4403,.F.);
#5907=ORIENTED_EDGE('',*,*,#4404,.T.);
#5908=ORIENTED_EDGE('',*,*,#4072,.F.);
#5909=ORIENTED_EDGE('',*,*,#4405,.T.);
#5910=ORIENTED_EDGE('',*,*,#4406,.F.);
#5911=ORIENTED_EDGE('',*,*,#4407,.T.);
#5912=ORIENTED_EDGE('',*,*,#4066,.F.);
#5913=ORIENTED_EDGE('',*,*,#4408,.T.);
#5914=ORIENTED_EDGE('',*,*,#4409,.T.);
#5915=ORIENTED_EDGE('',*,*,#4378,.T.);
#5916=ORIENTED_EDGE('',*,*,#4409,.F.);
#5917=ORIENTED_EDGE('',*,*,#4410,.T.);
#5918=ORIENTED_EDGE('',*,*,#4265,.T.);
#5919=ORIENTED_EDGE('',*,*,#4411,.T.);
#5920=ORIENTED_EDGE('',*,*,#4412,.T.);
#5921=ORIENTED_EDGE('',*,*,#4413,.T.);
#5922=ORIENTED_EDGE('',*,*,#4252,.F.);
#5923=ORIENTED_EDGE('',*,*,#4232,.T.);
#5924=ORIENTED_EDGE('',*,*,#4414,.F.);
#5925=ORIENTED_EDGE('',*,*,#4374,.T.);
#5926=ORIENTED_EDGE('',*,*,#4246,.F.);
#5927=ORIENTED_EDGE('',*,*,#4245,.T.);
#5928=ORIENTED_EDGE('',*,*,#4276,.F.);
#5929=ORIENTED_EDGE('',*,*,#4415,.F.);
#5930=ORIENTED_EDGE('',*,*,#4416,.F.);
#5931=ORIENTED_EDGE('',*,*,#4301,.F.);
#5932=ORIENTED_EDGE('',*,*,#4168,.T.);
#5933=ORIENTED_EDGE('',*,*,#4388,.T.);
#5934=ORIENTED_EDGE('',*,*,#4417,.F.);
#5935=ORIENTED_EDGE('',*,*,#4302,.F.);
#5936=ORIENTED_EDGE('',*,*,#4417,.T.);
#5937=ORIENTED_EDGE('',*,*,#4387,.T.);
#5938=ORIENTED_EDGE('',*,*,#4418,.F.);
#5939=ORIENTED_EDGE('',*,*,#4303,.F.);
#5940=ORIENTED_EDGE('',*,*,#4418,.T.);
#5941=ORIENTED_EDGE('',*,*,#4386,.T.);
#5942=ORIENTED_EDGE('',*,*,#4419,.F.);
#5943=ORIENTED_EDGE('',*,*,#4238,.T.);
#5944=ORIENTED_EDGE('',*,*,#4420,.T.);
#5945=ORIENTED_EDGE('',*,*,#4368,.T.);
#5946=ORIENTED_EDGE('',*,*,#4421,.T.);
#5947=ORIENTED_EDGE('',*,*,#4234,.T.);
#5948=ORIENTED_EDGE('',*,*,#4422,.F.);
#5949=ORIENTED_EDGE('',*,*,#4372,.T.);
#5950=ORIENTED_EDGE('',*,*,#4414,.T.);
#5951=ORIENTED_EDGE('',*,*,#4354,.T.);
#5952=ORIENTED_EDGE('',*,*,#4423,.F.);
#5953=ORIENTED_EDGE('',*,*,#4415,.T.);
#5954=ORIENTED_EDGE('',*,*,#4275,.T.);
#5955=ORIENTED_EDGE('',*,*,#4273,.T.);
#5956=ORIENTED_EDGE('',*,*,#4271,.T.);
#5957=ORIENTED_EDGE('',*,*,#4424,.T.);
#5958=ORIENTED_EDGE('',*,*,#4177,.F.);
#5959=ORIENTED_EDGE('',*,*,#4236,.T.);
#5960=ORIENTED_EDGE('',*,*,#4421,.F.);
#5961=ORIENTED_EDGE('',*,*,#4370,.T.);
#5962=ORIENTED_EDGE('',*,*,#4422,.T.);
#5963=ORIENTED_EDGE('',*,*,#4425,.F.);
#5964=ORIENTED_EDGE('',*,*,#4253,.F.);
#5965=ORIENTED_EDGE('',*,*,#4413,.F.);
#5966=ORIENTED_EDGE('',*,*,#4426,.F.);
#5967=ORIENTED_EDGE('',*,*,#4425,.T.);
#5968=ORIENTED_EDGE('',*,*,#4427,.T.);
#5969=ORIENTED_EDGE('',*,*,#4428,.T.);
#5970=ORIENTED_EDGE('',*,*,#4263,.T.);
#5971=ORIENTED_EDGE('',*,*,#4261,.T.);
#5972=ORIENTED_EDGE('',*,*,#4258,.T.);
#5973=ORIENTED_EDGE('',*,*,#4256,.T.);
#5974=ORIENTED_EDGE('',*,*,#4254,.F.);
#5975=ORIENTED_EDGE('',*,*,#4082,.F.);
#5976=ORIENTED_EDGE('',*,*,#4429,.F.);
#5977=ORIENTED_EDGE('',*,*,#4430,.F.);
#5978=ORIENTED_EDGE('',*,*,#4431,.T.);
#5979=ORIENTED_EDGE('',*,*,#4240,.T.);
#5980=ORIENTED_EDGE('',*,*,#4432,.T.);
#5981=ORIENTED_EDGE('',*,*,#4364,.T.);
#5982=ORIENTED_EDGE('',*,*,#4380,.T.);
#5983=ORIENTED_EDGE('',*,*,#4420,.F.);
#5984=ORIENTED_EDGE('',*,*,#4242,.T.);
#5985=ORIENTED_EDGE('',*,*,#4433,.T.);
#5986=ORIENTED_EDGE('',*,*,#4362,.T.);
#5987=ORIENTED_EDGE('',*,*,#4432,.F.);
#5988=ORIENTED_EDGE('',*,*,#4244,.T.);
#5989=ORIENTED_EDGE('',*,*,#4416,.T.);
#5990=ORIENTED_EDGE('',*,*,#4423,.T.);
#5991=ORIENTED_EDGE('',*,*,#4356,.T.);
#5992=ORIENTED_EDGE('',*,*,#4358,.T.);
#5993=ORIENTED_EDGE('',*,*,#4433,.F.);
#5994=ORIENTED_EDGE('',*,*,#4287,.F.);
#5995=ORIENTED_EDGE('',*,*,#4434,.T.);
#5996=ORIENTED_EDGE('',*,*,#4381,.F.);
#5997=ORIENTED_EDGE('',*,*,#4336,.F.);
#5998=ORIENTED_EDGE('',*,*,#4286,.F.);
#5999=ORIENTED_EDGE('',*,*,#4435,.T.);
#6000=ORIENTED_EDGE('',*,*,#4382,.F.);
#6001=ORIENTED_EDGE('',*,*,#4434,.F.);
#6002=ORIENTED_EDGE('',*,*,#4285,.F.);
#6003=ORIENTED_EDGE('',*,*,#4436,.T.);
#6004=ORIENTED_EDGE('',*,*,#4383,.F.);
#6005=ORIENTED_EDGE('',*,*,#4435,.F.);
#6006=ORIENTED_EDGE('',*,*,#4284,.F.);
#6007=ORIENTED_EDGE('',*,*,#4172,.T.);
#6008=ORIENTED_EDGE('',*,*,#4384,.F.);
#6009=ORIENTED_EDGE('',*,*,#4436,.F.);
#6010=ORIENTED_EDGE('',*,*,#4304,.F.);
#6011=ORIENTED_EDGE('',*,*,#4419,.T.);
#6012=ORIENTED_EDGE('',*,*,#4385,.F.);
#6013=ORIENTED_EDGE('',*,*,#4338,.F.);
#6014=ORIENTED_EDGE('',*,*,#4079,.T.);
#6015=ORIENTED_EDGE('',*,*,#4401,.F.);
#6016=ORIENTED_EDGE('',*,*,#4437,.F.);
#6017=ORIENTED_EDGE('',*,*,#4438,.T.);
#6018=ORIENTED_EDGE('',*,*,#4083,.T.);
#6019=ORIENTED_EDGE('',*,*,#4431,.F.);
#6020=ORIENTED_EDGE('',*,*,#4439,.F.);
#6021=ORIENTED_EDGE('',*,*,#4399,.T.);
#6022=ORIENTED_EDGE('',*,*,#4080,.T.);
#6023=ORIENTED_EDGE('',*,*,#4438,.F.);
#6024=ORIENTED_EDGE('',*,*,#4440,.F.);
#6025=ORIENTED_EDGE('',*,*,#4441,.T.);
#6026=ORIENTED_EDGE('',*,*,#4081,.F.);
#6027=ORIENTED_EDGE('',*,*,#4441,.F.);
#6028=ORIENTED_EDGE('',*,*,#4442,.F.);
#6029=ORIENTED_EDGE('',*,*,#4429,.T.);
#6030=ORIENTED_EDGE('',*,*,#4400,.T.);
#6031=ORIENTED_EDGE('',*,*,#4439,.T.);
#6032=ORIENTED_EDGE('',*,*,#4430,.T.);
#6033=ORIENTED_EDGE('',*,*,#4442,.T.);
#6034=ORIENTED_EDGE('',*,*,#4440,.T.);
#6035=ORIENTED_EDGE('',*,*,#4437,.T.);
#6036=ORIENTED_EDGE('',*,*,#4426,.T.);
#6037=ORIENTED_EDGE('',*,*,#4412,.F.);
#6038=ORIENTED_EDGE('',*,*,#4443,.T.);
#6039=ORIENTED_EDGE('',*,*,#4427,.F.);
#6040=ORIENTED_EDGE('',*,*,#4428,.F.);
#6041=ORIENTED_EDGE('',*,*,#4443,.F.);
#6042=ORIENTED_EDGE('',*,*,#4411,.F.);
#6043=ORIENTED_EDGE('',*,*,#4264,.F.);
#6044=ORIENTED_EDGE('',*,*,#4424,.F.);
#6045=ORIENTED_EDGE('',*,*,#4270,.F.);
#6046=ORIENTED_EDGE('',*,*,#4444,.F.);
#6047=ORIENTED_EDGE('',*,*,#4178,.F.);
#6048=ORIENTED_EDGE('',*,*,#4445,.F.);
#6049=ORIENTED_EDGE('',*,*,#4398,.F.);
#6050=ORIENTED_EDGE('',*,*,#4444,.T.);
#6051=ORIENTED_EDGE('',*,*,#4269,.F.);
#6052=ORIENTED_EDGE('',*,*,#4446,.F.);
#6053=ORIENTED_EDGE('',*,*,#4095,.F.);
#6054=ORIENTED_EDGE('',*,*,#4445,.T.);
#6055=ORIENTED_EDGE('',*,*,#4268,.F.);
#6056=ORIENTED_EDGE('',*,*,#4447,.F.);
#6057=ORIENTED_EDGE('',*,*,#4065,.F.);
#6058=ORIENTED_EDGE('',*,*,#4446,.T.);
#6059=ORIENTED_EDGE('',*,*,#4267,.F.);
#6060=ORIENTED_EDGE('',*,*,#4410,.F.);
#6061=ORIENTED_EDGE('',*,*,#4408,.F.);
#6062=ORIENTED_EDGE('',*,*,#4447,.T.);
#6063=ORIENTED_EDGE('',*,*,#4266,.F.);
#6064=ORIENTED_EDGE('',*,*,#4203,.T.);
#6065=ORIENTED_EDGE('',*,*,#4448,.T.);
#6066=ORIENTED_EDGE('',*,*,#4096,.T.);
#6067=ORIENTED_EDGE('',*,*,#4063,.F.);
#6068=ORIENTED_EDGE('',*,*,#4449,.F.);
#6069=ORIENTED_EDGE('',*,*,#4199,.T.);
#6070=ORIENTED_EDGE('',*,*,#4450,.F.);
#6071=ORIENTED_EDGE('',*,*,#4061,.F.);
#6072=ORIENTED_EDGE('',*,*,#4451,.T.);
#6073=ORIENTED_EDGE('',*,*,#4201,.T.);
#6074=ORIENTED_EDGE('',*,*,#4449,.T.);
#6075=ORIENTED_EDGE('',*,*,#4062,.T.);
#6076=ORIENTED_EDGE('',*,*,#4450,.T.);
#6077=ORIENTED_EDGE('',*,*,#4150,.T.);
#6078=ORIENTED_EDGE('',*,*,#4452,.F.);
#6079=ORIENTED_EDGE('',*,*,#4395,.F.);
#6080=ORIENTED_EDGE('',*,*,#4453,.F.);
#6081=ORIENTED_EDGE('',*,*,#4148,.T.);
#6082=ORIENTED_EDGE('',*,*,#4453,.T.);
#6083=ORIENTED_EDGE('',*,*,#4394,.T.);
#6084=ORIENTED_EDGE('',*,*,#4454,.F.);
#6085=ORIENTED_EDGE('',*,*,#4153,.T.);
#6086=ORIENTED_EDGE('',*,*,#4180,.F.);
#6087=ORIENTED_EDGE('',*,*,#4397,.F.);
#6088=ORIENTED_EDGE('',*,*,#4455,.F.);
#6089=ORIENTED_EDGE('',*,*,#4152,.T.);
#6090=ORIENTED_EDGE('',*,*,#4455,.T.);
#6091=ORIENTED_EDGE('',*,*,#4396,.T.);
#6092=ORIENTED_EDGE('',*,*,#4452,.T.);
#6093=ORIENTED_EDGE('',*,*,#4122,.T.);
#6094=ORIENTED_EDGE('',*,*,#4456,.T.);
#6095=ORIENTED_EDGE('',*,*,#4090,.T.);
#6096=ORIENTED_EDGE('',*,*,#4457,.T.);
#6097=ORIENTED_EDGE('',*,*,#4125,.T.);
#6098=ORIENTED_EDGE('',*,*,#4133,.F.);
#6099=ORIENTED_EDGE('',*,*,#4092,.F.);
#6100=ORIENTED_EDGE('',*,*,#4458,.F.);
#6101=ORIENTED_EDGE('',*,*,#4124,.T.);
#6102=ORIENTED_EDGE('',*,*,#4458,.T.);
#6103=ORIENTED_EDGE('',*,*,#4091,.T.);
#6104=ORIENTED_EDGE('',*,*,#4456,.F.);
#6105=ORIENTED_EDGE('',*,*,#4206,.T.);
#6106=ORIENTED_EDGE('',*,*,#4213,.T.);
#6107=ORIENTED_EDGE('',*,*,#4098,.T.);
#6108=ORIENTED_EDGE('',*,*,#4459,.F.);
#6109=ORIENTED_EDGE('',*,*,#4205,.T.);
#6110=ORIENTED_EDGE('',*,*,#4459,.T.);
#6111=ORIENTED_EDGE('',*,*,#4097,.T.);
#6112=ORIENTED_EDGE('',*,*,#4448,.F.);
#6113=ORIENTED_EDGE('',*,*,#4120,.T.);
#6114=ORIENTED_EDGE('',*,*,#4457,.F.);
#6115=ORIENTED_EDGE('',*,*,#4089,.F.);
#6116=ORIENTED_EDGE('',*,*,#4126,.T.);
#6117=ORIENTED_EDGE('',*,*,#4069,.T.);
#6118=ORIENTED_EDGE('',*,*,#4460,.T.);
#6119=ORIENTED_EDGE('',*,*,#4461,.F.);
#6120=ORIENTED_EDGE('',*,*,#4462,.F.);
#6121=ORIENTED_EDGE('',*,*,#4463,.T.);
#6122=ORIENTED_EDGE('',*,*,#4405,.F.);
#6123=ORIENTED_EDGE('',*,*,#4071,.F.);
#6124=ORIENTED_EDGE('',*,*,#4464,.F.);
#6125=ORIENTED_EDGE('',*,*,#4464,.T.);
#6126=ORIENTED_EDGE('',*,*,#4070,.T.);
#6127=ORIENTED_EDGE('',*,*,#4462,.T.);
#6128=ORIENTED_EDGE('',*,*,#4465,.F.);
#6129=ORIENTED_EDGE('',*,*,#4461,.T.);
#6130=ORIENTED_EDGE('',*,*,#4466,.T.);
#6131=ORIENTED_EDGE('',*,*,#4467,.F.);
#6132=ORIENTED_EDGE('',*,*,#4406,.T.);
#6133=ORIENTED_EDGE('',*,*,#4463,.F.);
#6134=ORIENTED_EDGE('',*,*,#4465,.T.);
#6135=ORIENTED_EDGE('',*,*,#4320,.F.);
#6136=ORIENTED_EDGE('',*,*,#4468,.T.);
#6137=ORIENTED_EDGE('',*,*,#4390,.T.);
#6138=ORIENTED_EDGE('',*,*,#4469,.F.);
#6139=ORIENTED_EDGE('',*,*,#4321,.F.);
#6140=ORIENTED_EDGE('',*,*,#4469,.T.);
#6141=ORIENTED_EDGE('',*,*,#4389,.T.);
#6142=ORIENTED_EDGE('',*,*,#4334,.F.);
#6143=ORIENTED_EDGE('',*,*,#4318,.F.);
#6144=ORIENTED_EDGE('',*,*,#4164,.F.);
#6145=ORIENTED_EDGE('',*,*,#4392,.F.);
#6146=ORIENTED_EDGE('',*,*,#4470,.F.);
#6147=ORIENTED_EDGE('',*,*,#4319,.F.);
#6148=ORIENTED_EDGE('',*,*,#4470,.T.);
#6149=ORIENTED_EDGE('',*,*,#4391,.T.);
#6150=ORIENTED_EDGE('',*,*,#4468,.F.);
#6151=ORIENTED_EDGE('',*,*,#4146,.T.);
#6152=ORIENTED_EDGE('',*,*,#4454,.T.);
#6153=ORIENTED_EDGE('',*,*,#4393,.T.);
#6154=ORIENTED_EDGE('',*,*,#4154,.F.);
#6155=ORIENTED_EDGE('',*,*,#4197,.T.);
#6156=ORIENTED_EDGE('',*,*,#4451,.F.);
#6157=ORIENTED_EDGE('',*,*,#4060,.T.);
#6158=ORIENTED_EDGE('',*,*,#4207,.F.);
#6159=ORIENTED_EDGE('',*,*,#4471,.T.);
#6160=ORIENTED_EDGE('',*,*,#4466,.F.);
#6161=ORIENTED_EDGE('',*,*,#4460,.F.);
#6162=ORIENTED_EDGE('',*,*,#4068,.T.);
#6163=ORIENTED_EDGE('',*,*,#4467,.T.);
#6164=ORIENTED_EDGE('',*,*,#4471,.F.);
#6165=ORIENTED_EDGE('',*,*,#4067,.F.);
#6166=ORIENTED_EDGE('',*,*,#4407,.F.);
#6167=ORIENTED_EDGE('',*,*,#4353,.F.);
#6168=ORIENTED_EDGE('',*,*,#4472,.T.);
#6169=ORIENTED_EDGE('',*,*,#4278,.T.);
#6170=ORIENTED_EDGE('',*,*,#4472,.F.);
#6171=ORIENTED_EDGE('',*,*,#4350,.F.);
#6172=ORIENTED_EDGE('',*,*,#4473,.T.);
#6173=ORIENTED_EDGE('',*,*,#4277,.T.);
#6174=ORIENTED_EDGE('',*,*,#4473,.F.);
#6175=ORIENTED_EDGE('',*,*,#4474,.T.);
#6176=ORIENTED_EDGE('',*,*,#4474,.F.);
#6177=ORIENTED_EDGE('',*,*,#4475,.T.);
#6178=ORIENTED_EDGE('',*,*,#4260,.T.);
#6179=ORIENTED_EDGE('',*,*,#4475,.F.);
#6180=ORIENTED_EDGE('',*,*,#4476,.T.);
#6181=ORIENTED_EDGE('',*,*,#4076,.T.);
#6182=ORIENTED_EDGE('',*,*,#4477,.T.);
#6183=ORIENTED_EDGE('',*,*,#4478,.F.);
#6184=ORIENTED_EDGE('',*,*,#4075,.T.);
#6185=ORIENTED_EDGE('',*,*,#4479,.T.);
#6186=ORIENTED_EDGE('',*,*,#4480,.F.);
#6187=ORIENTED_EDGE('',*,*,#4477,.F.);
#6188=ORIENTED_EDGE('',*,*,#4481,.T.);
#6189=ORIENTED_EDGE('',*,*,#4482,.F.);
#6190=ORIENTED_EDGE('',*,*,#4479,.F.);
#6191=ORIENTED_EDGE('',*,*,#4074,.T.);
#6192=ORIENTED_EDGE('',*,*,#4483,.F.);
#6193=ORIENTED_EDGE('',*,*,#4403,.T.);
#6194=ORIENTED_EDGE('',*,*,#4484,.F.);
#6195=ORIENTED_EDGE('',*,*,#4478,.T.);
#6196=ORIENTED_EDGE('',*,*,#4480,.T.);
#6197=ORIENTED_EDGE('',*,*,#4482,.T.);
#6198=ORIENTED_EDGE('',*,*,#4484,.T.);
#6199=ORIENTED_EDGE('',*,*,#4402,.F.);
#6200=ORIENTED_EDGE('',*,*,#4077,.F.);
#6201=ORIENTED_EDGE('',*,*,#4476,.F.);
#6202=ORIENTED_EDGE('',*,*,#4483,.T.);
#6203=ORIENTED_EDGE('',*,*,#4481,.F.);
#6204=ORIENTED_EDGE('',*,*,#4073,.F.);
#6205=ORIENTED_EDGE('',*,*,#4404,.F.);
#6206=ORIENTED_EDGE('',*,*,#4485,.T.);
#6207=ORIENTED_EDGE('',*,*,#4486,.T.);
#6208=ORIENTED_EDGE('',*,*,#4487,.F.);
#6209=ORIENTED_EDGE('',*,*,#4488,.F.);
#6210=ORIENTED_EDGE('',*,*,#4489,.T.);
#6211=ORIENTED_EDGE('',*,*,#4488,.T.);
#6212=ORIENTED_EDGE('',*,*,#4490,.F.);
#6213=ORIENTED_EDGE('',*,*,#4491,.F.);
#6214=ORIENTED_EDGE('',*,*,#4492,.T.);
#6215=ORIENTED_EDGE('',*,*,#4491,.T.);
#6216=ORIENTED_EDGE('',*,*,#4493,.F.);
#6217=ORIENTED_EDGE('',*,*,#4494,.F.);
#6218=ORIENTED_EDGE('',*,*,#4495,.T.);
#6219=ORIENTED_EDGE('',*,*,#4494,.T.);
#6220=ORIENTED_EDGE('',*,*,#4496,.F.);
#6221=ORIENTED_EDGE('',*,*,#4497,.F.);
#6222=ORIENTED_EDGE('',*,*,#4498,.T.);
#6223=ORIENTED_EDGE('',*,*,#4497,.T.);
#6224=ORIENTED_EDGE('',*,*,#4499,.F.);
#6225=ORIENTED_EDGE('',*,*,#4500,.F.);
#6226=ORIENTED_EDGE('',*,*,#4501,.T.);
#6227=ORIENTED_EDGE('',*,*,#4500,.T.);
#6228=ORIENTED_EDGE('',*,*,#4502,.F.);
#6229=ORIENTED_EDGE('',*,*,#4486,.F.);
#6230=ORIENTED_EDGE('',*,*,#4503,.T.);
#6231=ORIENTED_EDGE('',*,*,#4504,.T.);
#6232=ORIENTED_EDGE('',*,*,#4505,.F.);
#6233=ORIENTED_EDGE('',*,*,#4506,.F.);
#6234=ORIENTED_EDGE('',*,*,#4507,.T.);
#6235=ORIENTED_EDGE('',*,*,#4506,.T.);
#6236=ORIENTED_EDGE('',*,*,#4508,.F.);
#6237=ORIENTED_EDGE('',*,*,#4509,.F.);
#6238=ORIENTED_EDGE('',*,*,#4510,.T.);
#6239=ORIENTED_EDGE('',*,*,#4509,.T.);
#6240=ORIENTED_EDGE('',*,*,#4511,.F.);
#6241=ORIENTED_EDGE('',*,*,#4512,.F.);
#6242=ORIENTED_EDGE('',*,*,#4513,.T.);
#6243=ORIENTED_EDGE('',*,*,#4512,.T.);
#6244=ORIENTED_EDGE('',*,*,#4514,.F.);
#6245=ORIENTED_EDGE('',*,*,#4515,.F.);
#6246=ORIENTED_EDGE('',*,*,#4516,.T.);
#6247=ORIENTED_EDGE('',*,*,#4515,.T.);
#6248=ORIENTED_EDGE('',*,*,#4517,.F.);
#6249=ORIENTED_EDGE('',*,*,#4518,.F.);
#6250=ORIENTED_EDGE('',*,*,#4519,.T.);
#6251=ORIENTED_EDGE('',*,*,#4518,.T.);
#6252=ORIENTED_EDGE('',*,*,#4520,.F.);
#6253=ORIENTED_EDGE('',*,*,#4504,.F.);
#6254=ORIENTED_EDGE('',*,*,#4521,.T.);
#6255=ORIENTED_EDGE('',*,*,#4522,.T.);
#6256=ORIENTED_EDGE('',*,*,#4523,.F.);
#6257=ORIENTED_EDGE('',*,*,#4524,.F.);
#6258=ORIENTED_EDGE('',*,*,#4525,.T.);
#6259=ORIENTED_EDGE('',*,*,#4524,.T.);
#6260=ORIENTED_EDGE('',*,*,#4526,.F.);
#6261=ORIENTED_EDGE('',*,*,#4527,.F.);
#6262=ORIENTED_EDGE('',*,*,#4528,.T.);
#6263=ORIENTED_EDGE('',*,*,#4527,.T.);
#6264=ORIENTED_EDGE('',*,*,#4529,.F.);
#6265=ORIENTED_EDGE('',*,*,#4530,.F.);
#6266=ORIENTED_EDGE('',*,*,#4531,.T.);
#6267=ORIENTED_EDGE('',*,*,#4530,.T.);
#6268=ORIENTED_EDGE('',*,*,#4532,.F.);
#6269=ORIENTED_EDGE('',*,*,#4533,.F.);
#6270=ORIENTED_EDGE('',*,*,#4534,.T.);
#6271=ORIENTED_EDGE('',*,*,#4533,.T.);
#6272=ORIENTED_EDGE('',*,*,#4535,.F.);
#6273=ORIENTED_EDGE('',*,*,#4536,.F.);
#6274=ORIENTED_EDGE('',*,*,#4537,.T.);
#6275=ORIENTED_EDGE('',*,*,#4536,.T.);
#6276=ORIENTED_EDGE('',*,*,#4538,.F.);
#6277=ORIENTED_EDGE('',*,*,#4522,.F.);
#6278=ORIENTED_EDGE('',*,*,#4539,.T.);
#6279=ORIENTED_EDGE('',*,*,#4540,.T.);
#6280=ORIENTED_EDGE('',*,*,#4541,.F.);
#6281=ORIENTED_EDGE('',*,*,#4542,.F.);
#6282=ORIENTED_EDGE('',*,*,#4543,.T.);
#6283=ORIENTED_EDGE('',*,*,#4542,.T.);
#6284=ORIENTED_EDGE('',*,*,#4544,.F.);
#6285=ORIENTED_EDGE('',*,*,#4545,.F.);
#6286=ORIENTED_EDGE('',*,*,#4546,.T.);
#6287=ORIENTED_EDGE('',*,*,#4545,.T.);
#6288=ORIENTED_EDGE('',*,*,#4547,.F.);
#6289=ORIENTED_EDGE('',*,*,#4548,.F.);
#6290=ORIENTED_EDGE('',*,*,#4549,.T.);
#6291=ORIENTED_EDGE('',*,*,#4548,.T.);
#6292=ORIENTED_EDGE('',*,*,#4550,.F.);
#6293=ORIENTED_EDGE('',*,*,#4551,.F.);
#6294=ORIENTED_EDGE('',*,*,#4552,.T.);
#6295=ORIENTED_EDGE('',*,*,#4551,.T.);
#6296=ORIENTED_EDGE('',*,*,#4553,.F.);
#6297=ORIENTED_EDGE('',*,*,#4554,.F.);
#6298=ORIENTED_EDGE('',*,*,#4555,.T.);
#6299=ORIENTED_EDGE('',*,*,#4554,.T.);
#6300=ORIENTED_EDGE('',*,*,#4556,.F.);
#6301=ORIENTED_EDGE('',*,*,#4540,.F.);
#6302=ORIENTED_EDGE('',*,*,#4557,.T.);
#6303=ORIENTED_EDGE('',*,*,#4558,.T.);
#6304=ORIENTED_EDGE('',*,*,#4559,.F.);
#6305=ORIENTED_EDGE('',*,*,#4560,.F.);
#6306=ORIENTED_EDGE('',*,*,#4561,.T.);
#6307=ORIENTED_EDGE('',*,*,#4560,.T.);
#6308=ORIENTED_EDGE('',*,*,#4562,.F.);
#6309=ORIENTED_EDGE('',*,*,#4563,.F.);
#6310=ORIENTED_EDGE('',*,*,#4564,.T.);
#6311=ORIENTED_EDGE('',*,*,#4563,.T.);
#6312=ORIENTED_EDGE('',*,*,#4565,.F.);
#6313=ORIENTED_EDGE('',*,*,#4566,.F.);
#6314=ORIENTED_EDGE('',*,*,#4567,.T.);
#6315=ORIENTED_EDGE('',*,*,#4566,.T.);
#6316=ORIENTED_EDGE('',*,*,#4568,.F.);
#6317=ORIENTED_EDGE('',*,*,#4569,.F.);
#6318=ORIENTED_EDGE('',*,*,#4570,.T.);
#6319=ORIENTED_EDGE('',*,*,#4569,.T.);
#6320=ORIENTED_EDGE('',*,*,#4571,.F.);
#6321=ORIENTED_EDGE('',*,*,#4572,.F.);
#6322=ORIENTED_EDGE('',*,*,#4573,.T.);
#6323=ORIENTED_EDGE('',*,*,#4572,.T.);
#6324=ORIENTED_EDGE('',*,*,#4574,.F.);
#6325=ORIENTED_EDGE('',*,*,#4558,.F.);
#6326=ORIENTED_EDGE('',*,*,#4575,.T.);
#6327=ORIENTED_EDGE('',*,*,#4576,.T.);
#6328=ORIENTED_EDGE('',*,*,#4577,.F.);
#6329=ORIENTED_EDGE('',*,*,#4578,.F.);
#6330=ORIENTED_EDGE('',*,*,#4579,.T.);
#6331=ORIENTED_EDGE('',*,*,#4578,.T.);
#6332=ORIENTED_EDGE('',*,*,#4580,.F.);
#6333=ORIENTED_EDGE('',*,*,#4581,.F.);
#6334=ORIENTED_EDGE('',*,*,#4582,.T.);
#6335=ORIENTED_EDGE('',*,*,#4581,.T.);
#6336=ORIENTED_EDGE('',*,*,#4583,.F.);
#6337=ORIENTED_EDGE('',*,*,#4584,.F.);
#6338=ORIENTED_EDGE('',*,*,#4585,.T.);
#6339=ORIENTED_EDGE('',*,*,#4584,.T.);
#6340=ORIENTED_EDGE('',*,*,#4586,.F.);
#6341=ORIENTED_EDGE('',*,*,#4587,.F.);
#6342=ORIENTED_EDGE('',*,*,#4588,.T.);
#6343=ORIENTED_EDGE('',*,*,#4587,.T.);
#6344=ORIENTED_EDGE('',*,*,#4589,.F.);
#6345=ORIENTED_EDGE('',*,*,#4590,.F.);
#6346=ORIENTED_EDGE('',*,*,#4591,.T.);
#6347=ORIENTED_EDGE('',*,*,#4590,.T.);
#6348=ORIENTED_EDGE('',*,*,#4592,.F.);
#6349=ORIENTED_EDGE('',*,*,#4576,.F.);
#6350=ORIENTED_EDGE('',*,*,#4593,.T.);
#6351=ORIENTED_EDGE('',*,*,#4594,.T.);
#6352=ORIENTED_EDGE('',*,*,#4595,.F.);
#6353=ORIENTED_EDGE('',*,*,#4596,.F.);
#6354=ORIENTED_EDGE('',*,*,#4597,.T.);
#6355=ORIENTED_EDGE('',*,*,#4596,.T.);
#6356=ORIENTED_EDGE('',*,*,#4598,.F.);
#6357=ORIENTED_EDGE('',*,*,#4599,.F.);
#6358=ORIENTED_EDGE('',*,*,#4600,.T.);
#6359=ORIENTED_EDGE('',*,*,#4599,.T.);
#6360=ORIENTED_EDGE('',*,*,#4601,.F.);
#6361=ORIENTED_EDGE('',*,*,#4602,.F.);
#6362=ORIENTED_EDGE('',*,*,#4603,.T.);
#6363=ORIENTED_EDGE('',*,*,#4602,.T.);
#6364=ORIENTED_EDGE('',*,*,#4604,.F.);
#6365=ORIENTED_EDGE('',*,*,#4605,.F.);
#6366=ORIENTED_EDGE('',*,*,#4606,.T.);
#6367=ORIENTED_EDGE('',*,*,#4605,.T.);
#6368=ORIENTED_EDGE('',*,*,#4607,.F.);
#6369=ORIENTED_EDGE('',*,*,#4608,.F.);
#6370=ORIENTED_EDGE('',*,*,#4609,.T.);
#6371=ORIENTED_EDGE('',*,*,#4608,.T.);
#6372=ORIENTED_EDGE('',*,*,#4610,.F.);
#6373=ORIENTED_EDGE('',*,*,#4594,.F.);
#6374=ORIENTED_EDGE('',*,*,#4611,.T.);
#6375=ORIENTED_EDGE('',*,*,#4612,.T.);
#6376=ORIENTED_EDGE('',*,*,#4613,.F.);
#6377=ORIENTED_EDGE('',*,*,#4614,.F.);
#6378=ORIENTED_EDGE('',*,*,#4615,.T.);
#6379=ORIENTED_EDGE('',*,*,#4614,.T.);
#6380=ORIENTED_EDGE('',*,*,#4616,.F.);
#6381=ORIENTED_EDGE('',*,*,#4617,.F.);
#6382=ORIENTED_EDGE('',*,*,#4618,.T.);
#6383=ORIENTED_EDGE('',*,*,#4617,.T.);
#6384=ORIENTED_EDGE('',*,*,#4619,.F.);
#6385=ORIENTED_EDGE('',*,*,#4620,.F.);
#6386=ORIENTED_EDGE('',*,*,#4621,.T.);
#6387=ORIENTED_EDGE('',*,*,#4620,.T.);
#6388=ORIENTED_EDGE('',*,*,#4622,.F.);
#6389=ORIENTED_EDGE('',*,*,#4623,.F.);
#6390=ORIENTED_EDGE('',*,*,#4624,.T.);
#6391=ORIENTED_EDGE('',*,*,#4623,.T.);
#6392=ORIENTED_EDGE('',*,*,#4625,.F.);
#6393=ORIENTED_EDGE('',*,*,#4626,.F.);
#6394=ORIENTED_EDGE('',*,*,#4627,.T.);
#6395=ORIENTED_EDGE('',*,*,#4626,.T.);
#6396=ORIENTED_EDGE('',*,*,#4628,.F.);
#6397=ORIENTED_EDGE('',*,*,#4629,.F.);
#6398=ORIENTED_EDGE('',*,*,#4630,.T.);
#6399=ORIENTED_EDGE('',*,*,#4629,.T.);
#6400=ORIENTED_EDGE('',*,*,#4631,.F.);
#6401=ORIENTED_EDGE('',*,*,#4632,.F.);
#6402=ORIENTED_EDGE('',*,*,#4633,.T.);
#6403=ORIENTED_EDGE('',*,*,#4632,.T.);
#6404=ORIENTED_EDGE('',*,*,#4634,.F.);
#6405=ORIENTED_EDGE('',*,*,#4635,.F.);
#6406=ORIENTED_EDGE('',*,*,#4636,.F.);
#6407=ORIENTED_EDGE('',*,*,#4635,.T.);
#6408=ORIENTED_EDGE('',*,*,#4637,.F.);
#6409=ORIENTED_EDGE('',*,*,#4638,.F.);
#6410=ORIENTED_EDGE('',*,*,#4639,.T.);
#6411=ORIENTED_EDGE('',*,*,#4638,.T.);
#6412=ORIENTED_EDGE('',*,*,#4640,.F.);
#6413=ORIENTED_EDGE('',*,*,#4641,.F.);
#6414=ORIENTED_EDGE('',*,*,#4642,.T.);
#6415=ORIENTED_EDGE('',*,*,#4641,.T.);
#6416=ORIENTED_EDGE('',*,*,#4643,.F.);
#6417=ORIENTED_EDGE('',*,*,#4644,.F.);
#6418=ORIENTED_EDGE('',*,*,#4645,.T.);
#6419=ORIENTED_EDGE('',*,*,#4644,.T.);
#6420=ORIENTED_EDGE('',*,*,#4646,.F.);
#6421=ORIENTED_EDGE('',*,*,#4647,.F.);
#6422=ORIENTED_EDGE('',*,*,#4648,.T.);
#6423=ORIENTED_EDGE('',*,*,#4647,.T.);
#6424=ORIENTED_EDGE('',*,*,#4649,.F.);
#6425=ORIENTED_EDGE('',*,*,#4650,.F.);
#6426=ORIENTED_EDGE('',*,*,#4651,.T.);
#6427=ORIENTED_EDGE('',*,*,#4650,.T.);
#6428=ORIENTED_EDGE('',*,*,#4652,.F.);
#6429=ORIENTED_EDGE('',*,*,#4653,.F.);
#6430=ORIENTED_EDGE('',*,*,#4654,.T.);
#6431=ORIENTED_EDGE('',*,*,#4653,.T.);
#6432=ORIENTED_EDGE('',*,*,#4655,.F.);
#6433=ORIENTED_EDGE('',*,*,#4656,.F.);
#6434=ORIENTED_EDGE('',*,*,#4657,.T.);
#6435=ORIENTED_EDGE('',*,*,#4656,.T.);
#6436=ORIENTED_EDGE('',*,*,#4658,.F.);
#6437=ORIENTED_EDGE('',*,*,#4659,.F.);
#6438=ORIENTED_EDGE('',*,*,#4660,.T.);
#6439=ORIENTED_EDGE('',*,*,#4659,.T.);
#6440=ORIENTED_EDGE('',*,*,#4661,.F.);
#6441=ORIENTED_EDGE('',*,*,#4662,.F.);
#6442=ORIENTED_EDGE('',*,*,#4663,.T.);
#6443=ORIENTED_EDGE('',*,*,#4662,.T.);
#6444=ORIENTED_EDGE('',*,*,#4664,.F.);
#6445=ORIENTED_EDGE('',*,*,#4665,.F.);
#6446=ORIENTED_EDGE('',*,*,#4666,.T.);
#6447=ORIENTED_EDGE('',*,*,#4665,.T.);
#6448=ORIENTED_EDGE('',*,*,#4667,.F.);
#6449=ORIENTED_EDGE('',*,*,#4668,.F.);
#6450=ORIENTED_EDGE('',*,*,#4669,.T.);
#6451=ORIENTED_EDGE('',*,*,#4668,.T.);
#6452=ORIENTED_EDGE('',*,*,#4670,.F.);
#6453=ORIENTED_EDGE('',*,*,#4671,.F.);
#6454=ORIENTED_EDGE('',*,*,#4672,.T.);
#6455=ORIENTED_EDGE('',*,*,#4671,.T.);
#6456=ORIENTED_EDGE('',*,*,#4673,.F.);
#6457=ORIENTED_EDGE('',*,*,#4674,.F.);
#6458=ORIENTED_EDGE('',*,*,#4675,.T.);
#6459=ORIENTED_EDGE('',*,*,#4674,.T.);
#6460=ORIENTED_EDGE('',*,*,#4676,.F.);
#6461=ORIENTED_EDGE('',*,*,#4677,.F.);
#6462=ORIENTED_EDGE('',*,*,#4678,.F.);
#6463=ORIENTED_EDGE('',*,*,#4677,.T.);
#6464=ORIENTED_EDGE('',*,*,#4679,.F.);
#6465=ORIENTED_EDGE('',*,*,#4680,.F.);
#6466=ORIENTED_EDGE('',*,*,#4681,.T.);
#6467=ORIENTED_EDGE('',*,*,#4680,.T.);
#6468=ORIENTED_EDGE('',*,*,#4682,.F.);
#6469=ORIENTED_EDGE('',*,*,#4683,.F.);
#6470=ORIENTED_EDGE('',*,*,#4684,.T.);
#6471=ORIENTED_EDGE('',*,*,#4683,.T.);
#6472=ORIENTED_EDGE('',*,*,#4685,.F.);
#6473=ORIENTED_EDGE('',*,*,#4686,.F.);
#6474=ORIENTED_EDGE('',*,*,#4687,.T.);
#6475=ORIENTED_EDGE('',*,*,#4686,.T.);
#6476=ORIENTED_EDGE('',*,*,#4688,.F.);
#6477=ORIENTED_EDGE('',*,*,#4689,.F.);
#6478=ORIENTED_EDGE('',*,*,#4690,.T.);
#6479=ORIENTED_EDGE('',*,*,#4689,.T.);
#6480=ORIENTED_EDGE('',*,*,#4691,.F.);
#6481=ORIENTED_EDGE('',*,*,#4692,.F.);
#6482=ORIENTED_EDGE('',*,*,#4693,.T.);
#6483=ORIENTED_EDGE('',*,*,#4692,.T.);
#6484=ORIENTED_EDGE('',*,*,#4694,.F.);
#6485=ORIENTED_EDGE('',*,*,#4695,.F.);
#6486=ORIENTED_EDGE('',*,*,#4696,.T.);
#6487=ORIENTED_EDGE('',*,*,#4695,.T.);
#6488=ORIENTED_EDGE('',*,*,#4697,.F.);
#6489=ORIENTED_EDGE('',*,*,#4698,.F.);
#6490=ORIENTED_EDGE('',*,*,#4699,.T.);
#6491=ORIENTED_EDGE('',*,*,#4698,.T.);
#6492=ORIENTED_EDGE('',*,*,#4700,.F.);
#6493=ORIENTED_EDGE('',*,*,#4701,.F.);
#6494=ORIENTED_EDGE('',*,*,#4702,.T.);
#6495=ORIENTED_EDGE('',*,*,#4701,.T.);
#6496=ORIENTED_EDGE('',*,*,#4703,.F.);
#6497=ORIENTED_EDGE('',*,*,#4704,.F.);
#6498=ORIENTED_EDGE('',*,*,#4705,.T.);
#6499=ORIENTED_EDGE('',*,*,#4704,.T.);
#6500=ORIENTED_EDGE('',*,*,#4706,.F.);
#6501=ORIENTED_EDGE('',*,*,#4707,.F.);
#6502=ORIENTED_EDGE('',*,*,#4708,.T.);
#6503=ORIENTED_EDGE('',*,*,#4707,.T.);
#6504=ORIENTED_EDGE('',*,*,#4709,.F.);
#6505=ORIENTED_EDGE('',*,*,#4710,.F.);
#6506=ORIENTED_EDGE('',*,*,#4711,.T.);
#6507=ORIENTED_EDGE('',*,*,#4710,.T.);
#6508=ORIENTED_EDGE('',*,*,#4712,.F.);
#6509=ORIENTED_EDGE('',*,*,#4713,.F.);
#6510=ORIENTED_EDGE('',*,*,#4714,.T.);
#6511=ORIENTED_EDGE('',*,*,#4713,.T.);
#6512=ORIENTED_EDGE('',*,*,#4715,.F.);
#6513=ORIENTED_EDGE('',*,*,#4716,.F.);
#6514=ORIENTED_EDGE('',*,*,#4717,.T.);
#6515=ORIENTED_EDGE('',*,*,#4716,.T.);
#6516=ORIENTED_EDGE('',*,*,#4718,.F.);
#6517=ORIENTED_EDGE('',*,*,#4719,.F.);
#6518=ORIENTED_EDGE('',*,*,#4720,.T.);
#6519=ORIENTED_EDGE('',*,*,#4719,.T.);
#6520=ORIENTED_EDGE('',*,*,#4721,.F.);
#6521=ORIENTED_EDGE('',*,*,#4722,.F.);
#6522=ORIENTED_EDGE('',*,*,#4723,.T.);
#6523=ORIENTED_EDGE('',*,*,#4722,.T.);
#6524=ORIENTED_EDGE('',*,*,#4724,.F.);
#6525=ORIENTED_EDGE('',*,*,#4725,.F.);
#6526=ORIENTED_EDGE('',*,*,#4726,.T.);
#6527=ORIENTED_EDGE('',*,*,#4725,.T.);
#6528=ORIENTED_EDGE('',*,*,#4727,.F.);
#6529=ORIENTED_EDGE('',*,*,#4728,.F.);
#6530=ORIENTED_EDGE('',*,*,#4729,.T.);
#6531=ORIENTED_EDGE('',*,*,#4728,.T.);
#6532=ORIENTED_EDGE('',*,*,#4730,.F.);
#6533=ORIENTED_EDGE('',*,*,#4731,.F.);
#6534=ORIENTED_EDGE('',*,*,#4732,.T.);
#6535=ORIENTED_EDGE('',*,*,#4731,.T.);
#6536=ORIENTED_EDGE('',*,*,#4733,.F.);
#6537=ORIENTED_EDGE('',*,*,#4734,.F.);
#6538=ORIENTED_EDGE('',*,*,#4735,.T.);
#6539=ORIENTED_EDGE('',*,*,#4734,.T.);
#6540=ORIENTED_EDGE('',*,*,#4736,.F.);
#6541=ORIENTED_EDGE('',*,*,#4737,.F.);
#6542=ORIENTED_EDGE('',*,*,#4738,.T.);
#6543=ORIENTED_EDGE('',*,*,#4737,.T.);
#6544=ORIENTED_EDGE('',*,*,#4739,.F.);
#6545=ORIENTED_EDGE('',*,*,#4740,.F.);
#6546=ORIENTED_EDGE('',*,*,#4741,.T.);
#6547=ORIENTED_EDGE('',*,*,#4740,.T.);
#6548=ORIENTED_EDGE('',*,*,#4742,.F.);
#6549=ORIENTED_EDGE('',*,*,#4743,.F.);
#6550=ORIENTED_EDGE('',*,*,#4744,.T.);
#6551=ORIENTED_EDGE('',*,*,#4743,.T.);
#6552=ORIENTED_EDGE('',*,*,#4745,.F.);
#6553=ORIENTED_EDGE('',*,*,#4746,.F.);
#6554=ORIENTED_EDGE('',*,*,#4747,.T.);
#6555=ORIENTED_EDGE('',*,*,#4746,.T.);
#6556=ORIENTED_EDGE('',*,*,#4748,.F.);
#6557=ORIENTED_EDGE('',*,*,#4749,.F.);
#6558=ORIENTED_EDGE('',*,*,#4750,.T.);
#6559=ORIENTED_EDGE('',*,*,#4749,.T.);
#6560=ORIENTED_EDGE('',*,*,#4751,.F.);
#6561=ORIENTED_EDGE('',*,*,#4752,.F.);
#6562=ORIENTED_EDGE('',*,*,#4753,.T.);
#6563=ORIENTED_EDGE('',*,*,#4752,.T.);
#6564=ORIENTED_EDGE('',*,*,#4754,.F.);
#6565=ORIENTED_EDGE('',*,*,#4755,.F.);
#6566=ORIENTED_EDGE('',*,*,#4756,.T.);
#6567=ORIENTED_EDGE('',*,*,#4755,.T.);
#6568=ORIENTED_EDGE('',*,*,#4757,.F.);
#6569=ORIENTED_EDGE('',*,*,#4758,.F.);
#6570=ORIENTED_EDGE('',*,*,#4759,.T.);
#6571=ORIENTED_EDGE('',*,*,#4758,.T.);
#6572=ORIENTED_EDGE('',*,*,#4760,.F.);
#6573=ORIENTED_EDGE('',*,*,#4761,.F.);
#6574=ORIENTED_EDGE('',*,*,#4762,.T.);
#6575=ORIENTED_EDGE('',*,*,#4761,.T.);
#6576=ORIENTED_EDGE('',*,*,#4763,.F.);
#6577=ORIENTED_EDGE('',*,*,#4764,.F.);
#6578=ORIENTED_EDGE('',*,*,#4765,.T.);
#6579=ORIENTED_EDGE('',*,*,#4764,.T.);
#6580=ORIENTED_EDGE('',*,*,#4766,.F.);
#6581=ORIENTED_EDGE('',*,*,#4767,.F.);
#6582=ORIENTED_EDGE('',*,*,#4768,.T.);
#6583=ORIENTED_EDGE('',*,*,#4767,.T.);
#6584=ORIENTED_EDGE('',*,*,#4769,.F.);
#6585=ORIENTED_EDGE('',*,*,#4770,.F.);
#6586=ORIENTED_EDGE('',*,*,#4771,.T.);
#6587=ORIENTED_EDGE('',*,*,#4770,.T.);
#6588=ORIENTED_EDGE('',*,*,#4772,.F.);
#6589=ORIENTED_EDGE('',*,*,#4773,.F.);
#6590=ORIENTED_EDGE('',*,*,#4774,.T.);
#6591=ORIENTED_EDGE('',*,*,#4773,.T.);
#6592=ORIENTED_EDGE('',*,*,#4775,.F.);
#6593=ORIENTED_EDGE('',*,*,#4776,.F.);
#6594=ORIENTED_EDGE('',*,*,#4777,.T.);
#6595=ORIENTED_EDGE('',*,*,#4776,.T.);
#6596=ORIENTED_EDGE('',*,*,#4778,.F.);
#6597=ORIENTED_EDGE('',*,*,#4612,.F.);
#6598=ORIENTED_EDGE('',*,*,#4777,.F.);
#6599=ORIENTED_EDGE('',*,*,#4611,.F.);
#6600=ORIENTED_EDGE('',*,*,#4615,.F.);
#6601=ORIENTED_EDGE('',*,*,#4618,.F.);
#6602=ORIENTED_EDGE('',*,*,#4621,.F.);
#6603=ORIENTED_EDGE('',*,*,#4624,.F.);
#6604=ORIENTED_EDGE('',*,*,#4627,.F.);
#6605=ORIENTED_EDGE('',*,*,#4630,.F.);
#6606=ORIENTED_EDGE('',*,*,#4633,.F.);
#6607=ORIENTED_EDGE('',*,*,#4636,.T.);
#6608=ORIENTED_EDGE('',*,*,#4639,.F.);
#6609=ORIENTED_EDGE('',*,*,#4642,.F.);
#6610=ORIENTED_EDGE('',*,*,#4645,.F.);
#6611=ORIENTED_EDGE('',*,*,#4648,.F.);
#6612=ORIENTED_EDGE('',*,*,#4651,.F.);
#6613=ORIENTED_EDGE('',*,*,#4654,.F.);
#6614=ORIENTED_EDGE('',*,*,#4657,.F.);
#6615=ORIENTED_EDGE('',*,*,#4660,.F.);
#6616=ORIENTED_EDGE('',*,*,#4663,.F.);
#6617=ORIENTED_EDGE('',*,*,#4666,.F.);
#6618=ORIENTED_EDGE('',*,*,#4669,.F.);
#6619=ORIENTED_EDGE('',*,*,#4672,.F.);
#6620=ORIENTED_EDGE('',*,*,#4675,.F.);
#6621=ORIENTED_EDGE('',*,*,#4678,.T.);
#6622=ORIENTED_EDGE('',*,*,#4681,.F.);
#6623=ORIENTED_EDGE('',*,*,#4684,.F.);
#6624=ORIENTED_EDGE('',*,*,#4687,.F.);
#6625=ORIENTED_EDGE('',*,*,#4690,.F.);
#6626=ORIENTED_EDGE('',*,*,#4693,.F.);
#6627=ORIENTED_EDGE('',*,*,#4696,.F.);
#6628=ORIENTED_EDGE('',*,*,#4699,.F.);
#6629=ORIENTED_EDGE('',*,*,#4702,.F.);
#6630=ORIENTED_EDGE('',*,*,#4705,.F.);
#6631=ORIENTED_EDGE('',*,*,#4708,.F.);
#6632=ORIENTED_EDGE('',*,*,#4711,.F.);
#6633=ORIENTED_EDGE('',*,*,#4714,.F.);
#6634=ORIENTED_EDGE('',*,*,#4717,.F.);
#6635=ORIENTED_EDGE('',*,*,#4720,.F.);
#6636=ORIENTED_EDGE('',*,*,#4723,.F.);
#6637=ORIENTED_EDGE('',*,*,#4726,.F.);
#6638=ORIENTED_EDGE('',*,*,#4729,.F.);
#6639=ORIENTED_EDGE('',*,*,#4732,.F.);
#6640=ORIENTED_EDGE('',*,*,#4735,.F.);
#6641=ORIENTED_EDGE('',*,*,#4738,.F.);
#6642=ORIENTED_EDGE('',*,*,#4741,.F.);
#6643=ORIENTED_EDGE('',*,*,#4744,.F.);
#6644=ORIENTED_EDGE('',*,*,#4747,.F.);
#6645=ORIENTED_EDGE('',*,*,#4750,.F.);
#6646=ORIENTED_EDGE('',*,*,#4753,.F.);
#6647=ORIENTED_EDGE('',*,*,#4756,.F.);
#6648=ORIENTED_EDGE('',*,*,#4759,.F.);
#6649=ORIENTED_EDGE('',*,*,#4762,.F.);
#6650=ORIENTED_EDGE('',*,*,#4765,.F.);
#6651=ORIENTED_EDGE('',*,*,#4768,.F.);
#6652=ORIENTED_EDGE('',*,*,#4771,.F.);
#6653=ORIENTED_EDGE('',*,*,#4774,.F.);
#6654=ORIENTED_EDGE('',*,*,#4609,.F.);
#6655=ORIENTED_EDGE('',*,*,#4593,.F.);
#6656=ORIENTED_EDGE('',*,*,#4597,.F.);
#6657=ORIENTED_EDGE('',*,*,#4600,.F.);
#6658=ORIENTED_EDGE('',*,*,#4603,.F.);
#6659=ORIENTED_EDGE('',*,*,#4606,.F.);
#6660=ORIENTED_EDGE('',*,*,#4591,.F.);
#6661=ORIENTED_EDGE('',*,*,#4575,.F.);
#6662=ORIENTED_EDGE('',*,*,#4579,.F.);
#6663=ORIENTED_EDGE('',*,*,#4582,.F.);
#6664=ORIENTED_EDGE('',*,*,#4585,.F.);
#6665=ORIENTED_EDGE('',*,*,#4588,.F.);
#6666=ORIENTED_EDGE('',*,*,#4573,.F.);
#6667=ORIENTED_EDGE('',*,*,#4557,.F.);
#6668=ORIENTED_EDGE('',*,*,#4561,.F.);
#6669=ORIENTED_EDGE('',*,*,#4564,.F.);
#6670=ORIENTED_EDGE('',*,*,#4567,.F.);
#6671=ORIENTED_EDGE('',*,*,#4570,.F.);
#6672=ORIENTED_EDGE('',*,*,#4555,.F.);
#6673=ORIENTED_EDGE('',*,*,#4539,.F.);
#6674=ORIENTED_EDGE('',*,*,#4543,.F.);
#6675=ORIENTED_EDGE('',*,*,#4546,.F.);
#6676=ORIENTED_EDGE('',*,*,#4549,.F.);
#6677=ORIENTED_EDGE('',*,*,#4552,.F.);
#6678=ORIENTED_EDGE('',*,*,#4537,.F.);
#6679=ORIENTED_EDGE('',*,*,#4521,.F.);
#6680=ORIENTED_EDGE('',*,*,#4525,.F.);
#6681=ORIENTED_EDGE('',*,*,#4528,.F.);
#6682=ORIENTED_EDGE('',*,*,#4531,.F.);
#6683=ORIENTED_EDGE('',*,*,#4534,.F.);
#6684=ORIENTED_EDGE('',*,*,#4519,.F.);
#6685=ORIENTED_EDGE('',*,*,#4503,.F.);
#6686=ORIENTED_EDGE('',*,*,#4507,.F.);
#6687=ORIENTED_EDGE('',*,*,#4510,.F.);
#6688=ORIENTED_EDGE('',*,*,#4513,.F.);
#6689=ORIENTED_EDGE('',*,*,#4516,.F.);
#6690=ORIENTED_EDGE('',*,*,#4501,.F.);
#6691=ORIENTED_EDGE('',*,*,#4485,.F.);
#6692=ORIENTED_EDGE('',*,*,#4489,.F.);
#6693=ORIENTED_EDGE('',*,*,#4492,.F.);
#6694=ORIENTED_EDGE('',*,*,#4495,.F.);
#6695=ORIENTED_EDGE('',*,*,#4498,.F.);
#6696=ORIENTED_EDGE('',*,*,#4778,.T.);
#6697=ORIENTED_EDGE('',*,*,#4775,.T.);
#6698=ORIENTED_EDGE('',*,*,#4772,.T.);
#6699=ORIENTED_EDGE('',*,*,#4769,.T.);
#6700=ORIENTED_EDGE('',*,*,#4766,.T.);
#6701=ORIENTED_EDGE('',*,*,#4763,.T.);
#6702=ORIENTED_EDGE('',*,*,#4760,.T.);
#6703=ORIENTED_EDGE('',*,*,#4757,.T.);
#6704=ORIENTED_EDGE('',*,*,#4754,.T.);
#6705=ORIENTED_EDGE('',*,*,#4751,.T.);
#6706=ORIENTED_EDGE('',*,*,#4748,.T.);
#6707=ORIENTED_EDGE('',*,*,#4745,.T.);
#6708=ORIENTED_EDGE('',*,*,#4742,.T.);
#6709=ORIENTED_EDGE('',*,*,#4739,.T.);
#6710=ORIENTED_EDGE('',*,*,#4736,.T.);
#6711=ORIENTED_EDGE('',*,*,#4733,.T.);
#6712=ORIENTED_EDGE('',*,*,#4730,.T.);
#6713=ORIENTED_EDGE('',*,*,#4727,.T.);
#6714=ORIENTED_EDGE('',*,*,#4724,.T.);
#6715=ORIENTED_EDGE('',*,*,#4721,.T.);
#6716=ORIENTED_EDGE('',*,*,#4718,.T.);
#6717=ORIENTED_EDGE('',*,*,#4715,.T.);
#6718=ORIENTED_EDGE('',*,*,#4712,.T.);
#6719=ORIENTED_EDGE('',*,*,#4709,.T.);
#6720=ORIENTED_EDGE('',*,*,#4706,.T.);
#6721=ORIENTED_EDGE('',*,*,#4703,.T.);
#6722=ORIENTED_EDGE('',*,*,#4700,.T.);
#6723=ORIENTED_EDGE('',*,*,#4697,.T.);
#6724=ORIENTED_EDGE('',*,*,#4694,.T.);
#6725=ORIENTED_EDGE('',*,*,#4691,.T.);
#6726=ORIENTED_EDGE('',*,*,#4688,.T.);
#6727=ORIENTED_EDGE('',*,*,#4685,.T.);
#6728=ORIENTED_EDGE('',*,*,#4682,.T.);
#6729=ORIENTED_EDGE('',*,*,#4679,.T.);
#6730=ORIENTED_EDGE('',*,*,#4676,.T.);
#6731=ORIENTED_EDGE('',*,*,#4673,.T.);
#6732=ORIENTED_EDGE('',*,*,#4670,.T.);
#6733=ORIENTED_EDGE('',*,*,#4667,.T.);
#6734=ORIENTED_EDGE('',*,*,#4664,.T.);
#6735=ORIENTED_EDGE('',*,*,#4661,.T.);
#6736=ORIENTED_EDGE('',*,*,#4658,.T.);
#6737=ORIENTED_EDGE('',*,*,#4655,.T.);
#6738=ORIENTED_EDGE('',*,*,#4652,.T.);
#6739=ORIENTED_EDGE('',*,*,#4649,.T.);
#6740=ORIENTED_EDGE('',*,*,#4646,.T.);
#6741=ORIENTED_EDGE('',*,*,#4643,.T.);
#6742=ORIENTED_EDGE('',*,*,#4640,.T.);
#6743=ORIENTED_EDGE('',*,*,#4637,.T.);
#6744=ORIENTED_EDGE('',*,*,#4634,.T.);
#6745=ORIENTED_EDGE('',*,*,#4631,.T.);
#6746=ORIENTED_EDGE('',*,*,#4628,.T.);
#6747=ORIENTED_EDGE('',*,*,#4625,.T.);
#6748=ORIENTED_EDGE('',*,*,#4622,.T.);
#6749=ORIENTED_EDGE('',*,*,#4619,.T.);
#6750=ORIENTED_EDGE('',*,*,#4616,.T.);
#6751=ORIENTED_EDGE('',*,*,#4613,.T.);
#6752=ORIENTED_EDGE('',*,*,#4610,.T.);
#6753=ORIENTED_EDGE('',*,*,#4607,.T.);
#6754=ORIENTED_EDGE('',*,*,#4604,.T.);
#6755=ORIENTED_EDGE('',*,*,#4601,.T.);
#6756=ORIENTED_EDGE('',*,*,#4598,.T.);
#6757=ORIENTED_EDGE('',*,*,#4595,.T.);
#6758=ORIENTED_EDGE('',*,*,#4592,.T.);
#6759=ORIENTED_EDGE('',*,*,#4589,.T.);
#6760=ORIENTED_EDGE('',*,*,#4586,.T.);
#6761=ORIENTED_EDGE('',*,*,#4583,.T.);
#6762=ORIENTED_EDGE('',*,*,#4580,.T.);
#6763=ORIENTED_EDGE('',*,*,#4577,.T.);
#6764=ORIENTED_EDGE('',*,*,#4574,.T.);
#6765=ORIENTED_EDGE('',*,*,#4571,.T.);
#6766=ORIENTED_EDGE('',*,*,#4568,.T.);
#6767=ORIENTED_EDGE('',*,*,#4565,.T.);
#6768=ORIENTED_EDGE('',*,*,#4562,.T.);
#6769=ORIENTED_EDGE('',*,*,#4559,.T.);
#6770=ORIENTED_EDGE('',*,*,#4556,.T.);
#6771=ORIENTED_EDGE('',*,*,#4553,.T.);
#6772=ORIENTED_EDGE('',*,*,#4550,.T.);
#6773=ORIENTED_EDGE('',*,*,#4547,.T.);
#6774=ORIENTED_EDGE('',*,*,#4544,.T.);
#6775=ORIENTED_EDGE('',*,*,#4541,.T.);
#6776=ORIENTED_EDGE('',*,*,#4538,.T.);
#6777=ORIENTED_EDGE('',*,*,#4535,.T.);
#6778=ORIENTED_EDGE('',*,*,#4532,.T.);
#6779=ORIENTED_EDGE('',*,*,#4529,.T.);
#6780=ORIENTED_EDGE('',*,*,#4526,.T.);
#6781=ORIENTED_EDGE('',*,*,#4523,.T.);
#6782=ORIENTED_EDGE('',*,*,#4520,.T.);
#6783=ORIENTED_EDGE('',*,*,#4517,.T.);
#6784=ORIENTED_EDGE('',*,*,#4514,.T.);
#6785=ORIENTED_EDGE('',*,*,#4511,.T.);
#6786=ORIENTED_EDGE('',*,*,#4508,.T.);
#6787=ORIENTED_EDGE('',*,*,#4505,.T.);
#6788=ORIENTED_EDGE('',*,*,#4502,.T.);
#6789=ORIENTED_EDGE('',*,*,#4499,.T.);
#6790=ORIENTED_EDGE('',*,*,#4496,.T.);
#6791=ORIENTED_EDGE('',*,*,#4493,.T.);
#6792=ORIENTED_EDGE('',*,*,#4490,.T.);
#6793=ORIENTED_EDGE('',*,*,#4487,.T.);
#6794=ORIENTED_EDGE('',*,*,#4779,.T.);
#6795=ORIENTED_EDGE('',*,*,#4780,.T.);
#6796=ORIENTED_EDGE('',*,*,#4781,.F.);
#6797=ORIENTED_EDGE('',*,*,#4782,.F.);
#6798=ORIENTED_EDGE('',*,*,#4783,.T.);
#6799=ORIENTED_EDGE('',*,*,#4782,.T.);
#6800=ORIENTED_EDGE('',*,*,#4784,.F.);
#6801=ORIENTED_EDGE('',*,*,#4785,.F.);
#6802=ORIENTED_EDGE('',*,*,#4786,.T.);
#6803=ORIENTED_EDGE('',*,*,#4785,.T.);
#6804=ORIENTED_EDGE('',*,*,#4787,.F.);
#6805=ORIENTED_EDGE('',*,*,#4788,.F.);
#6806=ORIENTED_EDGE('',*,*,#4789,.T.);
#6807=ORIENTED_EDGE('',*,*,#4788,.T.);
#6808=ORIENTED_EDGE('',*,*,#4790,.F.);
#6809=ORIENTED_EDGE('',*,*,#4791,.F.);
#6810=ORIENTED_EDGE('',*,*,#4792,.T.);
#6811=ORIENTED_EDGE('',*,*,#4791,.T.);
#6812=ORIENTED_EDGE('',*,*,#4793,.F.);
#6813=ORIENTED_EDGE('',*,*,#4794,.F.);
#6814=ORIENTED_EDGE('',*,*,#4795,.T.);
#6815=ORIENTED_EDGE('',*,*,#4794,.T.);
#6816=ORIENTED_EDGE('',*,*,#4796,.F.);
#6817=ORIENTED_EDGE('',*,*,#4780,.F.);
#6818=ORIENTED_EDGE('',*,*,#4797,.T.);
#6819=ORIENTED_EDGE('',*,*,#4798,.T.);
#6820=ORIENTED_EDGE('',*,*,#4799,.F.);
#6821=ORIENTED_EDGE('',*,*,#4800,.F.);
#6822=ORIENTED_EDGE('',*,*,#4801,.T.);
#6823=ORIENTED_EDGE('',*,*,#4800,.T.);
#6824=ORIENTED_EDGE('',*,*,#4802,.F.);
#6825=ORIENTED_EDGE('',*,*,#4803,.F.);
#6826=ORIENTED_EDGE('',*,*,#4804,.F.);
#6827=ORIENTED_EDGE('',*,*,#4803,.T.);
#6828=ORIENTED_EDGE('',*,*,#4805,.F.);
#6829=ORIENTED_EDGE('',*,*,#4806,.F.);
#6830=ORIENTED_EDGE('',*,*,#4807,.T.);
#6831=ORIENTED_EDGE('',*,*,#4806,.T.);
#6832=ORIENTED_EDGE('',*,*,#4808,.F.);
#6833=ORIENTED_EDGE('',*,*,#4809,.F.);
#6834=ORIENTED_EDGE('',*,*,#4810,.T.);
#6835=ORIENTED_EDGE('',*,*,#4809,.T.);
#6836=ORIENTED_EDGE('',*,*,#4811,.F.);
#6837=ORIENTED_EDGE('',*,*,#4812,.F.);
#6838=ORIENTED_EDGE('',*,*,#4813,.F.);
#6839=ORIENTED_EDGE('',*,*,#4812,.T.);
#6840=ORIENTED_EDGE('',*,*,#4814,.F.);
#6841=ORIENTED_EDGE('',*,*,#4815,.F.);
#6842=ORIENTED_EDGE('',*,*,#4816,.T.);
#6843=ORIENTED_EDGE('',*,*,#4815,.T.);
#6844=ORIENTED_EDGE('',*,*,#4817,.F.);
#6845=ORIENTED_EDGE('',*,*,#4818,.F.);
#6846=ORIENTED_EDGE('',*,*,#4819,.T.);
#6847=ORIENTED_EDGE('',*,*,#4818,.T.);
#6848=ORIENTED_EDGE('',*,*,#4820,.F.);
#6849=ORIENTED_EDGE('',*,*,#4821,.F.);
#6850=ORIENTED_EDGE('',*,*,#4822,.T.);
#6851=ORIENTED_EDGE('',*,*,#4821,.T.);
#6852=ORIENTED_EDGE('',*,*,#4823,.F.);
#6853=ORIENTED_EDGE('',*,*,#4824,.F.);
#6854=ORIENTED_EDGE('',*,*,#4825,.T.);
#6855=ORIENTED_EDGE('',*,*,#4824,.T.);
#6856=ORIENTED_EDGE('',*,*,#4826,.F.);
#6857=ORIENTED_EDGE('',*,*,#4827,.F.);
#6858=ORIENTED_EDGE('',*,*,#4828,.T.);
#6859=ORIENTED_EDGE('',*,*,#4827,.T.);
#6860=ORIENTED_EDGE('',*,*,#4829,.F.);
#6861=ORIENTED_EDGE('',*,*,#4830,.F.);
#6862=ORIENTED_EDGE('',*,*,#4831,.T.);
#6863=ORIENTED_EDGE('',*,*,#4830,.T.);
#6864=ORIENTED_EDGE('',*,*,#4832,.F.);
#6865=ORIENTED_EDGE('',*,*,#4833,.F.);
#6866=ORIENTED_EDGE('',*,*,#4834,.T.);
#6867=ORIENTED_EDGE('',*,*,#4833,.T.);
#6868=ORIENTED_EDGE('',*,*,#4835,.F.);
#6869=ORIENTED_EDGE('',*,*,#4836,.F.);
#6870=ORIENTED_EDGE('',*,*,#4837,.T.);
#6871=ORIENTED_EDGE('',*,*,#4836,.T.);
#6872=ORIENTED_EDGE('',*,*,#4838,.F.);
#6873=ORIENTED_EDGE('',*,*,#4839,.F.);
#6874=ORIENTED_EDGE('',*,*,#4840,.T.);
#6875=ORIENTED_EDGE('',*,*,#4839,.T.);
#6876=ORIENTED_EDGE('',*,*,#4841,.F.);
#6877=ORIENTED_EDGE('',*,*,#4842,.F.);
#6878=ORIENTED_EDGE('',*,*,#4843,.T.);
#6879=ORIENTED_EDGE('',*,*,#4842,.T.);
#6880=ORIENTED_EDGE('',*,*,#4844,.F.);
#6881=ORIENTED_EDGE('',*,*,#4845,.F.);
#6882=ORIENTED_EDGE('',*,*,#4846,.T.);
#6883=ORIENTED_EDGE('',*,*,#4845,.T.);
#6884=ORIENTED_EDGE('',*,*,#4847,.F.);
#6885=ORIENTED_EDGE('',*,*,#4848,.F.);
#6886=ORIENTED_EDGE('',*,*,#4849,.T.);
#6887=ORIENTED_EDGE('',*,*,#4848,.T.);
#6888=ORIENTED_EDGE('',*,*,#4850,.F.);
#6889=ORIENTED_EDGE('',*,*,#4851,.F.);
#6890=ORIENTED_EDGE('',*,*,#4852,.T.);
#6891=ORIENTED_EDGE('',*,*,#4851,.T.);
#6892=ORIENTED_EDGE('',*,*,#4853,.F.);
#6893=ORIENTED_EDGE('',*,*,#4854,.F.);
#6894=ORIENTED_EDGE('',*,*,#4855,.T.);
#6895=ORIENTED_EDGE('',*,*,#4854,.T.);
#6896=ORIENTED_EDGE('',*,*,#4856,.F.);
#6897=ORIENTED_EDGE('',*,*,#4857,.F.);
#6898=ORIENTED_EDGE('',*,*,#4858,.T.);
#6899=ORIENTED_EDGE('',*,*,#4857,.T.);
#6900=ORIENTED_EDGE('',*,*,#4859,.F.);
#6901=ORIENTED_EDGE('',*,*,#4860,.F.);
#6902=ORIENTED_EDGE('',*,*,#4861,.T.);
#6903=ORIENTED_EDGE('',*,*,#4860,.T.);
#6904=ORIENTED_EDGE('',*,*,#4862,.F.);
#6905=ORIENTED_EDGE('',*,*,#4863,.F.);
#6906=ORIENTED_EDGE('',*,*,#4864,.T.);
#6907=ORIENTED_EDGE('',*,*,#4863,.T.);
#6908=ORIENTED_EDGE('',*,*,#4865,.F.);
#6909=ORIENTED_EDGE('',*,*,#4866,.F.);
#6910=ORIENTED_EDGE('',*,*,#4867,.T.);
#6911=ORIENTED_EDGE('',*,*,#4866,.T.);
#6912=ORIENTED_EDGE('',*,*,#4868,.F.);
#6913=ORIENTED_EDGE('',*,*,#4869,.F.);
#6914=ORIENTED_EDGE('',*,*,#4870,.T.);
#6915=ORIENTED_EDGE('',*,*,#4869,.T.);
#6916=ORIENTED_EDGE('',*,*,#4871,.F.);
#6917=ORIENTED_EDGE('',*,*,#4872,.F.);
#6918=ORIENTED_EDGE('',*,*,#4873,.F.);
#6919=ORIENTED_EDGE('',*,*,#4872,.T.);
#6920=ORIENTED_EDGE('',*,*,#4874,.F.);
#6921=ORIENTED_EDGE('',*,*,#4875,.F.);
#6922=ORIENTED_EDGE('',*,*,#4876,.T.);
#6923=ORIENTED_EDGE('',*,*,#4875,.T.);
#6924=ORIENTED_EDGE('',*,*,#4877,.F.);
#6925=ORIENTED_EDGE('',*,*,#4878,.F.);
#6926=ORIENTED_EDGE('',*,*,#4879,.T.);
#6927=ORIENTED_EDGE('',*,*,#4878,.T.);
#6928=ORIENTED_EDGE('',*,*,#4880,.F.);
#6929=ORIENTED_EDGE('',*,*,#4881,.F.);
#6930=ORIENTED_EDGE('',*,*,#4882,.T.);
#6931=ORIENTED_EDGE('',*,*,#4881,.T.);
#6932=ORIENTED_EDGE('',*,*,#4883,.F.);
#6933=ORIENTED_EDGE('',*,*,#4884,.F.);
#6934=ORIENTED_EDGE('',*,*,#4885,.T.);
#6935=ORIENTED_EDGE('',*,*,#4884,.T.);
#6936=ORIENTED_EDGE('',*,*,#4886,.F.);
#6937=ORIENTED_EDGE('',*,*,#4887,.F.);
#6938=ORIENTED_EDGE('',*,*,#4888,.T.);
#6939=ORIENTED_EDGE('',*,*,#4887,.T.);
#6940=ORIENTED_EDGE('',*,*,#4889,.F.);
#6941=ORIENTED_EDGE('',*,*,#4890,.F.);
#6942=ORIENTED_EDGE('',*,*,#4891,.T.);
#6943=ORIENTED_EDGE('',*,*,#4890,.T.);
#6944=ORIENTED_EDGE('',*,*,#4892,.F.);
#6945=ORIENTED_EDGE('',*,*,#4893,.F.);
#6946=ORIENTED_EDGE('',*,*,#4894,.T.);
#6947=ORIENTED_EDGE('',*,*,#4893,.T.);
#6948=ORIENTED_EDGE('',*,*,#4895,.F.);
#6949=ORIENTED_EDGE('',*,*,#4896,.F.);
#6950=ORIENTED_EDGE('',*,*,#4897,.T.);
#6951=ORIENTED_EDGE('',*,*,#4896,.T.);
#6952=ORIENTED_EDGE('',*,*,#4898,.F.);
#6953=ORIENTED_EDGE('',*,*,#4899,.F.);
#6954=ORIENTED_EDGE('',*,*,#4900,.T.);
#6955=ORIENTED_EDGE('',*,*,#4899,.T.);
#6956=ORIENTED_EDGE('',*,*,#4901,.F.);
#6957=ORIENTED_EDGE('',*,*,#4902,.F.);
#6958=ORIENTED_EDGE('',*,*,#4903,.T.);
#6959=ORIENTED_EDGE('',*,*,#4902,.T.);
#6960=ORIENTED_EDGE('',*,*,#4904,.F.);
#6961=ORIENTED_EDGE('',*,*,#4905,.F.);
#6962=ORIENTED_EDGE('',*,*,#4906,.T.);
#6963=ORIENTED_EDGE('',*,*,#4905,.T.);
#6964=ORIENTED_EDGE('',*,*,#4907,.F.);
#6965=ORIENTED_EDGE('',*,*,#4908,.F.);
#6966=ORIENTED_EDGE('',*,*,#4909,.T.);
#6967=ORIENTED_EDGE('',*,*,#4908,.T.);
#6968=ORIENTED_EDGE('',*,*,#4910,.F.);
#6969=ORIENTED_EDGE('',*,*,#4911,.F.);
#6970=ORIENTED_EDGE('',*,*,#4912,.T.);
#6971=ORIENTED_EDGE('',*,*,#4911,.T.);
#6972=ORIENTED_EDGE('',*,*,#4913,.F.);
#6973=ORIENTED_EDGE('',*,*,#4914,.F.);
#6974=ORIENTED_EDGE('',*,*,#4915,.T.);
#6975=ORIENTED_EDGE('',*,*,#4914,.T.);
#6976=ORIENTED_EDGE('',*,*,#4916,.F.);
#6977=ORIENTED_EDGE('',*,*,#4917,.F.);
#6978=ORIENTED_EDGE('',*,*,#4918,.T.);
#6979=ORIENTED_EDGE('',*,*,#4917,.T.);
#6980=ORIENTED_EDGE('',*,*,#4919,.F.);
#6981=ORIENTED_EDGE('',*,*,#4920,.F.);
#6982=ORIENTED_EDGE('',*,*,#4921,.T.);
#6983=ORIENTED_EDGE('',*,*,#4920,.T.);
#6984=ORIENTED_EDGE('',*,*,#4922,.F.);
#6985=ORIENTED_EDGE('',*,*,#4923,.F.);
#6986=ORIENTED_EDGE('',*,*,#4924,.T.);
#6987=ORIENTED_EDGE('',*,*,#4923,.T.);
#6988=ORIENTED_EDGE('',*,*,#4925,.F.);
#6989=ORIENTED_EDGE('',*,*,#4926,.F.);
#6990=ORIENTED_EDGE('',*,*,#4927,.T.);
#6991=ORIENTED_EDGE('',*,*,#4926,.T.);
#6992=ORIENTED_EDGE('',*,*,#4928,.F.);
#6993=ORIENTED_EDGE('',*,*,#4929,.F.);
#6994=ORIENTED_EDGE('',*,*,#4930,.T.);
#6995=ORIENTED_EDGE('',*,*,#4929,.T.);
#6996=ORIENTED_EDGE('',*,*,#4931,.F.);
#6997=ORIENTED_EDGE('',*,*,#4798,.F.);
#6998=ORIENTED_EDGE('',*,*,#4930,.F.);
#6999=ORIENTED_EDGE('',*,*,#4797,.F.);
#7000=ORIENTED_EDGE('',*,*,#4801,.F.);
#7001=ORIENTED_EDGE('',*,*,#4804,.T.);
#7002=ORIENTED_EDGE('',*,*,#4807,.F.);
#7003=ORIENTED_EDGE('',*,*,#4810,.F.);
#7004=ORIENTED_EDGE('',*,*,#4813,.T.);
#7005=ORIENTED_EDGE('',*,*,#4816,.F.);
#7006=ORIENTED_EDGE('',*,*,#4819,.F.);
#7007=ORIENTED_EDGE('',*,*,#4822,.F.);
#7008=ORIENTED_EDGE('',*,*,#4825,.F.);
#7009=ORIENTED_EDGE('',*,*,#4828,.F.);
#7010=ORIENTED_EDGE('',*,*,#4831,.F.);
#7011=ORIENTED_EDGE('',*,*,#4834,.F.);
#7012=ORIENTED_EDGE('',*,*,#4837,.F.);
#7013=ORIENTED_EDGE('',*,*,#4840,.F.);
#7014=ORIENTED_EDGE('',*,*,#4843,.F.);
#7015=ORIENTED_EDGE('',*,*,#4846,.F.);
#7016=ORIENTED_EDGE('',*,*,#4849,.F.);
#7017=ORIENTED_EDGE('',*,*,#4852,.F.);
#7018=ORIENTED_EDGE('',*,*,#4855,.F.);
#7019=ORIENTED_EDGE('',*,*,#4858,.F.);
#7020=ORIENTED_EDGE('',*,*,#4861,.F.);
#7021=ORIENTED_EDGE('',*,*,#4864,.F.);
#7022=ORIENTED_EDGE('',*,*,#4867,.F.);
#7023=ORIENTED_EDGE('',*,*,#4870,.F.);
#7024=ORIENTED_EDGE('',*,*,#4873,.T.);
#7025=ORIENTED_EDGE('',*,*,#4876,.F.);
#7026=ORIENTED_EDGE('',*,*,#4879,.F.);
#7027=ORIENTED_EDGE('',*,*,#4882,.F.);
#7028=ORIENTED_EDGE('',*,*,#4885,.F.);
#7029=ORIENTED_EDGE('',*,*,#4888,.F.);
#7030=ORIENTED_EDGE('',*,*,#4891,.F.);
#7031=ORIENTED_EDGE('',*,*,#4894,.F.);
#7032=ORIENTED_EDGE('',*,*,#4897,.F.);
#7033=ORIENTED_EDGE('',*,*,#4900,.F.);
#7034=ORIENTED_EDGE('',*,*,#4903,.F.);
#7035=ORIENTED_EDGE('',*,*,#4906,.F.);
#7036=ORIENTED_EDGE('',*,*,#4909,.F.);
#7037=ORIENTED_EDGE('',*,*,#4912,.F.);
#7038=ORIENTED_EDGE('',*,*,#4915,.F.);
#7039=ORIENTED_EDGE('',*,*,#4918,.F.);
#7040=ORIENTED_EDGE('',*,*,#4921,.F.);
#7041=ORIENTED_EDGE('',*,*,#4924,.F.);
#7042=ORIENTED_EDGE('',*,*,#4927,.F.);
#7043=ORIENTED_EDGE('',*,*,#4795,.F.);
#7044=ORIENTED_EDGE('',*,*,#4779,.F.);
#7045=ORIENTED_EDGE('',*,*,#4783,.F.);
#7046=ORIENTED_EDGE('',*,*,#4786,.F.);
#7047=ORIENTED_EDGE('',*,*,#4789,.F.);
#7048=ORIENTED_EDGE('',*,*,#4792,.F.);
#7049=ORIENTED_EDGE('',*,*,#4931,.T.);
#7050=ORIENTED_EDGE('',*,*,#4928,.T.);
#7051=ORIENTED_EDGE('',*,*,#4925,.T.);
#7052=ORIENTED_EDGE('',*,*,#4922,.T.);
#7053=ORIENTED_EDGE('',*,*,#4919,.T.);
#7054=ORIENTED_EDGE('',*,*,#4916,.T.);
#7055=ORIENTED_EDGE('',*,*,#4913,.T.);
#7056=ORIENTED_EDGE('',*,*,#4910,.T.);
#7057=ORIENTED_EDGE('',*,*,#4907,.T.);
#7058=ORIENTED_EDGE('',*,*,#4904,.T.);
#7059=ORIENTED_EDGE('',*,*,#4901,.T.);
#7060=ORIENTED_EDGE('',*,*,#4898,.T.);
#7061=ORIENTED_EDGE('',*,*,#4895,.T.);
#7062=ORIENTED_EDGE('',*,*,#4892,.T.);
#7063=ORIENTED_EDGE('',*,*,#4889,.T.);
#7064=ORIENTED_EDGE('',*,*,#4886,.T.);
#7065=ORIENTED_EDGE('',*,*,#4883,.T.);
#7066=ORIENTED_EDGE('',*,*,#4880,.T.);
#7067=ORIENTED_EDGE('',*,*,#4877,.T.);
#7068=ORIENTED_EDGE('',*,*,#4874,.T.);
#7069=ORIENTED_EDGE('',*,*,#4871,.T.);
#7070=ORIENTED_EDGE('',*,*,#4868,.T.);
#7071=ORIENTED_EDGE('',*,*,#4865,.T.);
#7072=ORIENTED_EDGE('',*,*,#4862,.T.);
#7073=ORIENTED_EDGE('',*,*,#4859,.T.);
#7074=ORIENTED_EDGE('',*,*,#4856,.T.);
#7075=ORIENTED_EDGE('',*,*,#4853,.T.);
#7076=ORIENTED_EDGE('',*,*,#4850,.T.);
#7077=ORIENTED_EDGE('',*,*,#4847,.T.);
#7078=ORIENTED_EDGE('',*,*,#4844,.T.);
#7079=ORIENTED_EDGE('',*,*,#4841,.T.);
#7080=ORIENTED_EDGE('',*,*,#4838,.T.);
#7081=ORIENTED_EDGE('',*,*,#4835,.T.);
#7082=ORIENTED_EDGE('',*,*,#4832,.T.);
#7083=ORIENTED_EDGE('',*,*,#4829,.T.);
#7084=ORIENTED_EDGE('',*,*,#4826,.T.);
#7085=ORIENTED_EDGE('',*,*,#4823,.T.);
#7086=ORIENTED_EDGE('',*,*,#4820,.T.);
#7087=ORIENTED_EDGE('',*,*,#4817,.T.);
#7088=ORIENTED_EDGE('',*,*,#4814,.T.);
#7089=ORIENTED_EDGE('',*,*,#4811,.T.);
#7090=ORIENTED_EDGE('',*,*,#4808,.T.);
#7091=ORIENTED_EDGE('',*,*,#4805,.T.);
#7092=ORIENTED_EDGE('',*,*,#4802,.T.);
#7093=ORIENTED_EDGE('',*,*,#4799,.T.);
#7094=ORIENTED_EDGE('',*,*,#4796,.T.);
#7095=ORIENTED_EDGE('',*,*,#4793,.T.);
#7096=ORIENTED_EDGE('',*,*,#4790,.T.);
#7097=ORIENTED_EDGE('',*,*,#4787,.T.);
#7098=ORIENTED_EDGE('',*,*,#4784,.T.);
#7099=ORIENTED_EDGE('',*,*,#4781,.T.);
#7100=ORIENTED_EDGE('',*,*,#4932,.T.);
#7101=ORIENTED_EDGE('',*,*,#4933,.T.);
#7102=ORIENTED_EDGE('',*,*,#4934,.F.);
#7103=ORIENTED_EDGE('',*,*,#4935,.F.);
#7104=ORIENTED_EDGE('',*,*,#4936,.T.);
#7105=ORIENTED_EDGE('',*,*,#4935,.T.);
#7106=ORIENTED_EDGE('',*,*,#4937,.F.);
#7107=ORIENTED_EDGE('',*,*,#4938,.F.);
#7108=ORIENTED_EDGE('',*,*,#4939,.T.);
#7109=ORIENTED_EDGE('',*,*,#4938,.T.);
#7110=ORIENTED_EDGE('',*,*,#4940,.F.);
#7111=ORIENTED_EDGE('',*,*,#4941,.F.);
#7112=ORIENTED_EDGE('',*,*,#4942,.T.);
#7113=ORIENTED_EDGE('',*,*,#4941,.T.);
#7114=ORIENTED_EDGE('',*,*,#4943,.F.);
#7115=ORIENTED_EDGE('',*,*,#4944,.F.);
#7116=ORIENTED_EDGE('',*,*,#4945,.T.);
#7117=ORIENTED_EDGE('',*,*,#4944,.T.);
#7118=ORIENTED_EDGE('',*,*,#4946,.F.);
#7119=ORIENTED_EDGE('',*,*,#4947,.F.);
#7120=ORIENTED_EDGE('',*,*,#4948,.T.);
#7121=ORIENTED_EDGE('',*,*,#4947,.T.);
#7122=ORIENTED_EDGE('',*,*,#4949,.F.);
#7123=ORIENTED_EDGE('',*,*,#4933,.F.);
#7124=ORIENTED_EDGE('',*,*,#4950,.T.);
#7125=ORIENTED_EDGE('',*,*,#4951,.T.);
#7126=ORIENTED_EDGE('',*,*,#4952,.F.);
#7127=ORIENTED_EDGE('',*,*,#4953,.F.);
#7128=ORIENTED_EDGE('',*,*,#4954,.T.);
#7129=ORIENTED_EDGE('',*,*,#4953,.T.);
#7130=ORIENTED_EDGE('',*,*,#4955,.F.);
#7131=ORIENTED_EDGE('',*,*,#4956,.F.);
#7132=ORIENTED_EDGE('',*,*,#4957,.T.);
#7133=ORIENTED_EDGE('',*,*,#4956,.T.);
#7134=ORIENTED_EDGE('',*,*,#4958,.F.);
#7135=ORIENTED_EDGE('',*,*,#4959,.F.);
#7136=ORIENTED_EDGE('',*,*,#4960,.T.);
#7137=ORIENTED_EDGE('',*,*,#4959,.T.);
#7138=ORIENTED_EDGE('',*,*,#4961,.F.);
#7139=ORIENTED_EDGE('',*,*,#4962,.F.);
#7140=ORIENTED_EDGE('',*,*,#4963,.T.);
#7141=ORIENTED_EDGE('',*,*,#4962,.T.);
#7142=ORIENTED_EDGE('',*,*,#4964,.F.);
#7143=ORIENTED_EDGE('',*,*,#4965,.F.);
#7144=ORIENTED_EDGE('',*,*,#4966,.T.);
#7145=ORIENTED_EDGE('',*,*,#4965,.T.);
#7146=ORIENTED_EDGE('',*,*,#4967,.F.);
#7147=ORIENTED_EDGE('',*,*,#4951,.F.);
#7148=ORIENTED_EDGE('',*,*,#4968,.T.);
#7149=ORIENTED_EDGE('',*,*,#4969,.T.);
#7150=ORIENTED_EDGE('',*,*,#4970,.F.);
#7151=ORIENTED_EDGE('',*,*,#4971,.F.);
#7152=ORIENTED_EDGE('',*,*,#4972,.T.);
#7153=ORIENTED_EDGE('',*,*,#4971,.T.);
#7154=ORIENTED_EDGE('',*,*,#4973,.F.);
#7155=ORIENTED_EDGE('',*,*,#4974,.F.);
#7156=ORIENTED_EDGE('',*,*,#4975,.T.);
#7157=ORIENTED_EDGE('',*,*,#4974,.T.);
#7158=ORIENTED_EDGE('',*,*,#4976,.F.);
#7159=ORIENTED_EDGE('',*,*,#4977,.F.);
#7160=ORIENTED_EDGE('',*,*,#4978,.F.);
#7161=ORIENTED_EDGE('',*,*,#4977,.T.);
#7162=ORIENTED_EDGE('',*,*,#4979,.F.);
#7163=ORIENTED_EDGE('',*,*,#4980,.F.);
#7164=ORIENTED_EDGE('',*,*,#4981,.T.);
#7165=ORIENTED_EDGE('',*,*,#4980,.T.);
#7166=ORIENTED_EDGE('',*,*,#4982,.F.);
#7167=ORIENTED_EDGE('',*,*,#4983,.F.);
#7168=ORIENTED_EDGE('',*,*,#4984,.T.);
#7169=ORIENTED_EDGE('',*,*,#4983,.T.);
#7170=ORIENTED_EDGE('',*,*,#4985,.F.);
#7171=ORIENTED_EDGE('',*,*,#4986,.F.);
#7172=ORIENTED_EDGE('',*,*,#4987,.T.);
#7173=ORIENTED_EDGE('',*,*,#4986,.T.);
#7174=ORIENTED_EDGE('',*,*,#4988,.F.);
#7175=ORIENTED_EDGE('',*,*,#4989,.F.);
#7176=ORIENTED_EDGE('',*,*,#4990,.T.);
#7177=ORIENTED_EDGE('',*,*,#4989,.T.);
#7178=ORIENTED_EDGE('',*,*,#4991,.F.);
#7179=ORIENTED_EDGE('',*,*,#4992,.F.);
#7180=ORIENTED_EDGE('',*,*,#4993,.F.);
#7181=ORIENTED_EDGE('',*,*,#4992,.T.);
#7182=ORIENTED_EDGE('',*,*,#4994,.F.);
#7183=ORIENTED_EDGE('',*,*,#4995,.F.);
#7184=ORIENTED_EDGE('',*,*,#4996,.T.);
#7185=ORIENTED_EDGE('',*,*,#4995,.T.);
#7186=ORIENTED_EDGE('',*,*,#4997,.F.);
#7187=ORIENTED_EDGE('',*,*,#4998,.F.);
#7188=ORIENTED_EDGE('',*,*,#4999,.T.);
#7189=ORIENTED_EDGE('',*,*,#4998,.T.);
#7190=ORIENTED_EDGE('',*,*,#5000,.F.);
#7191=ORIENTED_EDGE('',*,*,#5001,.F.);
#7192=ORIENTED_EDGE('',*,*,#5002,.T.);
#7193=ORIENTED_EDGE('',*,*,#5001,.T.);
#7194=ORIENTED_EDGE('',*,*,#5003,.F.);
#7195=ORIENTED_EDGE('',*,*,#5004,.F.);
#7196=ORIENTED_EDGE('',*,*,#5005,.T.);
#7197=ORIENTED_EDGE('',*,*,#5004,.T.);
#7198=ORIENTED_EDGE('',*,*,#5006,.F.);
#7199=ORIENTED_EDGE('',*,*,#5007,.F.);
#7200=ORIENTED_EDGE('',*,*,#5008,.T.);
#7201=ORIENTED_EDGE('',*,*,#5007,.T.);
#7202=ORIENTED_EDGE('',*,*,#5009,.F.);
#7203=ORIENTED_EDGE('',*,*,#5010,.F.);
#7204=ORIENTED_EDGE('',*,*,#5011,.T.);
#7205=ORIENTED_EDGE('',*,*,#5010,.T.);
#7206=ORIENTED_EDGE('',*,*,#5012,.F.);
#7207=ORIENTED_EDGE('',*,*,#5013,.F.);
#7208=ORIENTED_EDGE('',*,*,#5014,.T.);
#7209=ORIENTED_EDGE('',*,*,#5013,.T.);
#7210=ORIENTED_EDGE('',*,*,#5015,.F.);
#7211=ORIENTED_EDGE('',*,*,#5016,.F.);
#7212=ORIENTED_EDGE('',*,*,#5017,.T.);
#7213=ORIENTED_EDGE('',*,*,#5016,.T.);
#7214=ORIENTED_EDGE('',*,*,#5018,.F.);
#7215=ORIENTED_EDGE('',*,*,#5019,.F.);
#7216=ORIENTED_EDGE('',*,*,#5020,.T.);
#7217=ORIENTED_EDGE('',*,*,#5019,.T.);
#7218=ORIENTED_EDGE('',*,*,#5021,.F.);
#7219=ORIENTED_EDGE('',*,*,#5022,.F.);
#7220=ORIENTED_EDGE('',*,*,#5023,.T.);
#7221=ORIENTED_EDGE('',*,*,#5022,.T.);
#7222=ORIENTED_EDGE('',*,*,#5024,.F.);
#7223=ORIENTED_EDGE('',*,*,#5025,.F.);
#7224=ORIENTED_EDGE('',*,*,#5026,.T.);
#7225=ORIENTED_EDGE('',*,*,#5025,.T.);
#7226=ORIENTED_EDGE('',*,*,#5027,.F.);
#7227=ORIENTED_EDGE('',*,*,#5028,.F.);
#7228=ORIENTED_EDGE('',*,*,#5029,.T.);
#7229=ORIENTED_EDGE('',*,*,#5028,.T.);
#7230=ORIENTED_EDGE('',*,*,#5030,.F.);
#7231=ORIENTED_EDGE('',*,*,#5031,.F.);
#7232=ORIENTED_EDGE('',*,*,#5032,.T.);
#7233=ORIENTED_EDGE('',*,*,#5031,.T.);
#7234=ORIENTED_EDGE('',*,*,#5033,.F.);
#7235=ORIENTED_EDGE('',*,*,#5034,.F.);
#7236=ORIENTED_EDGE('',*,*,#5035,.T.);
#7237=ORIENTED_EDGE('',*,*,#5034,.T.);
#7238=ORIENTED_EDGE('',*,*,#5036,.F.);
#7239=ORIENTED_EDGE('',*,*,#5037,.F.);
#7240=ORIENTED_EDGE('',*,*,#5038,.T.);
#7241=ORIENTED_EDGE('',*,*,#5037,.T.);
#7242=ORIENTED_EDGE('',*,*,#5039,.F.);
#7243=ORIENTED_EDGE('',*,*,#5040,.F.);
#7244=ORIENTED_EDGE('',*,*,#5041,.F.);
#7245=ORIENTED_EDGE('',*,*,#5040,.T.);
#7246=ORIENTED_EDGE('',*,*,#5042,.F.);
#7247=ORIENTED_EDGE('',*,*,#5043,.F.);
#7248=ORIENTED_EDGE('',*,*,#5044,.T.);
#7249=ORIENTED_EDGE('',*,*,#5043,.T.);
#7250=ORIENTED_EDGE('',*,*,#5045,.F.);
#7251=ORIENTED_EDGE('',*,*,#5046,.F.);
#7252=ORIENTED_EDGE('',*,*,#5047,.T.);
#7253=ORIENTED_EDGE('',*,*,#5046,.T.);
#7254=ORIENTED_EDGE('',*,*,#5048,.F.);
#7255=ORIENTED_EDGE('',*,*,#5049,.F.);
#7256=ORIENTED_EDGE('',*,*,#5050,.F.);
#7257=ORIENTED_EDGE('',*,*,#5049,.T.);
#7258=ORIENTED_EDGE('',*,*,#5051,.F.);
#7259=ORIENTED_EDGE('',*,*,#5052,.F.);
#7260=ORIENTED_EDGE('',*,*,#5053,.T.);
#7261=ORIENTED_EDGE('',*,*,#5052,.T.);
#7262=ORIENTED_EDGE('',*,*,#5054,.F.);
#7263=ORIENTED_EDGE('',*,*,#5055,.F.);
#7264=ORIENTED_EDGE('',*,*,#5056,.T.);
#7265=ORIENTED_EDGE('',*,*,#5055,.T.);
#7266=ORIENTED_EDGE('',*,*,#5057,.F.);
#7267=ORIENTED_EDGE('',*,*,#5058,.F.);
#7268=ORIENTED_EDGE('',*,*,#5059,.T.);
#7269=ORIENTED_EDGE('',*,*,#5058,.T.);
#7270=ORIENTED_EDGE('',*,*,#5060,.F.);
#7271=ORIENTED_EDGE('',*,*,#5061,.F.);
#7272=ORIENTED_EDGE('',*,*,#5062,.T.);
#7273=ORIENTED_EDGE('',*,*,#5061,.T.);
#7274=ORIENTED_EDGE('',*,*,#5063,.F.);
#7275=ORIENTED_EDGE('',*,*,#5064,.F.);
#7276=ORIENTED_EDGE('',*,*,#5065,.T.);
#7277=ORIENTED_EDGE('',*,*,#5064,.T.);
#7278=ORIENTED_EDGE('',*,*,#5066,.F.);
#7279=ORIENTED_EDGE('',*,*,#5067,.F.);
#7280=ORIENTED_EDGE('',*,*,#5068,.T.);
#7281=ORIENTED_EDGE('',*,*,#5067,.T.);
#7282=ORIENTED_EDGE('',*,*,#5069,.F.);
#7283=ORIENTED_EDGE('',*,*,#5070,.F.);
#7284=ORIENTED_EDGE('',*,*,#5071,.T.);
#7285=ORIENTED_EDGE('',*,*,#5070,.T.);
#7286=ORIENTED_EDGE('',*,*,#5072,.F.);
#7287=ORIENTED_EDGE('',*,*,#5073,.F.);
#7288=ORIENTED_EDGE('',*,*,#5074,.T.);
#7289=ORIENTED_EDGE('',*,*,#5073,.T.);
#7290=ORIENTED_EDGE('',*,*,#5075,.F.);
#7291=ORIENTED_EDGE('',*,*,#5076,.F.);
#7292=ORIENTED_EDGE('',*,*,#5077,.T.);
#7293=ORIENTED_EDGE('',*,*,#5076,.T.);
#7294=ORIENTED_EDGE('',*,*,#5078,.F.);
#7295=ORIENTED_EDGE('',*,*,#5079,.F.);
#7296=ORIENTED_EDGE('',*,*,#5080,.T.);
#7297=ORIENTED_EDGE('',*,*,#5079,.T.);
#7298=ORIENTED_EDGE('',*,*,#5081,.F.);
#7299=ORIENTED_EDGE('',*,*,#5082,.F.);
#7300=ORIENTED_EDGE('',*,*,#5083,.T.);
#7301=ORIENTED_EDGE('',*,*,#5082,.T.);
#7302=ORIENTED_EDGE('',*,*,#5084,.F.);
#7303=ORIENTED_EDGE('',*,*,#5085,.F.);
#7304=ORIENTED_EDGE('',*,*,#5086,.T.);
#7305=ORIENTED_EDGE('',*,*,#5085,.T.);
#7306=ORIENTED_EDGE('',*,*,#5087,.F.);
#7307=ORIENTED_EDGE('',*,*,#5088,.F.);
#7308=ORIENTED_EDGE('',*,*,#5089,.T.);
#7309=ORIENTED_EDGE('',*,*,#5088,.T.);
#7310=ORIENTED_EDGE('',*,*,#5090,.F.);
#7311=ORIENTED_EDGE('',*,*,#5091,.F.);
#7312=ORIENTED_EDGE('',*,*,#5092,.T.);
#7313=ORIENTED_EDGE('',*,*,#5091,.T.);
#7314=ORIENTED_EDGE('',*,*,#5093,.F.);
#7315=ORIENTED_EDGE('',*,*,#5094,.F.);
#7316=ORIENTED_EDGE('',*,*,#5095,.T.);
#7317=ORIENTED_EDGE('',*,*,#5094,.T.);
#7318=ORIENTED_EDGE('',*,*,#5096,.F.);
#7319=ORIENTED_EDGE('',*,*,#5097,.F.);
#7320=ORIENTED_EDGE('',*,*,#5098,.T.);
#7321=ORIENTED_EDGE('',*,*,#5097,.T.);
#7322=ORIENTED_EDGE('',*,*,#5099,.F.);
#7323=ORIENTED_EDGE('',*,*,#4969,.F.);
#7324=ORIENTED_EDGE('',*,*,#5098,.F.);
#7325=ORIENTED_EDGE('',*,*,#4968,.F.);
#7326=ORIENTED_EDGE('',*,*,#4972,.F.);
#7327=ORIENTED_EDGE('',*,*,#4975,.F.);
#7328=ORIENTED_EDGE('',*,*,#4978,.T.);
#7329=ORIENTED_EDGE('',*,*,#4981,.F.);
#7330=ORIENTED_EDGE('',*,*,#4984,.F.);
#7331=ORIENTED_EDGE('',*,*,#4987,.F.);
#7332=ORIENTED_EDGE('',*,*,#4990,.F.);
#7333=ORIENTED_EDGE('',*,*,#4993,.T.);
#7334=ORIENTED_EDGE('',*,*,#4996,.F.);
#7335=ORIENTED_EDGE('',*,*,#4999,.F.);
#7336=ORIENTED_EDGE('',*,*,#5002,.F.);
#7337=ORIENTED_EDGE('',*,*,#5005,.F.);
#7338=ORIENTED_EDGE('',*,*,#5008,.F.);
#7339=ORIENTED_EDGE('',*,*,#5011,.F.);
#7340=ORIENTED_EDGE('',*,*,#5014,.F.);
#7341=ORIENTED_EDGE('',*,*,#5017,.F.);
#7342=ORIENTED_EDGE('',*,*,#5020,.F.);
#7343=ORIENTED_EDGE('',*,*,#5023,.F.);
#7344=ORIENTED_EDGE('',*,*,#5026,.F.);
#7345=ORIENTED_EDGE('',*,*,#5029,.F.);
#7346=ORIENTED_EDGE('',*,*,#5032,.F.);
#7347=ORIENTED_EDGE('',*,*,#5035,.F.);
#7348=ORIENTED_EDGE('',*,*,#5038,.F.);
#7349=ORIENTED_EDGE('',*,*,#5041,.T.);
#7350=ORIENTED_EDGE('',*,*,#5044,.F.);
#7351=ORIENTED_EDGE('',*,*,#5047,.F.);
#7352=ORIENTED_EDGE('',*,*,#5050,.T.);
#7353=ORIENTED_EDGE('',*,*,#5053,.F.);
#7354=ORIENTED_EDGE('',*,*,#5056,.F.);
#7355=ORIENTED_EDGE('',*,*,#5059,.F.);
#7356=ORIENTED_EDGE('',*,*,#5062,.F.);
#7357=ORIENTED_EDGE('',*,*,#5065,.F.);
#7358=ORIENTED_EDGE('',*,*,#5068,.F.);
#7359=ORIENTED_EDGE('',*,*,#5071,.F.);
#7360=ORIENTED_EDGE('',*,*,#5074,.F.);
#7361=ORIENTED_EDGE('',*,*,#5077,.F.);
#7362=ORIENTED_EDGE('',*,*,#5080,.F.);
#7363=ORIENTED_EDGE('',*,*,#5083,.F.);
#7364=ORIENTED_EDGE('',*,*,#5086,.F.);
#7365=ORIENTED_EDGE('',*,*,#5089,.F.);
#7366=ORIENTED_EDGE('',*,*,#5092,.F.);
#7367=ORIENTED_EDGE('',*,*,#5095,.F.);
#7368=ORIENTED_EDGE('',*,*,#4966,.F.);
#7369=ORIENTED_EDGE('',*,*,#4950,.F.);
#7370=ORIENTED_EDGE('',*,*,#4954,.F.);
#7371=ORIENTED_EDGE('',*,*,#4957,.F.);
#7372=ORIENTED_EDGE('',*,*,#4960,.F.);
#7373=ORIENTED_EDGE('',*,*,#4963,.F.);
#7374=ORIENTED_EDGE('',*,*,#4948,.F.);
#7375=ORIENTED_EDGE('',*,*,#4932,.F.);
#7376=ORIENTED_EDGE('',*,*,#4936,.F.);
#7377=ORIENTED_EDGE('',*,*,#4939,.F.);
#7378=ORIENTED_EDGE('',*,*,#4942,.F.);
#7379=ORIENTED_EDGE('',*,*,#4945,.F.);
#7380=ORIENTED_EDGE('',*,*,#5099,.T.);
#7381=ORIENTED_EDGE('',*,*,#5096,.T.);
#7382=ORIENTED_EDGE('',*,*,#5093,.T.);
#7383=ORIENTED_EDGE('',*,*,#5090,.T.);
#7384=ORIENTED_EDGE('',*,*,#5087,.T.);
#7385=ORIENTED_EDGE('',*,*,#5084,.T.);
#7386=ORIENTED_EDGE('',*,*,#5081,.T.);
#7387=ORIENTED_EDGE('',*,*,#5078,.T.);
#7388=ORIENTED_EDGE('',*,*,#5075,.T.);
#7389=ORIENTED_EDGE('',*,*,#5072,.T.);
#7390=ORIENTED_EDGE('',*,*,#5069,.T.);
#7391=ORIENTED_EDGE('',*,*,#5066,.T.);
#7392=ORIENTED_EDGE('',*,*,#5063,.T.);
#7393=ORIENTED_EDGE('',*,*,#5060,.T.);
#7394=ORIENTED_EDGE('',*,*,#5057,.T.);
#7395=ORIENTED_EDGE('',*,*,#5054,.T.);
#7396=ORIENTED_EDGE('',*,*,#5051,.T.);
#7397=ORIENTED_EDGE('',*,*,#5048,.T.);
#7398=ORIENTED_EDGE('',*,*,#5045,.T.);
#7399=ORIENTED_EDGE('',*,*,#5042,.T.);
#7400=ORIENTED_EDGE('',*,*,#5039,.T.);
#7401=ORIENTED_EDGE('',*,*,#5036,.T.);
#7402=ORIENTED_EDGE('',*,*,#5033,.T.);
#7403=ORIENTED_EDGE('',*,*,#5030,.T.);
#7404=ORIENTED_EDGE('',*,*,#5027,.T.);
#7405=ORIENTED_EDGE('',*,*,#5024,.T.);
#7406=ORIENTED_EDGE('',*,*,#5021,.T.);
#7407=ORIENTED_EDGE('',*,*,#5018,.T.);
#7408=ORIENTED_EDGE('',*,*,#5015,.T.);
#7409=ORIENTED_EDGE('',*,*,#5012,.T.);
#7410=ORIENTED_EDGE('',*,*,#5009,.T.);
#7411=ORIENTED_EDGE('',*,*,#5006,.T.);
#7412=ORIENTED_EDGE('',*,*,#5003,.T.);
#7413=ORIENTED_EDGE('',*,*,#5000,.T.);
#7414=ORIENTED_EDGE('',*,*,#4997,.T.);
#7415=ORIENTED_EDGE('',*,*,#4994,.T.);
#7416=ORIENTED_EDGE('',*,*,#4991,.T.);
#7417=ORIENTED_EDGE('',*,*,#4988,.T.);
#7418=ORIENTED_EDGE('',*,*,#4985,.T.);
#7419=ORIENTED_EDGE('',*,*,#4982,.T.);
#7420=ORIENTED_EDGE('',*,*,#4979,.T.);
#7421=ORIENTED_EDGE('',*,*,#4976,.T.);
#7422=ORIENTED_EDGE('',*,*,#4973,.T.);
#7423=ORIENTED_EDGE('',*,*,#4970,.T.);
#7424=ORIENTED_EDGE('',*,*,#4967,.T.);
#7425=ORIENTED_EDGE('',*,*,#4964,.T.);
#7426=ORIENTED_EDGE('',*,*,#4961,.T.);
#7427=ORIENTED_EDGE('',*,*,#4958,.T.);
#7428=ORIENTED_EDGE('',*,*,#4955,.T.);
#7429=ORIENTED_EDGE('',*,*,#4952,.T.);
#7430=ORIENTED_EDGE('',*,*,#4949,.T.);
#7431=ORIENTED_EDGE('',*,*,#4946,.T.);
#7432=ORIENTED_EDGE('',*,*,#4943,.T.);
#7433=ORIENTED_EDGE('',*,*,#4940,.T.);
#7434=ORIENTED_EDGE('',*,*,#4937,.T.);
#7435=ORIENTED_EDGE('',*,*,#4934,.T.);
#7436=PLANE('',#8193);
#7437=PLANE('',#8194);
#7438=PLANE('',#8195);
#7439=PLANE('',#8196);
#7440=PLANE('',#8197);
#7441=PLANE('',#8198);
#7442=PLANE('',#8199);
#7443=PLANE('',#8231);
#7444=PLANE('',#8234);
#7445=PLANE('',#8237);
#7446=PLANE('',#8240);
#7447=PLANE('',#8241);
#7448=PLANE('',#8244);
#7449=PLANE('',#8249);
#7450=PLANE('',#8252);
#7451=PLANE('',#8253);
#7452=PLANE('',#8254);
#7453=PLANE('',#8255);
#7454=PLANE('',#8256);
#7455=PLANE('',#8257);
#7456=PLANE('',#8262);
#7457=PLANE('',#8276);
#7458=PLANE('',#8286);
#7459=PLANE('',#8289);
#7460=PLANE('',#8292);
#7461=PLANE('',#8295);
#7462=PLANE('',#8299);
#7463=PLANE('',#8302);
#7464=PLANE('',#8304);
#7465=PLANE('',#8307);
#7466=PLANE('',#8310);
#7467=PLANE('',#8313);
#7468=PLANE('',#8316);
#7469=PLANE('',#8319);
#7470=PLANE('',#8322);
#7471=PLANE('',#8325);
#7472=PLANE('',#8330);
#7473=PLANE('',#8333);
#7474=PLANE('',#8336);
#7475=PLANE('',#8339);
#7476=PLANE('',#8342);
#7477=PLANE('',#8345);
#7478=PLANE('',#8346);
#7479=PLANE('',#8348);
#7480=PLANE('',#8350);
#7481=PLANE('',#8352);
#7482=PLANE('',#8355);
#7483=PLANE('',#8358);
#7484=PLANE('',#8361);
#7485=PLANE('',#8364);
#7486=PLANE('',#8367);
#7487=PLANE('',#8370);
#7488=PLANE('',#8373);
#7489=PLANE('',#8378);
#7490=PLANE('',#8382);
#7491=PLANE('',#8386);
#7492=PLANE('',#8391);
#7493=PLANE('',#8394);
#7494=PLANE('',#8400);
#7495=PLANE('',#8403);
#7496=PLANE('',#8406);
#7497=PLANE('',#8412);
#7498=PLANE('',#8415);
#7499=PLANE('',#8418);
#7500=PLANE('',#8424);
#7501=PLANE('',#8427);
#7502=PLANE('',#8436);
#7503=PLANE('',#8437);
#7504=PLANE('',#8441);
#7505=PLANE('',#8444);
#7506=PLANE('',#8448);
#7507=PLANE('',#8491);
#7508=PLANE('',#8492);
#7509=PLANE('',#8496);
#7510=PLANE('',#8500);
#7511=PLANE('',#8504);
#7512=PLANE('',#8506);
#7513=PLANE('',#8509);
#7514=PLANE('',#8511);
#7515=PLANE('',#8512);
#7516=PLANE('',#8514);
#7517=PLANE('',#8515);
#7518=PLANE('',#8517);
#7519=PLANE('',#8519);
#7520=PLANE('',#8524);
#7521=PLANE('',#8527);
#7522=PLANE('',#8528);
#7523=PLANE('',#8539);
#7524=PLANE('',#8540);
#7525=PLANE('',#8543);
#7526=PLANE('',#8545);
#7527=PLANE('',#8548);
#7528=PLANE('',#8549);
#7529=PLANE('',#8551);
#7530=PLANE('',#8556);
#7531=PLANE('',#8557);
#7532=PLANE('',#8560);
#7533=PLANE('',#8562);
#7534=PLANE('',#8565);
#7535=PLANE('',#8569);
#7536=PLANE('',#8572);
#7537=PLANE('',#8575);
#7538=PLANE('',#8576);
#7539=PLANE('',#8582);
#7540=PLANE('',#8583);
#7541=PLANE('',#8584);
#7542=PLANE('',#8585);
#7543=PLANE('',#8586);
#7544=PLANE('',#8587);
#7545=PLANE('',#8588);
#7546=PLANE('',#8589);
#7547=PLANE('',#8590);
#7548=PLANE('',#8591);
#7549=PLANE('',#8592);
#7550=PLANE('',#8593);
#7551=PLANE('',#8594);
#7552=PLANE('',#8595);
#7553=PLANE('',#8596);
#7554=PLANE('',#8597);
#7555=PLANE('',#8598);
#7556=PLANE('',#8599);
#7557=PLANE('',#8600);
#7558=PLANE('',#8601);
#7559=PLANE('',#8602);
#7560=PLANE('',#8603);
#7561=PLANE('',#8604);
#7562=PLANE('',#8605);
#7563=PLANE('',#8606);
#7564=PLANE('',#8607);
#7565=PLANE('',#8608);
#7566=PLANE('',#8609);
#7567=PLANE('',#8610);
#7568=PLANE('',#8611);
#7569=PLANE('',#8612);
#7570=PLANE('',#8613);
#7571=PLANE('',#8614);
#7572=PLANE('',#8615);
#7573=PLANE('',#8616);
#7574=PLANE('',#8617);
#7575=PLANE('',#8618);
#7576=PLANE('',#8619);
#7577=PLANE('',#8620);
#7578=PLANE('',#8621);
#7579=PLANE('',#8622);
#7580=PLANE('',#8623);
#7581=PLANE('',#8624);
#7582=PLANE('',#8625);
#7583=PLANE('',#8626);
#7584=PLANE('',#8627);
#7585=PLANE('',#8628);
#7586=PLANE('',#8629);
#7587=PLANE('',#8630);
#7588=PLANE('',#8631);
#7589=PLANE('',#8635);
#7590=PLANE('',#8636);
#7591=PLANE('',#8637);
#7592=PLANE('',#8638);
#7593=PLANE('',#8639);
#7594=PLANE('',#8640);
#7595=PLANE('',#8641);
#7596=PLANE('',#8642);
#7597=PLANE('',#8643);
#7598=PLANE('',#8644);
#7599=PLANE('',#8645);
#7600=PLANE('',#8646);
#7601=PLANE('',#8647);
#7602=PLANE('',#8651);
#7603=PLANE('',#8652);
#7604=PLANE('',#8653);
#7605=PLANE('',#8654);
#7606=PLANE('',#8655);
#7607=PLANE('',#8656);
#7608=PLANE('',#8657);
#7609=PLANE('',#8658);
#7610=PLANE('',#8659);
#7611=PLANE('',#8660);
#7612=PLANE('',#8661);
#7613=PLANE('',#8662);
#7614=PLANE('',#8663);
#7615=PLANE('',#8664);
#7616=PLANE('',#8665);
#7617=PLANE('',#8666);
#7618=PLANE('',#8667);
#7619=PLANE('',#8668);
#7620=PLANE('',#8669);
#7621=PLANE('',#8670);
#7622=PLANE('',#8671);
#7623=PLANE('',#8672);
#7624=PLANE('',#8673);
#7625=PLANE('',#8674);
#7626=PLANE('',#8675);
#7627=PLANE('',#8676);
#7628=PLANE('',#8677);
#7629=PLANE('',#8678);
#7630=PLANE('',#8679);
#7631=PLANE('',#8680);
#7632=PLANE('',#8681);
#7633=PLANE('',#8682);
#7634=PLANE('',#8683);
#7635=PLANE('',#8684);
#7636=PLANE('',#8685);
#7637=PLANE('',#8686);
#7638=PLANE('',#8687);
#7639=PLANE('',#8688);
#7640=PLANE('',#8689);
#7641=PLANE('',#8690);
#7642=PLANE('',#8691);
#7643=PLANE('',#8692);
#7644=PLANE('',#8693);
#7645=PLANE('',#8697);
#7646=PLANE('',#8698);
#7647=PLANE('',#8702);
#7648=PLANE('',#8703);
#7649=PLANE('',#8704);
#7650=PLANE('',#8705);
#7651=PLANE('',#8706);
#7652=PLANE('',#8707);
#7653=PLANE('',#8708);
#7654=PLANE('',#8709);
#7655=PLANE('',#8710);
#7656=PLANE('',#8711);
#7657=PLANE('',#8712);
#7658=PLANE('',#8713);
#7659=PLANE('',#8714);
#7660=PLANE('',#8715);
#7661=PLANE('',#8716);
#7662=PLANE('',#8717);
#7663=PLANE('',#8718);
#7664=PLANE('',#8719);
#7665=PLANE('',#8720);
#7666=PLANE('',#8724);
#7667=PLANE('',#8725);
#7668=PLANE('',#8726);
#7669=PLANE('',#8727);
#7670=PLANE('',#8728);
#7671=PLANE('',#8729);
#7672=PLANE('',#8730);
#7673=PLANE('',#8731);
#7674=PLANE('',#8732);
#7675=PLANE('',#8733);
#7676=PLANE('',#8734);
#7677=PLANE('',#8735);
#7678=PLANE('',#8736);
#7679=PLANE('',#8737);
#7680=PLANE('',#8738);
#7681=PLANE('',#8739);
#7682=PLANE('',#8740);
#7683=PLANE('',#8741);
#7684=PLANE('',#8742);
#7685=PLANE('',#8743);
#7686=PLANE('',#8744);
#7687=PLANE('',#8745);
#7688=PLANE('',#8746);
#7689=PLANE('',#8747);
#7690=PLANE('',#8748);
#7691=PLANE('',#8749);
#7692=PLANE('',#8750);
#7693=PLANE('',#8751);
#7694=PLANE('',#8752);
#7695=PLANE('',#8753);
#7696=PLANE('',#8754);
#7697=PLANE('',#8755);
#7698=PLANE('',#8756);
#7699=PLANE('',#8757);
#7700=PLANE('',#8758);
#7701=PLANE('',#8759);
#7702=PLANE('',#8763);
#7703=PLANE('',#8764);
#7704=PLANE('',#8765);
#7705=PLANE('',#8766);
#7706=PLANE('',#8770);
#7707=PLANE('',#8771);
#7708=PLANE('',#8772);
#7709=PLANE('',#8773);
#7710=PLANE('',#8774);
#7711=PLANE('',#8775);
#7712=PLANE('',#8776);
#7713=PLANE('',#8777);
#7714=PLANE('',#8778);
#7715=PLANE('',#8779);
#7716=PLANE('',#8780);
#7717=PLANE('',#8781);
#7718=PLANE('',#8782);
#7719=PLANE('',#8783);
#7720=PLANE('',#8784);
#7721=PLANE('',#8788);
#7722=PLANE('',#8789);
#7723=PLANE('',#8793);
#7724=PLANE('',#8794);
#7725=PLANE('',#8795);
#7726=PLANE('',#8796);
#7727=PLANE('',#8797);
#7728=PLANE('',#8798);
#7729=PLANE('',#8799);
#7730=PLANE('',#8800);
#7731=PLANE('',#8801);
#7732=PLANE('',#8802);
#7733=PLANE('',#8803);
#7734=PLANE('',#8804);
#7735=PLANE('',#8805);
#7736=PLANE('',#8806);
#7737=PLANE('',#8807);
#7738=PLANE('',#8808);
#7739=PLANE('',#8809);
#7740=PLANE('',#8810);
#7741=ADVANCED_FACE('',(#419),#7436,.T.);
#7742=ADVANCED_FACE('',(#420),#7437,.T.);
#7743=ADVANCED_FACE('',(#421),#7438,.T.);
#7744=ADVANCED_FACE('',(#422),#7439,.T.);
#7745=ADVANCED_FACE('',(#423),#7440,.F.);
#7746=ADVANCED_FACE('',(#424),#7441,.F.);
#7747=ADVANCED_FACE('',(#425,#211,#212,#213,#214,#215,#216,#217),#7442,
 .T.);
#7748=ADVANCED_FACE('',(#426),#184,.F.);
#7749=ADVANCED_FACE('',(#427),#7443,.T.);
#7750=ADVANCED_FACE('',(#428),#185,.F.);
#7751=ADVANCED_FACE('',(#429),#7444,.T.);
#7752=ADVANCED_FACE('',(#430),#186,.F.);
#7753=ADVANCED_FACE('',(#431),#7445,.T.);
#7754=ADVANCED_FACE('',(#432),#187,.F.);
#7755=ADVANCED_FACE('',(#433),#7446,.T.);
#7756=ADVANCED_FACE('',(#434),#7447,.F.);
#7757=ADVANCED_FACE('',(#435),#102,.F.);
#7758=ADVANCED_FACE('',(#436),#7448,.F.);
#7759=ADVANCED_FACE('',(#437),#103,.F.);
#7760=ADVANCED_FACE('',(#438),#104,.F.);
#7761=ADVANCED_FACE('',(#439),#7449,.F.);
#7762=ADVANCED_FACE('',(#440),#105,.F.);
#7763=ADVANCED_FACE('',(#441),#7450,.F.);
#7764=ADVANCED_FACE('',(#442),#7451,.F.);
#7765=ADVANCED_FACE('',(#443),#7452,.F.);
#7766=ADVANCED_FACE('',(#444),#7453,.F.);
#7767=ADVANCED_FACE('',(#445),#7454,.F.);
#7768=ADVANCED_FACE('',(#446),#7455,.F.);
#7769=ADVANCED_FACE('',(#447),#106,.F.);
#7770=ADVANCED_FACE('',(#448),#107,.F.);
#7771=ADVANCED_FACE('',(#449),#7456,.F.);
#7772=ADVANCED_FACE('',(#450),#108,.F.);
#7773=ADVANCED_FACE('',(#451,#218,#219,#220,#221),#7457,.T.);
#7774=ADVANCED_FACE('',(#452),#7458,.F.);
#7775=ADVANCED_FACE('',(#453),#188,.F.);
#7776=ADVANCED_FACE('',(#454),#7459,.F.);
#7777=ADVANCED_FACE('',(#455),#189,.F.);
#7778=ADVANCED_FACE('',(#456),#7460,.F.);
#7779=ADVANCED_FACE('',(#457),#190,.F.);
#7780=ADVANCED_FACE('',(#458),#7461,.F.);
#7781=ADVANCED_FACE('',(#459),#191,.F.);
#7782=ADVANCED_FACE('',(#460),#109,.F.);
#7783=ADVANCED_FACE('',(#461),#7462,.T.);
#7784=ADVANCED_FACE('',(#462),#110,.F.);
#7785=ADVANCED_FACE('',(#463),#7463,.T.);
#7786=ADVANCED_FACE('',(#464),#7464,.F.);
#7787=ADVANCED_FACE('',(#465),#192,.F.);
#7788=ADVANCED_FACE('',(#466),#7465,.F.);
#7789=ADVANCED_FACE('',(#467),#193,.F.);
#7790=ADVANCED_FACE('',(#468),#7466,.F.);
#7791=ADVANCED_FACE('',(#469),#194,.F.);
#7792=ADVANCED_FACE('',(#470),#7467,.F.);
#7793=ADVANCED_FACE('',(#471),#195,.F.);
#7794=ADVANCED_FACE('',(#472),#7468,.F.);
#7795=ADVANCED_FACE('',(#473),#196,.F.);
#7796=ADVANCED_FACE('',(#474),#7469,.T.);
#7797=ADVANCED_FACE('',(#475),#111,.F.);
#7798=ADVANCED_FACE('',(#476),#7470,.T.);
#7799=ADVANCED_FACE('',(#477),#112,.F.);
#7800=ADVANCED_FACE('',(#478,#222,#223),#7471,.F.);
#7801=ADVANCED_FACE('',(#479),#197,.F.);
#7802=ADVANCED_FACE('',(#480),#7472,.F.);
#7803=ADVANCED_FACE('',(#481),#198,.F.);
#7804=ADVANCED_FACE('',(#482),#7473,.F.);
#7805=ADVANCED_FACE('',(#483),#199,.F.);
#7806=ADVANCED_FACE('',(#484),#7474,.F.);
#7807=ADVANCED_FACE('',(#485),#200,.F.);
#7808=ADVANCED_FACE('',(#486),#7475,.F.);
#7809=ADVANCED_FACE('',(#487),#201,.F.);
#7810=ADVANCED_FACE('',(#488),#7476,.F.);
#7811=ADVANCED_FACE('',(#489),#202,.F.);
#7812=ADVANCED_FACE('',(#490),#7477,.F.);
#7813=ADVANCED_FACE('',(#491),#7478,.T.);
#7814=ADVANCED_FACE('',(#492),#113,.F.);
#7815=ADVANCED_FACE('',(#493),#7479,.T.);
#7816=ADVANCED_FACE('',(#494),#114,.F.);
#7817=ADVANCED_FACE('',(#495),#7480,.T.);
#7818=ADVANCED_FACE('',(#496),#115,.F.);
#7819=ADVANCED_FACE('',(#497),#7481,.F.);
#7820=ADVANCED_FACE('',(#498),#203,.T.);
#7821=ADVANCED_FACE('',(#499),#7482,.F.);
#7822=ADVANCED_FACE('',(#500),#204,.T.);
#7823=ADVANCED_FACE('',(#501),#7483,.F.);
#7824=ADVANCED_FACE('',(#502),#205,.T.);
#7825=ADVANCED_FACE('',(#503),#7484,.F.);
#7826=ADVANCED_FACE('',(#504),#206,.F.);
#7827=ADVANCED_FACE('',(#505),#7485,.F.);
#7828=ADVANCED_FACE('',(#506),#207,.T.);
#7829=ADVANCED_FACE('',(#507),#7486,.F.);
#7830=ADVANCED_FACE('',(#508),#208,.T.);
#7831=ADVANCED_FACE('',(#509),#7487,.F.);
#7832=ADVANCED_FACE('',(#510),#209,.F.);
#7833=ADVANCED_FACE('',(#511),#7488,.F.);
#7834=ADVANCED_FACE('',(#512),#210,.T.);
#7835=ADVANCED_FACE('',(#513),#116,.F.);
#7836=ADVANCED_FACE('',(#514),#7489,.F.);
#7837=ADVANCED_FACE('',(#515),#117,.T.);
#7838=ADVANCED_FACE('',(#516,#224),#7490,.T.);
#7839=ADVANCED_FACE('',(#517),#118,.T.);
#7840=ADVANCED_FACE('',(#518),#7491,.F.);
#7841=ADVANCED_FACE('',(#519),#119,.T.);
#7842=ADVANCED_FACE('',(#520,#225,#226,#227),#7492,.F.);
#7843=ADVANCED_FACE('',(#521),#7493,.T.);
#7844=ADVANCED_FACE('',(#522),#7494,.F.);
#7845=ADVANCED_FACE('',(#523),#120,.F.);
#7846=ADVANCED_FACE('',(#524),#7495,.F.);
#7847=ADVANCED_FACE('',(#525),#121,.F.);
#7848=ADVANCED_FACE('',(#526),#7496,.T.);
#7849=ADVANCED_FACE('',(#527),#7497,.F.);
#7850=ADVANCED_FACE('',(#528),#122,.F.);
#7851=ADVANCED_FACE('',(#529),#7498,.F.);
#7852=ADVANCED_FACE('',(#530),#123,.F.);
#7853=ADVANCED_FACE('',(#531),#7499,.T.);
#7854=ADVANCED_FACE('',(#532),#7500,.T.);
#7855=ADVANCED_FACE('',(#533),#124,.F.);
#7856=ADVANCED_FACE('',(#534),#7501,.T.);
#7857=ADVANCED_FACE('',(#535),#125,.F.);
#7858=ADVANCED_FACE('',(#536),#126,.F.);
#7859=ADVANCED_FACE('',(#537),#127,.F.);
#7860=ADVANCED_FACE('',(#538),#128,.F.);
#7861=ADVANCED_FACE('',(#539),#129,.T.);
#7862=ADVANCED_FACE('',(#540),#7502,.F.);
#7863=ADVANCED_FACE('',(#541),#7503,.F.);
#7864=ADVANCED_FACE('',(#542),#130,.T.);
#7865=ADVANCED_FACE('',(#543),#7504,.F.);
#7866=ADVANCED_FACE('',(#544),#131,.F.);
#7867=ADVANCED_FACE('',(#545,#228),#7505,.T.);
#7868=ADVANCED_FACE('',(#546),#132,.F.);
#7869=ADVANCED_FACE('',(#547,#229),#7506,.T.);
#7870=ADVANCED_FACE('',(#548),#133,.T.);
#7871=ADVANCED_FACE('',(#549),#33,.T.);
#7872=ADVANCED_FACE('',(#550),#31,.T.);
#7873=ADVANCED_FACE('',(#551),#32,.T.);
#7874=ADVANCED_FACE('',(#552),#34,.T.);
#7875=ADVANCED_FACE('',(#553),#134,.T.);
#7876=ADVANCED_FACE('',(#554),#35,.T.);
#7877=ADVANCED_FACE('',(#555),#135,.T.);
#7878=ADVANCED_FACE('',(#556),#36,.T.);
#7879=ADVANCED_FACE('',(#557),#136,.T.);
#7880=ADVANCED_FACE('',(#558),#37,.T.);
#7881=ADVANCED_FACE('',(#559),#137,.T.);
#7882=ADVANCED_FACE('',(#560),#138,.T.);
#7883=ADVANCED_FACE('',(#561),#139,.F.);
#7884=ADVANCED_FACE('',(#562),#7507,.T.);
#7885=ADVANCED_FACE('',(#563),#7508,.F.);
#7886=ADVANCED_FACE('',(#564),#7509,.F.);
#7887=ADVANCED_FACE('',(#565),#140,.T.);
#7888=ADVANCED_FACE('',(#566),#141,.F.);
#7889=ADVANCED_FACE('',(#567),#7510,.T.);
#7890=ADVANCED_FACE('',(#568),#142,.F.);
#7891=ADVANCED_FACE('',(#569),#143,.T.);
#7892=ADVANCED_FACE('',(#570),#144,.T.);
#7893=ADVANCED_FACE('',(#571),#7511,.F.);
#7894=ADVANCED_FACE('',(#572),#7512,.F.);
#7895=ADVANCED_FACE('',(#573),#145,.T.);
#7896=ADVANCED_FACE('',(#574),#7513,.T.);
#7897=ADVANCED_FACE('',(#575),#7514,.T.);
#7898=ADVANCED_FACE('',(#576),#7515,.F.);
#7899=ADVANCED_FACE('',(#577),#146,.F.);
#7900=ADVANCED_FACE('',(#578),#7516,.F.);
#7901=ADVANCED_FACE('',(#579),#7517,.F.);
#7902=ADVANCED_FACE('',(#580),#147,.F.);
#7903=ADVANCED_FACE('',(#581),#7518,.F.);
#7904=ADVANCED_FACE('',(#582),#148,.F.);
#7905=ADVANCED_FACE('',(#583),#7519,.F.);
#7906=ADVANCED_FACE('',(#584),#149,.F.);
#7907=ADVANCED_FACE('',(#585),#150,.F.);
#7908=ADVANCED_FACE('',(#586),#7520,.T.);
#7909=ADVANCED_FACE('',(#587),#151,.F.);
#7910=ADVANCED_FACE('',(#588),#7521,.F.);
#7911=ADVANCED_FACE('',(#589),#7522,.F.);
#7912=ADVANCED_FACE('',(#590),#152,.T.);
#7913=ADVANCED_FACE('',(#591),#153,.T.);
#7914=ADVANCED_FACE('',(#592),#38,.T.);
#7915=ADVANCED_FACE('',(#593),#154,.T.);
#7916=ADVANCED_FACE('',(#594),#39,.T.);
#7917=ADVANCED_FACE('',(#595),#155,.T.);
#7918=ADVANCED_FACE('',(#596),#7523,.T.);
#7919=ADVANCED_FACE('',(#597),#7524,.T.);
#7920=ADVANCED_FACE('',(#598),#156,.F.);
#7921=ADVANCED_FACE('',(#599),#157,.F.);
#7922=ADVANCED_FACE('',(#600),#7525,.T.);
#7923=ADVANCED_FACE('',(#601),#158,.F.);
#7924=ADVANCED_FACE('',(#602),#7526,.T.);
#7925=ADVANCED_FACE('',(#603),#159,.F.);
#7926=ADVANCED_FACE('',(#604),#160,.F.);
#7927=ADVANCED_FACE('',(#605),#7527,.T.);
#7928=ADVANCED_FACE('',(#606),#7528,.T.);
#7929=ADVANCED_FACE('',(#607),#161,.F.);
#7930=ADVANCED_FACE('',(#608),#7529,.F.);
#7931=ADVANCED_FACE('',(#609),#162,.F.);
#7932=ADVANCED_FACE('',(#610),#163,.F.);
#7933=ADVANCED_FACE('',(#611),#7530,.T.);
#7934=ADVANCED_FACE('',(#612),#7531,.F.);
#7935=ADVANCED_FACE('',(#613),#164,.F.);
#7936=ADVANCED_FACE('',(#614),#7532,.T.);
#7937=ADVANCED_FACE('',(#615),#165,.F.);
#7938=ADVANCED_FACE('',(#616),#7533,.T.);
#7939=ADVANCED_FACE('',(#617),#166,.F.);
#7940=ADVANCED_FACE('',(#618),#167,.F.);
#7941=ADVANCED_FACE('',(#619),#7534,.T.);
#7942=ADVANCED_FACE('',(#620),#168,.F.);
#7943=ADVANCED_FACE('',(#621),#169,.F.);
#7944=ADVANCED_FACE('',(#622),#170,.F.);
#7945=ADVANCED_FACE('',(#623),#7535,.F.);
#7946=ADVANCED_FACE('',(#624),#171,.F.);
#7947=ADVANCED_FACE('',(#625),#7536,.T.);
#7948=ADVANCED_FACE('',(#626),#172,.F.);
#7949=ADVANCED_FACE('',(#627),#7537,.T.);
#7950=ADVANCED_FACE('',(#628),#7538,.F.);
#7951=ADVANCED_FACE('',(#629),#173,.F.);
#7952=ADVANCED_FACE('',(#630),#174,.F.);
#7953=ADVANCED_FACE('',(#631),#7539,.T.);
#7954=ADVANCED_FACE('',(#632),#7540,.T.);
#7955=ADVANCED_FACE('',(#633),#7541,.T.);
#7956=ADVANCED_FACE('',(#634),#7542,.T.);
#7957=ADVANCED_FACE('',(#635),#7543,.T.);
#7958=ADVANCED_FACE('',(#636),#7544,.T.);
#7959=ADVANCED_FACE('',(#637),#7545,.T.);
#7960=ADVANCED_FACE('',(#638),#7546,.T.);
#7961=ADVANCED_FACE('',(#639),#7547,.T.);
#7962=ADVANCED_FACE('',(#640),#7548,.T.);
#7963=ADVANCED_FACE('',(#641),#7549,.T.);
#7964=ADVANCED_FACE('',(#642),#7550,.T.);
#7965=ADVANCED_FACE('',(#643),#7551,.T.);
#7966=ADVANCED_FACE('',(#644),#7552,.T.);
#7967=ADVANCED_FACE('',(#645),#7553,.T.);
#7968=ADVANCED_FACE('',(#646),#7554,.T.);
#7969=ADVANCED_FACE('',(#647),#7555,.T.);
#7970=ADVANCED_FACE('',(#648),#7556,.T.);
#7971=ADVANCED_FACE('',(#649),#7557,.T.);
#7972=ADVANCED_FACE('',(#650),#7558,.T.);
#7973=ADVANCED_FACE('',(#651),#7559,.T.);
#7974=ADVANCED_FACE('',(#652),#7560,.T.);
#7975=ADVANCED_FACE('',(#653),#7561,.T.);
#7976=ADVANCED_FACE('',(#654),#7562,.T.);
#7977=ADVANCED_FACE('',(#655),#7563,.T.);
#7978=ADVANCED_FACE('',(#656),#7564,.T.);
#7979=ADVANCED_FACE('',(#657),#7565,.T.);
#7980=ADVANCED_FACE('',(#658),#7566,.T.);
#7981=ADVANCED_FACE('',(#659),#7567,.T.);
#7982=ADVANCED_FACE('',(#660),#7568,.T.);
#7983=ADVANCED_FACE('',(#661),#7569,.T.);
#7984=ADVANCED_FACE('',(#662),#7570,.T.);
#7985=ADVANCED_FACE('',(#663),#7571,.T.);
#7986=ADVANCED_FACE('',(#664),#7572,.T.);
#7987=ADVANCED_FACE('',(#665),#7573,.T.);
#7988=ADVANCED_FACE('',(#666),#7574,.T.);
#7989=ADVANCED_FACE('',(#667),#7575,.T.);
#7990=ADVANCED_FACE('',(#668),#7576,.T.);
#7991=ADVANCED_FACE('',(#669),#7577,.T.);
#7992=ADVANCED_FACE('',(#670),#7578,.T.);
#7993=ADVANCED_FACE('',(#671),#7579,.T.);
#7994=ADVANCED_FACE('',(#672),#7580,.T.);
#7995=ADVANCED_FACE('',(#673),#7581,.T.);
#7996=ADVANCED_FACE('',(#674),#7582,.T.);
#7997=ADVANCED_FACE('',(#675),#7583,.T.);
#7998=ADVANCED_FACE('',(#676),#7584,.T.);
#7999=ADVANCED_FACE('',(#677),#7585,.T.);
#8000=ADVANCED_FACE('',(#678),#7586,.T.);
#8001=ADVANCED_FACE('',(#679),#7587,.T.);
#8002=ADVANCED_FACE('',(#680),#7588,.T.);
#8003=ADVANCED_FACE('',(#681),#175,.T.);
#8004=ADVANCED_FACE('',(#682),#7589,.T.);
#8005=ADVANCED_FACE('',(#683),#7590,.T.);
#8006=ADVANCED_FACE('',(#684),#7591,.T.);
#8007=ADVANCED_FACE('',(#685),#7592,.T.);
#8008=ADVANCED_FACE('',(#686),#7593,.T.);
#8009=ADVANCED_FACE('',(#687),#7594,.T.);
#8010=ADVANCED_FACE('',(#688),#7595,.T.);
#8011=ADVANCED_FACE('',(#689),#7596,.T.);
#8012=ADVANCED_FACE('',(#690),#7597,.T.);
#8013=ADVANCED_FACE('',(#691),#7598,.T.);
#8014=ADVANCED_FACE('',(#692),#7599,.T.);
#8015=ADVANCED_FACE('',(#693),#7600,.T.);
#8016=ADVANCED_FACE('',(#694),#7601,.T.);
#8017=ADVANCED_FACE('',(#695),#176,.T.);
#8018=ADVANCED_FACE('',(#696),#7602,.T.);
#8019=ADVANCED_FACE('',(#697),#7603,.T.);
#8020=ADVANCED_FACE('',(#698),#7604,.T.);
#8021=ADVANCED_FACE('',(#699),#7605,.T.);
#8022=ADVANCED_FACE('',(#700),#7606,.T.);
#8023=ADVANCED_FACE('',(#701),#7607,.T.);
#8024=ADVANCED_FACE('',(#702),#7608,.T.);
#8025=ADVANCED_FACE('',(#703),#7609,.T.);
#8026=ADVANCED_FACE('',(#704),#7610,.T.);
#8027=ADVANCED_FACE('',(#705),#7611,.T.);
#8028=ADVANCED_FACE('',(#706),#7612,.T.);
#8029=ADVANCED_FACE('',(#707),#7613,.T.);
#8030=ADVANCED_FACE('',(#708),#7614,.T.);
#8031=ADVANCED_FACE('',(#709),#7615,.T.);
#8032=ADVANCED_FACE('',(#710),#7616,.T.);
#8033=ADVANCED_FACE('',(#711),#7617,.T.);
#8034=ADVANCED_FACE('',(#712),#7618,.T.);
#8035=ADVANCED_FACE('',(#713),#7619,.T.);
#8036=ADVANCED_FACE('',(#714),#7620,.T.);
#8037=ADVANCED_FACE('',(#715),#7621,.T.);
#8038=ADVANCED_FACE('',(#716),#7622,.T.);
#8039=ADVANCED_FACE('',(#717),#7623,.T.);
#8040=ADVANCED_FACE('',(#718),#7624,.T.);
#8041=ADVANCED_FACE('',(#719),#7625,.T.);
#8042=ADVANCED_FACE('',(#720),#7626,.T.);
#8043=ADVANCED_FACE('',(#721),#7627,.T.);
#8044=ADVANCED_FACE('',(#722),#7628,.T.);
#8045=ADVANCED_FACE('',(#723),#7629,.T.);
#8046=ADVANCED_FACE('',(#724),#7630,.T.);
#8047=ADVANCED_FACE('',(#725),#7631,.T.);
#8048=ADVANCED_FACE('',(#726),#7632,.T.);
#8049=ADVANCED_FACE('',(#727),#7633,.T.);
#8050=ADVANCED_FACE('',(#728),#7634,.T.);
#8051=ADVANCED_FACE('',(#729,#230,#231,#232,#233,#234,#235,#236),#7635,
 .T.);
#8052=ADVANCED_FACE('',(#730,#237,#238,#239,#240,#241,#242,#243),#7636,
 .F.);
#8053=ADVANCED_FACE('',(#731),#7637,.T.);
#8054=ADVANCED_FACE('',(#732),#7638,.T.);
#8055=ADVANCED_FACE('',(#733),#7639,.T.);
#8056=ADVANCED_FACE('',(#734),#7640,.T.);
#8057=ADVANCED_FACE('',(#735),#7641,.T.);
#8058=ADVANCED_FACE('',(#736),#7642,.T.);
#8059=ADVANCED_FACE('',(#737),#7643,.T.);
#8060=ADVANCED_FACE('',(#738),#7644,.T.);
#8061=ADVANCED_FACE('',(#739),#177,.T.);
#8062=ADVANCED_FACE('',(#740),#7645,.T.);
#8063=ADVANCED_FACE('',(#741),#7646,.T.);
#8064=ADVANCED_FACE('',(#742),#178,.T.);
#8065=ADVANCED_FACE('',(#743),#7647,.T.);
#8066=ADVANCED_FACE('',(#744),#7648,.T.);
#8067=ADVANCED_FACE('',(#745),#7649,.T.);
#8068=ADVANCED_FACE('',(#746),#7650,.T.);
#8069=ADVANCED_FACE('',(#747),#7651,.T.);
#8070=ADVANCED_FACE('',(#748),#7652,.T.);
#8071=ADVANCED_FACE('',(#749),#7653,.T.);
#8072=ADVANCED_FACE('',(#750),#7654,.T.);
#8073=ADVANCED_FACE('',(#751),#7655,.T.);
#8074=ADVANCED_FACE('',(#752),#7656,.T.);
#8075=ADVANCED_FACE('',(#753),#7657,.T.);
#8076=ADVANCED_FACE('',(#754),#7658,.T.);
#8077=ADVANCED_FACE('',(#755),#7659,.T.);
#8078=ADVANCED_FACE('',(#756),#7660,.T.);
#8079=ADVANCED_FACE('',(#757),#7661,.T.);
#8080=ADVANCED_FACE('',(#758),#7662,.T.);
#8081=ADVANCED_FACE('',(#759),#7663,.T.);
#8082=ADVANCED_FACE('',(#760),#7664,.T.);
#8083=ADVANCED_FACE('',(#761),#7665,.T.);
#8084=ADVANCED_FACE('',(#762),#179,.T.);
#8085=ADVANCED_FACE('',(#763),#7666,.T.);
#8086=ADVANCED_FACE('',(#764),#7667,.T.);
#8087=ADVANCED_FACE('',(#765),#7668,.T.);
#8088=ADVANCED_FACE('',(#766),#7669,.T.);
#8089=ADVANCED_FACE('',(#767),#7670,.T.);
#8090=ADVANCED_FACE('',(#768),#7671,.T.);
#8091=ADVANCED_FACE('',(#769),#7672,.T.);
#8092=ADVANCED_FACE('',(#770),#7673,.T.);
#8093=ADVANCED_FACE('',(#771),#7674,.T.);
#8094=ADVANCED_FACE('',(#772),#7675,.T.);
#8095=ADVANCED_FACE('',(#773),#7676,.T.);
#8096=ADVANCED_FACE('',(#774),#7677,.T.);
#8097=ADVANCED_FACE('',(#775),#7678,.T.);
#8098=ADVANCED_FACE('',(#776),#7679,.T.);
#8099=ADVANCED_FACE('',(#777),#7680,.T.);
#8100=ADVANCED_FACE('',(#778),#7681,.T.);
#8101=ADVANCED_FACE('',(#779),#7682,.T.);
#8102=ADVANCED_FACE('',(#780),#7683,.T.);
#8103=ADVANCED_FACE('',(#781),#7684,.T.);
#8104=ADVANCED_FACE('',(#782,#244),#7685,.T.);
#8105=ADVANCED_FACE('',(#783,#245),#7686,.F.);
#8106=ADVANCED_FACE('',(#784),#7687,.T.);
#8107=ADVANCED_FACE('',(#785),#7688,.T.);
#8108=ADVANCED_FACE('',(#786),#7689,.T.);
#8109=ADVANCED_FACE('',(#787),#7690,.T.);
#8110=ADVANCED_FACE('',(#788),#7691,.T.);
#8111=ADVANCED_FACE('',(#789),#7692,.T.);
#8112=ADVANCED_FACE('',(#790),#7693,.T.);
#8113=ADVANCED_FACE('',(#791),#7694,.T.);
#8114=ADVANCED_FACE('',(#792),#7695,.T.);
#8115=ADVANCED_FACE('',(#793),#7696,.T.);
#8116=ADVANCED_FACE('',(#794),#7697,.T.);
#8117=ADVANCED_FACE('',(#795),#7698,.T.);
#8118=ADVANCED_FACE('',(#796),#7699,.T.);
#8119=ADVANCED_FACE('',(#797),#7700,.T.);
#8120=ADVANCED_FACE('',(#798),#7701,.T.);
#8121=ADVANCED_FACE('',(#799),#180,.T.);
#8122=ADVANCED_FACE('',(#800),#7702,.T.);
#8123=ADVANCED_FACE('',(#801),#7703,.T.);
#8124=ADVANCED_FACE('',(#802),#7704,.T.);
#8125=ADVANCED_FACE('',(#803),#7705,.T.);
#8126=ADVANCED_FACE('',(#804),#181,.T.);
#8127=ADVANCED_FACE('',(#805),#7706,.T.);
#8128=ADVANCED_FACE('',(#806),#7707,.T.);
#8129=ADVANCED_FACE('',(#807),#7708,.T.);
#8130=ADVANCED_FACE('',(#808),#7709,.T.);
#8131=ADVANCED_FACE('',(#809),#7710,.T.);
#8132=ADVANCED_FACE('',(#810),#7711,.T.);
#8133=ADVANCED_FACE('',(#811),#7712,.T.);
#8134=ADVANCED_FACE('',(#812),#7713,.T.);
#8135=ADVANCED_FACE('',(#813),#7714,.T.);
#8136=ADVANCED_FACE('',(#814),#7715,.T.);
#8137=ADVANCED_FACE('',(#815),#7716,.T.);
#8138=ADVANCED_FACE('',(#816),#7717,.T.);
#8139=ADVANCED_FACE('',(#817),#7718,.T.);
#8140=ADVANCED_FACE('',(#818),#7719,.T.);
#8141=ADVANCED_FACE('',(#819),#7720,.T.);
#8142=ADVANCED_FACE('',(#820),#182,.T.);
#8143=ADVANCED_FACE('',(#821),#7721,.T.);
#8144=ADVANCED_FACE('',(#822),#7722,.T.);
#8145=ADVANCED_FACE('',(#823),#183,.T.);
#8146=ADVANCED_FACE('',(#824),#7723,.T.);
#8147=ADVANCED_FACE('',(#825),#7724,.T.);
#8148=ADVANCED_FACE('',(#826),#7725,.T.);
#8149=ADVANCED_FACE('',(#827),#7726,.T.);
#8150=ADVANCED_FACE('',(#828),#7727,.T.);
#8151=ADVANCED_FACE('',(#829),#7728,.T.);
#8152=ADVANCED_FACE('',(#830),#7729,.T.);
#8153=ADVANCED_FACE('',(#831),#7730,.T.);
#8154=ADVANCED_FACE('',(#832),#7731,.T.);
#8155=ADVANCED_FACE('',(#833),#7732,.T.);
#8156=ADVANCED_FACE('',(#834),#7733,.T.);
#8157=ADVANCED_FACE('',(#835),#7734,.T.);
#8158=ADVANCED_FACE('',(#836),#7735,.T.);
#8159=ADVANCED_FACE('',(#837),#7736,.T.);
#8160=ADVANCED_FACE('',(#838),#7737,.T.);
#8161=ADVANCED_FACE('',(#839),#7738,.T.);
#8162=ADVANCED_FACE('',(#840,#246,#247),#7739,.T.);
#8163=ADVANCED_FACE('',(#841,#248,#249),#7740,.F.);
#8164=CLOSED_SHELL('',(#7741,#7742,#7743,#7744,#7745,#7746,#7747,#7748,
#7749,#7750,#7751,#7752,#7753,#7754,#7755,#7756,#7757,#7758,#7759,#7760,
#7761,#7762,#7763,#7764,#7765,#7766,#7767,#7768,#7769,#7770,#7771,#7772,
#7773,#7774,#7775,#7776,#7777,#7778,#7779,#7780,#7781,#7782,#7783,#7784,
#7785,#7786,#7787,#7788,#7789,#7790,#7791,#7792,#7793,#7794,#7795,#7796,
#7797,#7798,#7799,#7800,#7801,#7802,#7803,#7804,#7805,#7806,#7807,#7808,
#7809,#7810,#7811,#7812,#7813,#7814,#7815,#7816,#7817,#7818,#7819,#7820,
#7821,#7822,#7823,#7824,#7825,#7826,#7827,#7828,#7829,#7830,#7831,#7832,
#7833,#7834,#7835,#7836,#7837,#7838,#7839,#7840,#7841,#7842,#7843,#7844,
#7845,#7846,#7847,#7848,#7849,#7850,#7851,#7852,#7853,#7854,#7855,#7856,
#7857,#7858,#7859,#7860,#7861,#7862,#7863,#7864,#7865,#7866,#7867,#7868,
#7869,#7870,#7871,#7872,#7873,#7874,#7875,#7876,#7877,#7878,#7879,#7880,
#7881,#7882,#7883,#7884,#7885,#7886,#7887,#7888,#7889,#7890,#7891,#7892,
#7893,#7894,#7895,#7896,#7897,#7898,#7899,#7900,#7901,#7902,#7903,#7904,
#7905,#7906,#7907,#7908,#7909,#7910,#7911,#7912,#7913,#7914,#7915,#7916,
#7917,#7918,#7919,#7920,#7921,#7922,#7923,#7924,#7925,#7926,#7927,#7928,
#7929,#7930,#7931,#7932,#7933,#7934,#7935,#7936,#7937,#7938,#7939,#7940,
#7941,#7942,#7943,#7944,#7945,#7946,#7947,#7948,#7949,#7950,#7951,#7952));
#8165=CLOSED_SHELL('',(#7953,#7954,#7955,#7956,#7957,#7958,#7959,#7960,
#7961,#7962,#7963,#7964,#7965,#7966,#7967,#7968,#7969,#7970,#7971,#7972,
#7973,#7974,#7975,#7976,#7977,#7978,#7979,#7980,#7981,#7982,#7983,#7984,
#7985,#7986,#7987,#7988,#7989,#7990,#7991,#7992,#7993,#7994,#7995,#7996,
#7997,#7998,#7999,#8000,#8001,#8002,#8003,#8004,#8005,#8006,#8007,#8008,
#8009,#8010,#8011,#8012,#8013,#8014,#8015,#8016,#8017,#8018,#8019,#8020,
#8021,#8022,#8023,#8024,#8025,#8026,#8027,#8028,#8029,#8030,#8031,#8032,
#8033,#8034,#8035,#8036,#8037,#8038,#8039,#8040,#8041,#8042,#8043,#8044,
#8045,#8046,#8047,#8048,#8049,#8050,#8051,#8052));
#8166=CLOSED_SHELL('',(#8053,#8054,#8055,#8056,#8057,#8058,#8059,#8060,
#8061,#8062,#8063,#8064,#8065,#8066,#8067,#8068,#8069,#8070,#8071,#8072,
#8073,#8074,#8075,#8076,#8077,#8078,#8079,#8080,#8081,#8082,#8083,#8084,
#8085,#8086,#8087,#8088,#8089,#8090,#8091,#8092,#8093,#8094,#8095,#8096,
#8097,#8098,#8099,#8100,#8101,#8102,#8103,#8104,#8105));
#8167=CLOSED_SHELL('',(#8106,#8107,#8108,#8109,#8110,#8111,#8112,#8113,
#8114,#8115,#8116,#8117,#8118,#8119,#8120,#8121,#8122,#8123,#8124,#8125,
#8126,#8127,#8128,#8129,#8130,#8131,#8132,#8133,#8134,#8135,#8136,#8137,
#8138,#8139,#8140,#8141,#8142,#8143,#8144,#8145,#8146,#8147,#8148,#8149,
#8150,#8151,#8152,#8153,#8154,#8155,#8156,#8157,#8158,#8159,#8160,#8161,
#8162,#8163));
#8168=DERIVED_UNIT_ELEMENT(#8172,1.);
#8169=DERIVED_UNIT_ELEMENT(#13717,-3.);
#8170=DERIVED_UNIT_ELEMENT(#8172,1.);
#8171=DERIVED_UNIT_ELEMENT(#13717,-3.);
#8172=(
MASS_UNIT()
NAMED_UNIT(*)
SI_UNIT(.KILO.,.GRAM.)
);
#8173=DERIVED_UNIT((#8168,#8169));
#8174=DERIVED_UNIT((#8170,#8171));
#8175=MEASURE_REPRESENTATION_ITEM('density measure',
POSITIVE_RATIO_MEASURE(1060.),#8173);
#8176=MEASURE_REPRESENTATION_ITEM('density measure',
POSITIVE_RATIO_MEASURE(1060.),#8174);
#8177=PROPERTY_DEFINITION_REPRESENTATION(#8187,#8181);
#8178=PROPERTY_DEFINITION_REPRESENTATION(#8188,#8182);
#8179=PROPERTY_DEFINITION_REPRESENTATION(#8189,#8183);
#8180=PROPERTY_DEFINITION_REPRESENTATION(#8190,#8184);
#8181=REPRESENTATION('material name',(#8185),#13713);
#8182=REPRESENTATION('density',(#8175),#13713);
#8183=REPRESENTATION('material name',(#8186),#13714);
#8184=REPRESENTATION('density',(#8176),#13714);
#8185=DESCRIPTIVE_REPRESENTATION_ITEM('ABS Plastic','ABS Plastic');
#8186=DESCRIPTIVE_REPRESENTATION_ITEM('ABS Plastic','ABS Plastic');
#8187=PROPERTY_DEFINITION('material property','material name',#13733);
#8188=PROPERTY_DEFINITION('material property','density of part',#13733);
#8189=PROPERTY_DEFINITION('material property','material name',#13734);
#8190=PROPERTY_DEFINITION('material property','density of part',#13734);
#8191=AXIS2_PLACEMENT_3D('',#10994,#8813,#8814);
#8192=AXIS2_PLACEMENT_3D('',#10995,#8815,#8816);
#8193=AXIS2_PLACEMENT_3D('',#10996,#8817,#8818);
#8194=AXIS2_PLACEMENT_3D('',#11005,#8823,#8824);
#8195=AXIS2_PLACEMENT_3D('',#11011,#8828,#8829);
#8196=AXIS2_PLACEMENT_3D('',#11017,#8833,#8834);
#8197=AXIS2_PLACEMENT_3D('',#11020,#8837,#8838);
#8198=AXIS2_PLACEMENT_3D('',#11034,#8846,#8847);
#8199=AXIS2_PLACEMENT_3D('',#11038,#8850,#8851);
#8200=AXIS2_PLACEMENT_3D('',#11043,#8853,#8854);
#8201=AXIS2_PLACEMENT_3D('',#11047,#8856,#8857);
#8202=AXIS2_PLACEMENT_3D('',#11051,#8859,#8860);
#8203=AXIS2_PLACEMENT_3D('',#11055,#8862,#8863);
#8204=AXIS2_PLACEMENT_3D('',#11059,#8865,#8866);
#8205=AXIS2_PLACEMENT_3D('',#11063,#8868,#8869);
#8206=AXIS2_PLACEMENT_3D('',#11067,#8871,#8872);
#8207=AXIS2_PLACEMENT_3D('',#11070,#8874,#8875);
#8208=AXIS2_PLACEMENT_3D('',#11073,#8876,#8877);
#8209=AXIS2_PLACEMENT_3D('',#11077,#8879,#8880);
#8210=AXIS2_PLACEMENT_3D('',#11081,#8882,#8883);
#8211=AXIS2_PLACEMENT_3D('',#11085,#8885,#8886);
#8212=AXIS2_PLACEMENT_3D('',#11088,#8888,#8889);
#8213=AXIS2_PLACEMENT_3D('',#11090,#8890,#8891);
#8214=AXIS2_PLACEMENT_3D('',#11095,#8893,#8894);
#8215=AXIS2_PLACEMENT_3D('',#11099,#8896,#8897);
#8216=AXIS2_PLACEMENT_3D('',#11103,#8899,#8900);
#8217=AXIS2_PLACEMENT_3D('',#11107,#8902,#8903);
#8218=AXIS2_PLACEMENT_3D('',#11110,#8905,#8906);
#8219=AXIS2_PLACEMENT_3D('',#11113,#8907,#8908);
#8220=AXIS2_PLACEMENT_3D('',#11117,#8910,#8911);
#8221=AXIS2_PLACEMENT_3D('',#11121,#8913,#8914);
#8222=AXIS2_PLACEMENT_3D('',#11125,#8916,#8917);
#8223=AXIS2_PLACEMENT_3D('',#11129,#8919,#8920);
#8224=AXIS2_PLACEMENT_3D('',#11133,#8922,#8923);
#8225=AXIS2_PLACEMENT_3D('',#11139,#8926,#8927);
#8226=AXIS2_PLACEMENT_3D('',#11143,#8929,#8930);
#8227=AXIS2_PLACEMENT_3D('',#11147,#8932,#8933);
#8228=AXIS2_PLACEMENT_3D('',#11150,#8935,#8936);
#8229=AXIS2_PLACEMENT_3D('',#11151,#8937,#8938);
#8230=AXIS2_PLACEMENT_3D('',#11155,#8940,#8941);
#8231=AXIS2_PLACEMENT_3D('',#11157,#8943,#8944);
#8232=AXIS2_PLACEMENT_3D('',#11161,#8947,#8948);
#8233=AXIS2_PLACEMENT_3D('',#11164,#8950,#8951);
#8234=AXIS2_PLACEMENT_3D('',#11165,#8952,#8953);
#8235=AXIS2_PLACEMENT_3D('',#11169,#8956,#8957);
#8236=AXIS2_PLACEMENT_3D('',#11172,#8959,#8960);
#8237=AXIS2_PLACEMENT_3D('',#11173,#8961,#8962);
#8238=AXIS2_PLACEMENT_3D('',#11177,#8965,#8966);
#8239=AXIS2_PLACEMENT_3D('',#11180,#8968,#8969);
#8240=AXIS2_PLACEMENT_3D('',#11181,#8970,#8971);
#8241=AXIS2_PLACEMENT_3D('',#11183,#8973,#8974);
#8242=AXIS2_PLACEMENT_3D('',#11189,#8978,#8979);
#8243=AXIS2_PLACEMENT_3D('',#11192,#8981,#8982);
#8244=AXIS2_PLACEMENT_3D('',#11193,#8983,#8984);
#8245=AXIS2_PLACEMENT_3D('',#11197,#8987,#8988);
#8246=AXIS2_PLACEMENT_3D('',#11200,#8990,#8991);
#8247=AXIS2_PLACEMENT_3D('',#11201,#8992,#8993);
#8248=AXIS2_PLACEMENT_3D('',#11205,#8995,#8996);
#8249=AXIS2_PLACEMENT_3D('',#11207,#8998,#8999);
#8250=AXIS2_PLACEMENT_3D('',#11209,#9001,#9002);
#8251=AXIS2_PLACEMENT_3D('',#11211,#9003,#9004);
#8252=AXIS2_PLACEMENT_3D('',#11213,#9006,#9007);
#8253=AXIS2_PLACEMENT_3D('',#11215,#9009,#9010);
#8254=AXIS2_PLACEMENT_3D('',#11219,#9013,#9014);
#8255=AXIS2_PLACEMENT_3D('',#11223,#9017,#9018);
#8256=AXIS2_PLACEMENT_3D('',#11227,#9021,#9022);
#8257=AXIS2_PLACEMENT_3D('',#11231,#9025,#9026);
#8258=AXIS2_PLACEMENT_3D('',#11235,#9029,#9030);
#8259=AXIS2_PLACEMENT_3D('',#11237,#9031,#9032);
#8260=AXIS2_PLACEMENT_3D('',#11239,#9034,#9035);
#8261=AXIS2_PLACEMENT_3D('',#11241,#9036,#9037);
#8262=AXIS2_PLACEMENT_3D('',#11243,#9039,#9040);
#8263=AXIS2_PLACEMENT_3D('',#11245,#9042,#9043);
#8264=AXIS2_PLACEMENT_3D('',#11250,#9045,#9046);
#8265=AXIS2_PLACEMENT_3D('',#11261,#9047,#9048);
#8266=AXIS2_PLACEMENT_3D('',#11278,#9049,#9050);
#8267=AXIS2_PLACEMENT_3D('',#11289,#9051,#9052);
#8268=AXIS2_PLACEMENT_3D('',#11293,#9054,#9055);
#8269=AXIS2_PLACEMENT_3D('',#11310,#9057,#9058);
#8270=AXIS2_PLACEMENT_3D('',#11324,#9059,#9060);
#8271=AXIS2_PLACEMENT_3D('',#11352,#9062,#9063);
#8272=AXIS2_PLACEMENT_3D('',#11366,#9064,#9065);
#8273=AXIS2_PLACEMENT_3D('',#11396,#9067,#9068);
#8274=AXIS2_PLACEMENT_3D('',#11410,#9069,#9070);
#8275=AXIS2_PLACEMENT_3D('',#11426,#9072,#9073);
#8276=AXIS2_PLACEMENT_3D('',#11427,#9074,#9075);
#8277=AXIS2_PLACEMENT_3D('',#11434,#9078,#9079);
#8278=AXIS2_PLACEMENT_3D('',#11438,#9081,#9082);
#8279=AXIS2_PLACEMENT_3D('',#11442,#9084,#9085);
#8280=AXIS2_PLACEMENT_3D('',#11451,#9090,#9091);
#8281=AXIS2_PLACEMENT_3D('',#11455,#9093,#9094);
#8282=AXIS2_PLACEMENT_3D('',#11459,#9096,#9097);
#8283=AXIS2_PLACEMENT_3D('',#11464,#9100,#9101);
#8284=AXIS2_PLACEMENT_3D('',#11468,#9103,#9104);
#8285=AXIS2_PLACEMENT_3D('',#11472,#9106,#9107);
#8286=AXIS2_PLACEMENT_3D('',#11474,#9109,#9110);
#8287=AXIS2_PLACEMENT_3D('',#11480,#9114,#9115);
#8288=AXIS2_PLACEMENT_3D('',#11483,#9117,#9118);
#8289=AXIS2_PLACEMENT_3D('',#11484,#9119,#9120);
#8290=AXIS2_PLACEMENT_3D('',#11488,#9123,#9124);
#8291=AXIS2_PLACEMENT_3D('',#11491,#9126,#9127);
#8292=AXIS2_PLACEMENT_3D('',#11492,#9128,#9129);
#8293=AXIS2_PLACEMENT_3D('',#11496,#9132,#9133);
#8294=AXIS2_PLACEMENT_3D('',#11499,#9135,#9136);
#8295=AXIS2_PLACEMENT_3D('',#11500,#9137,#9138);
#8296=AXIS2_PLACEMENT_3D('',#11504,#9141,#9142);
#8297=AXIS2_PLACEMENT_3D('',#11505,#9143,#9144);
#8298=AXIS2_PLACEMENT_3D('',#11506,#9145,#9146);
#8299=AXIS2_PLACEMENT_3D('',#11509,#9149,#9150);
#8300=AXIS2_PLACEMENT_3D('',#11511,#9151,#9152);
#8301=AXIS2_PLACEMENT_3D('',#11513,#9154,#9155);
#8302=AXIS2_PLACEMENT_3D('',#11530,#9157,#9158);
#8303=AXIS2_PLACEMENT_3D('',#11531,#9159,#9160);
#8304=AXIS2_PLACEMENT_3D('',#11533,#9162,#9163);
#8305=AXIS2_PLACEMENT_3D('',#11539,#9167,#9168);
#8306=AXIS2_PLACEMENT_3D('',#11542,#9170,#9171);
#8307=AXIS2_PLACEMENT_3D('',#11543,#9172,#9173);
#8308=AXIS2_PLACEMENT_3D('',#11547,#9176,#9177);
#8309=AXIS2_PLACEMENT_3D('',#11550,#9179,#9180);
#8310=AXIS2_PLACEMENT_3D('',#11551,#9181,#9182);
#8311=AXIS2_PLACEMENT_3D('',#11555,#9185,#9186);
#8312=AXIS2_PLACEMENT_3D('',#11558,#9188,#9189);
#8313=AXIS2_PLACEMENT_3D('',#11559,#9190,#9191);
#8314=AXIS2_PLACEMENT_3D('',#11563,#9194,#9195);
#8315=AXIS2_PLACEMENT_3D('',#11566,#9197,#9198);
#8316=AXIS2_PLACEMENT_3D('',#11567,#9199,#9200);
#8317=AXIS2_PLACEMENT_3D('',#11571,#9203,#9204);
#8318=AXIS2_PLACEMENT_3D('',#11572,#9205,#9206);
#8319=AXIS2_PLACEMENT_3D('',#11573,#9207,#9208);
#8320=AXIS2_PLACEMENT_3D('',#11577,#9210,#9211);
#8321=AXIS2_PLACEMENT_3D('',#11579,#9213,#9214);
#8322=AXIS2_PLACEMENT_3D('',#11592,#9216,#9217);
#8323=AXIS2_PLACEMENT_3D('',#11594,#9218,#9219);
#8324=AXIS2_PLACEMENT_3D('',#11596,#9221,#9222);
#8325=AXIS2_PLACEMENT_3D('',#11605,#9224,#9225);
#8326=AXIS2_PLACEMENT_3D('',#11642,#9244,#9245);
#8327=AXIS2_PLACEMENT_3D('',#11644,#9246,#9247);
#8328=AXIS2_PLACEMENT_3D('',#11645,#9248,#9249);
#8329=AXIS2_PLACEMENT_3D('',#11649,#9251,#9252);
#8330=AXIS2_PLACEMENT_3D('',#11651,#9254,#9255);
#8331=AXIS2_PLACEMENT_3D('',#11655,#9258,#9259);
#8332=AXIS2_PLACEMENT_3D('',#11658,#9261,#9262);
#8333=AXIS2_PLACEMENT_3D('',#11659,#9263,#9264);
#8334=AXIS2_PLACEMENT_3D('',#11663,#9267,#9268);
#8335=AXIS2_PLACEMENT_3D('',#11666,#9270,#9271);
#8336=AXIS2_PLACEMENT_3D('',#11667,#9272,#9273);
#8337=AXIS2_PLACEMENT_3D('',#11671,#9276,#9277);
#8338=AXIS2_PLACEMENT_3D('',#11674,#9279,#9280);
#8339=AXIS2_PLACEMENT_3D('',#11675,#9281,#9282);
#8340=AXIS2_PLACEMENT_3D('',#11679,#9285,#9286);
#8341=AXIS2_PLACEMENT_3D('',#11682,#9288,#9289);
#8342=AXIS2_PLACEMENT_3D('',#11683,#9290,#9291);
#8343=AXIS2_PLACEMENT_3D('',#11687,#9294,#9295);
#8344=AXIS2_PLACEMENT_3D('',#11690,#9297,#9298);
#8345=AXIS2_PLACEMENT_3D('',#11691,#9299,#9300);
#8346=AXIS2_PLACEMENT_3D('',#11693,#9302,#9303);
#8347=AXIS2_PLACEMENT_3D('',#11696,#9306,#9307);
#8348=AXIS2_PLACEMENT_3D('',#11698,#9309,#9310);
#8349=AXIS2_PLACEMENT_3D('',#11700,#9312,#9313);
#8350=AXIS2_PLACEMENT_3D('',#11702,#9315,#9316);
#8351=AXIS2_PLACEMENT_3D('',#11704,#9318,#9319);
#8352=AXIS2_PLACEMENT_3D('',#11706,#9321,#9322);
#8353=AXIS2_PLACEMENT_3D('',#11712,#9326,#9327);
#8354=AXIS2_PLACEMENT_3D('',#11715,#9329,#9330);
#8355=AXIS2_PLACEMENT_3D('',#11716,#9331,#9332);
#8356=AXIS2_PLACEMENT_3D('',#11720,#9335,#9336);
#8357=AXIS2_PLACEMENT_3D('',#11723,#9338,#9339);
#8358=AXIS2_PLACEMENT_3D('',#11724,#9340,#9341);
#8359=AXIS2_PLACEMENT_3D('',#11728,#9344,#9345);
#8360=AXIS2_PLACEMENT_3D('',#11731,#9347,#9348);
#8361=AXIS2_PLACEMENT_3D('',#11732,#9349,#9350);
#8362=AXIS2_PLACEMENT_3D('',#11736,#9353,#9354);
#8363=AXIS2_PLACEMENT_3D('',#11739,#9356,#9357);
#8364=AXIS2_PLACEMENT_3D('',#11740,#9358,#9359);
#8365=AXIS2_PLACEMENT_3D('',#11744,#9362,#9363);
#8366=AXIS2_PLACEMENT_3D('',#11747,#9365,#9366);
#8367=AXIS2_PLACEMENT_3D('',#11748,#9367,#9368);
#8368=AXIS2_PLACEMENT_3D('',#11752,#9371,#9372);
#8369=AXIS2_PLACEMENT_3D('',#11755,#9374,#9375);
#8370=AXIS2_PLACEMENT_3D('',#11756,#9376,#9377);
#8371=AXIS2_PLACEMENT_3D('',#11760,#9380,#9381);
#8372=AXIS2_PLACEMENT_3D('',#11763,#9383,#9384);
#8373=AXIS2_PLACEMENT_3D('',#11764,#9385,#9386);
#8374=AXIS2_PLACEMENT_3D('',#11768,#9389,#9390);
#8375=AXIS2_PLACEMENT_3D('',#11769,#9391,#9392);
#8376=AXIS2_PLACEMENT_3D('',#11770,#9393,#9394);
#8377=AXIS2_PLACEMENT_3D('',#11774,#9396,#9397);
#8378=AXIS2_PLACEMENT_3D('',#11776,#9399,#9400);
#8379=AXIS2_PLACEMENT_3D('',#11780,#9402,#9403);
#8380=AXIS2_PLACEMENT_3D('',#11790,#9409,#9410);
#8381=AXIS2_PLACEMENT_3D('',#11792,#9411,#9412);
#8382=AXIS2_PLACEMENT_3D('',#11794,#9414,#9415);
#8383=AXIS2_PLACEMENT_3D('',#11799,#9418,#9419);
#8384=AXIS2_PLACEMENT_3D('',#11800,#9420,#9421);
#8385=AXIS2_PLACEMENT_3D('',#11802,#9422,#9423);
#8386=AXIS2_PLACEMENT_3D('',#11804,#9425,#9426);
#8387=AXIS2_PLACEMENT_3D('',#11814,#9431,#9432);
#8388=AXIS2_PLACEMENT_3D('',#11818,#9434,#9435);
#8389=AXIS2_PLACEMENT_3D('',#11824,#9439,#9440);
#8390=AXIS2_PLACEMENT_3D('',#11826,#9441,#9442);
#8391=AXIS2_PLACEMENT_3D('',#11828,#9444,#9445);
#8392=AXIS2_PLACEMENT_3D('',#11833,#9448,#9449);
#8393=AXIS2_PLACEMENT_3D('',#11835,#9450,#9451);
#8394=AXIS2_PLACEMENT_3D('',#11844,#9456,#9457);
#8395=AXIS2_PLACEMENT_3D('',#11846,#9458,#9459);
#8396=AXIS2_PLACEMENT_3D('',#11848,#9460,#9461);
#8397=AXIS2_PLACEMENT_3D('',#11852,#9463,#9464);
#8398=AXIS2_PLACEMENT_3D('',#11856,#9466,#9467);
#8399=AXIS2_PLACEMENT_3D('',#11860,#9469,#9470);
#8400=AXIS2_PLACEMENT_3D('',#11862,#9472,#9473);
#8401=AXIS2_PLACEMENT_3D('',#11866,#9475,#9476);
#8402=AXIS2_PLACEMENT_3D('',#11868,#9478,#9479);
#8403=AXIS2_PLACEMENT_3D('',#11881,#9481,#9482);
#8404=AXIS2_PLACEMENT_3D('',#11883,#9483,#9484);
#8405=AXIS2_PLACEMENT_3D('',#11885,#9486,#9487);
#8406=AXIS2_PLACEMENT_3D('',#11896,#9488,#9489);
#8407=AXIS2_PLACEMENT_3D('',#11898,#9490,#9491);
#8408=AXIS2_PLACEMENT_3D('',#11900,#9492,#9493);
#8409=AXIS2_PLACEMENT_3D('',#11904,#9495,#9496);
#8410=AXIS2_PLACEMENT_3D('',#11908,#9498,#9499);
#8411=AXIS2_PLACEMENT_3D('',#11912,#9501,#9502);
#8412=AXIS2_PLACEMENT_3D('',#11914,#9504,#9505);
#8413=AXIS2_PLACEMENT_3D('',#11918,#9507,#9508);
#8414=AXIS2_PLACEMENT_3D('',#11920,#9510,#9511);
#8415=AXIS2_PLACEMENT_3D('',#11933,#9513,#9514);
#8416=AXIS2_PLACEMENT_3D('',#11935,#9515,#9516);
#8417=AXIS2_PLACEMENT_3D('',#11937,#9518,#9519);
#8418=AXIS2_PLACEMENT_3D('',#11948,#9520,#9521);
#8419=AXIS2_PLACEMENT_3D('',#11950,#9522,#9523);
#8420=AXIS2_PLACEMENT_3D('',#11952,#9524,#9525);
#8421=AXIS2_PLACEMENT_3D('',#11956,#9527,#9528);
#8422=AXIS2_PLACEMENT_3D('',#11960,#9530,#9531);
#8423=AXIS2_PLACEMENT_3D('',#11964,#9533,#9534);
#8424=AXIS2_PLACEMENT_3D('',#11966,#9536,#9537);
#8425=AXIS2_PLACEMENT_3D('',#11970,#9539,#9540);
#8426=AXIS2_PLACEMENT_3D('',#11972,#9542,#9543);
#8427=AXIS2_PLACEMENT_3D('',#11985,#9545,#9546);
#8428=AXIS2_PLACEMENT_3D('',#11987,#9547,#9548);
#8429=AXIS2_PLACEMENT_3D('',#11989,#9550,#9551);
#8430=AXIS2_PLACEMENT_3D('',#11996,#9552,#9553);
#8431=AXIS2_PLACEMENT_3D('',#12010,#9555,#9556);
#8432=AXIS2_PLACEMENT_3D('',#12024,#9558,#9559);
#8433=AXIS2_PLACEMENT_3D('',#12038,#9561,#9562);
#8434=AXIS2_PLACEMENT_3D('',#12040,#9563,#9564);
#8435=AXIS2_PLACEMENT_3D('',#12042,#9565,#9566);
#8436=AXIS2_PLACEMENT_3D('',#12044,#9568,#9569);
#8437=AXIS2_PLACEMENT_3D('',#12050,#9573,#9574);
#8438=AXIS2_PLACEMENT_3D('',#12051,#9575,#9576);
#8439=AXIS2_PLACEMENT_3D('',#12052,#9577,#9578);
#8440=AXIS2_PLACEMENT_3D('',#12053,#9579,#9580);
#8441=AXIS2_PLACEMENT_3D('',#12054,#9581,#9582);
#8442=AXIS2_PLACEMENT_3D('',#12055,#9583,#9584);
#8443=AXIS2_PLACEMENT_3D('',#12058,#9586,#9587);
#8444=AXIS2_PLACEMENT_3D('',#12059,#9588,#9589);
#8445=AXIS2_PLACEMENT_3D('',#12061,#9590,#9591);
#8446=AXIS2_PLACEMENT_3D('',#12062,#9592,#9593);
#8447=AXIS2_PLACEMENT_3D('',#12065,#9595,#9596);
#8448=AXIS2_PLACEMENT_3D('',#12066,#9597,#9598);
#8449=AXIS2_PLACEMENT_3D('',#12068,#9599,#9600);
#8450=AXIS2_PLACEMENT_3D('',#12069,#9601,#9602);
#8451=AXIS2_PLACEMENT_3D('',#12071,#9603,#9604);
#8452=AXIS2_PLACEMENT_3D('',#12073,#9605,#9606);
#8453=AXIS2_PLACEMENT_3D('',#12075,#9608,#9609);
#8454=AXIS2_PLACEMENT_3D('',#12078,#9610,#9611);
#8455=AXIS2_PLACEMENT_3D('',#12079,#9612,#9613);
#8456=AXIS2_PLACEMENT_3D('',#12080,#9614,#9615);
#8457=AXIS2_PLACEMENT_3D('',#12118,#9616,#9617);
#8458=AXIS2_PLACEMENT_3D('',#12149,#9618,#9619);
#8459=AXIS2_PLACEMENT_3D('',#12150,#9620,#9621);
#8460=AXIS2_PLACEMENT_3D('',#12151,#9622,#9623);
#8461=AXIS2_PLACEMENT_3D('',#12152,#9624,#9625);
#8462=AXIS2_PLACEMENT_3D('',#12154,#9626,#9627);
#8463=AXIS2_PLACEMENT_3D('',#12156,#9628,#9629);
#8464=AXIS2_PLACEMENT_3D('',#12157,#9630,#9631);
#8465=AXIS2_PLACEMENT_3D('',#12158,#9632,#9633);
#8466=AXIS2_PLACEMENT_3D('',#12160,#9634,#9635);
#8467=AXIS2_PLACEMENT_3D('',#12162,#9637,#9638);
#8468=AXIS2_PLACEMENT_3D('',#12164,#9639,#9640);
#8469=AXIS2_PLACEMENT_3D('',#12165,#9641,#9642);
#8470=AXIS2_PLACEMENT_3D('',#12166,#9643,#9644);
#8471=AXIS2_PLACEMENT_3D('',#12167,#9645,#9646);
#8472=AXIS2_PLACEMENT_3D('',#12169,#9648,#9649);
#8473=AXIS2_PLACEMENT_3D('',#12170,#9650,#9651);
#8474=AXIS2_PLACEMENT_3D('',#12171,#9652,#9653);
#8475=AXIS2_PLACEMENT_3D('',#12172,#9654,#9655);
#8476=AXIS2_PLACEMENT_3D('',#12173,#9656,#9657);
#8477=AXIS2_PLACEMENT_3D('',#12174,#9658,#9659);
#8478=AXIS2_PLACEMENT_3D('',#12175,#9660,#9661);
#8479=AXIS2_PLACEMENT_3D('',#12177,#9662,#9663);
#8480=AXIS2_PLACEMENT_3D('',#12179,#9665,#9666);
#8481=AXIS2_PLACEMENT_3D('',#12181,#9668,#9669);
#8482=AXIS2_PLACEMENT_3D('',#12183,#9670,#9671);
#8483=AXIS2_PLACEMENT_3D('',#12196,#9672,#9673);
#8484=AXIS2_PLACEMENT_3D('',#12204,#9674,#9675);
#8485=AXIS2_PLACEMENT_3D('',#12217,#9676,#9677);
#8486=AXIS2_PLACEMENT_3D('',#12229,#9678,#9679);
#8487=AXIS2_PLACEMENT_3D('',#12242,#9680,#9681);
#8488=AXIS2_PLACEMENT_3D('',#12266,#9682,#9683);
#8489=AXIS2_PLACEMENT_3D('',#12277,#9684,#9685);
#8490=AXIS2_PLACEMENT_3D('',#12288,#9686,#9687);
#8491=AXIS2_PLACEMENT_3D('',#12289,#9688,#9689);
#8492=AXIS2_PLACEMENT_3D('',#12308,#9701,#9702);
#8493=AXIS2_PLACEMENT_3D('',#12309,#9703,#9704);
#8494=AXIS2_PLACEMENT_3D('',#12311,#9705,#9706);
#8495=AXIS2_PLACEMENT_3D('',#12314,#9708,#9709);
#8496=AXIS2_PLACEMENT_3D('',#12315,#9710,#9711);
#8497=AXIS2_PLACEMENT_3D('',#12317,#9713,#9714);
#8498=AXIS2_PLACEMENT_3D('',#12319,#9715,#9716);
#8499=AXIS2_PLACEMENT_3D('',#12321,#9718,#9719);
#8500=AXIS2_PLACEMENT_3D('',#12323,#9721,#9722);
#8501=AXIS2_PLACEMENT_3D('',#12325,#9724,#9725);
#8502=AXIS2_PLACEMENT_3D('',#12327,#9727,#9728);
#8503=AXIS2_PLACEMENT_3D('',#12330,#9731,#9732);
#8504=AXIS2_PLACEMENT_3D('',#12332,#9734,#9735);
#8505=AXIS2_PLACEMENT_3D('',#12334,#9737,#9738);
#8506=AXIS2_PLACEMENT_3D('',#12335,#9739,#9740);
#8507=AXIS2_PLACEMENT_3D('',#12336,#9741,#9742);
#8508=AXIS2_PLACEMENT_3D('',#12338,#9743,#9744);
#8509=AXIS2_PLACEMENT_3D('',#12340,#9746,#9747);
#8510=AXIS2_PLACEMENT_3D('',#12343,#9749,#9750);
#8511=AXIS2_PLACEMENT_3D('',#12344,#9751,#9752);
#8512=AXIS2_PLACEMENT_3D('',#12350,#9756,#9757);
#8513=AXIS2_PLACEMENT_3D('',#12352,#9759,#9760);
#8514=AXIS2_PLACEMENT_3D('',#12354,#9762,#9763);
#8515=AXIS2_PLACEMENT_3D('',#12355,#9764,#9765);
#8516=AXIS2_PLACEMENT_3D('',#12357,#9767,#9768);
#8517=AXIS2_PLACEMENT_3D('',#12359,#9770,#9771);
#8518=AXIS2_PLACEMENT_3D('',#12361,#9773,#9774);
#8519=AXIS2_PLACEMENT_3D('',#12362,#9775,#9776);
#8520=AXIS2_PLACEMENT_3D('',#12363,#9777,#9778);
#8521=AXIS2_PLACEMENT_3D('',#12365,#9779,#9780);
#8522=AXIS2_PLACEMENT_3D('',#12367,#9782,#9783);
#8523=AXIS2_PLACEMENT_3D('',#12368,#9784,#9785);
#8524=AXIS2_PLACEMENT_3D('',#12369,#9786,#9787);
#8525=AXIS2_PLACEMENT_3D('',#12373,#9790,#9791);
#8526=AXIS2_PLACEMENT_3D('',#12374,#9792,#9793);
#8527=AXIS2_PLACEMENT_3D('',#12375,#9794,#9795);
#8528=AXIS2_PLACEMENT_3D('',#12376,#9796,#9797);
#8529=AXIS2_PLACEMENT_3D('',#12378,#9799,#9800);
#8530=AXIS2_PLACEMENT_3D('',#12379,#9801,#9802);
#8531=AXIS2_PLACEMENT_3D('',#12380,#9803,#9804);
#8532=AXIS2_PLACEMENT_3D('',#12381,#9805,#9806);
#8533=AXIS2_PLACEMENT_3D('',#12382,#9807,#9808);
#8534=AXIS2_PLACEMENT_3D('',#12383,#9809,#9810);
#8535=AXIS2_PLACEMENT_3D('',#12384,#9811,#9812);
#8536=AXIS2_PLACEMENT_3D('',#12385,#9813,#9814);
#8537=AXIS2_PLACEMENT_3D('',#12386,#9815,#9816);
#8538=AXIS2_PLACEMENT_3D('',#12387,#9817,#9818);
#8539=AXIS2_PLACEMENT_3D('',#12388,#9819,#9820);
#8540=AXIS2_PLACEMENT_3D('',#12391,#9823,#9824);
#8541=AXIS2_PLACEMENT_3D('',#12394,#9827,#9828);
#8542=AXIS2_PLACEMENT_3D('',#12395,#9829,#9830);
#8543=AXIS2_PLACEMENT_3D('',#12398,#9833,#9834);
#8544=AXIS2_PLACEMENT_3D('',#12400,#9836,#9837);
#8545=AXIS2_PLACEMENT_3D('',#12402,#9839,#9840);
#8546=AXIS2_PLACEMENT_3D('',#12403,#9841,#9842);
#8547=AXIS2_PLACEMENT_3D('',#12406,#9845,#9846);
#8548=AXIS2_PLACEMENT_3D('',#12408,#9848,#9849);
#8549=AXIS2_PLACEMENT_3D('',#12409,#9850,#9851);
#8550=AXIS2_PLACEMENT_3D('',#12411,#9853,#9854);
#8551=AXIS2_PLACEMENT_3D('',#12412,#9855,#9856);
#8552=AXIS2_PLACEMENT_3D('',#12413,#9857,#9858);
#8553=AXIS2_PLACEMENT_3D('',#12417,#9860,#9861);
#8554=AXIS2_PLACEMENT_3D('',#12419,#9863,#9864);
#8555=AXIS2_PLACEMENT_3D('',#12421,#9865,#9866);
#8556=AXIS2_PLACEMENT_3D('',#12423,#9868,#9869);
#8557=AXIS2_PLACEMENT_3D('',#12425,#9871,#9872);
#8558=AXIS2_PLACEMENT_3D('',#12428,#9874,#9875);
#8559=AXIS2_PLACEMENT_3D('',#12429,#9876,#9877);
#8560=AXIS2_PLACEMENT_3D('',#12432,#9880,#9881);
#8561=AXIS2_PLACEMENT_3D('',#12433,#9882,#9883);
#8562=AXIS2_PLACEMENT_3D('',#12435,#9885,#9886);
#8563=AXIS2_PLACEMENT_3D('',#12436,#9887,#9888);
#8564=AXIS2_PLACEMENT_3D('',#12437,#9889,#9890);
#8565=AXIS2_PLACEMENT_3D('',#12438,#9891,#9892);
#8566=AXIS2_PLACEMENT_3D('',#12440,#9894,#9895);
#8567=AXIS2_PLACEMENT_3D('',#12441,#9896,#9897);
#8568=AXIS2_PLACEMENT_3D('',#12443,#9899,#9900);
#8569=AXIS2_PLACEMENT_3D('',#12445,#9902,#9903);
#8570=AXIS2_PLACEMENT_3D('',#12447,#9904,#9905);
#8571=AXIS2_PLACEMENT_3D('',#12448,#9906,#9907);
#8572=AXIS2_PLACEMENT_3D('',#12450,#9909,#9910);
#8573=AXIS2_PLACEMENT_3D('',#12456,#9914,#9915);
#8574=AXIS2_PLACEMENT_3D('',#12459,#9917,#9918);
#8575=AXIS2_PLACEMENT_3D('',#12460,#9919,#9920);
#8576=AXIS2_PLACEMENT_3D('',#12464,#9923,#9924);
#8577=AXIS2_PLACEMENT_3D('',#12465,#9925,#9926);
#8578=AXIS2_PLACEMENT_3D('',#12466,#9927,#9928);
#8579=AXIS2_PLACEMENT_3D('',#12467,#9929,#9930);
#8580=AXIS2_PLACEMENT_3D('',#12468,#9931,#9932);
#8581=AXIS2_PLACEMENT_3D('',#12469,#9933,#9934);
#8582=AXIS2_PLACEMENT_3D('',#12470,#9935,#9936);
#8583=AXIS2_PLACEMENT_3D('',#12479,#9941,#9942);
#8584=AXIS2_PLACEMENT_3D('',#12485,#9946,#9947);
#8585=AXIS2_PLACEMENT_3D('',#12491,#9951,#9952);
#8586=AXIS2_PLACEMENT_3D('',#12497,#9956,#9957);
#8587=AXIS2_PLACEMENT_3D('',#12503,#9961,#9962);
#8588=AXIS2_PLACEMENT_3D('',#12506,#9965,#9966);
#8589=AXIS2_PLACEMENT_3D('',#12515,#9971,#9972);
#8590=AXIS2_PLACEMENT_3D('',#12521,#9976,#9977);
#8591=AXIS2_PLACEMENT_3D('',#12527,#9981,#9982);
#8592=AXIS2_PLACEMENT_3D('',#12533,#9986,#9987);
#8593=AXIS2_PLACEMENT_3D('',#12539,#9991,#9992);
#8594=AXIS2_PLACEMENT_3D('',#12542,#9995,#9996);
#8595=AXIS2_PLACEMENT_3D('',#12551,#10001,#10002);
#8596=AXIS2_PLACEMENT_3D('',#12557,#10006,#10007);
#8597=AXIS2_PLACEMENT_3D('',#12563,#10011,#10012);
#8598=AXIS2_PLACEMENT_3D('',#12569,#10016,#10017);
#8599=AXIS2_PLACEMENT_3D('',#12575,#10021,#10022);
#8600=AXIS2_PLACEMENT_3D('',#12578,#10025,#10026);
#8601=AXIS2_PLACEMENT_3D('',#12587,#10031,#10032);
#8602=AXIS2_PLACEMENT_3D('',#12593,#10036,#10037);
#8603=AXIS2_PLACEMENT_3D('',#12599,#10041,#10042);
#8604=AXIS2_PLACEMENT_3D('',#12605,#10046,#10047);
#8605=AXIS2_PLACEMENT_3D('',#12611,#10051,#10052);
#8606=AXIS2_PLACEMENT_3D('',#12614,#10055,#10056);
#8607=AXIS2_PLACEMENT_3D('',#12623,#10061,#10062);
#8608=AXIS2_PLACEMENT_3D('',#12629,#10066,#10067);
#8609=AXIS2_PLACEMENT_3D('',#12635,#10071,#10072);
#8610=AXIS2_PLACEMENT_3D('',#12641,#10076,#10077);
#8611=AXIS2_PLACEMENT_3D('',#12647,#10081,#10082);
#8612=AXIS2_PLACEMENT_3D('',#12650,#10085,#10086);
#8613=AXIS2_PLACEMENT_3D('',#12659,#10091,#10092);
#8614=AXIS2_PLACEMENT_3D('',#12665,#10096,#10097);
#8615=AXIS2_PLACEMENT_3D('',#12671,#10101,#10102);
#8616=AXIS2_PLACEMENT_3D('',#12677,#10106,#10107);
#8617=AXIS2_PLACEMENT_3D('',#12683,#10111,#10112);
#8618=AXIS2_PLACEMENT_3D('',#12686,#10115,#10116);
#8619=AXIS2_PLACEMENT_3D('',#12695,#10121,#10122);
#8620=AXIS2_PLACEMENT_3D('',#12701,#10126,#10127);
#8621=AXIS2_PLACEMENT_3D('',#12707,#10131,#10132);
#8622=AXIS2_PLACEMENT_3D('',#12713,#10136,#10137);
#8623=AXIS2_PLACEMENT_3D('',#12719,#10141,#10142);
#8624=AXIS2_PLACEMENT_3D('',#12722,#10145,#10146);
#8625=AXIS2_PLACEMENT_3D('',#12731,#10151,#10152);
#8626=AXIS2_PLACEMENT_3D('',#12737,#10156,#10157);
#8627=AXIS2_PLACEMENT_3D('',#12743,#10161,#10162);
#8628=AXIS2_PLACEMENT_3D('',#12749,#10166,#10167);
#8629=AXIS2_PLACEMENT_3D('',#12755,#10171,#10172);
#8630=AXIS2_PLACEMENT_3D('',#12761,#10176,#10177);
#8631=AXIS2_PLACEMENT_3D('',#12767,#10181,#10182);
#8632=AXIS2_PLACEMENT_3D('',#12773,#10186,#10187);
#8633=AXIS2_PLACEMENT_3D('',#12775,#10188,#10189);
#8634=AXIS2_PLACEMENT_3D('',#12777,#10190,#10191);
#8635=AXIS2_PLACEMENT_3D('',#12779,#10193,#10194);
#8636=AXIS2_PLACEMENT_3D('',#12785,#10198,#10199);
#8637=AXIS2_PLACEMENT_3D('',#12791,#10203,#10204);
#8638=AXIS2_PLACEMENT_3D('',#12797,#10208,#10209);
#8639=AXIS2_PLACEMENT_3D('',#12803,#10213,#10214);
#8640=AXIS2_PLACEMENT_3D('',#12809,#10218,#10219);
#8641=AXIS2_PLACEMENT_3D('',#12815,#10223,#10224);
#8642=AXIS2_PLACEMENT_3D('',#12821,#10228,#10229);
#8643=AXIS2_PLACEMENT_3D('',#12827,#10233,#10234);
#8644=AXIS2_PLACEMENT_3D('',#12833,#10238,#10239);
#8645=AXIS2_PLACEMENT_3D('',#12839,#10243,#10244);
#8646=AXIS2_PLACEMENT_3D('',#12845,#10248,#10249);
#8647=AXIS2_PLACEMENT_3D('',#12851,#10253,#10254);
#8648=AXIS2_PLACEMENT_3D('',#12857,#10258,#10259);
#8649=AXIS2_PLACEMENT_3D('',#12859,#10260,#10261);
#8650=AXIS2_PLACEMENT_3D('',#12861,#10262,#10263);
#8651=AXIS2_PLACEMENT_3D('',#12863,#10265,#10266);
#8652=AXIS2_PLACEMENT_3D('',#12869,#10270,#10271);
#8653=AXIS2_PLACEMENT_3D('',#12875,#10275,#10276);
#8654=AXIS2_PLACEMENT_3D('',#12881,#10280,#10281);
#8655=AXIS2_PLACEMENT_3D('',#12887,#10285,#10286);
#8656=AXIS2_PLACEMENT_3D('',#12893,#10290,#10291);
#8657=AXIS2_PLACEMENT_3D('',#12899,#10295,#10296);
#8658=AXIS2_PLACEMENT_3D('',#12905,#10300,#10301);
#8659=AXIS2_PLACEMENT_3D('',#12911,#10305,#10306);
#8660=AXIS2_PLACEMENT_3D('',#12917,#10310,#10311);
#8661=AXIS2_PLACEMENT_3D('',#12923,#10315,#10316);
#8662=AXIS2_PLACEMENT_3D('',#12929,#10320,#10321);
#8663=AXIS2_PLACEMENT_3D('',#12935,#10325,#10326);
#8664=AXIS2_PLACEMENT_3D('',#12941,#10330,#10331);
#8665=AXIS2_PLACEMENT_3D('',#12947,#10335,#10336);
#8666=AXIS2_PLACEMENT_3D('',#12953,#10340,#10341);
#8667=AXIS2_PLACEMENT_3D('',#12959,#10345,#10346);
#8668=AXIS2_PLACEMENT_3D('',#12965,#10350,#10351);
#8669=AXIS2_PLACEMENT_3D('',#12971,#10355,#10356);
#8670=AXIS2_PLACEMENT_3D('',#12977,#10360,#10361);
#8671=AXIS2_PLACEMENT_3D('',#12983,#10365,#10366);
#8672=AXIS2_PLACEMENT_3D('',#12989,#10370,#10371);
#8673=AXIS2_PLACEMENT_3D('',#12995,#10375,#10376);
#8674=AXIS2_PLACEMENT_3D('',#13001,#10380,#10381);
#8675=AXIS2_PLACEMENT_3D('',#13007,#10385,#10386);
#8676=AXIS2_PLACEMENT_3D('',#13013,#10390,#10391);
#8677=AXIS2_PLACEMENT_3D('',#13019,#10395,#10396);
#8678=AXIS2_PLACEMENT_3D('',#13025,#10400,#10401);
#8679=AXIS2_PLACEMENT_3D('',#13031,#10405,#10406);
#8680=AXIS2_PLACEMENT_3D('',#13037,#10410,#10411);
#8681=AXIS2_PLACEMENT_3D('',#13043,#10415,#10416);
#8682=AXIS2_PLACEMENT_3D('',#13049,#10420,#10421);
#8683=AXIS2_PLACEMENT_3D('',#13055,#10425,#10426);
#8684=AXIS2_PLACEMENT_3D('',#13058,#10429,#10430);
#8685=AXIS2_PLACEMENT_3D('',#13059,#10431,#10432);
#8686=AXIS2_PLACEMENT_3D('',#13060,#10433,#10434);
#8687=AXIS2_PLACEMENT_3D('',#13069,#10439,#10440);
#8688=AXIS2_PLACEMENT_3D('',#13075,#10444,#10445);
#8689=AXIS2_PLACEMENT_3D('',#13081,#10449,#10450);
#8690=AXIS2_PLACEMENT_3D('',#13087,#10454,#10455);
#8691=AXIS2_PLACEMENT_3D('',#13093,#10459,#10460);
#8692=AXIS2_PLACEMENT_3D('',#13096,#10463,#10464);
#8693=AXIS2_PLACEMENT_3D('',#13105,#10469,#10470);
#8694=AXIS2_PLACEMENT_3D('',#13111,#10474,#10475);
#8695=AXIS2_PLACEMENT_3D('',#13113,#10476,#10477);
#8696=AXIS2_PLACEMENT_3D('',#13115,#10478,#10479);
#8697=AXIS2_PLACEMENT_3D('',#13117,#10481,#10482);
#8698=AXIS2_PLACEMENT_3D('',#13123,#10486,#10487);
#8699=AXIS2_PLACEMENT_3D('',#13129,#10491,#10492);
#8700=AXIS2_PLACEMENT_3D('',#13131,#10493,#10494);
#8701=AXIS2_PLACEMENT_3D('',#13133,#10495,#10496);
#8702=AXIS2_PLACEMENT_3D('',#13135,#10498,#10499);
#8703=AXIS2_PLACEMENT_3D('',#13141,#10503,#10504);
#8704=AXIS2_PLACEMENT_3D('',#13147,#10508,#10509);
#8705=AXIS2_PLACEMENT_3D('',#13153,#10513,#10514);
#8706=AXIS2_PLACEMENT_3D('',#13159,#10518,#10519);
#8707=AXIS2_PLACEMENT_3D('',#13165,#10523,#10524);
#8708=AXIS2_PLACEMENT_3D('',#13171,#10528,#10529);
#8709=AXIS2_PLACEMENT_3D('',#13177,#10533,#10534);
#8710=AXIS2_PLACEMENT_3D('',#13183,#10538,#10539);
#8711=AXIS2_PLACEMENT_3D('',#13189,#10543,#10544);
#8712=AXIS2_PLACEMENT_3D('',#13195,#10548,#10549);
#8713=AXIS2_PLACEMENT_3D('',#13201,#10553,#10554);
#8714=AXIS2_PLACEMENT_3D('',#13207,#10558,#10559);
#8715=AXIS2_PLACEMENT_3D('',#13213,#10563,#10564);
#8716=AXIS2_PLACEMENT_3D('',#13219,#10568,#10569);
#8717=AXIS2_PLACEMENT_3D('',#13225,#10573,#10574);
#8718=AXIS2_PLACEMENT_3D('',#13231,#10578,#10579);
#8719=AXIS2_PLACEMENT_3D('',#13237,#10583,#10584);
#8720=AXIS2_PLACEMENT_3D('',#13243,#10588,#10589);
#8721=AXIS2_PLACEMENT_3D('',#13249,#10593,#10594);
#8722=AXIS2_PLACEMENT_3D('',#13251,#10595,#10596);
#8723=AXIS2_PLACEMENT_3D('',#13253,#10597,#10598);
#8724=AXIS2_PLACEMENT_3D('',#13255,#10600,#10601);
#8725=AXIS2_PLACEMENT_3D('',#13261,#10605,#10606);
#8726=AXIS2_PLACEMENT_3D('',#13267,#10610,#10611);
#8727=AXIS2_PLACEMENT_3D('',#13273,#10615,#10616);
#8728=AXIS2_PLACEMENT_3D('',#13279,#10620,#10621);
#8729=AXIS2_PLACEMENT_3D('',#13285,#10625,#10626);
#8730=AXIS2_PLACEMENT_3D('',#13291,#10630,#10631);
#8731=AXIS2_PLACEMENT_3D('',#13297,#10635,#10636);
#8732=AXIS2_PLACEMENT_3D('',#13303,#10640,#10641);
#8733=AXIS2_PLACEMENT_3D('',#13309,#10645,#10646);
#8734=AXIS2_PLACEMENT_3D('',#13315,#10650,#10651);
#8735=AXIS2_PLACEMENT_3D('',#13321,#10655,#10656);
#8736=AXIS2_PLACEMENT_3D('',#13327,#10660,#10661);
#8737=AXIS2_PLACEMENT_3D('',#13333,#10665,#10666);
#8738=AXIS2_PLACEMENT_3D('',#13339,#10670,#10671);
#8739=AXIS2_PLACEMENT_3D('',#13345,#10675,#10676);
#8740=AXIS2_PLACEMENT_3D('',#13351,#10680,#10681);
#8741=AXIS2_PLACEMENT_3D('',#13357,#10685,#10686);
#8742=AXIS2_PLACEMENT_3D('',#13363,#10690,#10691);
#8743=AXIS2_PLACEMENT_3D('',#13366,#10694,#10695);
#8744=AXIS2_PLACEMENT_3D('',#13367,#10696,#10697);
#8745=AXIS2_PLACEMENT_3D('',#13368,#10698,#10699);
#8746=AXIS2_PLACEMENT_3D('',#13377,#10704,#10705);
#8747=AXIS2_PLACEMENT_3D('',#13383,#10709,#10710);
#8748=AXIS2_PLACEMENT_3D('',#13389,#10714,#10715);
#8749=AXIS2_PLACEMENT_3D('',#13395,#10719,#10720);
#8750=AXIS2_PLACEMENT_3D('',#13401,#10724,#10725);
#8751=AXIS2_PLACEMENT_3D('',#13404,#10728,#10729);
#8752=AXIS2_PLACEMENT_3D('',#13413,#10734,#10735);
#8753=AXIS2_PLACEMENT_3D('',#13419,#10739,#10740);
#8754=AXIS2_PLACEMENT_3D('',#13425,#10744,#10745);
#8755=AXIS2_PLACEMENT_3D('',#13431,#10749,#10750);
#8756=AXIS2_PLACEMENT_3D('',#13437,#10754,#10755);
#8757=AXIS2_PLACEMENT_3D('',#13440,#10758,#10759);
#8758=AXIS2_PLACEMENT_3D('',#13449,#10764,#10765);
#8759=AXIS2_PLACEMENT_3D('',#13455,#10769,#10770);
#8760=AXIS2_PLACEMENT_3D('',#13461,#10774,#10775);
#8761=AXIS2_PLACEMENT_3D('',#13463,#10776,#10777);
#8762=AXIS2_PLACEMENT_3D('',#13465,#10778,#10779);
#8763=AXIS2_PLACEMENT_3D('',#13467,#10781,#10782);
#8764=AXIS2_PLACEMENT_3D('',#13473,#10786,#10787);
#8765=AXIS2_PLACEMENT_3D('',#13479,#10791,#10792);
#8766=AXIS2_PLACEMENT_3D('',#13485,#10796,#10797);
#8767=AXIS2_PLACEMENT_3D('',#13491,#10801,#10802);
#8768=AXIS2_PLACEMENT_3D('',#13493,#10803,#10804);
#8769=AXIS2_PLACEMENT_3D('',#13495,#10805,#10806);
#8770=AXIS2_PLACEMENT_3D('',#13497,#10808,#10809);
#8771=AXIS2_PLACEMENT_3D('',#13503,#10813,#10814);
#8772=AXIS2_PLACEMENT_3D('',#13509,#10818,#10819);
#8773=AXIS2_PLACEMENT_3D('',#13515,#10823,#10824);
#8774=AXIS2_PLACEMENT_3D('',#13521,#10828,#10829);
#8775=AXIS2_PLACEMENT_3D('',#13527,#10833,#10834);
#8776=AXIS2_PLACEMENT_3D('',#13533,#10838,#10839);
#8777=AXIS2_PLACEMENT_3D('',#13539,#10843,#10844);
#8778=AXIS2_PLACEMENT_3D('',#13545,#10848,#10849);
#8779=AXIS2_PLACEMENT_3D('',#13551,#10853,#10854);
#8780=AXIS2_PLACEMENT_3D('',#13557,#10858,#10859);
#8781=AXIS2_PLACEMENT_3D('',#13563,#10863,#10864);
#8782=AXIS2_PLACEMENT_3D('',#13569,#10868,#10869);
#8783=AXIS2_PLACEMENT_3D('',#13575,#10873,#10874);
#8784=AXIS2_PLACEMENT_3D('',#13581,#10878,#10879);
#8785=AXIS2_PLACEMENT_3D('',#13587,#10883,#10884);
#8786=AXIS2_PLACEMENT_3D('',#13589,#10885,#10886);
#8787=AXIS2_PLACEMENT_3D('',#13591,#10887,#10888);
#8788=AXIS2_PLACEMENT_3D('',#13593,#10890,#10891);
#8789=AXIS2_PLACEMENT_3D('',#13599,#10895,#10896);
#8790=AXIS2_PLACEMENT_3D('',#13605,#10900,#10901);
#8791=AXIS2_PLACEMENT_3D('',#13607,#10902,#10903);
#8792=AXIS2_PLACEMENT_3D('',#13609,#10904,#10905);
#8793=AXIS2_PLACEMENT_3D('',#13611,#10907,#10908);
#8794=AXIS2_PLACEMENT_3D('',#13617,#10912,#10913);
#8795=AXIS2_PLACEMENT_3D('',#13623,#10917,#10918);
#8796=AXIS2_PLACEMENT_3D('',#13629,#10922,#10923);
#8797=AXIS2_PLACEMENT_3D('',#13635,#10927,#10928);
#8798=AXIS2_PLACEMENT_3D('',#13641,#10932,#10933);
#8799=AXIS2_PLACEMENT_3D('',#13647,#10937,#10938);
#8800=AXIS2_PLACEMENT_3D('',#13653,#10942,#10943);
#8801=AXIS2_PLACEMENT_3D('',#13659,#10947,#10948);
#8802=AXIS2_PLACEMENT_3D('',#13665,#10952,#10953);
#8803=AXIS2_PLACEMENT_3D('',#13671,#10957,#10958);
#8804=AXIS2_PLACEMENT_3D('',#13677,#10962,#10963);
#8805=AXIS2_PLACEMENT_3D('',#13683,#10967,#10968);
#8806=AXIS2_PLACEMENT_3D('',#13689,#10972,#10973);
#8807=AXIS2_PLACEMENT_3D('',#13695,#10977,#10978);
#8808=AXIS2_PLACEMENT_3D('',#13701,#10982,#10983);
#8809=AXIS2_PLACEMENT_3D('',#13704,#10986,#10987);
#8810=AXIS2_PLACEMENT_3D('',#13705,#10988,#10989);
#8811=AXIS2_PLACEMENT_3D('',#13706,#10990,#10991);
#8812=AXIS2_PLACEMENT_3D('',#13707,#10992,#10993);
#8813=DIRECTION('axis',(0.,0.,1.));
#8814=DIRECTION('refdir',(1.,0.,0.));
#8815=DIRECTION('axis',(0.,0.,1.));
#8816=DIRECTION('refdir',(1.,0.,0.));
#8817=DIRECTION('center_axis',(-4.68839019082922E-15,-0.70710678118653,
0.707106781186565));
#8818=DIRECTION('ref_axis',(-1.,1.06615425085267E-15,-5.56423074271488E-15));
#8819=DIRECTION('',(1.,2.43328539545433E-14,3.09632389481096E-14));
#8820=DIRECTION('',(-0.577350269189668,0.57735026918962,0.57735026918959));
#8821=DIRECTION('',(-1.,-2.43328539545433E-14,-3.09632389481096E-14));
#8822=DIRECTION('',(-0.577350269189669,-0.577350269189627,-0.577350269189581));
#8823=DIRECTION('center_axis',(-0.707106781186552,-0.707106781186543,-2.18979967121523E-14));
#8824=DIRECTION('ref_axis',(2.86062299203029E-13,-2.55093855263906E-13,
-1.));
#8825=DIRECTION('',(-3.09632389481095E-14,-5.20499101760001E-18,1.));
#8826=DIRECTION('',(-0.577350269189624,0.577350269189614,-0.577350269189639));
#8827=DIRECTION('',(3.09632389481095E-14,5.20499101760001E-18,-1.));
#8828=DIRECTION('center_axis',(0.707106781186561,-0.707106781186535,2.18906357432635E-14));
#8829=DIRECTION('ref_axis',(2.24135821306804E-13,2.55093855263905E-13,1.));
#8830=DIRECTION('',(-3.09632389481095E-14,-5.20499101760001E-18,1.));
#8831=DIRECTION('',(-0.577350269189677,-0.577350269189604,0.577350269189597));
#8832=DIRECTION('',(3.09632389481095E-14,5.20499101760001E-18,-1.));
#8833=DIRECTION('center_axis',(3.91002422645872E-14,-0.707106781186543,
-0.707106781186552));
#8834=DIRECTION('ref_axis',(1.,-1.06615425083973E-15,5.63622471534923E-14));
#8835=DIRECTION('',(-1.,-2.43328539545433E-14,-3.09632389481096E-14));
#8836=DIRECTION('',(1.,2.43328539545433E-14,3.09632389481096E-14));
#8837=DIRECTION('center_axis',(-1.,-4.96868986275508E-14,-3.09632389481095E-14));
#8838=DIRECTION('ref_axis',(3.09632389481096E-14,-2.66214954122666E-15,
-1.));
#8839=DIRECTION('',(4.90504967767985E-14,-1.,1.72634173531548E-15));
#8840=DIRECTION('',(-3.09632389481097E-14,2.66214954122666E-15,1.));
#8841=DIRECTION('',(4.96868986275507E-14,-1.,3.63554782099561E-15));
#8842=DIRECTION('',(3.09632389481097E-14,-2.66214954122666E-15,-1.));
#8843=DIRECTION('',(4.96868986275507E-14,-1.,3.63554782099561E-15));
#8844=DIRECTION('',(3.09632389481097E-14,-2.66214954122666E-15,-1.));
#8845=DIRECTION('',(4.90504967767984E-14,-1.,3.11847093052753E-15));
#8846=DIRECTION('center_axis',(3.09632389481096E-14,-1.72634173531397E-15,
-1.));
#8847=DIRECTION('ref_axis',(1.,5.02565615795426E-14,3.09632389481095E-14));
#8848=DIRECTION('',(4.90504967767985E-14,-1.,1.72634173531548E-15));
#8849=DIRECTION('',(-1.,-5.02565615795426E-14,-3.09632389481095E-14));
#8850=DIRECTION('center_axis',(2.43328539545433E-14,-1.,-5.20499101684649E-18));
#8851=DIRECTION('ref_axis',(1.,2.43328539545433E-14,7.35222779901125E-14));
#8852=DIRECTION('',(-1.,-2.43328539545433E-14,-7.35222779901125E-14));
#8853=DIRECTION('center_axis',(2.43328539545433E-14,-1.,-5.20499101684649E-18));
#8854=DIRECTION('ref_axis',(-0.707106781186601,-1.72096065213248E-14,0.707106781186494));
#8855=DIRECTION('',(8.31394938861413E-14,5.20499101890628E-18,-1.));
#8856=DIRECTION('center_axis',(-2.43328539545433E-14,1.,5.20499101684649E-18));
#8857=DIRECTION('ref_axis',(1.,2.43328539545433E-14,7.3522277990106E-14));
#8858=DIRECTION('',(-0.866025403784402,-2.10702671757018E-14,-0.500000000000063));
#8859=DIRECTION('center_axis',(2.43328539545433E-14,-1.,-5.20499101684649E-18));
#8860=DIRECTION('ref_axis',(-1.,-2.43328539545433E-14,-7.07004611176538E-14));
#8861=DIRECTION('',(7.3522277990106E-14,5.20499101865503E-18,-1.));
#8862=DIRECTION('center_axis',(2.43328539545433E-14,-1.,-5.20499101684649E-18));
#8863=DIRECTION('ref_axis',(-0.499999999999942,-1.21619193228232E-14,-0.866025403784472));
#8864=DIRECTION('',(0.866025403784476,2.10754721667205E-14,-0.499999999999935));
#8865=DIRECTION('center_axis',(-2.43328539545433E-14,1.,5.20499101684649E-18));
#8866=DIRECTION('ref_axis',(0.499999999999944,1.21619193228232E-14,0.866025403784471));
#8867=DIRECTION('',(7.44837593332978E-14,5.20499101870539E-18,-1.));
#8868=DIRECTION('center_axis',(2.43328539545433E-14,-1.,-5.20499101684649E-18));
#8869=DIRECTION('ref_axis',(-0.707106781186499,-1.72022455524343E-14,-0.707106781186596));
#8870=DIRECTION('',(1.,2.43328539545433E-14,7.35222779901125E-14));
#8871=DIRECTION('center_axis',(2.43328539545433E-14,-1.,-5.20499101684649E-18));
#8872=DIRECTION('ref_axis',(0.707106781186606,1.72096065213249E-14,-0.707106781186489));
#8873=DIRECTION('',(-7.35222779901125E-14,-5.20499101865503E-18,1.));
#8874=DIRECTION('center_axis',(2.43328539545433E-14,-1.,-5.20499101684649E-18));
#8875=DIRECTION('ref_axis',(0.707106781186496,1.72022455524342E-14,0.7071067811866));
#8876=DIRECTION('center_axis',(2.43328539545433E-14,-1.,-5.20499101684649E-18));
#8877=DIRECTION('ref_axis',(-0.707106781186567,-1.7209606521324E-14,0.707106781186528));
#8878=DIRECTION('',(-1.,-2.43328539545433E-14,-3.09632389481096E-14));
#8879=DIRECTION('center_axis',(2.43328539545433E-14,-1.,-5.20499101684649E-18));
#8880=DIRECTION('ref_axis',(0.707106781186521,1.72022455524348E-14,0.707106781186574));
#8881=DIRECTION('',(-3.09632389481095E-14,-5.20499101760001E-18,1.));
#8882=DIRECTION('center_axis',(2.43328539545433E-14,-1.,-5.20499101684649E-18));
#8883=DIRECTION('ref_axis',(0.707106781186567,1.7209606521324E-14,-0.707106781186528));
#8884=DIRECTION('',(1.,2.43328539545433E-14,3.09632389481096E-14));
#8885=DIRECTION('center_axis',(2.43328539545433E-14,-1.,-5.20499101684649E-18));
#8886=DIRECTION('ref_axis',(-0.707106781186521,-1.72022455524348E-14,-0.707106781186574));
#8887=DIRECTION('',(3.09632389481095E-14,5.20499101760001E-18,-1.));
#8888=DIRECTION('center_axis',(2.43328539545433E-14,-1.,-5.20499101684649E-18));
#8889=DIRECTION('ref_axis',(-1.,-2.43328539545433E-14,-3.09632389481095E-14));
#8890=DIRECTION('center_axis',(2.43328539545433E-14,-1.,-5.20499101684649E-18));
#8891=DIRECTION('ref_axis',(-1.,-2.43328539545433E-14,-3.09632389481095E-14));
#8892=DIRECTION('',(1.,2.43328539545433E-14,3.57245939838762E-13));
#8893=DIRECTION('center_axis',(-2.43328539545433E-14,1.,5.20499101684649E-18));
#8894=DIRECTION('ref_axis',(0.707106781186496,1.72022455524342E-14,0.7071067811866));
#8895=DIRECTION('',(7.33245126644777E-14,5.20499101865505E-18,-1.));
#8896=DIRECTION('center_axis',(-2.43328539545433E-14,1.,5.20499101684649E-18));
#8897=DIRECTION('ref_axis',(0.866025403784475,2.10754721667204E-14,-0.499999999999937));
#8898=DIRECTION('',(-0.866025403784402,-2.10702671757018E-14,-0.500000000000064));
#8899=DIRECTION('center_axis',(-2.43328539545433E-14,1.,5.20499101684649E-18));
#8900=DIRECTION('ref_axis',(0.500000000000064,1.21709346317203E-14,-0.866025403784402));
#8901=DIRECTION('',(-0.866025403784475,-2.10754721667204E-14,0.499999999999937));
#8902=DIRECTION('center_axis',(-2.43328539545433E-14,1.,5.20499101684649E-18));
#8903=DIRECTION('ref_axis',(-0.499999999999943,-1.21619193228232E-14,-0.866025403784471));
#8904=DIRECTION('',(-7.35222779901125E-14,-5.20499101865503E-18,1.));
#8905=DIRECTION('center_axis',(-2.43328539545433E-14,1.,5.20499101684649E-18));
#8906=DIRECTION('ref_axis',(-0.707106781186596,-1.72096065213247E-14,0.707106781186499));
#8907=DIRECTION('center_axis',(-2.43328539545433E-14,1.,5.20499101684649E-18));
#8908=DIRECTION('ref_axis',(-0.500000000000052,-1.217093463172E-14,0.866025403784409));
#8909=DIRECTION('',(0.866025403784477,2.10754721667205E-14,-0.499999999999934));
#8910=DIRECTION('center_axis',(-2.43328539545433E-14,1.,5.20499101684649E-18));
#8911=DIRECTION('ref_axis',(0.499999999999932,1.21619193228229E-14,0.866025403784478));
#8912=DIRECTION('',(7.35222779901125E-14,5.20499101865503E-18,-1.));
#8913=DIRECTION('center_axis',(-2.43328539545433E-14,1.,5.20499101684649E-18));
#8914=DIRECTION('ref_axis',(1.,2.43328539545433E-14,7.35222779901125E-14));
#8915=DIRECTION('',(-0.866025403784402,-2.10702671757019E-14,-0.500000000000063));
#8916=DIRECTION('center_axis',(-2.43328539545433E-14,1.,5.20499101684649E-18));
#8917=DIRECTION('ref_axis',(7.01036776587574E-14,5.20499101855231E-18,-1.));
#8918=DIRECTION('',(-0.866025403784473,-2.10754721667204E-14,0.49999999999994));
#8919=DIRECTION('center_axis',(-2.43328539545433E-14,1.,5.20499101684649E-18));
#8920=DIRECTION('ref_axis',(-0.499999999999939,-1.21619193228231E-14,-0.866025403784474));
#8921=DIRECTION('',(-7.35222779901125E-14,-5.20499101865503E-18,1.));
#8922=DIRECTION('center_axis',(-2.43328539545433E-14,1.,5.20499101684649E-18));
#8923=DIRECTION('ref_axis',(-1.,-2.43328539545433E-14,-8.53646569194478E-14));
#8924=DIRECTION('',(0.866025403784402,2.10702671757018E-14,0.500000000000064));
#8925=DIRECTION('',(7.33245126644777E-14,5.20499101865505E-18,-1.));
#8926=DIRECTION('center_axis',(-2.43328539545433E-14,1.,5.20499101684649E-18));
#8927=DIRECTION('ref_axis',(0.500000000000071,1.21709346317204E-14,-0.866025403784398));
#8928=DIRECTION('',(-0.866025403784475,-2.10754721667204E-14,0.499999999999937));
#8929=DIRECTION('center_axis',(-2.43328539545433E-14,1.,5.20499101684649E-18));
#8930=DIRECTION('ref_axis',(-0.499999999999943,-1.21619193228232E-14,-0.866025403784471));
#8931=DIRECTION('',(-7.35222779901125E-14,-5.20499101865503E-18,1.));
#8932=DIRECTION('center_axis',(-2.43328539545433E-14,1.,5.20499101684649E-18));
#8933=DIRECTION('ref_axis',(-1.,-2.43328539545433E-14,-8.24040621871139E-14));
#8934=DIRECTION('',(0.866025403784402,2.10702671757018E-14,0.500000000000063));
#8935=DIRECTION('center_axis',(-2.43328539545433E-14,1.,5.20499101684649E-18));
#8936=DIRECTION('ref_axis',(0.499999999999944,1.21619193228232E-14,0.866025403784471));
#8937=DIRECTION('center_axis',(-1.06615425083601E-15,-1.,1.08447898459006E-14));
#8938=DIRECTION('ref_axis',(-0.707106781186567,8.42230934113615E-15,0.707106781186529));
#8939=DIRECTION('',(0.707106781187214,0.707106781185881,1.32642101433392E-14));
#8940=DIRECTION('center_axis',(-2.43328539545433E-14,1.,5.20499101684649E-18));
#8941=DIRECTION('ref_axis',(-0.707106781186567,-1.7209606521324E-14,0.707106781186528));
#8942=DIRECTION('',(9.71532968923686E-15,-0.707106781185888,0.707106781187207));
#8943=DIRECTION('center_axis',(0.707106781186594,-0.707106781186501,2.18906357432645E-14));
#8944=DIRECTION('ref_axis',(2.2413582130678E-13,2.55093855263905E-13,1.));
#8945=DIRECTION('',(0.707106781186501,0.707106781186594,2.89651347298133E-14));
#8946=DIRECTION('',(-3.09632389481095E-14,-5.20499101760001E-18,1.));
#8947=DIRECTION('center_axis',(-1.06615425083437E-15,-1.,-1.13596706467843E-14));
#8948=DIRECTION('ref_axis',(-0.707106781186521,8.78638504694307E-15,-0.707106781186574));
#8949=DIRECTION('',(1.12230994903483E-14,0.707106781185684,0.707106781187411));
#8950=DIRECTION('center_axis',(-2.43328539545433E-14,1.,5.20499101684649E-18));
#8951=DIRECTION('ref_axis',(-0.707106781186521,-1.72022455524348E-14,-0.707106781186574));
#8952=DIRECTION('center_axis',(-4.68839019082837E-15,-0.707106781186546,
0.707106781186549));
#8953=DIRECTION('ref_axis',(-1.,1.06615425085267E-15,-5.56423074271378E-15));
#8954=DIRECTION('',(-5.1580598857015E-14,0.707106781186549,0.707106781186546));
#8955=DIRECTION('',(-1.,-2.43328539545433E-14,-3.09632389481096E-14));
#8956=DIRECTION('center_axis',(-1.06615425083437E-15,-1.,-1.13596706459353E-14));
#8957=DIRECTION('ref_axis',(0.707106781186567,7.27861524523053E-15,-0.707106781186528));
#8958=DIRECTION('',(-0.707106781186317,0.707106781186778,-1.2900134438098E-14));
#8959=DIRECTION('center_axis',(-2.43328539545433E-14,1.,5.20499101684649E-18));
#8960=DIRECTION('ref_axis',(0.707106781186567,1.7209606521324E-14,-0.707106781186528));
#8961=DIRECTION('center_axis',(-0.707106781186546,-0.707106781186549,-2.18979967121522E-14));
#8962=DIRECTION('ref_axis',(2.86062299203034E-13,-2.55093855263906E-13,
-1.));
#8963=DIRECTION('',(-0.70710678118658,0.707106781186515,-1.29001344379686E-14));
#8964=DIRECTION('',(3.09632389481095E-14,5.20499101760001E-18,-1.));
#8965=DIRECTION('center_axis',(-1.06615425083601E-15,-1.,1.08447898466829E-14));
#8966=DIRECTION('ref_axis',(0.707106781186521,6.91453954057581E-15,0.707106781186574));
#8967=DIRECTION('',(5.30883686580964E-14,0.707106781186981,-0.707106781186114));
#8968=DIRECTION('center_axis',(-2.43328539545433E-14,1.,5.20499101684649E-18));
#8969=DIRECTION('ref_axis',(0.707106781186521,1.72022455524348E-14,0.707106781186574));
#8970=DIRECTION('center_axis',(3.91002422645872E-14,-0.707106781186549,
-0.707106781186546));
#8971=DIRECTION('ref_axis',(1.,-1.06615425083973E-15,5.63622471534928E-14));
#8972=DIRECTION('',(1.,2.43328539545433E-14,3.09632389481096E-14));
#8973=DIRECTION('center_axis',(1.,4.96868986275508E-14,3.09632389481095E-14));
#8974=DIRECTION('ref_axis',(-3.09632389481096E-14,2.66214954122666E-15,
1.));
#8975=DIRECTION('',(4.96868986275507E-14,-1.,3.63554782099561E-15));
#8976=DIRECTION('',(-3.09632389481097E-14,2.66214954122666E-15,1.));
#8977=DIRECTION('',(-4.96868986275507E-14,1.,-3.63554782099561E-15));
#8978=DIRECTION('center_axis',(4.96868986275507E-14,-1.,3.63554782099561E-15));
#8979=DIRECTION('ref_axis',(0.707106781186521,3.77046634732224E-14,0.707106781186574));
#8980=DIRECTION('',(-4.96868986275507E-14,1.,-3.63554782099561E-15));
#8981=DIRECTION('center_axis',(-4.98124723696924E-14,1.,-2.66214954122827E-15));
#8982=DIRECTION('ref_axis',(0.707106781186521,3.7105160993411E-14,0.707106781186574));
#8983=DIRECTION('center_axis',(-3.09632389481097E-14,3.63554782099405E-15,
1.));
#8984=DIRECTION('ref_axis',(-1.,-5.02565615795426E-14,-3.09632389481095E-14));
#8985=DIRECTION('',(4.96868986275507E-14,-1.,3.63554782099561E-15));
#8986=DIRECTION('',(-1.,-4.98124723696925E-14,-3.09632389481095E-14));
#8987=DIRECTION('center_axis',(4.96868986275507E-14,-1.,3.63554782099561E-15));
#8988=DIRECTION('ref_axis',(-0.707106781186567,-3.25632224381167E-14,0.707106781186528));
#8989=DIRECTION('',(-4.96868986275507E-14,1.,-3.63554782099561E-15));
#8990=DIRECTION('center_axis',(-4.98124723696924E-14,1.,-2.66214954122827E-15));
#8991=DIRECTION('ref_axis',(-0.707106781186567,-3.33403130071429E-14,0.707106781186528));
#8992=DIRECTION('center_axis',(4.96868986275507E-14,-1.,3.63554782099561E-15));
#8993=DIRECTION('ref_axis',(-0.707106781186521,-3.77046634732224E-14,-0.707106781186574));
#8994=DIRECTION('',(-4.96868986275507E-14,1.,-3.63554782099561E-15));
#8995=DIRECTION('center_axis',(-4.98124723696924E-14,1.,-2.66214954122827E-15));
#8996=DIRECTION('ref_axis',(-0.707106781186521,-3.7105160993411E-14,-0.707106781186574));
#8997=DIRECTION('',(4.96868986275507E-14,-1.,3.63554782099561E-15));
#8998=DIRECTION('center_axis',(-1.,-4.96868986275508E-14,-3.09632389481095E-14));
#8999=DIRECTION('ref_axis',(3.09632389481096E-14,-2.66214954122666E-15,
-1.));
#9000=DIRECTION('',(3.09632389481097E-14,-2.66214954122666E-15,-1.));
#9001=DIRECTION('center_axis',(4.96868986275507E-14,-1.,3.63554782099561E-15));
#9002=DIRECTION('ref_axis',(0.707106781186567,3.25632224381167E-14,-0.707106781186528));
#9003=DIRECTION('center_axis',(-4.98124723696924E-14,1.,-2.66214954122827E-15));
#9004=DIRECTION('ref_axis',(0.707106781186567,3.33403130071429E-14,-0.707106781186528));
#9005=DIRECTION('',(4.96868986275507E-14,-1.,3.63554782099561E-15));
#9006=DIRECTION('center_axis',(3.09632389481097E-14,-3.63554782099405E-15,
-1.));
#9007=DIRECTION('ref_axis',(1.,5.02565615795426E-14,3.09632389481095E-14));
#9008=DIRECTION('',(1.,4.98124723696925E-14,3.09632389481095E-14));
#9009=DIRECTION('center_axis',(-5.02565615795425E-14,1.,-2.66214954122822E-15));
#9010=DIRECTION('ref_axis',(-1.,-5.02565615795426E-14,-3.09632389481095E-14));
#9011=DIRECTION('',(3.09632389481097E-14,-2.66214954122666E-15,-1.));
#9012=DIRECTION('',(1.,5.02565615795426E-14,3.09632389481095E-14));
#9013=DIRECTION('center_axis',(-3.09632389481097E-14,3.11847093052602E-15,
1.));
#9014=DIRECTION('ref_axis',(-1.,-5.02565615795426E-14,-3.09632389481095E-14));
#9015=DIRECTION('',(-1.,-5.02565615795426E-14,-3.09632389481095E-14));
#9016=DIRECTION('',(4.90504967767984E-14,-1.,3.11847093052753E-15));
#9017=DIRECTION('center_axis',(-5.02565615795425E-14,1.,-2.66214954122822E-15));
#9018=DIRECTION('ref_axis',(-1.,-5.02565615795426E-14,-3.09632389481095E-14));
#9019=DIRECTION('',(-1.,-5.02565615795426E-14,-3.09632389481095E-14));
#9020=DIRECTION('',(-3.09632389481097E-14,2.66214954122666E-15,1.));
#9021=DIRECTION('center_axis',(3.09632389481097E-14,-3.63554782099405E-15,
-1.));
#9022=DIRECTION('ref_axis',(1.,5.02565615795426E-14,3.09632389481095E-14));
#9023=DIRECTION('',(4.96868986275507E-14,-1.,3.63554782099561E-15));
#9024=DIRECTION('',(1.,4.98124723696925E-14,3.09632389481095E-14));
#9025=DIRECTION('center_axis',(-3.09632389481097E-14,3.63554782099405E-15,
1.));
#9026=DIRECTION('ref_axis',(-1.,-5.02565615795426E-14,-3.09632389481095E-14));
#9027=DIRECTION('',(-1.,-4.98124723696925E-14,-3.09632389481095E-14));
#9028=DIRECTION('',(4.96868986275507E-14,-1.,3.63554782099561E-15));
#9029=DIRECTION('center_axis',(4.96868986275507E-14,-1.,3.63554782099561E-15));
#9030=DIRECTION('ref_axis',(-1.,-4.96868986275508E-14,-3.09632389481095E-14));
#9031=DIRECTION('center_axis',(-4.98124723696924E-14,1.,-2.66214954122827E-15));
#9032=DIRECTION('ref_axis',(-1.,-4.98124723696925E-14,-3.09632389481095E-14));
#9033=DIRECTION('',(4.96868986275507E-14,-1.,3.63554782099561E-15));
#9034=DIRECTION('center_axis',(4.96868986275507E-14,-1.,3.63554782099561E-15));
#9035=DIRECTION('ref_axis',(-1.,-4.96868986275508E-14,-3.09632389481095E-14));
#9036=DIRECTION('center_axis',(-4.98124723696924E-14,1.,-2.66214954122827E-15));
#9037=DIRECTION('ref_axis',(-1.,-4.98124723696925E-14,-3.09632389481095E-14));
#9038=DIRECTION('',(4.96868986275507E-14,-1.,3.63554782099561E-15));
#9039=DIRECTION('center_axis',(1.,4.96868986275508E-14,3.09632389481095E-14));
#9040=DIRECTION('ref_axis',(-3.09632389481096E-14,2.66214954122666E-15,
1.));
#9041=DIRECTION('',(-3.09632389481097E-14,2.66214954122666E-15,1.));
#9042=DIRECTION('center_axis',(1.,4.98124723696926E-14,7.35222779901125E-14));
#9043=DIRECTION('ref_axis',(8.72108383353681E-14,-0.707106781186548,-0.707106781186547));
#9044=DIRECTION('',(1.,4.98124723696926E-14,7.35222779901125E-14));
#9045=DIRECTION('center_axis',(-1.,-2.42436996813557E-14,-7.35222779901125E-14));
#9046=DIRECTION('ref_axis',(6.91309857808277E-14,-0.707106781186548,-0.707106781186547));
#9047=DIRECTION('center_axis',(-0.49999999999994,-1.20737147040922E-14,
-0.866025403784473));
#9048=DIRECTION('ref_axis',(0.866025403784473,5.05345010404055E-14,-0.49999999999994));
#9049=DIRECTION('center_axis',(0.500000000000063,1.21699849772636E-14,-0.866025403784402));
#9050=DIRECTION('ref_axis',(-0.866025403784402,-5.0478919372275E-14,-0.500000000000063));
#9051=DIRECTION('center_axis',(1.,2.42436996813557E-14,7.35222779901125E-14));
#9052=DIRECTION('ref_axis',(6.91309857808277E-14,-0.707106781186548,-0.707106781186547));
#9053=DIRECTION('',(1.,4.98124723696926E-14,7.35222779901125E-14));
#9054=DIRECTION('center_axis',(1.,2.4277342803314E-14,7.35222779901125E-14));
#9055=DIRECTION('ref_axis',(6.91547750605048E-14,-0.707106781186547,-0.707106781186548));
#9056=DIRECTION('',(-1.,-2.4321751724299E-14,-7.35222779901125E-14));
#9057=DIRECTION('center_axis',(0.499999999999938,1.189590472976E-14,0.866025403784474));
#9058=DIRECTION('ref_axis',(0.866025403784474,5.05345010404055E-14,-0.499999999999938));
#9059=DIRECTION('center_axis',(-0.500000000000063,-1.26376434738458E-14,
0.866025403784402));
#9060=DIRECTION('ref_axis',(-0.866025403784402,-5.0277060640525E-14,-0.500000000000063));
#9061=DIRECTION('',(-1.,-2.4321751724299E-14,-7.35222779901125E-14));
#9062=DIRECTION('center_axis',(0.499999999999939,1.18105029589286E-14,0.866025403784474));
#9063=DIRECTION('ref_axis',(0.866025403784474,5.05345010404055E-14,-0.499999999999939));
#9064=DIRECTION('center_axis',(-0.500000000000064,-1.25522417030145E-14,
0.866025403784402));
#9065=DIRECTION('ref_axis',(-0.866025403784402,-5.0277060640525E-14,-0.500000000000064));
#9066=DIRECTION('',(-1.,-2.4321751724299E-14,-7.35222779901125E-14));
#9067=DIRECTION('center_axis',(0.499999999999939,2.45823995192699E-13,0.866025403784474));
#9068=DIRECTION('ref_axis',(0.866025403784474,-8.44080611344892E-14,-0.499999999999939));
#9069=DIRECTION('center_axis',(0.500000000000066,-1.96011522823006E-13,
-0.866025403784401));
#9070=DIRECTION('ref_axis',(-0.866025403784401,-4.13952764435235E-14,-0.500000000000066));
#9071=DIRECTION('',(-1.,-2.4321751724299E-14,-7.35222779901125E-14));
#9072=DIRECTION('center_axis',(-1.,-4.98124723696928E-14,-7.44837593332978E-14));
#9073=DIRECTION('ref_axis',(8.7890708313121E-14,-0.707106781186465,-0.707106781186631));
#9074=DIRECTION('center_axis',(-4.98124723696924E-14,1.,-2.66214954122827E-15));
#9075=DIRECTION('ref_axis',(7.35222779901062E-14,-2.66214954122461E-15,
-1.));
#9076=DIRECTION('',(-1.,-4.98124723696926E-14,-7.3522277990106E-14));
#9077=DIRECTION('',(0.866025403784402,4.44699412680765E-14,0.500000000000063));
#9078=DIRECTION('center_axis',(-4.98124723696924E-14,1.,-2.66214954122827E-15));
#9079=DIRECTION('ref_axis',(-1.,-4.98124723696926E-14,-8.24040621871138E-14));
#9080=DIRECTION('',(7.35222779901126E-14,-2.66214954122455E-15,-1.));
#9081=DIRECTION('center_axis',(-4.98124723696924E-14,1.,-2.66214954122827E-15));
#9082=DIRECTION('ref_axis',(-0.499999999999943,-2.72117253162202E-14,-0.866025403784471));
#9083=DIRECTION('',(-0.866025403784475,-4.18077917268519E-14,0.499999999999937));
#9084=DIRECTION('center_axis',(4.98124723696924E-14,-1.,2.66214954122827E-15));
#9085=DIRECTION('ref_axis',(0.500000000000071,2.26007470534731E-14,-0.866025403784398));
#9086=DIRECTION('',(7.35222779901126E-14,-2.66214954122455E-15,-1.));
#9087=DIRECTION('',(-1.,-4.98124723696926E-14,-7.3522277990106E-14));
#9088=DIRECTION('',(7.35222779901126E-14,-2.66214954122455E-15,-1.));
#9089=DIRECTION('',(7.35222779901126E-14,-2.66214954122455E-15,-1.));
#9090=DIRECTION('center_axis',(-4.98124723696924E-14,1.,-2.66214954122827E-15));
#9091=DIRECTION('ref_axis',(0.499999999999932,2.72117253162197E-14,0.866025403784478));
#9092=DIRECTION('',(0.866025403784477,4.1807791726852E-14,-0.499999999999934));
#9093=DIRECTION('center_axis',(-4.98124723696924E-14,1.,-2.66214954122827E-15));
#9094=DIRECTION('ref_axis',(-0.500000000000052,-2.26007470534721E-14,0.866025403784409));
#9095=DIRECTION('',(0.866025403784402,4.44699412680765E-14,0.500000000000064));
#9096=DIRECTION('center_axis',(-4.98124723696924E-14,1.,-2.66214954122827E-15));
#9097=DIRECTION('ref_axis',(-1.,-4.98124723696926E-14,-8.53646569194477E-14));
#9098=DIRECTION('',(-7.35222779901126E-14,2.66214954122455E-15,1.));
#9099=DIRECTION('',(-7.44837593332979E-14,2.6621495412245E-15,1.));
#9100=DIRECTION('center_axis',(4.98124723696924E-14,-1.,2.66214954122827E-15));
#9101=DIRECTION('ref_axis',(0.866025403784439,4.44699412680782E-14,0.5));
#9102=DIRECTION('',(-0.866025403784476,-4.1807791726852E-14,0.499999999999935));
#9103=DIRECTION('center_axis',(-4.98124723696924E-14,1.,-2.66214954122827E-15));
#9104=DIRECTION('ref_axis',(-0.866025403784401,-4.44699412680765E-14,-0.500000000000066));
#9105=DIRECTION('',(-7.35222779901062E-14,2.66214954122455E-15,1.));
#9106=DIRECTION('center_axis',(-4.98124723696924E-14,1.,-2.66214954122827E-15));
#9107=DIRECTION('ref_axis',(-0.919537664416648,-4.47582147066596E-14,0.393001887678896));
#9108=DIRECTION('',(0.866025403784402,4.44699412680765E-14,0.500000000000063));
#9109=DIRECTION('center_axis',(0.707106781186542,0.707106781186553,5.18519406166959E-14));
#9110=DIRECTION('ref_axis',(-3.28423572919393E-13,2.55093855263893E-13,
1.));
#9111=DIRECTION('',(0.707106781186553,-0.707106781186542,4.39556011891723E-14));
#9112=DIRECTION('',(-7.33245126644777E-14,-5.20499101865505E-18,1.));
#9113=DIRECTION('',(-0.707106781186553,0.707106781186542,-4.39556011891723E-14));
#9114=DIRECTION('center_axis',(2.76080118771893E-14,-1.,1.084478984638E-14));
#9115=DIRECTION('ref_axis',(0.499999999999944,2.31958694442621E-14,0.866025403784471));
#9116=DIRECTION('',(-0.353553390593289,-0.707106781186541,0.612372435695794));
#9117=DIRECTION('center_axis',(2.43328539545433E-14,-1.,-5.20499101684649E-18));
#9118=DIRECTION('ref_axis',(0.499999999999944,1.21619193228232E-14,0.866025403784471));
#9119=DIRECTION('center_axis',(-0.353553390593363,0.707106781186484,0.612372435695816));
#9120=DIRECTION('ref_axis',(-0.866025403784477,-1.70585767733655E-13,-0.499999999999934));
#9121=DIRECTION('',(-0.353553390593281,-0.7071067811866,0.612372435695729));
#9122=DIRECTION('',(-0.866025403784402,-2.10702671757018E-14,-0.500000000000063));
#9123=DIRECTION('center_axis',(2.76080118771891E-14,-1.,1.08447898463773E-14));
#9124=DIRECTION('ref_axis',(-1.,-2.760801187719E-14,-8.24040621871139E-14));
#9125=DIRECTION('',(-0.70710678118661,-0.707106781186485,-4.43196768941819E-14));
#9126=DIRECTION('center_axis',(2.43328539545433E-14,-1.,-5.20499101684649E-18));
#9127=DIRECTION('ref_axis',(-1.,-2.43328539545433E-14,-8.24040621871139E-14));
#9128=DIRECTION('center_axis',(-0.707106781186602,0.707106781186493,-5.19844208506498E-14));
#9129=DIRECTION('ref_axis',(-1.81576782264785E-13,-2.55093855263918E-13,
-1.));
#9130=DIRECTION('',(-0.707106781186493,-0.707106781186602,-6.00206014809978E-14));
#9131=DIRECTION('',(7.35222779901125E-14,5.20499101865503E-18,-1.));
#9132=DIRECTION('center_axis',(2.7608011877194E-14,-1.,-1.13596706460855E-14));
#9133=DIRECTION('ref_axis',(-0.499999999999943,-3.96624258046063E-15,-0.866025403784471));
#9134=DIRECTION('',(-0.353553390593185,-0.707106781186609,-0.612372435695775));
#9135=DIRECTION('center_axis',(2.43328539545433E-14,-1.,-5.20499101684649E-18));
#9136=DIRECTION('ref_axis',(-0.499999999999943,-1.21619193228232E-14,-0.866025403784471));
#9137=DIRECTION('center_axis',(-0.353553390593275,0.707106781186482,-0.612372435695869));
#9138=DIRECTION('ref_axis',(0.866025403784422,-8.44602165983588E-14,-0.500000000000029));
#9139=DIRECTION('',(-0.353553390593178,-0.707106781186599,-0.61237243569579));
#9140=DIRECTION('',(0.866025403784475,2.10754721667204E-14,-0.499999999999937));
#9141=DIRECTION('center_axis',(2.76080118771934E-14,-1.,-1.13596706460929E-14));
#9142=DIRECTION('ref_axis',(0.500000000000071,2.3641769296739E-14,-0.866025403784398));
#9143=DIRECTION('center_axis',(2.43328539545433E-14,-1.,-5.20499101684649E-18));
#9144=DIRECTION('ref_axis',(0.500000000000071,1.21709346317204E-14,-0.866025403784398));
#9145=DIRECTION('center_axis',(2.4277342803314E-14,-1.,-3.53957949538348E-17));
#9146=DIRECTION('ref_axis',(-1.,-2.4277342803314E-14,-8.24040621871139E-14));
#9147=DIRECTION('',(2.4277342803314E-14,-1.,-3.53957949538348E-17));
#9148=DIRECTION('',(-2.4277342803314E-14,1.,3.53957949538348E-17));
#9149=DIRECTION('center_axis',(0.500000000000064,1.21693250592757E-14,-0.866025403784402));
#9150=DIRECTION('ref_axis',(-0.866025403784402,-2.10702671757018E-14,-0.500000000000064));
#9151=DIRECTION('center_axis',(-0.500000000000064,-1.21693250592757E-14,
0.866025403784402));
#9152=DIRECTION('ref_axis',(-0.866025403784402,-4.44231574197741E-14,-0.500000000000064));
#9153=DIRECTION('',(2.4277342803314E-14,-1.,-3.53957949538348E-17));
#9154=DIRECTION('center_axis',(2.4277342803314E-14,-1.,-3.53957949538348E-17));
#9155=DIRECTION('ref_axis',(0.499999999999944,1.21080177440385E-14,0.866025403784471));
#9156=DIRECTION('',(-2.4277342803314E-14,1.,3.53957949538348E-17));
#9157=DIRECTION('center_axis',(-1.,-2.4277342803314E-14,-7.33245126644777E-14));
#9158=DIRECTION('ref_axis',(-7.33245126644777E-14,9.36776717987428E-17,
1.));
#9159=DIRECTION('center_axis',(1.,2.4277342803314E-14,7.33245126644777E-14));
#9160=DIRECTION('ref_axis',(2.42773428033138E-14,-1.,2.56858184462157E-15));
#9161=DIRECTION('',(2.4277342803314E-14,-1.,-3.53957949538348E-17));
#9162=DIRECTION('center_axis',(-2.69816952657242E-13,0.707106781159475,
0.70710678121362));
#9163=DIRECTION('ref_axis',(-1.,-4.98124723697583E-14,-3.31766321425498E-13));
#9164=DIRECTION('',(-2.20877383964765E-13,-0.707106781193044,0.707106781180051));
#9165=DIRECTION('',(-1.,-2.43328539545433E-14,-3.57245939838762E-13));
#9166=DIRECTION('',(2.20877383964082E-13,0.707106781188915,-0.70710678118418));
#9167=DIRECTION('center_axis',(2.76080118779524E-14,-1.,1.08447898547741E-14));
#9168=DIRECTION('ref_axis',(-0.707106781186596,-1.18533879671269E-14,0.707106781186499));
#9169=DIRECTION('',(-0.70710678117444,-0.707106781198655,-4.43196768872177E-14));
#9170=DIRECTION('center_axis',(2.43328539545433E-14,-1.,-5.20499101684649E-18));
#9171=DIRECTION('ref_axis',(-0.707106781186596,-1.72096065213247E-14,0.707106781186499));
#9172=DIRECTION('center_axis',(-0.707106781186587,0.707106781186508,-5.19844208506486E-14));
#9173=DIRECTION('ref_axis',(-1.81576782264796E-13,-2.55093855263918E-13,
-1.));
#9174=DIRECTION('',(-0.707106781186508,-0.707106781186587,-4.43196768941657E-14));
#9175=DIRECTION('',(7.35222779901125E-14,5.20499101865503E-18,-1.));
#9176=DIRECTION('center_axis',(2.76080118771893E-14,-1.,1.084478984638E-14));
#9177=DIRECTION('ref_axis',(-0.499999999999943,-2.31958694442621E-14,-0.866025403784471));
#9178=DIRECTION('',(-0.353553390593219,-0.707106781186581,-0.612372435695788));
#9179=DIRECTION('center_axis',(2.43328539545433E-14,-1.,-5.20499101684649E-18));
#9180=DIRECTION('ref_axis',(-0.499999999999943,-1.21619193228232E-14,-0.866025403784471));
#9181=DIRECTION('center_axis',(-0.353553390593243,0.707106781186546,-0.612372435695814));
#9182=DIRECTION('ref_axis',(0.866025403784422,-8.46267500520526E-14,-0.500000000000029));
#9183=DIRECTION('',(-0.353553390593221,-0.707106781186549,-0.612372435695823));
#9184=DIRECTION('',(0.866025403784475,2.10754721667204E-14,-0.499999999999937));
#9185=DIRECTION('center_axis',(2.76080118771905E-14,-1.,1.08447898463936E-14));
#9186=DIRECTION('ref_axis',(0.500000000000064,4.41214243291702E-15,-0.866025403784402));
#9187=DIRECTION('',(0.353553390593325,-0.707106781186585,-0.612372435695722));
#9188=DIRECTION('center_axis',(2.43328539545433E-14,-1.,-5.20499101684649E-18));
#9189=DIRECTION('ref_axis',(0.500000000000064,1.21709346317203E-14,-0.866025403784402));
#9190=DIRECTION('center_axis',(0.353553390593314,0.707106781186533,-0.612372435695789));
#9191=DIRECTION('ref_axis',(0.866025403784327,1.70696790036118E-13,0.500000000000194));
#9192=DIRECTION('',(0.353553390593319,-0.707106781186569,-0.612372435695744));
#9193=DIRECTION('',(0.866025403784402,2.10702671757018E-14,0.500000000000064));
#9194=DIRECTION('center_axis',(2.76080118771897E-14,-1.,1.08447898463841E-14));
#9195=DIRECTION('ref_axis',(0.866025403784475,1.84868447104384E-14,-0.499999999999938));
#9196=DIRECTION('',(0.707106781186565,-0.70710678118653,5.96565257760125E-14));
#9197=DIRECTION('center_axis',(2.43328539545433E-14,-1.,-5.20499101684649E-18));
#9198=DIRECTION('ref_axis',(0.866025403784475,2.10754721667204E-14,-0.499999999999937));
#9199=DIRECTION('center_axis',(0.707106781186579,0.707106781186516,5.18519406166986E-14));
#9200=DIRECTION('ref_axis',(-3.28423572919366E-13,2.55093855263893E-13,
1.));
#9201=DIRECTION('',(0.707106781186524,-0.707106781186571,5.96565257760262E-14));
#9202=DIRECTION('',(-7.33245126644777E-14,-5.20499101865505E-18,1.));
#9203=DIRECTION('center_axis',(2.76080118779522E-14,-1.,1.08447898547714E-14));
#9204=DIRECTION('ref_axis',(0.707106781186496,2.71902368608298E-14,0.707106781186599));
#9205=DIRECTION('center_axis',(2.43328539545433E-14,-1.,-5.20499101684649E-18));
#9206=DIRECTION('ref_axis',(0.707106781186496,1.72022455524342E-14,0.7071067811866));
#9207=DIRECTION('center_axis',(0.499999999999937,1.21080177440383E-14,0.866025403784475));
#9208=DIRECTION('ref_axis',(0.866025403784475,2.10754721667204E-14,-0.499999999999937));
#9209=DIRECTION('',(-2.4277342803314E-14,1.,3.53957949538348E-17));
#9210=DIRECTION('center_axis',(-0.499999999999937,-1.21080177440383E-14,
-0.866025403784475));
#9211=DIRECTION('ref_axis',(0.866025403784475,4.18545755751543E-14,-0.499999999999937));
#9212=DIRECTION('',(-2.4277342803314E-14,1.,3.53957949538348E-17));
#9213=DIRECTION('center_axis',(2.4277342803314E-14,-1.,-3.53957949538348E-17));
#9214=DIRECTION('ref_axis',(-0.499999999999943,-1.21080177440385E-14,-0.866025403784471));
#9215=DIRECTION('',(-2.4277342803314E-14,1.,3.53957949538348E-17));
#9216=DIRECTION('center_axis',(1.,2.4277342803314E-14,7.35222779901125E-14));
#9217=DIRECTION('ref_axis',(7.35222779901125E-14,5.20499101865503E-18,-1.));
#9218=DIRECTION('center_axis',(-1.,-2.4277342803314E-14,-7.35222779901125E-14));
#9219=DIRECTION('ref_axis',(2.42773428033138E-14,-1.,2.56858184462156E-15));
#9220=DIRECTION('',(2.42773428032952E-14,-1.,2.55093855263907E-13));
#9221=DIRECTION('center_axis',(2.42773428032952E-14,-1.,2.55093855263907E-13));
#9222=DIRECTION('ref_axis',(-0.707106781186596,1.63211921170714E-13,0.707106781186499));
#9223=DIRECTION('',(-2.42773428032952E-14,1.,-2.55093855263907E-13));
#9224=DIRECTION('center_axis',(-3.57245939838768E-13,2.55093855263891E-13,
1.));
#9225=DIRECTION('ref_axis',(1.,4.9812472369765E-14,3.57245939838755E-13));
#9226=DIRECTION('',(-1.,-4.98124723696926E-14,-7.3522277990106E-14));
#9227=DIRECTION('',(2.4332853954526E-14,-1.,2.55093855263907E-13));
#9228=DIRECTION('',(1.,2.38887647446932E-14,3.57245939838762E-13));
#9229=DIRECTION('',(-2.43328539545265E-14,1.,-2.55093855263907E-13));
#9230=DIRECTION('',(-1.,-4.98124723696926E-14,-7.3522277990106E-14));
#9231=DIRECTION('',(-2.42773428033137E-14,1.,8.63016595132238E-16));
#9232=DIRECTION('',(1.,2.38887647446932E-14,3.57245939838762E-13));
#9233=DIRECTION('',(-4.98124723696738E-14,1.,-2.55093855263909E-13));
#9234=DIRECTION('',(-1.,-4.98124723696926E-14,-7.3522277990106E-14));
#9235=DIRECTION('',(-4.98124723696738E-14,1.,-2.55093855263909E-13));
#9236=DIRECTION('',(1.,2.38887647446932E-14,3.57245939838762E-13));
#9237=DIRECTION('',(-4.98124723696738E-14,1.,-2.55093855263909E-13));
#9238=DIRECTION('',(-1.,-4.98124723696926E-14,-7.3522277990106E-14));
#9239=DIRECTION('',(-4.98124723696738E-14,1.,-2.55093855263909E-13));
#9240=DIRECTION('',(1.,2.43328539545433E-14,7.35222779901125E-14));
#9241=DIRECTION('',(2.42773428032952E-14,-1.,2.55093855263907E-13));
#9242=DIRECTION('',(-1.,-4.98124723696926E-14,-7.3522277990106E-14));
#9243=DIRECTION('',(2.42773428032953E-14,-1.,2.55093855263907E-13));
#9244=DIRECTION('center_axis',(3.57245939838768E-13,-2.55093855263891E-13,
-1.));
#9245=DIRECTION('ref_axis',(-1.,-4.9812472369765E-14,-3.57245939838755E-13));
#9246=DIRECTION('center_axis',(3.57245939838768E-13,-2.55093855263891E-13,
-1.));
#9247=DIRECTION('ref_axis',(-1.,-4.9812472369765E-14,-3.57245939838755E-13));
#9248=DIRECTION('center_axis',(2.76080118771916E-14,-1.,-1.13596706461151E-14));
#9249=DIRECTION('ref_axis',(-0.500000000000052,-2.3641769296757E-14,0.866025403784409));
#9250=DIRECTION('',(-0.353553390593263,-0.707106781186603,0.612372435695737));
#9251=DIRECTION('center_axis',(2.43328539545433E-14,-1.,-5.20499101684649E-18));
#9252=DIRECTION('ref_axis',(-0.500000000000052,-1.217093463172E-14,0.866025403784409));
#9253=DIRECTION('',(-0.353553390593233,0.707106781186591,-0.612372435695767));
#9254=DIRECTION('center_axis',(-0.353553390593336,0.707106781186539,0.612372435695768));
#9255=DIRECTION('ref_axis',(-0.866025403784476,-1.70308211977499E-13,-0.499999999999935));
#9256=DIRECTION('',(-0.353553390593296,-0.707106781186556,0.612372435695771));
#9257=DIRECTION('',(-0.866025403784402,-2.10702671757018E-14,-0.500000000000064));
#9258=DIRECTION('center_axis',(2.760801187719E-14,-1.,-1.13596706461343E-14));
#9259=DIRECTION('ref_axis',(-1.,-2.7608011877189E-14,-8.53646569194478E-14));
#9260=DIRECTION('',(-0.707106781186559,-0.707106781186536,-6.00206014810208E-14));
#9261=DIRECTION('center_axis',(2.43328539545433E-14,-1.,-5.20499101684649E-18));
#9262=DIRECTION('ref_axis',(-1.,-2.43328539545433E-14,-8.53646569194478E-14));
#9263=DIRECTION('center_axis',(-0.707106781186563,0.707106781186532,-5.19844208506469E-14));
#9264=DIRECTION('ref_axis',(-1.81576782264813E-13,-2.55093855263918E-13,
-1.));
#9265=DIRECTION('',(-0.707106781186532,-0.707106781186563,-6.0020601481017E-14));
#9266=DIRECTION('',(7.35222779901125E-14,5.20499101865503E-18,-1.));
#9267=DIRECTION('center_axis',(2.76080118771934E-14,-1.,-1.13596706460929E-14));
#9268=DIRECTION('ref_axis',(-0.499999999999939,-3.96624258045377E-15,-0.866025403784474));
#9269=DIRECTION('',(-0.35355339059319,-0.7071067811866,-0.612372435695783));
#9270=DIRECTION('center_axis',(2.43328539545433E-14,-1.,-5.20499101684649E-18));
#9271=DIRECTION('ref_axis',(-0.499999999999939,-1.21619193228231E-14,-0.866025403784474));
#9272=DIRECTION('center_axis',(-0.35355339059327,0.707106781186496,-0.612372435695856));
#9273=DIRECTION('ref_axis',(0.866025403784421,-8.407163853974E-14,-0.500000000000031));
#9274=DIRECTION('',(-0.353553390593198,-0.707106781186582,-0.612372435695798));
#9275=DIRECTION('',(0.866025403784473,2.10754721667204E-14,-0.49999999999994));
#9276=DIRECTION('center_axis',(2.76080118771904E-14,-1.,-1.13596706461284E-14));
#9277=DIRECTION('ref_axis',(7.01036776587571E-14,1.13596706461303E-14,-1.));
#9278=DIRECTION('',(0.353553390593334,-0.707106781186552,-0.612372435695754));
#9279=DIRECTION('center_axis',(2.43328539545433E-14,-1.,-5.20499101684649E-18));
#9280=DIRECTION('ref_axis',(7.01036776587574E-14,5.20499101855231E-18,-1.));
#9281=DIRECTION('center_axis',(0.353553390593315,0.707106781186529,-0.612372435695792));
#9282=DIRECTION('ref_axis',(0.866025403784327,1.70696790036118E-13,0.500000000000193));
#9283=DIRECTION('',(0.353553390593346,-0.707106781186545,-0.612372435695756));
#9284=DIRECTION('',(0.866025403784402,2.10702671757019E-14,0.500000000000063));
#9285=DIRECTION('center_axis',(2.76080118771934E-14,-1.,-1.13596706460929E-14));
#9286=DIRECTION('ref_axis',(1.,2.76080118771926E-14,7.35222779901125E-14));
#9287=DIRECTION('',(0.707106781186516,-0.707106781186579,4.39556011891891E-14));
#9288=DIRECTION('center_axis',(2.43328539545433E-14,-1.,-5.20499101684649E-18));
#9289=DIRECTION('ref_axis',(1.,2.43328539545433E-14,7.35222779901125E-14));
#9290=DIRECTION('center_axis',(0.707106781186542,0.707106781186553,5.19917818195359E-14));
#9291=DIRECTION('ref_axis',(-3.28621338245028E-13,2.55093855263893E-13,
1.));
#9292=DIRECTION('',(0.707106781186553,-0.707106781186542,4.39556011891723E-14));
#9293=DIRECTION('',(-7.35222779901125E-14,-5.20499101865503E-18,1.));
#9294=DIRECTION('center_axis',(2.76080118771909E-14,-1.,-1.13596706461225E-14));
#9295=DIRECTION('ref_axis',(0.499999999999932,3.96624258042665E-15,0.866025403784478));
#9296=DIRECTION('',(0.353553390593237,-0.707106781186552,0.61237243569581));
#9297=DIRECTION('center_axis',(2.43328539545433E-14,-1.,-5.20499101684649E-18));
#9298=DIRECTION('ref_axis',(0.499999999999932,1.21619193228229E-14,0.866025403784478));
#9299=DIRECTION('center_axis',(0.353553390593213,0.70710678118655,0.612372435695826));
#9300=DIRECTION('ref_axis',(-0.866025403784529,8.44602165983588E-14,0.499999999999843));
#9301=DIRECTION('',(-0.866025403784477,-2.10754721667205E-14,0.499999999999934));
#9302=DIRECTION('center_axis',(0.49999999999994,1.20737147040922E-14,0.866025403784473));
#9303=DIRECTION('ref_axis',(0.866025403784473,2.10754721667205E-14,-0.49999999999994));
#9304=DIRECTION('',(-2.42436996813557E-14,1.,5.55816681287183E-17));
#9305=DIRECTION('',(2.42436996813557E-14,-1.,-5.55816681287183E-17));
#9306=DIRECTION('center_axis',(2.42436996813557E-14,-1.,-5.55816681287183E-17));
#9307=DIRECTION('ref_axis',(-0.499999999999939,-1.20737147040922E-14,-0.866025403784474));
#9308=DIRECTION('',(2.42436996813557E-14,-1.,-5.55816681287183E-17));
#9309=DIRECTION('center_axis',(1.,2.42436996813557E-14,7.35222779901125E-14));
#9310=DIRECTION('ref_axis',(7.35222779901125E-14,5.20499101865503E-18,-1.));
#9311=DIRECTION('',(-2.42436996813557E-14,1.,5.55816681287183E-17));
#9312=DIRECTION('center_axis',(2.42436996813557E-14,-1.,-5.55816681287183E-17));
#9313=DIRECTION('ref_axis',(-1.,-2.42436996813557E-14,-8.53646569194478E-14));
#9314=DIRECTION('',(-2.42436996813557E-14,1.,5.55816681287183E-17));
#9315=DIRECTION('center_axis',(0.500000000000064,1.21699849772636E-14,-0.866025403784402));
#9316=DIRECTION('ref_axis',(-0.866025403784402,-2.08298968399038E-14,-0.500000000000064));
#9317=DIRECTION('',(-2.42436996813557E-14,1.,5.55816681287183E-17));
#9318=DIRECTION('center_axis',(2.42436996813557E-14,-1.,-5.55816681287183E-17));
#9319=DIRECTION('ref_axis',(-0.500000000000052,-1.21699849772633E-14,0.866025403784409));
#9320=DIRECTION('',(-2.42436996813557E-14,1.,5.55816681287183E-17));
#9321=DIRECTION('center_axis',(3.47821752982125E-14,0.707106781186538,-0.707106781186557));
#9322=DIRECTION('ref_axis',(1.,4.98124723696991E-14,9.90018964052677E-14));
#9323=DIRECTION('',(7.15099137485257E-14,-0.707106781186549,-0.707106781186546));
#9324=DIRECTION('',(1.,2.43328539545433E-14,7.35222779901125E-14));
#9325=DIRECTION('',(-7.15099137485253E-14,0.707106781186557,0.707106781186538));
#9326=DIRECTION('center_axis',(-2.76080118771886E-14,1.,-1.08447898463718E-14));
#9327=DIRECTION('ref_axis',(0.707106781186496,2.71902368543505E-14,0.707106781186599));
#9328=DIRECTION('',(-0.707106781186532,-0.707106781186563,-4.43196768941792E-14));
#9329=DIRECTION('center_axis',(-2.43328539545433E-14,1.,5.20499101684649E-18));
#9330=DIRECTION('ref_axis',(0.707106781186496,1.72022455524342E-14,0.7071067811866));
#9331=DIRECTION('center_axis',(-0.707106781186559,0.707106781186536,-5.19844208506466E-14));
#9332=DIRECTION('ref_axis',(-1.81576782264816E-13,-2.55093855263918E-13,
-1.));
#9333=DIRECTION('',(-0.707106781186497,-0.707106781186598,-2.86187523073358E-14));
#9334=DIRECTION('',(7.35222779901125E-14,5.20499101865503E-18,-1.));
#9335=DIRECTION('center_axis',(-2.76080118771959E-14,1.,1.13596706460633E-14));
#9336=DIRECTION('ref_axis',(0.707106781186606,2.7554312559322E-14,-0.707106781186489));
#9337=DIRECTION('',(-1.67653643347969E-14,-0.707106781186648,0.707106781186447));
#9338=DIRECTION('center_axis',(-2.43328539545433E-14,1.,5.20499101684649E-18));
#9339=DIRECTION('ref_axis',(0.707106781186606,1.72096065213249E-14,-0.707106781186489));
#9340=DIRECTION('center_axis',(-6.91940273719721E-14,0.707106781186516,
0.707106781186579));
#9341=DIRECTION('ref_axis',(-1.,-4.98124723696861E-14,-4.8042659574972E-14));
#9342=DIRECTION('',(-3.24662889216436E-14,-0.707106781186579,0.707106781186516));
#9343=DIRECTION('',(-1.,-2.43328539545433E-14,-7.35222779901125E-14));
#9344=DIRECTION('center_axis',(-2.76080118770279E-14,1.,1.13596706480794E-14));
#9345=DIRECTION('ref_axis',(-0.707106781186499,-1.14893122660206E-14,-0.707106781186596));
#9346=DIRECTION('',(0.70710678118916,-0.707106781183935,4.39556011880089E-14));
#9347=DIRECTION('center_axis',(-2.43328539545433E-14,1.,5.20499101684649E-18));
#9348=DIRECTION('ref_axis',(-0.707106781186499,-1.72022455524343E-14,-0.707106781186596));
#9349=DIRECTION('center_axis',(0.707106781186522,0.707106781186573,5.26716517972851E-14));
#9350=DIRECTION('ref_axis',(-3.29582819588227E-13,2.55093855263893E-13,
1.));
#9351=DIRECTION('',(0.707106781186581,-0.707106781186514,4.39556011891685E-14));
#9352=DIRECTION('',(-7.44837593332978E-14,-5.20499101870539E-18,1.));
#9353=DIRECTION('center_axis',(2.76080118767684E-14,-1.,-1.13596706511929E-14));
#9354=DIRECTION('ref_axis',(0.499999999999944,3.96624257582472E-15,0.866025403784471));
#9355=DIRECTION('',(0.353553390596643,-0.707106781179766,0.61237243570168));
#9356=DIRECTION('center_axis',(2.43328539545433E-14,-1.,-5.20499101684649E-18));
#9357=DIRECTION('ref_axis',(0.499999999999944,1.21619193228232E-14,0.866025403784471));
#9358=DIRECTION('center_axis',(0.353553390591841,0.707106781189295,0.61237243569345));
#9359=DIRECTION('ref_axis',(-0.866025403784529,8.42659275690494E-14,0.499999999999843));
#9360=DIRECTION('',(0.353553390594574,-0.707106781183876,0.612372435698129));
#9361=DIRECTION('',(-0.866025403784476,-2.10754721667205E-14,0.499999999999935));
#9362=DIRECTION('center_axis',(-2.76080118771897E-14,1.,1.13596706461373E-14));
#9363=DIRECTION('ref_axis',(-0.499999999999942,-3.96624258041358E-15,-0.866025403784472));
#9364=DIRECTION('',(0.707106781186812,-0.707106781186283,4.39556011891818E-14));
#9365=DIRECTION('center_axis',(-2.43328539545433E-14,1.,5.20499101684649E-18));
#9366=DIRECTION('ref_axis',(-0.499999999999942,-1.21619193228232E-14,-0.866025403784472));
#9367=DIRECTION('center_axis',(0.707106781186448,0.707106781186647,5.19917818195244E-14));
#9368=DIRECTION('ref_axis',(-3.28621338245089E-13,2.55093855263893E-13,
1.));
#9369=DIRECTION('',(0.70710678118664,-0.707106781186455,4.39556011891336E-14));
#9370=DIRECTION('',(-7.3522277990106E-14,-5.20499101865503E-18,1.));
#9371=DIRECTION('center_axis',(-2.7608011877187E-14,1.,-1.08447898463542E-14));
#9372=DIRECTION('ref_axis',(-1.,-2.76080118771878E-14,-7.07004611176537E-14));
#9373=DIRECTION('',(0.353553390593357,-0.707106781186534,-0.612372435695762));
#9374=DIRECTION('center_axis',(-2.43328539545433E-14,1.,5.20499101684649E-18));
#9375=DIRECTION('ref_axis',(-1.,-2.43328539545433E-14,-7.07004611176537E-14));
#9376=DIRECTION('center_axis',(0.353553390594749,0.707106781183661,-0.612372435698276));
#9377=DIRECTION('ref_axis',(0.866025403784327,1.70780056762965E-13,0.500000000000193));
#9378=DIRECTION('',(0.353553390591888,-0.707106781189434,-0.612372435693262));
#9379=DIRECTION('',(0.866025403784402,2.10702671757018E-14,0.500000000000063));
#9380=DIRECTION('center_axis',(2.76080118776835E-14,-1.,1.08447898518156E-14));
#9381=DIRECTION('ref_axis',(1.,2.76080118776843E-14,7.35222779901061E-14));
#9382=DIRECTION('',(0.707106781178648,-0.707106781194447,5.96565257793569E-14));
#9383=DIRECTION('center_axis',(2.43328539545433E-14,-1.,-5.20499101684649E-18));
#9384=DIRECTION('ref_axis',(1.,2.43328539545433E-14,7.3522277990106E-14));
#9385=DIRECTION('center_axis',(0.707106781191238,0.707106781181857,5.87921803961435E-14));
#9386=DIRECTION('ref_axis',(-3.38238554137668E-13,2.55093855263892E-13,
1.));
#9387=DIRECTION('',(0.707106781181857,-0.707106781191238,5.96565257780135E-14));
#9388=DIRECTION('',(-8.31394938861413E-14,-5.20499101890628E-18,1.));
#9389=DIRECTION('center_axis',(-2.76080118770207E-14,1.,-1.08447898445252E-14));
#9390=DIRECTION('ref_axis',(-0.707106781186601,-1.18533879737154E-14,0.707106781186494));
#9391=DIRECTION('center_axis',(-2.43328539545433E-14,1.,5.20499101684649E-18));
#9392=DIRECTION('ref_axis',(-0.707106781186601,-1.72096065213248E-14,0.707106781186494));
#9393=DIRECTION('center_axis',(4.98124723696738E-14,-1.,2.55093855263909E-13));
#9394=DIRECTION('ref_axis',(0.499999999999944,2.45823995192698E-13,0.866025403784471));
#9395=DIRECTION('',(-4.98124723696738E-14,1.,-2.55093855263909E-13));
#9396=DIRECTION('center_axis',(-4.98124723696924E-14,1.,-2.66214954122827E-15));
#9397=DIRECTION('ref_axis',(0.866025403784438,4.44699412680782E-14,0.5));
#9398=DIRECTION('',(-4.98124723696738E-14,1.,-2.55093855263909E-13));
#9399=DIRECTION('center_axis',(1.,4.98124723696928E-14,7.44837593332978E-14));
#9400=DIRECTION('ref_axis',(7.44837593333105E-14,-2.55093855263905E-13,
-1.));
#9401=DIRECTION('',(7.44837593332979E-14,-2.6621495412245E-15,-1.));
#9402=DIRECTION('center_axis',(1.,4.98124723696928E-14,7.44837593332978E-14));
#9403=DIRECTION('ref_axis',(8.7890708313121E-14,-0.707106781186465,-0.707106781186631));
#9404=DIRECTION('',(-4.98124723696929E-14,1.,2.22039353988208E-16));
#9405=DIRECTION('',(7.35222779901125E-14,5.20499101865503E-18,-1.));
#9406=DIRECTION('',(4.98124723696928E-14,-1.,1.86648809973216E-16));
#9407=DIRECTION('',(-2.22011347183555E-14,-0.819152044288988,0.573576436351051));
#9408=DIRECTION('',(4.9812472369693E-14,-1.,-2.01352011566582E-15));
#9409=DIRECTION('center_axis',(-4.9812472369693E-14,1.,2.01352011566582E-15));
#9410=DIRECTION('ref_axis',(-0.707106781186499,-3.37989632724321E-14,-0.707106781186596));
#9411=DIRECTION('center_axis',(7.41570185881644E-14,-0.573576436351051,
-0.819152044288989));
#9412=DIRECTION('ref_axis',(-8.82210662705628E-15,0.819152044288988,-0.573576436351051));
#9413=DIRECTION('',(-4.9812472369693E-14,1.,2.01352011566582E-15));
#9414=DIRECTION('center_axis',(7.35222779901125E-14,2.01352011566955E-15,
-1.));
#9415=DIRECTION('ref_axis',(2.42773428033142E-14,-1.,-2.01352011566777E-15));
#9416=DIRECTION('',(-1.,-2.42881216676307E-14,-7.35222779901125E-14));
#9417=DIRECTION('',(2.42773428033142E-14,-1.,-2.01352011566774E-15));
#9418=DIRECTION('center_axis',(7.35222779901125E-14,2.01352011566955E-15,
-1.));
#9419=DIRECTION('ref_axis',(1.,4.98124723696926E-14,7.35222779901126E-14));
#9420=DIRECTION('center_axis',(-2.42773428033142E-14,1.,2.01352011566774E-15));
#9421=DIRECTION('ref_axis',(0.707106781186606,1.85904474532594E-14,-0.707106781186489));
#9422=DIRECTION('center_axis',(7.41570185881644E-14,-0.573576436351051,
-0.819152044288989));
#9423=DIRECTION('ref_axis',(2.23411840475173E-14,0.819152044288988,-0.573576436351051));
#9424=DIRECTION('',(-2.42773428033142E-14,1.,2.01352011566774E-15));
#9425=DIRECTION('center_axis',(-1.,-2.4277342803314E-14,-7.35222779901125E-14));
#9426=DIRECTION('ref_axis',(7.35222779901125E-14,5.20499101865503E-18,-1.));
#9427=DIRECTION('',(-2.22838112147408E-14,-0.819152044288988,0.573576436351051));
#9428=DIRECTION('',(-2.4277342803314E-14,1.,-1.86648809971297E-16));
#9429=DIRECTION('',(7.35222779901125E-14,8.80669100979202E-16,-1.));
#9430=DIRECTION('',(2.4277342803314E-14,-1.,-2.22039353990126E-16));
#9431=DIRECTION('center_axis',(-1.,-2.4277342803314E-14,-7.35222779901125E-14));
#9432=DIRECTION('ref_axis',(6.91547750605047E-14,-0.707106781186547,-0.707106781186547));
#9433=DIRECTION('',(-7.35222779901126E-14,2.66214954122455E-15,1.));
#9434=DIRECTION('center_axis',(-1.,-2.4277342803314E-14,-7.35222779901125E-14));
#9435=DIRECTION('ref_axis',(-3.48214276096863E-14,-0.707106781186455,0.70710678118664));
#9436=DIRECTION('',(-2.42773428032952E-14,1.,-2.55093855263907E-13));
#9437=DIRECTION('',(7.35222779901125E-14,5.20499101865503E-18,-1.));
#9438=DIRECTION('',(2.4277342803314E-14,-1.,1.86648809971247E-16));
#9439=DIRECTION('center_axis',(-2.4277342803314E-14,1.,-1.86648809971247E-16));
#9440=DIRECTION('ref_axis',(0.707106781186496,1.72986543646436E-14,0.7071067811866));
#9441=DIRECTION('center_axis',(-2.43328539545433E-14,1.,5.20499101684649E-18));
#9442=DIRECTION('ref_axis',(0.707106781186496,1.72022455524342E-14,0.7071067811866));
#9443=DIRECTION('',(-2.4277342803314E-14,1.,-1.86648809971247E-16));
#9444=DIRECTION('center_axis',(7.35222779901125E-14,-1.86648809969438E-16,
-1.));
#9445=DIRECTION('ref_axis',(1.,2.43328539545433E-14,7.35222779901125E-14));
#9446=DIRECTION('',(1.,2.43328539545433E-14,7.35222779901125E-14));
#9447=DIRECTION('',(4.9812472369695E-14,-1.,1.86648809973166E-16));
#9448=DIRECTION('center_axis',(-7.35222779901125E-14,1.86648809969438E-16,
1.));
#9449=DIRECTION('ref_axis',(-1.,-4.98124723696926E-14,-7.35222779901125E-14));
#9450=DIRECTION('center_axis',(-7.35222779901125E-14,1.86648809969438E-16,
1.));
#9451=DIRECTION('ref_axis',(-1.,-4.98124723696926E-14,-7.35222779901125E-14));
#9452=DIRECTION('',(4.98124723696926E-14,-1.,1.86648809973166E-16));
#9453=DIRECTION('',(-1.,-4.98124723696926E-14,-7.35222779901125E-14));
#9454=DIRECTION('',(-4.98124723696926E-14,1.,-1.86648809973166E-16));
#9455=DIRECTION('',(1.,4.98124723696926E-14,7.35222779901125E-14));
#9456=DIRECTION('center_axis',(-2.38887647446932E-14,1.,5.20499101684649E-18));
#9457=DIRECTION('ref_axis',(-1.,-2.38887647446932E-14,-1.16571175751749E-13));
#9458=DIRECTION('center_axis',(-2.38887647446932E-14,1.,5.20499101684649E-18));
#9459=DIRECTION('ref_axis',(-1.,-2.38887647446932E-14,-7.3522277990106E-14));
#9460=DIRECTION('center_axis',(-2.38887647446932E-14,1.,5.20499101684649E-18));
#9461=DIRECTION('ref_axis',(-7.35222779901126E-14,-5.20499101860285E-18,
1.));
#9462=DIRECTION('',(8.31394938861413E-14,5.20499101890628E-18,-1.));
#9463=DIRECTION('center_axis',(-2.38887647446932E-14,1.,5.20499101684649E-18));
#9464=DIRECTION('ref_axis',(1.,2.38887647446932E-14,7.3522277990106E-14));
#9465=DIRECTION('',(-0.866025403784402,-2.0685674638425E-14,-0.500000000000063));
#9466=DIRECTION('center_axis',(-2.38887647446932E-14,1.,5.20499101684649E-18));
#9467=DIRECTION('ref_axis',(0.500000000000064,1.19488900267952E-14,-0.866025403784402));
#9468=DIRECTION('',(-0.866025403784478,-2.06908796294438E-14,0.499999999999931));
#9469=DIRECTION('center_axis',(-2.38887647446932E-14,1.,5.20499101684649E-18));
#9470=DIRECTION('ref_axis',(-0.499999999999944,-1.19398747178982E-14,-0.866025403784471));
#9471=DIRECTION('',(-7.3522277990106E-14,-5.20499101865503E-18,1.));
#9472=DIRECTION('center_axis',(-0.499999999999931,-2.458239951927E-13,-0.866025403784478));
#9473=DIRECTION('ref_axis',(-0.866025403784478,8.44080611344871E-14,0.499999999999931));
#9474=DIRECTION('',(-4.98124723696738E-14,1.,-2.55093855263909E-13));
#9475=DIRECTION('center_axis',(0.499999999999931,2.458239951927E-13,0.866025403784478));
#9476=DIRECTION('ref_axis',(0.866025403784478,4.19555049410293E-14,-0.499999999999931));
#9477=DIRECTION('',(-4.98124723696738E-14,1.,-2.55093855263909E-13));
#9478=DIRECTION('center_axis',(4.98124723696738E-14,-1.,2.55093855263909E-13));
#9479=DIRECTION('ref_axis',(-0.499999999999944,-2.45823995192698E-13,-0.866025403784471));
#9480=DIRECTION('',(-4.98124723696738E-14,1.,-2.55093855263909E-13));
#9481=DIRECTION('center_axis',(-1.,-4.98124723696926E-14,-7.3522277990106E-14));
#9482=DIRECTION('ref_axis',(-7.35222779901187E-14,2.55093855263905E-13,
1.));
#9483=DIRECTION('center_axis',(1.,4.98124723696926E-14,7.3522277990106E-14));
#9484=DIRECTION('ref_axis',(4.98124723696924E-14,-1.,2.36672311287382E-15));
#9485=DIRECTION('',(-4.98124723696738E-14,1.,-2.55093855263909E-13));
#9486=DIRECTION('center_axis',(4.98124723696738E-14,-1.,2.55093855263909E-13));
#9487=DIRECTION('ref_axis',(-1.,-4.98124723696926E-14,-7.3522277990106E-14));
#9488=DIRECTION('center_axis',(-2.38887647446932E-14,1.,5.20499101684649E-18));
#9489=DIRECTION('ref_axis',(-1.,-2.38887647446932E-14,-1.16571175751749E-13));
#9490=DIRECTION('center_axis',(-2.38887647446932E-14,1.,5.20499101684649E-18));
#9491=DIRECTION('ref_axis',(-1.,-2.38887647446932E-14,-7.3522277990106E-14));
#9492=DIRECTION('center_axis',(-2.38887647446932E-14,1.,5.20499101684649E-18));
#9493=DIRECTION('ref_axis',(-3.81339190619804E-14,-5.20499101775746E-18,
1.));
#9494=DIRECTION('',(3.15150337706773E-14,5.20499101770091E-18,-1.));
#9495=DIRECTION('center_axis',(-2.38887647446932E-14,1.,5.20499101684649E-18));
#9496=DIRECTION('ref_axis',(1.,2.38887647446932E-14,3.51733243296478E-14));
#9497=DIRECTION('',(-0.866025403784402,-2.0685674638425E-14,-0.500000000000063));
#9498=DIRECTION('center_axis',(-2.38887647446932E-14,1.,5.20499101684649E-18));
#9499=DIRECTION('ref_axis',(0.500000000000064,1.19488900267952E-14,-0.866025403784402));
#9500=DIRECTION('',(-0.866025403784478,-2.06908796294438E-14,0.499999999999931));
#9501=DIRECTION('center_axis',(-2.38887647446932E-14,1.,5.20499101684649E-18));
#9502=DIRECTION('ref_axis',(-0.499999999999943,-1.19398747178982E-14,-0.866025403784472));
#9503=DIRECTION('',(-7.83308859381236E-14,-5.2049910188059E-18,1.));
#9504=DIRECTION('center_axis',(-0.499999999999931,-2.458239951927E-13,-0.866025403784478));
#9505=DIRECTION('ref_axis',(-0.866025403784478,8.44080611344871E-14,0.499999999999931));
#9506=DIRECTION('',(-4.98124723696738E-14,1.,-2.55093855263909E-13));
#9507=DIRECTION('center_axis',(0.499999999999931,2.458239951927E-13,0.866025403784478));
#9508=DIRECTION('ref_axis',(0.866025403784478,4.19555049410293E-14,-0.499999999999931));
#9509=DIRECTION('',(-4.98124723696738E-14,1.,-2.55093855263909E-13));
#9510=DIRECTION('center_axis',(4.98124723696738E-14,-1.,2.55093855263909E-13));
#9511=DIRECTION('ref_axis',(-0.499999999999943,-2.45823995192698E-13,-0.866025403784472));
#9512=DIRECTION('',(-4.98124723696738E-14,1.,-2.55093855263909E-13));
#9513=DIRECTION('center_axis',(-1.,-4.98124723696938E-14,-7.83308859381236E-14));
#9514=DIRECTION('ref_axis',(-7.83308859381363E-14,2.55093855263905E-13,
1.));
#9515=DIRECTION('center_axis',(1.,4.98124723696938E-14,7.83308859381236E-14));
#9516=DIRECTION('ref_axis',(4.98124723696936E-14,-1.,2.36672311287382E-15));
#9517=DIRECTION('',(-4.98124723696738E-14,1.,-2.55093855263909E-13));
#9518=DIRECTION('center_axis',(4.98124723696738E-14,-1.,2.55093855263909E-13));
#9519=DIRECTION('ref_axis',(-1.,-4.98124723696926E-14,-7.3522277990106E-14));
#9520=DIRECTION('center_axis',(-2.38887647446932E-14,1.,5.20499101684649E-18));
#9521=DIRECTION('ref_axis',(-1.,-2.38887647446932E-14,-1.16571175751749E-13));
#9522=DIRECTION('center_axis',(-2.38887647446932E-14,1.,5.20499101684649E-18));
#9523=DIRECTION('ref_axis',(-0.707106781186596,-1.68955880295879E-14,0.707106781186499));
#9524=DIRECTION('center_axis',(-2.38887647446932E-14,1.,5.20499101684649E-18));
#9525=DIRECTION('ref_axis',(0.707106781186496,1.68882270606974E-14,0.7071067811866));
#9526=DIRECTION('',(7.54452406764961E-14,5.20499101870528E-18,-1.));
#9527=DIRECTION('center_axis',(-2.38887647446932E-14,1.,5.20499101684649E-18));
#9528=DIRECTION('ref_axis',(1.,2.38887647446932E-14,7.35222779901125E-14));
#9529=DIRECTION('',(-0.866025403784402,-2.0685674638425E-14,-0.500000000000064));
#9530=DIRECTION('center_axis',(-2.38887647446932E-14,1.,5.20499101684649E-18));
#9531=DIRECTION('ref_axis',(0.500000000000064,1.19488900267952E-14,-0.866025403784402));
#9532=DIRECTION('',(-0.866025403784475,-2.06908796294437E-14,0.499999999999937));
#9533=DIRECTION('center_axis',(-2.38887647446932E-14,1.,5.20499101684649E-18));
#9534=DIRECTION('ref_axis',(-0.499999999999943,-1.19398747178982E-14,-0.866025403784471));
#9535=DIRECTION('',(-7.35222779901125E-14,-5.20499101865503E-18,1.));
#9536=DIRECTION('center_axis',(0.499999999999937,1.2135773319654E-14,0.866025403784475));
#9537=DIRECTION('ref_axis',(0.866025403784475,2.10754721667204E-14,-0.499999999999937));
#9538=DIRECTION('',(-2.43328539545453E-14,1.,3.53957949537843E-17));
#9539=DIRECTION('center_axis',(-0.499999999999937,-1.2135773319654E-14,
-0.866025403784475));
#9540=DIRECTION('ref_axis',(0.866025403784475,4.18545755751543E-14,-0.499999999999937));
#9541=DIRECTION('',(-2.43328539545453E-14,1.,3.53957949537843E-17));
#9542=DIRECTION('center_axis',(2.43328539545453E-14,-1.,-3.53957949537843E-17));
#9543=DIRECTION('ref_axis',(-0.499999999999943,-1.21357733196541E-14,-0.866025403784471));
#9544=DIRECTION('',(-2.43328539545453E-14,1.,3.53957949537843E-17));
#9545=DIRECTION('center_axis',(1.,2.43328539545453E-14,7.35222779901125E-14));
#9546=DIRECTION('ref_axis',(7.35222779901125E-14,5.20499101865503E-18,-1.));
#9547=DIRECTION('center_axis',(-1.,-2.43328539545453E-14,-7.35222779901125E-14));
#9548=DIRECTION('ref_axis',(2.43328539545451E-14,-1.,2.56858184462157E-15));
#9549=DIRECTION('',(2.43328539545265E-14,-1.,2.55093855263907E-13));
#9550=DIRECTION('center_axis',(2.43328539545265E-14,-1.,2.55093855263907E-13));
#9551=DIRECTION('ref_axis',(-0.707106781186596,1.63172668859247E-13,0.707106781186499));
#9552=DIRECTION('center_axis',(2.43328539545453E-14,-1.,-3.53957949537843E-17));
#9553=DIRECTION('ref_axis',(0.500000000000064,1.21970806348913E-14,-0.866025403784402));
#9554=DIRECTION('',(-2.43328539545453E-14,1.,3.53957949537843E-17));
#9555=DIRECTION('center_axis',(4.98124723696738E-14,-1.,2.55093855263909E-13));
#9556=DIRECTION('ref_axis',(0.500000000000064,-1.96011522823006E-13,-0.866025403784402));
#9557=DIRECTION('',(-4.98124723696738E-14,1.,-2.55093855263909E-13));
#9558=DIRECTION('center_axis',(4.98124723696738E-14,-1.,2.55093855263909E-13));
#9559=DIRECTION('ref_axis',(0.500000000000064,-1.96011522823006E-13,-0.866025403784402));
#9560=DIRECTION('',(-4.98124723696738E-14,1.,-2.55093855263909E-13));
#9561=DIRECTION('center_axis',(-4.98124723696926E-14,1.,2.57440399876695E-16));
#9562=DIRECTION('ref_axis',(0.707106781186496,3.50406991477704E-14,0.707106781186599));
#9563=DIRECTION('center_axis',(-1.67653643348092E-14,-0.707106781186548,
0.707106781186547));
#9564=DIRECTION('ref_axis',(-8.72108383353636E-14,0.707106781186547,0.707106781186548));
#9565=DIRECTION('center_axis',(-8.72108383353636E-14,0.707106781186547,
0.707106781186548));
#9566=DIRECTION('ref_axis',(-1.67653643348092E-14,-0.707106781186548,0.707106781186547));
#9567=DIRECTION('',(-4.98124723696926E-14,1.,2.57440399876695E-16));
#9568=DIRECTION('center_axis',(7.3522277990106E-14,2.57440399880422E-16,
-1.));
#9569=DIRECTION('ref_axis',(1.,4.98124723696926E-14,7.3522277990106E-14));
#9570=DIRECTION('',(-1.,-4.98124723696926E-14,-7.3522277990106E-14));
#9571=DIRECTION('',(4.98124723696926E-14,-1.,-2.57440399876695E-16));
#9572=DIRECTION('',(1.,4.98124723696926E-14,7.3522277990106E-14));
#9573=DIRECTION('center_axis',(1.67653643348092E-14,0.707106781186548,-0.707106781186547));
#9574=DIRECTION('ref_axis',(1.,4.98124723696926E-14,7.3522277990106E-14));
#9575=DIRECTION('center_axis',(-1.67653643348092E-14,-0.707106781186548,
0.707106781186547));
#9576=DIRECTION('ref_axis',(-8.72108383353636E-14,0.707106781186547,0.707106781186548));
#9577=DIRECTION('center_axis',(4.98124723696926E-14,-1.,-2.57440399876695E-16));
#9578=DIRECTION('ref_axis',(-0.707106781186599,-3.54047748527839E-14,0.707106781186496));
#9579=DIRECTION('center_axis',(-8.72108383353636E-14,0.707106781186547,
0.707106781186548));
#9580=DIRECTION('ref_axis',(-1.67653643348092E-14,-0.707106781186548,0.707106781186547));
#9581=DIRECTION('center_axis',(8.72108383353636E-14,-0.707106781186547,
-0.707106781186548));
#9582=DIRECTION('ref_axis',(1.,4.98124723696926E-14,7.3522277990106E-14));
#9583=DIRECTION('center_axis',(-7.35222779901062E-14,2.77044057647645E-15,
1.));
#9584=DIRECTION('ref_axis',(-1.,-4.98124723696926E-14,-7.3522277990106E-14));
#9585=DIRECTION('',(-7.35222779901062E-14,2.77044057647645E-15,1.));
#9586=DIRECTION('center_axis',(7.34945224144971E-14,-2.01851680060085E-15,
-1.));
#9587=DIRECTION('ref_axis',(-1.,-4.98124723696926E-14,-7.3494522414497E-14));
#9588=DIRECTION('center_axis',(7.34945224144971E-14,-2.01851680060085E-15,
-1.));
#9589=DIRECTION('ref_axis',(-1.,-4.98124723696926E-14,-7.3494522414497E-14));
#9590=DIRECTION('center_axis',(-7.34945224144971E-14,2.01851680060085E-15,
1.));
#9591=DIRECTION('ref_axis',(-1.,-4.98124723696926E-14,-7.3494522414497E-14));
#9592=DIRECTION('center_axis',(-7.35222779901062E-14,2.77044057647645E-15,
1.));
#9593=DIRECTION('ref_axis',(-1.,-4.98124723696926E-14,-7.3522277990106E-14));
#9594=DIRECTION('',(-7.35222779901062E-14,2.77044057647645E-15,1.));
#9595=DIRECTION('center_axis',(7.34945224144971E-14,-2.01851680060085E-15,
-1.));
#9596=DIRECTION('ref_axis',(-1.,-4.98124723696926E-14,-7.3494522414497E-14));
#9597=DIRECTION('center_axis',(7.34945224144971E-14,-2.01851680060085E-15,
-1.));
#9598=DIRECTION('ref_axis',(-1.,-4.98124723696926E-14,-7.3494522414497E-14));
#9599=DIRECTION('center_axis',(-7.34945224144971E-14,2.01851680060085E-15,
1.));
#9600=DIRECTION('ref_axis',(-1.,-4.98124723696926E-14,-7.3494522414497E-14));
#9601=DIRECTION('center_axis',(-4.98124723696738E-14,1.,-2.55093855263909E-13));
#9602=DIRECTION('ref_axis',(-0.707106781186392,-2.15601331896426E-13,-0.707106781186703));
#9603=DIRECTION('center_axis',(-2.43328539545433E-14,1.,5.20499101684649E-18));
#9604=DIRECTION('ref_axis',(-0.707106781186392,-1.72022455524317E-14,-0.707106781186703));
#9605=DIRECTION('center_axis',(4.98124723696738E-14,-1.,2.55093855263909E-13));
#9606=DIRECTION('ref_axis',(-1.,-4.98124723696948E-14,-8.24040621871072E-14));
#9607=DIRECTION('',(4.98124723696738E-14,-1.,2.55093855263909E-13));
#9608=DIRECTION('center_axis',(-1.,-4.98124723696951E-14,-8.31394938861413E-14));
#9609=DIRECTION('ref_axis',(-8.30788429504117E-14,2.53609099532836E-13,
1.));
#9610=DIRECTION('center_axis',(9.44723523640891E-14,-0.673039194390265,
-0.739606816365631));
#9611=DIRECTION('ref_axis',(-1.,-4.98124723696948E-14,-8.24040621871079E-14));
#9612=DIRECTION('center_axis',(1.,4.98124723696951E-14,8.31394938861413E-14));
#9613=DIRECTION('ref_axis',(-5.92600298798971E-14,-0.364537669042162,0.931188642461509));
#9614=DIRECTION('center_axis',(-1.,-4.98124723696951E-14,-8.31394938861413E-14));
#9615=DIRECTION('ref_axis',(-5.92600298798971E-14,-0.364537669042162,0.931188642461509));
#9616=DIRECTION('center_axis',(-0.847848945629909,-0.203804368269261,-0.489505816991606));
#9617=DIRECTION('ref_axis',(-0.500000000000064,1.95926608270724E-13,0.866025403784402));
#9618=DIRECTION('center_axis',(-0.866025403784402,1.48654161877252E-13,
-0.500000000000064));
#9619=DIRECTION('ref_axis',(-0.500000000000064,2.00452414921507E-13,0.866025403784402));
#9620=DIRECTION('center_axis',(0.500000000000063,-1.96011522823007E-13,
-0.866025403784402));
#9621=DIRECTION('ref_axis',(0.866025403784402,4.44231574197741E-14,0.500000000000063));
#9622=DIRECTION('center_axis',(-0.467767581118883,2.02020234836124E-13,
0.883851509052391));
#9623=DIRECTION('ref_axis',(0.883851509052391,4.5322751160627E-14,0.467767581118883));
#9624=DIRECTION('center_axis',(-4.98124723696924E-14,1.,-2.66214954122827E-15));
#9625=DIRECTION('ref_axis',(7.57912251477422E-14,0.,-1.));
#9626=DIRECTION('center_axis',(0.866025403784395,4.63408153708818E-14,0.500000000000076));
#9627=DIRECTION('ref_axis',(-4.98124723696921E-14,1.,-6.4038977468394E-15));
#9628=DIRECTION('center_axis',(7.35222779901063E-14,-6.40389774683568E-15,
-1.));
#9629=DIRECTION('ref_axis',(-1.,-4.98124723696926E-14,-7.3522277990106E-14));
#9630=DIRECTION('center_axis',(4.98124723696924E-14,-1.,2.66214954122827E-15));
#9631=DIRECTION('ref_axis',(-0.919537664416648,-4.47582147066596E-14,0.393001887678896));
#9632=DIRECTION('center_axis',(7.35222779901062E-14,-2.66214954122455E-15,
-1.));
#9633=DIRECTION('ref_axis',(-0.707106781186583,0.707106781186512,-5.38705253282216E-14));
#9634=DIRECTION('center_axis',(7.35222779901063E-14,-6.40389774787052E-15,
-1.));
#9635=DIRECTION('ref_axis',(-1.,-4.98124723696926E-14,-7.3522277990106E-14));
#9636=DIRECTION('',(7.35222779901062E-14,-2.66214954122455E-15,-1.));
#9637=DIRECTION('center_axis',(4.98124723696924E-14,-1.,2.66214954122827E-15));
#9638=DIRECTION('ref_axis',(-7.57912251477426E-14,0.,1.));
#9639=DIRECTION('center_axis',(0.866025403784481,3.99369176240506E-14,-0.499999999999927));
#9640=DIRECTION('ref_axis',(-0.499999999999927,-2.82202823661534E-14,-0.866025403784481));
#9641=DIRECTION('center_axis',(4.98124723696924E-14,-1.,2.66214954122827E-15));
#9642=DIRECTION('ref_axis',(-0.8660254037844,-4.44699412680765E-14,-0.500000000000066));
#9643=DIRECTION('center_axis',(-0.866025403784476,-4.1807791726852E-14,
0.499999999999935));
#9644=DIRECTION('ref_axis',(-0.353553390593307,0.707106781186441,-0.612372435695899));
#9645=DIRECTION('center_axis',(0.866025403784481,3.99369176235293E-14,-0.499999999999926));
#9646=DIRECTION('ref_axis',(-0.499999999999926,-2.458239951927E-13,-0.866025403784481));
#9647=DIRECTION('',(0.866025403784476,4.1807791726852E-14,-0.499999999999935));
#9648=DIRECTION('center_axis',(4.98124723696924E-14,-1.,2.66214954122827E-15));
#9649=DIRECTION('ref_axis',(-7.38964445190498E-14,0.,1.));
#9650=DIRECTION('center_axis',(9.12858463841088E-14,-6.4038977495008E-15,
-1.));
#9651=DIRECTION('ref_axis',(-1.,-4.98124723696971E-14,-9.12858463841085E-14));
#9652=DIRECTION('center_axis',(-7.44837593332979E-14,2.6621495412245E-15,
1.));
#9653=DIRECTION('ref_axis',(-0.707106781186583,0.707106781186512,-5.45503953059768E-14));
#9654=DIRECTION('center_axis',(7.35222779901063E-14,-6.40389774753261E-15,
-1.));
#9655=DIRECTION('ref_axis',(-1.,-4.98124723696926E-14,-7.3522277990106E-14));
#9656=DIRECTION('center_axis',(1.,4.98124723696928E-14,7.44837593332978E-14));
#9657=DIRECTION('ref_axis',(7.43337015872105E-14,-2.53609099532836E-13,
-1.));
#9658=DIRECTION('center_axis',(-4.98124723697098E-14,1.,2.33404275571162E-13));
#9659=DIRECTION('ref_axis',(-1.,-4.98124723696926E-14,-7.3522277990106E-14));
#9660=DIRECTION('center_axis',(-4.98124723696929E-14,1.,2.22039353988208E-16));
#9661=DIRECTION('ref_axis',(-0.707106781186593,-3.5379742533175E-14,0.707106781186502));
#9662=DIRECTION('center_axis',(-2.43328539545433E-14,1.,5.20499101684649E-18));
#9663=DIRECTION('ref_axis',(-0.707106781186593,-1.72096065213246E-14,0.707106781186502));
#9664=DIRECTION('',(4.98124723696929E-14,-1.,-2.22039353988208E-16));
#9665=DIRECTION('center_axis',(0.866025403784402,4.44699412680765E-14,0.500000000000063));
#9666=DIRECTION('ref_axis',(-0.353553390593317,0.707106781186605,0.612372435695703));
#9667=DIRECTION('',(-0.866025403784402,-4.44699412680765E-14,-0.500000000000063));
#9668=DIRECTION('center_axis',(1.,4.98124723696926E-14,7.3522277990106E-14));
#9669=DIRECTION('ref_axis',(4.98124723696924E-14,-1.,2.56858184462344E-15));
#9670=DIRECTION('center_axis',(-0.500000000000063,1.96011522823007E-13,
0.866025403784402));
#9671=DIRECTION('ref_axis',(-0.866025403784402,-4.43222280538991E-14,-0.500000000000063));
#9672=DIRECTION('center_axis',(-1.,-4.98124723696951E-14,-8.31394938861413E-14));
#9673=DIRECTION('ref_axis',(4.98124723696949E-14,-1.,2.36672311287382E-15));
#9674=DIRECTION('center_axis',(-0.500000000000063,1.96011522823007E-13,
0.866025403784402));
#9675=DIRECTION('ref_axis',(-0.866025403784402,-4.43222280538993E-14,-0.500000000000063));
#9676=DIRECTION('center_axis',(1.,2.42773428033137E-14,3.15150337706773E-14));
#9677=DIRECTION('ref_axis',(2.42773428033136E-14,-1.,2.56858184462264E-15));
#9678=DIRECTION('center_axis',(0.500000000000064,1.21970806348913E-14,-0.866025403784402));
#9679=DIRECTION('ref_axis',(-0.866025403784402,-4.44231574197741E-14,-0.500000000000064));
#9680=DIRECTION('center_axis',(1.,2.43328539545453E-14,7.54452406764961E-14));
#9681=DIRECTION('ref_axis',(2.43328539545451E-14,-1.,2.56858184462152E-15));
#9682=DIRECTION('center_axis',(0.500000000000064,1.21693250592757E-14,-0.866025403784402));
#9683=DIRECTION('ref_axis',(-0.866025403784402,-4.44231574197741E-14,-0.500000000000064));
#9684=DIRECTION('center_axis',(1.,2.4277342803314E-14,7.33245126644777E-14));
#9685=DIRECTION('ref_axis',(2.42773428033138E-14,-1.,2.56858184462157E-15));
#9686=DIRECTION('center_axis',(1.,2.4277342803314E-14,7.35222779901125E-14));
#9687=DIRECTION('ref_axis',(-3.48214276096863E-14,-0.707106781186455,0.70710678118664));
#9688=DIRECTION('center_axis',(-7.35222779901125E-14,-2.22039353991935E-16,
1.));
#9689=DIRECTION('ref_axis',(-1.,-2.4288665789247E-14,-7.35222779901125E-14));
#9690=DIRECTION('',(-4.98124723696738E-14,1.,-2.55093855263909E-13));
#9691=DIRECTION('',(-1.,-2.43328539545433E-14,-7.35222779901125E-14));
#9692=DIRECTION('',(-4.98124723696738E-14,1.,-2.55093855263909E-13));
#9693=DIRECTION('',(2.47198999636352E-14,-1.,-2.22039353990076E-16));
#9694=DIRECTION('',(-1.,-2.42877685638002E-14,-7.31615948641677E-14));
#9695=DIRECTION('',(-2.40055893602509E-14,1.,2.22039353990126E-16));
#9696=DIRECTION('',(2.48907035052979E-14,-1.,-2.22039353990076E-16));
#9697=DIRECTION('',(-1.,-2.42877685638002E-14,-7.31615948641677E-14));
#9698=DIRECTION('',(-2.41763929019137E-14,1.,2.22039353990126E-16));
#9699=DIRECTION('',(-2.4277342803314E-14,1.,2.22039353990126E-16));
#9700=DIRECTION('',(-1.,-2.43328539545433E-14,-7.35222779901125E-14));
#9701=DIRECTION('center_axis',(2.43328539545433E-14,-1.,-5.20499101684649E-18));
#9702=DIRECTION('ref_axis',(1.,2.43328539545433E-14,7.35222779901125E-14));
#9703=DIRECTION('center_axis',(-2.43328539545433E-14,1.,5.20499101684649E-18));
#9704=DIRECTION('ref_axis',(0.707106781186489,1.7202245552434E-14,0.707106781186606));
#9705=DIRECTION('center_axis',(-2.43328539545433E-14,1.,5.20499101684649E-18));
#9706=DIRECTION('ref_axis',(0.7071067811866,1.72096065213248E-14,-0.707106781186496));
#9707=DIRECTION('',(-1.,-2.43328539545433E-14,-7.35222779901125E-14));
#9708=DIRECTION('center_axis',(-2.43328539545433E-14,1.,5.20499101684649E-18));
#9709=DIRECTION('ref_axis',(-0.707106781186497,-1.72022455524342E-14,-0.707106781186598));
#9710=DIRECTION('center_axis',(0.499999999999935,2.45823995192699E-13,0.866025403784476));
#9711=DIRECTION('ref_axis',(0.866025403784476,-8.4408061134488E-14,-0.499999999999935));
#9712=DIRECTION('',(2.43782721691887E-14,-1.,-8.63016595132238E-16));
#9713=DIRECTION('center_axis',(4.9812472369695E-14,-1.,1.86648809973166E-16));
#9714=DIRECTION('ref_axis',(-0.707106781186601,-3.50907563610491E-14,0.707106781186494));
#9715=DIRECTION('center_axis',(-2.43328539545433E-14,1.,5.20499101684649E-18));
#9716=DIRECTION('ref_axis',(-0.707106781186601,-1.72096065213248E-14,0.707106781186494));
#9717=DIRECTION('',(-4.9812472369695E-14,1.,-1.86648809973166E-16));
#9718=DIRECTION('center_axis',(2.42773428033137E-14,-1.,-8.63016595132238E-16));
#9719=DIRECTION('ref_axis',(-3.81339190619804E-14,-8.63016595133164E-16,
1.));
#9720=DIRECTION('',(-2.42773428033137E-14,1.,8.63016595132238E-16));
#9721=DIRECTION('center_axis',(-1.,-2.42773428033137E-14,-3.15150337706773E-14));
#9722=DIRECTION('ref_axis',(-3.15150337706773E-14,-5.20499101765043E-18,
1.));
#9723=DIRECTION('',(-2.42773428033137E-14,1.,8.63016595132238E-16));
#9724=DIRECTION('center_axis',(2.42773428033137E-14,-1.,-8.63016595132238E-16));
#9725=DIRECTION('ref_axis',(1.,2.42773428033137E-14,3.51733243296478E-14));
#9726=DIRECTION('',(-2.42773428033137E-14,1.,8.63016595132238E-16));
#9727=DIRECTION('center_axis',(2.43782721691887E-14,-1.,-8.63016595132238E-16));
#9728=DIRECTION('ref_axis',(-1.,-2.43782721691886E-14,-7.07004611176537E-14));
#9729=DIRECTION('',(-2.43782721691887E-14,1.,8.63016595132238E-16));
#9730=DIRECTION('',(2.43782721691887E-14,-1.,-8.63016595132238E-16));
#9731=DIRECTION('center_axis',(2.43782721691887E-14,-1.,-8.63016595132238E-16));
#9732=DIRECTION('ref_axis',(-0.499999999999942,-1.14417417893208E-14,-0.866025403784472));
#9733=DIRECTION('',(2.43782721691887E-14,-1.,-8.63016595132238E-16));
#9734=DIRECTION('center_axis',(2.43328539545433E-14,-1.,-5.20499101684649E-18));
#9735=DIRECTION('ref_axis',(1.,2.43328539545433E-14,7.35222779901125E-14));
#9736=DIRECTION('',(7.23922295361356E-14,5.20499101865516E-18,-1.));
#9737=DIRECTION('center_axis',(-2.43328539545433E-14,1.,5.20499101684649E-18));
#9738=DIRECTION('ref_axis',(0.707106781186593,1.72096065213246E-14,-0.707106781186502));
#9739=DIRECTION('center_axis',(1.,4.98124723696926E-14,7.3522277990106E-14));
#9740=DIRECTION('ref_axis',(7.35222779901187E-14,-2.55093855263905E-13,
-1.));
#9741=DIRECTION('center_axis',(-4.98124723696928E-14,1.,-1.86648809973216E-16));
#9742=DIRECTION('ref_axis',(-0.707106781186497,-3.53547176395073E-14,-0.707106781186598));
#9743=DIRECTION('center_axis',(7.41570185881644E-14,-0.573576436351051,
-0.819152044288989));
#9744=DIRECTION('ref_axis',(-8.9415062081849E-15,0.819152044288988,-0.573576436351051));
#9745=DIRECTION('',(-4.98124723696928E-14,1.,-1.86648809973216E-16));
#9746=DIRECTION('center_axis',(7.41570185881644E-14,-0.573576436351051,
-0.819152044288989));
#9747=DIRECTION('ref_axis',(-2.22838112147408E-14,-0.819152044288988,0.573576436351051));
#9748=DIRECTION('',(1.,2.42881216676308E-14,7.35222779901125E-14));
#9749=DIRECTION('center_axis',(7.41570185881644E-14,-0.573576436351051,
-0.819152044288989));
#9750=DIRECTION('ref_axis',(2.23411840475172E-14,0.819152044288988,-0.573576436351051));
#9751=DIRECTION('center_axis',(0.500000000000066,-1.96011522823006E-13,
-0.866025403784401));
#9752=DIRECTION('ref_axis',(-0.866025403784401,-2.10702671757018E-14,-0.500000000000066));
#9753=DIRECTION('',(-4.98124723696738E-14,1.,-2.55093855263909E-13));
#9754=DIRECTION('',(0.866025403784401,2.10702671757018E-14,0.500000000000066));
#9755=DIRECTION('',(-4.98124723696738E-14,1.,-2.55093855263909E-13));
#9756=DIRECTION('center_axis',(0.500000000000063,-1.96011522823007E-13,
-0.866025403784402));
#9757=DIRECTION('ref_axis',(-0.866025403784402,-1.70685794129417E-13,-0.500000000000063));
#9758=DIRECTION('',(-4.98124723696738E-14,1.,-2.55093855263909E-13));
#9759=DIRECTION('center_axis',(4.98124723696738E-14,-1.,2.55093855263909E-13));
#9760=DIRECTION('ref_axis',(1.,4.98124723696926E-14,7.3522277990106E-14));
#9761=DIRECTION('',(-4.98124723696738E-14,1.,-2.55093855263909E-13));
#9762=DIRECTION('center_axis',(1.,4.98124723696951E-14,8.31394938861413E-14));
#9763=DIRECTION('ref_axis',(8.3139493886154E-14,-2.55093855263905E-13,-1.));
#9764=DIRECTION('center_axis',(0.500000000000063,-1.96011522823007E-13,
-0.866025403784402));
#9765=DIRECTION('ref_axis',(-0.866025403784402,-1.70685794129417E-13,-0.500000000000063));
#9766=DIRECTION('',(-4.98124723696738E-14,1.,-2.55093855263909E-13));
#9767=DIRECTION('center_axis',(4.98124723696738E-14,-1.,2.55093855263909E-13));
#9768=DIRECTION('ref_axis',(1.,4.98124723696926E-14,7.3522277990106E-14));
#9769=DIRECTION('',(-4.98124723696738E-14,1.,-2.55093855263909E-13));
#9770=DIRECTION('center_axis',(1.,4.98124723696951E-14,8.31394938861413E-14));
#9771=DIRECTION('ref_axis',(8.3139493886154E-14,-2.55093855263905E-13,-1.));
#9772=DIRECTION('',(-4.98124723696738E-14,1.,-2.55093855263909E-13));
#9773=DIRECTION('center_axis',(4.98124723696738E-14,-1.,2.55093855263909E-13));
#9774=DIRECTION('ref_axis',(-7.35222779901187E-14,2.55093855263905E-13,
1.));
#9775=DIRECTION('center_axis',(0.500000000000063,-1.96011522823007E-13,
-0.866025403784402));
#9776=DIRECTION('ref_axis',(-0.866025403784402,-1.70685794129417E-13,-0.500000000000063));
#9777=DIRECTION('center_axis',(4.98124723696738E-14,-1.,2.55093855263909E-13));
#9778=DIRECTION('ref_axis',(0.499999999999944,2.45823995192698E-13,0.866025403784471));
#9779=DIRECTION('center_axis',(-2.43328539545433E-14,1.,5.20499101684649E-18));
#9780=DIRECTION('ref_axis',(0.499999999999944,1.21619193228232E-14,0.866025403784471));
#9781=DIRECTION('',(-4.98124723696738E-14,1.,-2.55093855263909E-13));
#9782=DIRECTION('center_axis',(4.98124723696738E-14,-1.,2.55093855263909E-13));
#9783=DIRECTION('ref_axis',(7.35222779901187E-14,-2.55093855263905E-13,
-1.));
#9784=DIRECTION('center_axis',(-2.43328539545433E-14,1.,5.20499101684649E-18));
#9785=DIRECTION('ref_axis',(7.35222779901125E-14,5.2049910186355E-18,-1.));
#9786=DIRECTION('center_axis',(-0.499999999999939,-2.45823995192699E-13,
-0.866025403784474));
#9787=DIRECTION('ref_axis',(-0.866025403784474,-2.10754721667204E-14,0.499999999999939));
#9788=DIRECTION('',(0.866025403784474,2.10754721667204E-14,-0.499999999999939));
#9789=DIRECTION('',(-4.98124723696738E-14,1.,-2.55093855263909E-13));
#9790=DIRECTION('center_axis',(4.98124723696738E-14,-1.,2.55093855263909E-13));
#9791=DIRECTION('ref_axis',(-0.500000000000065,1.96011522823006E-13,0.866025403784401));
#9792=DIRECTION('center_axis',(-2.43328539545433E-14,1.,5.20499101684649E-18));
#9793=DIRECTION('ref_axis',(-0.500000000000065,-1.21709346317203E-14,0.866025403784401));
#9794=DIRECTION('center_axis',(2.43328539545433E-14,-1.,-5.20499101684649E-18));
#9795=DIRECTION('ref_axis',(7.3522277990106E-14,5.2049910186355E-18,-1.));
#9796=DIRECTION('center_axis',(-7.35222779901125E-14,1.86648809969489E-16,
1.));
#9797=DIRECTION('ref_axis',(-1.,-2.43328539545433E-14,-7.35222779901125E-14));
#9798=DIRECTION('',(2.4277342803314E-14,-1.,1.86648809971297E-16));
#9799=DIRECTION('center_axis',(-2.4277342803314E-14,1.,-1.86648809971297E-16));
#9800=DIRECTION('ref_axis',(0.7071067811866,1.70346930861839E-14,-0.707106781186496));
#9801=DIRECTION('center_axis',(-2.42773428032952E-14,1.,-2.55093855263907E-13));
#9802=DIRECTION('ref_axis',(0.707106781186593,-1.63211921170715E-13,-0.707106781186502));
#9803=DIRECTION('center_axis',(2.31671197786698E-14,-1.,2.55093855263907E-13));
#9804=DIRECTION('ref_axis',(7.35222779901187E-14,-2.55093855263905E-13,
-1.));
#9805=DIRECTION('center_axis',(-1.,-2.4277342803314E-14,-7.35222779901125E-14));
#9806=DIRECTION('ref_axis',(-7.32405589168103E-14,2.53609099532836E-13,
1.));
#9807=DIRECTION('center_axis',(7.3522277990113E-14,-6.40389774787052E-15,
-1.));
#9808=DIRECTION('ref_axis',(-3.20489039756896E-14,1.,-6.40389774787288E-15));
#9809=DIRECTION('center_axis',(-7.35222779901126E-14,2.66214954122455E-15,
1.));
#9810=DIRECTION('ref_axis',(0.707106781186516,0.707106781186579,5.01056773419561E-14));
#9811=DIRECTION('center_axis',(7.3522277990113E-14,-6.40389774787163E-15,
-1.));
#9812=DIRECTION('ref_axis',(-4.98124723696921E-14,1.,-6.40389774787529E-15));
#9813=DIRECTION('center_axis',(1.,2.4277342803314E-14,7.35222779901125E-14));
#9814=DIRECTION('ref_axis',(7.32405589168103E-14,-2.53609099532836E-13,
-1.));
#9815=DIRECTION('center_axis',(-2.31671197786875E-14,1.,2.47788644912554E-15));
#9816=DIRECTION('ref_axis',(-7.35222779901059E-14,-2.47788644912724E-15,
1.));
#9817=DIRECTION('center_axis',(2.4277342803314E-14,-1.,-2.22039353990126E-16));
#9818=DIRECTION('ref_axis',(0.707106781186489,1.70096681925156E-14,0.707106781186606));
#9819=DIRECTION('center_axis',(-1.,-2.42436996813557E-14,-7.35222779901125E-14));
#9820=DIRECTION('ref_axis',(-7.35222779901125E-14,-5.20499101865503E-18,
1.));
#9821=DIRECTION('',(-2.42436996813557E-14,1.,5.55816681287183E-17));
#9822=DIRECTION('',(2.42436996813557E-14,-1.,-5.55816681287183E-17));
#9823=DIRECTION('center_axis',(-0.500000000000063,-1.21699849772636E-14,
0.866025403784402));
#9824=DIRECTION('ref_axis',(0.866025403784402,2.10702671757019E-14,0.500000000000063));
#9825=DIRECTION('',(2.42436996813557E-14,-1.,-5.55816681287183E-17));
#9826=DIRECTION('',(2.42436996813557E-14,-1.,-5.55816681287183E-17));
#9827=DIRECTION('center_axis',(2.42436996813557E-14,-1.,-5.55816681287183E-17));
#9828=DIRECTION('ref_axis',(1.,2.42436996813557E-14,7.35222779901125E-14));
#9829=DIRECTION('center_axis',(2.4277342803314E-14,-1.,-3.53957949538348E-17));
#9830=DIRECTION('ref_axis',(0.866025403784475,2.1042493501531E-14,-0.499999999999937));
#9831=DIRECTION('',(2.4277342803314E-14,-1.,-3.53957949538348E-17));
#9832=DIRECTION('',(-2.4277342803314E-14,1.,3.53957949538348E-17));
#9833=DIRECTION('center_axis',(-0.500000000000064,-1.21693250592757E-14,
0.866025403784402));
#9834=DIRECTION('ref_axis',(0.866025403784402,2.10702671757018E-14,0.500000000000064));
#9835=DIRECTION('',(-2.4277342803314E-14,1.,3.53957949538348E-17));
#9836=DIRECTION('center_axis',(2.42773428032953E-14,-1.,2.55093855263907E-13));
#9837=DIRECTION('ref_axis',(0.707106781186496,1.97545268621541E-13,0.7071067811866));
#9838=DIRECTION('',(-2.42773428032953E-14,1.,-2.55093855263907E-13));
#9839=DIRECTION('center_axis',(-1.,-2.4277342803314E-14,-7.33245126644777E-14));
#9840=DIRECTION('ref_axis',(-7.33245126644777E-14,9.36776717987428E-17,
1.));
#9841=DIRECTION('center_axis',(2.4277342803314E-14,-1.,-3.53957949538348E-17));
#9842=DIRECTION('ref_axis',(-0.499999999999943,-1.21080177440385E-14,-0.866025403784471));
#9843=DIRECTION('',(-2.4277342803314E-14,1.,3.53957949538348E-17));
#9844=DIRECTION('',(2.4277342803314E-14,-1.,-3.53957949538348E-17));
#9845=DIRECTION('center_axis',(2.4277342803314E-14,-1.,-3.53957949538348E-17));
#9846=DIRECTION('ref_axis',(0.500000000000071,1.21693250592759E-14,-0.866025403784398));
#9847=DIRECTION('',(-2.4277342803314E-14,1.,3.53957949538348E-17));
#9848=DIRECTION('center_axis',(0.499999999999937,1.21080177440383E-14,0.866025403784475));
#9849=DIRECTION('ref_axis',(0.866025403784475,2.10754721667204E-14,-0.499999999999937));
#9850=DIRECTION('center_axis',(-0.499999999999934,-1.20737147040921E-14,
-0.866025403784477));
#9851=DIRECTION('ref_axis',(-0.866025403784477,-2.10754721667205E-14,0.499999999999934));
#9852=DIRECTION('',(-2.42436996813557E-14,1.,5.55816681287183E-17));
#9853=DIRECTION('center_axis',(2.42436996813557E-14,-1.,-5.55816681287183E-17));
#9854=DIRECTION('ref_axis',(0.499999999999932,1.2073714704092E-14,0.866025403784478));
#9855=DIRECTION('center_axis',(-1.,-2.41663205008515E-14,-7.35222779901125E-14));
#9856=DIRECTION('ref_axis',(-7.35222779901187E-14,2.55093855263905E-13,
1.));
#9857=DIRECTION('center_axis',(-2.45335482036059E-14,1.,4.28243063564517E-16));
#9858=DIRECTION('ref_axis',(0.499999999999937,1.189590472976E-14,0.866025403784475));
#9859=DIRECTION('',(2.45335482036059E-14,-1.,-4.28243063564517E-16));
#9860=DIRECTION('center_axis',(-2.43328539545433E-14,1.,5.20499101684649E-18));
#9861=DIRECTION('ref_axis',(0.499999999999937,1.21619193228231E-14,0.866025403784475));
#9862=DIRECTION('',(2.45335482036059E-14,-1.,-4.28243063564517E-16));
#9863=DIRECTION('center_axis',(-2.48907035052979E-14,1.,2.22039353990076E-16));
#9864=DIRECTION('ref_axis',(-0.96592582628904,-2.39851053366955E-14,-0.258819045102627));
#9865=DIRECTION('center_axis',(2.43328539545433E-14,-1.,-5.20499101684649E-18));
#9866=DIRECTION('ref_axis',(-0.96592582628904,-2.3502384911208E-14,-0.258819045102627));
#9867=DIRECTION('',(-2.48907035052979E-14,1.,2.22039353990076E-16));
#9868=DIRECTION('center_axis',(0.500000000000063,1.26376434738458E-14,-0.866025403784402));
#9869=DIRECTION('ref_axis',(0.866025403784402,2.10702671757018E-14,0.500000000000063));
#9870=DIRECTION('',(0.866025403784402,2.10702671757019E-14,0.500000000000063));
#9871=DIRECTION('center_axis',(2.43328539545433E-14,-1.,-5.20499101684649E-18));
#9872=DIRECTION('ref_axis',(1.,2.43328539545433E-14,7.35222779901125E-14));
#9873=DIRECTION('',(0.866025403784474,2.01139908235286E-14,-0.499999999999938));
#9874=DIRECTION('center_axis',(2.43328539545433E-14,-1.,-5.20499101684649E-18));
#9875=DIRECTION('ref_axis',(0.965925826289077,2.35050792128184E-14,-0.258819045102489));
#9876=DIRECTION('center_axis',(2.43328539545453E-14,-1.,-3.53957949537843E-17));
#9877=DIRECTION('ref_axis',(1.,2.43328539545453E-14,7.35222779901125E-14));
#9878=DIRECTION('',(-2.43328539545453E-14,1.,3.53957949537843E-17));
#9879=DIRECTION('',(-2.43328539545453E-14,1.,3.53957949537843E-17));
#9880=DIRECTION('center_axis',(-0.500000000000064,-1.21970806348913E-14,
0.866025403784402));
#9881=DIRECTION('ref_axis',(0.866025403784402,2.10702671757018E-14,0.500000000000064));
#9882=DIRECTION('center_axis',(2.4332853954526E-14,-1.,2.55093855263907E-13));
#9883=DIRECTION('ref_axis',(0.707106781186496,1.97584520933008E-13,0.7071067811866));
#9884=DIRECTION('',(-2.4332853954526E-14,1.,-2.55093855263907E-13));
#9885=DIRECTION('center_axis',(-1.,-2.43328539545453E-14,-7.54452406764961E-14));
#9886=DIRECTION('ref_axis',(-7.54452406764961E-14,-5.20499101870528E-18,
1.));
#9887=DIRECTION('center_axis',(2.4277342803314E-14,-1.,-3.53957949538348E-17));
#9888=DIRECTION('ref_axis',(0.500000000000064,1.21693250592757E-14,-0.866025403784402));
#9889=DIRECTION('center_axis',(-2.42436996813557E-14,1.,5.55816681287183E-17));
#9890=DIRECTION('ref_axis',(7.01036776587574E-14,5.55816681304179E-17,-1.));
#9891=DIRECTION('center_axis',(-0.499999999999938,-1.189590472976E-14,-0.866025403784474));
#9892=DIRECTION('ref_axis',(0.866025403784474,2.01139908235286E-14,-0.499999999999938));
#9893=DIRECTION('',(2.41763929019137E-14,-1.,-2.22039353990126E-16));
#9894=DIRECTION('center_axis',(-2.41763929019137E-14,1.,2.22039353990126E-16));
#9895=DIRECTION('ref_axis',(0.965925826289077,2.34100703040453E-14,-0.258819045102489));
#9896=DIRECTION('center_axis',(-7.3522277990106E-14,5.97661785837856E-17,
1.));
#9897=DIRECTION('ref_axis',(-1.,-4.98124723696926E-14,-7.3522277990106E-14));
#9898=DIRECTION('',(-7.3522277990106E-14,5.97661785837856E-17,1.));
#9899=DIRECTION('center_axis',(-7.3522277990106E-14,5.97661785837856E-17,
1.));
#9900=DIRECTION('ref_axis',(-1.,-4.98124723696926E-14,-7.3522277990106E-14));
#9901=DIRECTION('',(-7.3522277990106E-14,5.97661785837856E-17,1.));
#9902=DIRECTION('center_axis',(-7.35222779901125E-14,-2.01352011566955E-15,
1.));
#9903=DIRECTION('ref_axis',(1.,4.98124723696926E-14,7.35222779901126E-14));
#9904=DIRECTION('center_axis',(7.35222779901125E-14,2.01352011566955E-15,
-1.));
#9905=DIRECTION('ref_axis',(1.,4.98124723696926E-14,7.35222779901126E-14));
#9906=DIRECTION('center_axis',(7.35222779901059E-14,1.84347329220252E-15,
-1.));
#9907=DIRECTION('ref_axis',(1.,4.98124723696926E-14,7.3522277990106E-14));
#9908=DIRECTION('',(7.35222779901059E-14,1.84347329220252E-15,-1.));
#9909=DIRECTION('center_axis',(0.500000000000064,1.25522417030145E-14,-0.866025403784402));
#9910=DIRECTION('ref_axis',(0.866025403784402,2.10702671757018E-14,0.500000000000064));
#9911=DIRECTION('',(-2.47198999636352E-14,1.,2.22039353990076E-16));
#9912=DIRECTION('',(2.43627446619431E-14,-1.,-4.28243063564568E-16));
#9913=DIRECTION('',(0.866025403784402,2.10702671757018E-14,0.500000000000064));
#9914=DIRECTION('center_axis',(-2.43627446619431E-14,1.,4.28243063564568E-16));
#9915=DIRECTION('ref_axis',(0.499999999999938,1.18105029589286E-14,0.866025403784475));
#9916=DIRECTION('',(2.43627446619431E-14,-1.,-4.28243063564568E-16));
#9917=DIRECTION('center_axis',(-2.43328539545433E-14,1.,5.20499101684649E-18));
#9918=DIRECTION('ref_axis',(0.499999999999938,1.21619193228231E-14,0.866025403784475));
#9919=DIRECTION('center_axis',(-0.499999999999939,-1.18105029589286E-14,
-0.866025403784474));
#9920=DIRECTION('ref_axis',(0.866025403784474,2.10754721667204E-14,-0.499999999999939));
#9921=DIRECTION('',(2.40055893602509E-14,-1.,-2.22039353990126E-16));
#9922=DIRECTION('',(0.866025403784474,2.10754721667204E-14,-0.499999999999939));
#9923=DIRECTION('center_axis',(2.43328539545433E-14,-1.,-5.20499101684649E-18));
#9924=DIRECTION('ref_axis',(1.,2.43328539545433E-14,7.35222779901125E-14));
#9925=DIRECTION('center_axis',(2.43328539545433E-14,-1.,-5.20499101684649E-18));
#9926=DIRECTION('ref_axis',(0.965925826289079,2.35050792128185E-14,-0.25881904510248));
#9927=DIRECTION('center_axis',(2.43328539545433E-14,-1.,-5.20499101684649E-18));
#9928=DIRECTION('ref_axis',(-0.96592582628904,-2.3502384911208E-14,-0.258819045102627));
#9929=DIRECTION('center_axis',(-2.47198999636352E-14,1.,2.22039353990076E-16));
#9930=DIRECTION('ref_axis',(-0.96592582628904,-2.38201217845818E-14,-0.258819045102627));
#9931=DIRECTION('center_axis',(-2.40055893602509E-14,1.,2.22039353990126E-16));
#9932=DIRECTION('ref_axis',(0.965925826289079,2.32450867519316E-14,-0.25881904510248));
#9933=DIRECTION('axis',(0.,0.,1.));
#9934=DIRECTION('refdir',(1.,0.,0.));
#9935=DIRECTION('center_axis',(-1.,4.99600361082177E-16,2.22044566604488E-15));
#9936=DIRECTION('ref_axis',(2.22044566604489E-15,3.40597615085944E-21,1.));
#9937=DIRECTION('',(2.22044566604489E-15,3.40597615085944E-21,1.));
#9938=DIRECTION('',(4.99600361082182E-16,1.,2.31457627383202E-15));
#9939=DIRECTION('',(2.22044566604489E-15,3.40597615085944E-21,1.));
#9940=DIRECTION('',(4.99600361082182E-16,1.,2.31457627383202E-15));
#9941=DIRECTION('center_axis',(-0.499999999999995,-1.75468167159417E-15,
0.866025403784441));
#9942=DIRECTION('ref_axis',(0.866025403784441,1.70299532032827E-21,0.499999999999995));
#9943=DIRECTION('',(0.866025403784441,1.70299532032827E-21,0.499999999999995));
#9944=DIRECTION('',(0.866025403784441,1.70299532032827E-21,0.499999999999995));
#9945=DIRECTION('',(4.99600361082182E-16,1.,2.31457627383202E-15));
#9946=DIRECTION('center_axis',(0.500000000000001,-2.25428203267632E-15,
0.866025403784438));
#9947=DIRECTION('ref_axis',(0.866025403784438,-1.70298085577471E-21,-0.500000000000001));
#9948=DIRECTION('',(0.866025403784438,-1.70298085577471E-21,-0.500000000000001));
#9949=DIRECTION('',(0.866025403784438,-1.70298085577471E-21,-0.500000000000001));
#9950=DIRECTION('',(4.99600361082182E-16,1.,2.31457627383202E-15));
#9951=DIRECTION('center_axis',(1.,-4.99600361082176E-16,-2.59052000758661E-15));
#9952=DIRECTION('ref_axis',(-2.59052000758661E-15,-3.40597615085944E-21,
-1.));
#9953=DIRECTION('',(-2.59052000758661E-15,-3.40597615085944E-21,-1.));
#9954=DIRECTION('',(-2.59052000758661E-15,-3.40597615085944E-21,-1.));
#9955=DIRECTION('',(4.99600361082182E-16,1.,2.31457627383202E-15));
#9956=DIRECTION('center_axis',(0.499999999999996,1.75468167159417E-15,-0.866025403784441));
#9957=DIRECTION('ref_axis',(-0.866025403784441,-1.70299534557182E-21,-0.499999999999996));
#9958=DIRECTION('',(-0.866025403784441,-1.70299534557182E-21,-0.499999999999996));
#9959=DIRECTION('',(-0.866025403784441,-1.70299534557182E-21,-0.499999999999996));
#9960=DIRECTION('',(4.99600361082182E-16,1.,2.31457627383202E-15));
#9961=DIRECTION('center_axis',(-0.499999999999999,2.25428203267632E-15,
-0.866025403784439));
#9962=DIRECTION('ref_axis',(-0.866025403784439,1.70298085577471E-21,0.499999999999999));
#9963=DIRECTION('',(-0.866025403784439,1.70298085577471E-21,0.499999999999999));
#9964=DIRECTION('',(-0.866025403784439,1.70298085577471E-21,0.499999999999999));
#9965=DIRECTION('center_axis',(-1.,4.99600361082176E-16,2.5905200075866E-15));
#9966=DIRECTION('ref_axis',(2.59052000758661E-15,3.40597615085944E-21,1.));
#9967=DIRECTION('',(2.59052000758661E-15,3.40597615085944E-21,1.));
#9968=DIRECTION('',(4.99600361082182E-16,1.,2.31457627383202E-15));
#9969=DIRECTION('',(2.59052000758661E-15,3.40597615085944E-21,1.));
#9970=DIRECTION('',(4.99600361082182E-16,1.,2.31457627383202E-15));
#9971=DIRECTION('center_axis',(-0.499999999999996,-1.75468167159417E-15,
0.866025403784441));
#9972=DIRECTION('ref_axis',(0.866025403784441,1.70299532032827E-21,0.499999999999996));
#9973=DIRECTION('',(0.866025403784441,1.70299532032827E-21,0.499999999999996));
#9974=DIRECTION('',(0.866025403784441,1.70299532032827E-21,0.499999999999996));
#9975=DIRECTION('',(4.99600361082182E-16,1.,2.31457627383202E-15));
#9976=DIRECTION('center_axis',(0.500000000000001,-2.25428203267632E-15,
0.866025403784438));
#9977=DIRECTION('ref_axis',(0.866025403784438,-1.70298085577471E-21,-0.500000000000001));
#9978=DIRECTION('',(0.866025403784438,-1.70298085577471E-21,-0.500000000000001));
#9979=DIRECTION('',(0.866025403784438,-1.70298085577471E-21,-0.500000000000001));
#9980=DIRECTION('',(4.99600361082182E-16,1.,2.31457627383202E-15));
#9981=DIRECTION('center_axis',(1.,-4.99600361082176E-16,-2.59052000758661E-15));
#9982=DIRECTION('ref_axis',(-2.59052000758661E-15,-3.40597615085944E-21,
-1.));
#9983=DIRECTION('',(-2.59052000758661E-15,-3.40597615085944E-21,-1.));
#9984=DIRECTION('',(-2.59052000758661E-15,-3.40597615085944E-21,-1.));
#9985=DIRECTION('',(4.99600361082182E-16,1.,2.31457627383202E-15));
#9986=DIRECTION('center_axis',(0.499999999999996,1.75468167159417E-15,-0.866025403784441));
#9987=DIRECTION('ref_axis',(-0.866025403784441,-1.70299534557182E-21,-0.499999999999996));
#9988=DIRECTION('',(-0.866025403784441,-1.70299534557182E-21,-0.499999999999996));
#9989=DIRECTION('',(-0.866025403784441,-1.70299534557182E-21,-0.499999999999996));
#9990=DIRECTION('',(4.99600361082182E-16,1.,2.31457627383202E-15));
#9991=DIRECTION('center_axis',(-0.499999999999999,2.25428203267632E-15,
-0.866025403784439));
#9992=DIRECTION('ref_axis',(-0.866025403784439,1.70298085577471E-21,0.499999999999999));
#9993=DIRECTION('',(-0.866025403784439,1.70298085577471E-21,0.499999999999999));
#9994=DIRECTION('',(-0.866025403784439,1.70298085577471E-21,0.499999999999999));
#9995=DIRECTION('center_axis',(-1.,4.99600361082186E-16,-1.4802977493723E-15));
#9996=DIRECTION('ref_axis',(-1.4802977493723E-15,3.40597615085944E-21,1.));
#9997=DIRECTION('',(-1.4802977493723E-15,3.40597615085944E-21,1.));
#9998=DIRECTION('',(4.99600361082182E-16,1.,2.31457627383202E-15));
#9999=DIRECTION('',(-1.4802977493723E-15,3.40597615085944E-21,1.));
#10000=DIRECTION('',(4.99600361082182E-16,1.,2.31457627383202E-15));
#10001=DIRECTION('center_axis',(-0.500000000000003,-1.75468167159417E-15,
0.866025403784437));
#10002=DIRECTION('ref_axis',(0.866025403784437,1.70299534557182E-21,0.500000000000003));
#10003=DIRECTION('',(0.866025403784437,1.70299534557182E-21,0.500000000000003));
#10004=DIRECTION('',(0.866025403784437,1.70299534557182E-21,0.500000000000003));
#10005=DIRECTION('',(4.99600361082182E-16,1.,2.31457627383202E-15));
#10006=DIRECTION('center_axis',(0.500000000000038,-2.25428203267632E-15,
0.866025403784417));
#10007=DIRECTION('ref_axis',(0.866025403784412,1.03273769377968E-7,-0.500000000000036));
#10008=DIRECTION('',(0.866025403784412,1.03273769377968E-7,-0.500000000000036));
#10009=DIRECTION('',(0.866025403784412,1.03273769377968E-7,-0.500000000000036));
#10010=DIRECTION('',(4.99600361082182E-16,1.,2.31457627383202E-15));
#10011=DIRECTION('center_axis',(1.,-4.99600361082245E-16,2.72004645381183E-14));
#10012=DIRECTION('ref_axis',(2.72004644865225E-14,-1.03273769377976E-7,
-0.999999999999995));
#10013=DIRECTION('',(2.72004644865225E-14,-1.03273769377976E-7,-0.999999999999995));
#10014=DIRECTION('',(2.72004644865225E-14,-1.03273769377976E-7,-0.999999999999995));
#10015=DIRECTION('',(4.99600361082182E-16,1.,2.31457627383202E-15));
#10016=DIRECTION('center_axis',(0.499999999999999,1.75468167159417E-15,
-0.866025403784439));
#10017=DIRECTION('ref_axis',(-0.866025403784439,-1.70299534557182E-21,-0.499999999999999));
#10018=DIRECTION('',(-0.866025403784439,-1.70299534557182E-21,-0.499999999999999));
#10019=DIRECTION('',(-0.866025403784439,-1.70299534557182E-21,-0.499999999999999));
#10020=DIRECTION('',(4.99600361082182E-16,1.,2.31457627383202E-15));
#10021=DIRECTION('center_axis',(-0.499999999999996,2.25428203267632E-15,
-0.866025403784441));
#10022=DIRECTION('ref_axis',(-0.866025403784441,1.70298088101826E-21,0.499999999999996));
#10023=DIRECTION('',(-0.866025403784441,1.70298085577471E-21,0.499999999999996));
#10024=DIRECTION('',(-0.866025403784441,1.70298085577471E-21,0.499999999999996));
#10025=DIRECTION('center_axis',(-1.,4.99600361082186E-16,-1.4802977493723E-15));
#10026=DIRECTION('ref_axis',(-1.4802977493723E-15,3.40597615085944E-21,
1.));
#10027=DIRECTION('',(-1.4802977493723E-15,3.40597615085944E-21,1.));
#10028=DIRECTION('',(4.99600361082182E-16,1.,2.31457627383202E-15));
#10029=DIRECTION('',(-1.4802977493723E-15,3.40597615085944E-21,1.));
#10030=DIRECTION('',(4.99600361082182E-16,1.,2.31457627383202E-15));
#10031=DIRECTION('center_axis',(-0.500000000000003,-1.75468167159417E-15,
0.866025403784437));
#10032=DIRECTION('ref_axis',(0.866025403784437,1.70299534557182E-21,0.500000000000003));
#10033=DIRECTION('',(0.866025403784437,1.70299534557182E-21,0.500000000000003));
#10034=DIRECTION('',(0.866025403784437,1.70299534557182E-21,0.500000000000003));
#10035=DIRECTION('',(4.99600361082182E-16,1.,2.31457627383202E-15));
#10036=DIRECTION('center_axis',(0.500000000000038,-2.25428203267632E-15,
0.866025403784417));
#10037=DIRECTION('ref_axis',(0.866025403784412,1.03273769377968E-7,-0.500000000000036));
#10038=DIRECTION('',(0.866025403784412,1.03273769377968E-7,-0.500000000000036));
#10039=DIRECTION('',(0.866025403784412,1.03273769377968E-7,-0.500000000000036));
#10040=DIRECTION('',(4.99600361082182E-16,1.,2.31457627383202E-15));
#10041=DIRECTION('center_axis',(1.,-4.99600361082245E-16,2.72004645381183E-14));
#10042=DIRECTION('ref_axis',(2.72004644865225E-14,-1.03273769377976E-7,
-0.999999999999995));
#10043=DIRECTION('',(2.72004644865225E-14,-1.03273769377976E-7,-0.999999999999995));
#10044=DIRECTION('',(2.72004644865225E-14,-1.03273769377976E-7,-0.999999999999995));
#10045=DIRECTION('',(4.99600361082182E-16,1.,2.31457627383202E-15));
#10046=DIRECTION('center_axis',(0.499999999999999,1.75468167159417E-15,
-0.866025403784439));
#10047=DIRECTION('ref_axis',(-0.866025403784439,-1.70299534557182E-21,-0.499999999999999));
#10048=DIRECTION('',(-0.866025403784439,-1.70299534557182E-21,-0.499999999999999));
#10049=DIRECTION('',(-0.866025403784439,-1.70299534557182E-21,-0.499999999999999));
#10050=DIRECTION('',(4.99600361082182E-16,1.,2.31457627383202E-15));
#10051=DIRECTION('center_axis',(-0.499999999999996,2.25428203267632E-15,
-0.866025403784441));
#10052=DIRECTION('ref_axis',(-0.866025403784441,1.70298088101826E-21,0.499999999999996));
#10053=DIRECTION('',(-0.866025403784441,1.70298085577471E-21,0.499999999999996));
#10054=DIRECTION('',(-0.866025403784441,1.70298085577471E-21,0.499999999999996));
#10055=DIRECTION('center_axis',(-1.,4.99600361082186E-16,-1.4802977493723E-15));
#10056=DIRECTION('ref_axis',(-1.4802977493723E-15,3.40597615085944E-21,
1.));
#10057=DIRECTION('',(-1.4802977493723E-15,3.40597615085944E-21,1.));
#10058=DIRECTION('',(4.99600361082182E-16,1.,2.31457627383202E-15));
#10059=DIRECTION('',(-1.4802977493723E-15,3.40597615085944E-21,1.));
#10060=DIRECTION('',(4.99600361082182E-16,1.,2.31457627383202E-15));
#10061=DIRECTION('center_axis',(-0.500000000000003,-1.75468167159417E-15,
0.866025403784437));
#10062=DIRECTION('ref_axis',(0.866025403784437,1.70299534557182E-21,0.500000000000003));
#10063=DIRECTION('',(0.866025403784437,1.70299534557182E-21,0.500000000000003));
#10064=DIRECTION('',(0.866025403784437,1.70299534557182E-21,0.500000000000003));
#10065=DIRECTION('',(4.99600361082182E-16,1.,2.31457627383202E-15));
#10066=DIRECTION('center_axis',(0.500000000000038,-2.25428203267632E-15,
0.866025403784417));
#10067=DIRECTION('ref_axis',(0.866025403784412,1.03273769377968E-7,-0.500000000000036));
#10068=DIRECTION('',(0.866025403784412,1.03273769377968E-7,-0.500000000000036));
#10069=DIRECTION('',(0.866025403784412,1.03273769377968E-7,-0.500000000000036));
#10070=DIRECTION('',(4.99600361082182E-16,1.,2.31457627383202E-15));
#10071=DIRECTION('center_axis',(1.,-4.99600361082245E-16,2.72004645381183E-14));
#10072=DIRECTION('ref_axis',(2.72004644865225E-14,-1.03273769377976E-7,
-0.999999999999995));
#10073=DIRECTION('',(2.72004644865225E-14,-1.03273769377976E-7,-0.999999999999995));
#10074=DIRECTION('',(2.72004644865225E-14,-1.03273769377976E-7,-0.999999999999995));
#10075=DIRECTION('',(4.99600361082182E-16,1.,2.31457627383202E-15));
#10076=DIRECTION('center_axis',(0.499999999999999,1.75468167159417E-15,
-0.866025403784439));
#10077=DIRECTION('ref_axis',(-0.866025403784439,-1.70299534557182E-21,-0.499999999999999));
#10078=DIRECTION('',(-0.866025403784439,-1.70299534557182E-21,-0.499999999999999));
#10079=DIRECTION('',(-0.866025403784439,-1.70299534557182E-21,-0.499999999999999));
#10080=DIRECTION('',(4.99600361082182E-16,1.,2.31457627383202E-15));
#10081=DIRECTION('center_axis',(-0.499999999999996,2.25428203267632E-15,
-0.866025403784441));
#10082=DIRECTION('ref_axis',(-0.866025403784441,1.70298088101826E-21,0.499999999999996));
#10083=DIRECTION('',(-0.866025403784441,1.70298085577471E-21,0.499999999999996));
#10084=DIRECTION('',(-0.866025403784441,1.70298085577471E-21,0.499999999999996));
#10085=DIRECTION('center_axis',(-1.,4.99600361082176E-16,2.5905200075866E-15));
#10086=DIRECTION('ref_axis',(2.59052000758661E-15,3.40597615085944E-21,
1.));
#10087=DIRECTION('',(2.59052000758661E-15,3.40597615085944E-21,1.));
#10088=DIRECTION('',(4.99600361082182E-16,1.,2.31457627383202E-15));
#10089=DIRECTION('',(2.59052000758661E-15,3.40597615085944E-21,1.));
#10090=DIRECTION('',(4.99600361082182E-16,1.,2.31457627383202E-15));
#10091=DIRECTION('center_axis',(-0.499999999999996,-1.75468167159417E-15,
0.866025403784441));
#10092=DIRECTION('ref_axis',(0.866025403784441,1.70299532032827E-21,0.499999999999996));
#10093=DIRECTION('',(0.866025403784441,1.70299532032827E-21,0.499999999999996));
#10094=DIRECTION('',(0.866025403784441,1.70299532032827E-21,0.499999999999996));
#10095=DIRECTION('',(4.99600361082182E-16,1.,2.31457627383202E-15));
#10096=DIRECTION('center_axis',(0.500000000000001,-2.25428203267632E-15,
0.866025403784438));
#10097=DIRECTION('ref_axis',(0.866025403784438,-1.70298085577471E-21,-0.500000000000001));
#10098=DIRECTION('',(0.866025403784438,-1.70298085577471E-21,-0.500000000000001));
#10099=DIRECTION('',(0.866025403784438,-1.70298085577471E-21,-0.500000000000001));
#10100=DIRECTION('',(4.99600361082182E-16,1.,2.31457627383202E-15));
#10101=DIRECTION('center_axis',(1.,-4.99600361082176E-16,-2.59052000758661E-15));
#10102=DIRECTION('ref_axis',(-2.59052000758661E-15,-3.40597615085944E-21,
-1.));
#10103=DIRECTION('',(-2.59052000758661E-15,-3.40597615085944E-21,-1.));
#10104=DIRECTION('',(-2.59052000758661E-15,-3.40597615085944E-21,-1.));
#10105=DIRECTION('',(4.99600361082182E-16,1.,2.31457627383202E-15));
#10106=DIRECTION('center_axis',(0.499999999999996,1.75468167159417E-15,
-0.866025403784441));
#10107=DIRECTION('ref_axis',(-0.866025403784441,-1.70299534557182E-21,-0.499999999999996));
#10108=DIRECTION('',(-0.866025403784441,-1.70299534557182E-21,-0.499999999999996));
#10109=DIRECTION('',(-0.866025403784441,-1.70299534557182E-21,-0.499999999999996));
#10110=DIRECTION('',(4.99600361082182E-16,1.,2.31457627383202E-15));
#10111=DIRECTION('center_axis',(-0.499999999999999,2.25428203267632E-15,
-0.866025403784439));
#10112=DIRECTION('ref_axis',(-0.866025403784439,1.70298085577471E-21,0.499999999999999));
#10113=DIRECTION('',(-0.866025403784439,1.70298085577471E-21,0.499999999999999));
#10114=DIRECTION('',(-0.866025403784439,1.70298085577471E-21,0.499999999999999));
#10115=DIRECTION('center_axis',(0.499999999999999,1.75468167159417E-15,
-0.866025403784439));
#10116=DIRECTION('ref_axis',(-0.866025403784439,-1.70299534557182E-21,-0.499999999999999));
#10117=DIRECTION('',(-0.866025403784439,-1.70299534557182E-21,-0.499999999999999));
#10118=DIRECTION('',(4.99600361082182E-16,1.,2.31457627383202E-15));
#10119=DIRECTION('',(-0.866025403784439,-1.70299534557182E-21,-0.499999999999999));
#10120=DIRECTION('',(4.99600361082182E-16,1.,2.31457627383202E-15));
#10121=DIRECTION('center_axis',(-0.499999999999996,2.25428203267632E-15,
-0.866025403784441));
#10122=DIRECTION('ref_axis',(-0.866025403784441,1.70298088101826E-21,0.499999999999996));
#10123=DIRECTION('',(-0.866025403784441,1.70298085577471E-21,0.499999999999996));
#10124=DIRECTION('',(-0.866025403784441,1.70298085577471E-21,0.499999999999996));
#10125=DIRECTION('',(4.99600361082182E-16,1.,2.31457627383202E-15));
#10126=DIRECTION('center_axis',(-1.,4.99600361082186E-16,-1.4802977493723E-15));
#10127=DIRECTION('ref_axis',(-1.4802977493723E-15,3.40597615085944E-21,
1.));
#10128=DIRECTION('',(-1.4802977493723E-15,3.40597615085944E-21,1.));
#10129=DIRECTION('',(-1.4802977493723E-15,3.40597615085944E-21,1.));
#10130=DIRECTION('',(4.99600361082182E-16,1.,2.31457627383202E-15));
#10131=DIRECTION('center_axis',(-0.500000000000003,-1.75468167159417E-15,
0.866025403784437));
#10132=DIRECTION('ref_axis',(0.866025403784437,1.70299534557182E-21,0.500000000000003));
#10133=DIRECTION('',(0.866025403784437,1.70299534557182E-21,0.500000000000003));
#10134=DIRECTION('',(0.866025403784437,1.70299534557182E-21,0.500000000000003));
#10135=DIRECTION('',(4.99600361082182E-16,1.,2.31457627383202E-15));
#10136=DIRECTION('center_axis',(0.5,-2.25428203267632E-15,0.866025403784438));
#10137=DIRECTION('ref_axis',(0.866025403784438,-1.70298085577471E-21,-0.5));
#10138=DIRECTION('',(0.866025403784438,-1.70298085577471E-21,-0.5));
#10139=DIRECTION('',(0.866025403784438,-1.70298085577471E-21,-0.5));
#10140=DIRECTION('',(4.99600361082182E-16,1.,2.31457627383202E-15));
#10141=DIRECTION('center_axis',(1.,-4.99600361082186E-16,1.4802977493723E-15));
#10142=DIRECTION('ref_axis',(1.4802977493723E-15,-3.40597615085944E-21,
-1.));
#10143=DIRECTION('',(1.4802977493723E-15,-3.40597615085944E-21,-1.));
#10144=DIRECTION('',(1.4802977493723E-15,-3.40597615085944E-21,-1.));
#10145=DIRECTION('center_axis',(0.499999999999996,1.75468167159417E-15,
-0.866025403784441));
#10146=DIRECTION('ref_axis',(-0.866025403784441,-1.70299534557182E-21,-0.499999999999996));
#10147=DIRECTION('',(-0.866025403784441,-1.70299534557182E-21,-0.499999999999996));
#10148=DIRECTION('',(4.99600361082182E-16,1.,2.31457627383202E-15));
#10149=DIRECTION('',(-0.866025403784441,-1.70299534557182E-21,-0.499999999999996));
#10150=DIRECTION('',(4.99600361082182E-16,1.,2.31457627383202E-15));
#10151=DIRECTION('center_axis',(-0.499999999999999,2.25428203267632E-15,
-0.866025403784439));
#10152=DIRECTION('ref_axis',(-0.866025403784439,1.70298085577471E-21,0.499999999999999));
#10153=DIRECTION('',(-0.866025403784439,1.70298085577471E-21,0.499999999999999));
#10154=DIRECTION('',(-0.866025403784439,1.70298085577471E-21,0.499999999999999));
#10155=DIRECTION('',(4.99600361082182E-16,1.,2.31457627383202E-15));
#10156=DIRECTION('center_axis',(-1.,4.99600361082176E-16,2.5905200075866E-15));
#10157=DIRECTION('ref_axis',(2.59052000758661E-15,3.40597615085944E-21,
1.));
#10158=DIRECTION('',(2.59052000758661E-15,3.40597615085944E-21,1.));
#10159=DIRECTION('',(2.59052000758661E-15,3.40597615085944E-21,1.));
#10160=DIRECTION('',(4.99600361082182E-16,1.,2.31457627383202E-15));
#10161=DIRECTION('center_axis',(0.50000000000004,1.7546816715941E-15,-0.866025403784416));
#10162=DIRECTION('ref_axis',(-0.866025403784416,-9.46689492826833E-15,-0.50000000000004));
#10163=DIRECTION('',(-0.866025403784416,-9.46689492826833E-15,-0.50000000000004));
#10164=DIRECTION('',(-0.866025403784416,-9.46689492826833E-15,-0.50000000000004));
#10165=DIRECTION('',(4.99600361082182E-16,1.,2.31457627383202E-15));
#10166=DIRECTION('center_axis',(1.,-4.99600361082176E-16,-2.59052000758661E-15));
#10167=DIRECTION('ref_axis',(-2.59052000758661E-15,-3.40597615085944E-21,
-1.));
#10168=DIRECTION('',(-2.59052000758661E-15,-3.40597615085944E-21,-1.));
#10169=DIRECTION('',(-2.59052000758661E-15,-3.40597615085944E-21,-1.));
#10170=DIRECTION('',(4.99600361082182E-16,1.,2.31457627383202E-15));
#10171=DIRECTION('center_axis',(0.499999999999996,1.75468167159417E-15,
-0.866025403784441));
#10172=DIRECTION('ref_axis',(-0.866025403784441,-1.70299534557182E-21,-0.499999999999996));
#10173=DIRECTION('',(-0.866025403784441,-1.70299534557182E-21,-0.499999999999996));
#10174=DIRECTION('',(-0.866025403784441,-1.70299534557182E-21,-0.499999999999996));
#10175=DIRECTION('',(4.99600361082182E-16,1.,2.31457627383202E-15));
#10176=DIRECTION('center_axis',(-0.499999999999999,2.25428203267632E-15,
-0.866025403784439));
#10177=DIRECTION('ref_axis',(-0.866025403784439,1.70298085577471E-21,0.499999999999999));
#10178=DIRECTION('',(-0.866025403784439,1.70298085577471E-21,0.499999999999999));
#10179=DIRECTION('',(-0.866025403784439,1.70298085577471E-21,0.499999999999999));
#10180=DIRECTION('',(4.99600361082182E-16,1.,2.31457627383202E-15));
#10181=DIRECTION('center_axis',(0.50000000000004,1.7546816715941E-15,-0.866025403784416));
#10182=DIRECTION('ref_axis',(-0.866025403784416,-9.46689492826833E-15,-0.50000000000004));
#10183=DIRECTION('',(-0.866025403784416,-9.46689492826833E-15,-0.50000000000004));
#10184=DIRECTION('',(-0.866025403784416,-9.46689492826833E-15,-0.50000000000004));
#10185=DIRECTION('',(4.99600361082182E-16,1.,2.31457627383202E-15));
#10186=DIRECTION('center_axis',(4.99600361082182E-16,1.,2.31457627383202E-15));
#10187=DIRECTION('ref_axis',(0.500000000000025,1.7546816715941E-15,-0.866025403784424));
#10188=DIRECTION('center_axis',(1.04491578788339E-14,-1.,-1.8098468936457E-14));
#10189=DIRECTION('ref_axis',(0.500000000000025,2.08983128079922E-14,-0.866025403784424));
#10190=DIRECTION('center_axis',(-1.04491578788339E-14,1.,1.8098468936457E-14));
#10191=DIRECTION('ref_axis',(0.500000000000025,2.08983128079922E-14,-0.866025403784424));
#10192=DIRECTION('',(4.99600361082182E-16,1.,2.31457627383202E-15));
#10193=DIRECTION('center_axis',(0.500000000000038,-2.25428203267632E-15,
0.866025403784417));
#10194=DIRECTION('ref_axis',(0.866025403784412,1.03273769377968E-7,-0.500000000000035));
#10195=DIRECTION('',(0.866025403784412,1.03273769377968E-7,-0.500000000000035));
#10196=DIRECTION('',(0.866025403784412,1.03273769377968E-7,-0.500000000000035));
#10197=DIRECTION('',(4.99600361082182E-16,1.,2.31457627383202E-15));
#10198=DIRECTION('center_axis',(1.,-4.99600361082244E-16,2.70154273673474E-14));
#10199=DIRECTION('ref_axis',(2.70154273157517E-14,-1.03273769377976E-7,
-0.999999999999995));
#10200=DIRECTION('',(2.70154273157517E-14,-1.03273769377976E-7,-0.999999999999995));
#10201=DIRECTION('',(2.70154273157517E-14,-1.03273769377976E-7,-0.999999999999995));
#10202=DIRECTION('',(4.99600361082182E-16,1.,2.31457627383202E-15));
#10203=DIRECTION('center_axis',(0.499999999999999,1.75468167159417E-15,
-0.866025403784439));
#10204=DIRECTION('ref_axis',(-0.866025403784439,-1.70299534557182E-21,-0.499999999999999));
#10205=DIRECTION('',(-0.866025403784439,-1.70299534557182E-21,-0.499999999999999));
#10206=DIRECTION('',(-0.866025403784439,-1.70299534557182E-21,-0.499999999999999));
#10207=DIRECTION('',(4.99600361082182E-16,1.,2.31457627383202E-15));
#10208=DIRECTION('center_axis',(-0.499999999999996,2.25428203267632E-15,
-0.866025403784441));
#10209=DIRECTION('ref_axis',(-0.866025403784441,1.70298085577471E-21,0.499999999999996));
#10210=DIRECTION('',(-0.866025403784441,1.70298085577471E-21,0.499999999999996));
#10211=DIRECTION('',(-0.866025403784441,1.70298085577471E-21,0.499999999999996));
#10212=DIRECTION('',(4.99600361082182E-16,1.,2.31457627383202E-15));
#10213=DIRECTION('center_axis',(1.,-4.99600361082294E-16,4.85801103550007E-14));
#10214=DIRECTION('ref_axis',(4.85801103550007E-14,-6.47735140221556E-15,
-1.));
#10215=DIRECTION('',(4.85801103550007E-14,-6.47735140221556E-15,-1.));
#10216=DIRECTION('',(4.85801103550007E-14,-6.47735140221556E-15,-1.));
#10217=DIRECTION('',(4.99600361082182E-16,1.,2.31457627383202E-15));
#10218=DIRECTION('center_axis',(0.500000000000002,-2.25428203267632E-15,
0.866025403784438));
#10219=DIRECTION('ref_axis',(0.866025403784438,-1.70298085577471E-21,-0.500000000000002));
#10220=DIRECTION('',(0.866025403784438,-1.70298085577471E-21,-0.500000000000002));
#10221=DIRECTION('',(0.866025403784438,-1.70298085577471E-21,-0.500000000000002));
#10222=DIRECTION('',(4.99600361082182E-16,1.,2.31457627383202E-15));
#10223=DIRECTION('center_axis',(1.,-4.99600361082177E-16,-2.22044566604489E-15));
#10224=DIRECTION('ref_axis',(-2.22044566604489E-15,-3.40597615085944E-21,
-1.));
#10225=DIRECTION('',(-2.22044566604489E-15,-3.40597615085944E-21,-1.));
#10226=DIRECTION('',(-2.22044566604489E-15,-3.40597615085944E-21,-1.));
#10227=DIRECTION('',(4.99600361082182E-16,1.,2.31457627383202E-15));
#10228=DIRECTION('center_axis',(0.499999999999996,1.75468167159417E-15,
-0.866025403784441));
#10229=DIRECTION('ref_axis',(-0.866025403784441,-1.70299534557182E-21,-0.499999999999996));
#10230=DIRECTION('',(-0.866025403784441,-1.70299534557182E-21,-0.499999999999996));
#10231=DIRECTION('',(-0.866025403784441,-1.70299534557182E-21,-0.499999999999996));
#10232=DIRECTION('',(4.99600361082182E-16,1.,2.31457627383202E-15));
#10233=DIRECTION('center_axis',(1.,-4.99600361082294E-16,4.85801103550007E-14));
#10234=DIRECTION('ref_axis',(4.85801103550007E-14,-6.47735140221556E-15,
-1.));
#10235=DIRECTION('',(4.85801103550007E-14,-6.47735140221556E-15,-1.));
#10236=DIRECTION('',(4.85801103550007E-14,-6.47735140221556E-15,-1.));
#10237=DIRECTION('',(4.99600361082182E-16,1.,2.31457627383202E-15));
#10238=DIRECTION('center_axis',(-0.500000000000003,-1.75468167159417E-15,
0.866025403784437));
#10239=DIRECTION('ref_axis',(0.866025403784437,1.70299532032827E-21,0.500000000000003));
#10240=DIRECTION('',(0.866025403784437,1.70299532032827E-21,0.500000000000003));
#10241=DIRECTION('',(0.866025403784437,1.70299532032827E-21,0.500000000000003));
#10242=DIRECTION('',(4.99600361082182E-16,1.,2.31457627383202E-15));
#10243=DIRECTION('center_axis',(0.500000000000038,-2.25428203267632E-15,
0.866025403784417));
#10244=DIRECTION('ref_axis',(0.866025403784412,1.03273769377968E-7,-0.500000000000035));
#10245=DIRECTION('',(0.866025403784412,1.03273769377968E-7,-0.500000000000035));
#10246=DIRECTION('',(0.866025403784412,1.03273769377968E-7,-0.500000000000035));
#10247=DIRECTION('',(4.99600361082182E-16,1.,2.31457627383202E-15));
#10248=DIRECTION('center_axis',(1.,-4.99600361082244E-16,2.70154273673474E-14));
#10249=DIRECTION('ref_axis',(2.70154273157517E-14,-1.03273769377976E-7,
-0.999999999999995));
#10250=DIRECTION('',(2.70154273157517E-14,-1.03273769377976E-7,-0.999999999999995));
#10251=DIRECTION('',(2.70154273157517E-14,-1.03273769377976E-7,-0.999999999999995));
#10252=DIRECTION('',(4.99600361082182E-16,1.,2.31457627383202E-15));
#10253=DIRECTION('center_axis',(0.499999999999999,1.75468167159417E-15,
-0.866025403784439));
#10254=DIRECTION('ref_axis',(-0.866025403784439,-1.70299534557182E-21,-0.499999999999999));
#10255=DIRECTION('',(-0.866025403784439,-1.70299534557182E-21,-0.499999999999999));
#10256=DIRECTION('',(-0.866025403784439,-1.70299534557182E-21,-0.499999999999999));
#10257=DIRECTION('',(4.99600361082182E-16,1.,2.31457627383202E-15));
#10258=DIRECTION('center_axis',(4.99600361082182E-16,1.,2.31457627383202E-15));
#10259=DIRECTION('ref_axis',(1.,-4.99600361082253E-16,3.13474740196805E-14));
#10260=DIRECTION('center_axis',(2.08983157576584E-14,-1.,3.40597680719171E-21));
#10261=DIRECTION('ref_axis',(1.,2.08983157576584E-14,3.13474740196805E-14));
#10262=DIRECTION('center_axis',(-2.08983157576584E-14,1.,-3.40597680719171E-21));
#10263=DIRECTION('ref_axis',(1.,2.08983157576584E-14,3.13474740196805E-14));
#10264=DIRECTION('',(4.99600361082182E-16,1.,2.31457627383202E-15));
#10265=DIRECTION('center_axis',(0.499999999999961,-2.25428203267635E-15,
0.866025403784461));
#10266=DIRECTION('ref_axis',(0.866025403784461,-9.46689492825374E-15,-0.499999999999961));
#10267=DIRECTION('',(0.866025403784461,-9.46689492825374E-15,-0.499999999999961));
#10268=DIRECTION('',(0.866025403784461,-9.46689492825374E-15,-0.499999999999961));
#10269=DIRECTION('',(4.99600361082182E-16,1.,2.31457627383202E-15));
#10270=DIRECTION('center_axis',(-0.499999999999995,-1.75468167159417E-15,
0.866025403784441));
#10271=DIRECTION('ref_axis',(0.866025403784441,1.70299532032827E-21,0.499999999999995));
#10272=DIRECTION('',(0.866025403784441,1.70299532032827E-21,0.499999999999995));
#10273=DIRECTION('',(0.866025403784441,1.70299532032827E-21,0.499999999999995));
#10274=DIRECTION('',(4.99600361082182E-16,1.,2.31457627383202E-15));
#10275=DIRECTION('center_axis',(0.500000000000001,-2.25428203267632E-15,
0.866025403784438));
#10276=DIRECTION('ref_axis',(0.866025403784438,-1.70298085577471E-21,-0.500000000000001));
#10277=DIRECTION('',(0.866025403784438,-1.70298085577471E-21,-0.500000000000001));
#10278=DIRECTION('',(0.866025403784438,-1.70298085577471E-21,-0.500000000000001));
#10279=DIRECTION('',(4.99600361082182E-16,1.,2.31457627383202E-15));
#10280=DIRECTION('center_axis',(1.,-4.99600361082176E-16,-2.5905200075866E-15));
#10281=DIRECTION('ref_axis',(-2.59052000758661E-15,-3.40597615085944E-21,
-1.));
#10282=DIRECTION('',(-2.59052000758661E-15,-3.40597615085944E-21,-1.));
#10283=DIRECTION('',(-2.59052000758661E-15,-3.40597615085944E-21,-1.));
#10284=DIRECTION('',(4.99600361082182E-16,1.,2.31457627383202E-15));
#10285=DIRECTION('center_axis',(0.499999999999961,-2.25428203267635E-15,
0.866025403784461));
#10286=DIRECTION('ref_axis',(0.866025403784461,-9.46689492825374E-15,-0.499999999999961));
#10287=DIRECTION('',(0.866025403784461,-9.46689492825374E-15,-0.499999999999961));
#10288=DIRECTION('',(0.866025403784461,-9.46689492825374E-15,-0.499999999999961));
#10289=DIRECTION('',(4.99600361082182E-16,1.,2.31457627383202E-15));
#10290=DIRECTION('center_axis',(-1.,4.99600361082176E-16,2.5905200075866E-15));
#10291=DIRECTION('ref_axis',(2.59052000758661E-15,3.40597615085944E-21,
1.));
#10292=DIRECTION('',(2.59052000758661E-15,3.40597615085944E-21,1.));
#10293=DIRECTION('',(2.59052000758661E-15,3.40597615085944E-21,1.));
#10294=DIRECTION('',(4.99600361082182E-16,1.,2.31457627383202E-15));
#10295=DIRECTION('center_axis',(-0.499999999999996,-1.75468167159417E-15,
0.866025403784441));
#10296=DIRECTION('ref_axis',(0.866025403784441,1.70299532032827E-21,0.499999999999996));
#10297=DIRECTION('',(0.866025403784441,1.70299532032827E-21,0.499999999999996));
#10298=DIRECTION('',(0.866025403784441,1.70299532032827E-21,0.499999999999996));
#10299=DIRECTION('',(4.99600361082182E-16,1.,2.31457627383202E-15));
#10300=DIRECTION('center_axis',(0.500000000000001,-2.25428203267632E-15,
0.866025403784438));
#10301=DIRECTION('ref_axis',(0.866025403784438,-1.70298085577471E-21,-0.500000000000001));
#10302=DIRECTION('',(0.866025403784438,-1.70298085577471E-21,-0.500000000000001));
#10303=DIRECTION('',(0.866025403784438,-1.70298085577471E-21,-0.500000000000001));
#10304=DIRECTION('',(4.99600361082182E-16,1.,2.31457627383202E-15));
#10305=DIRECTION('center_axis',(1.,-4.99600361082176E-16,-2.5905200075866E-15));
#10306=DIRECTION('ref_axis',(-2.59052000758661E-15,-3.40597615085944E-21,
-1.));
#10307=DIRECTION('',(-2.59052000758661E-15,-3.40597615085944E-21,-1.));
#10308=DIRECTION('',(-2.59052000758661E-15,-3.40597615085944E-21,-1.));
#10309=DIRECTION('',(4.99600361082182E-16,1.,2.31457627383202E-15));
#10310=DIRECTION('center_axis',(-0.500000000000036,-1.75468167159407E-15,
0.866025403784418));
#10311=DIRECTION('ref_axis',(0.866025403784418,1.07685912140474E-13,0.500000000000036));
#10312=DIRECTION('',(0.866025403784418,1.07685912140474E-13,0.500000000000036));
#10313=DIRECTION('',(0.866025403784418,1.07685912140474E-13,0.500000000000036));
#10314=DIRECTION('',(4.99600361082182E-16,1.,2.31457627383202E-15));
#10315=DIRECTION('center_axis',(-1.,4.99600361082176E-16,2.5905200075866E-15));
#10316=DIRECTION('ref_axis',(2.59052000758661E-15,3.40597615085944E-21,
1.));
#10317=DIRECTION('',(2.59052000758661E-15,3.40597615085944E-21,1.));
#10318=DIRECTION('',(2.59052000758661E-15,3.40597615085944E-21,1.));
#10319=DIRECTION('',(4.99600361082182E-16,1.,2.31457627383202E-15));
#10320=DIRECTION('center_axis',(-0.499999999999996,-1.75468167159417E-15,
0.866025403784441));
#10321=DIRECTION('ref_axis',(0.866025403784441,1.70299532032827E-21,0.499999999999996));
#10322=DIRECTION('',(0.866025403784441,1.70299532032827E-21,0.499999999999996));
#10323=DIRECTION('',(0.866025403784441,1.70299532032827E-21,0.499999999999996));
#10324=DIRECTION('',(4.99600361082182E-16,1.,2.31457627383202E-15));
#10325=DIRECTION('center_axis',(0.500000000000001,-2.25428203267632E-15,
0.866025403784438));
#10326=DIRECTION('ref_axis',(0.866025403784438,-1.70298085577471E-21,-0.500000000000001));
#10327=DIRECTION('',(0.866025403784438,-1.70298085577471E-21,-0.500000000000001));
#10328=DIRECTION('',(0.866025403784438,-1.70298085577471E-21,-0.500000000000001));
#10329=DIRECTION('',(4.99600361082182E-16,1.,2.31457627383202E-15));
#10330=DIRECTION('center_axis',(-0.500000000000036,-1.75468167159407E-15,
0.866025403784418));
#10331=DIRECTION('ref_axis',(0.866025403784418,1.07685912140474E-13,0.500000000000036));
#10332=DIRECTION('',(0.866025403784418,1.07685912140474E-13,0.500000000000036));
#10333=DIRECTION('',(0.866025403784418,1.07685912140474E-13,0.500000000000036));
#10334=DIRECTION('',(4.99600361082182E-16,1.,2.31457627383202E-15));
#10335=DIRECTION('center_axis',(-0.499999999999996,2.25428203267632E-15,
-0.866025403784441));
#10336=DIRECTION('ref_axis',(-0.866025403784441,1.70298088101826E-21,0.499999999999996));
#10337=DIRECTION('',(-0.866025403784441,1.70298085577471E-21,0.499999999999996));
#10338=DIRECTION('',(-0.866025403784441,1.70298085577471E-21,0.499999999999996));
#10339=DIRECTION('',(4.99600361082182E-16,1.,2.31457627383202E-15));
#10340=DIRECTION('center_axis',(-1.,4.99600361082186E-16,-1.4802977493723E-15));
#10341=DIRECTION('ref_axis',(-1.4802977493723E-15,3.40597615085944E-21,
1.));
#10342=DIRECTION('',(-1.4802977493723E-15,3.40597615085944E-21,1.));
#10343=DIRECTION('',(-1.4802977493723E-15,3.40597615085944E-21,1.));
#10344=DIRECTION('',(4.99600361082182E-16,1.,2.31457627383202E-15));
#10345=DIRECTION('center_axis',(-0.500000000000003,-1.75468167159417E-15,
0.866025403784437));
#10346=DIRECTION('ref_axis',(0.866025403784437,1.70299534557182E-21,0.500000000000003));
#10347=DIRECTION('',(0.866025403784437,1.70299534557182E-21,0.500000000000003));
#10348=DIRECTION('',(0.866025403784437,1.70299534557182E-21,0.500000000000003));
#10349=DIRECTION('',(4.99600361082182E-16,1.,2.31457627383202E-15));
#10350=DIRECTION('center_axis',(0.500000000000038,-2.25428203267632E-15,
0.866025403784417));
#10351=DIRECTION('ref_axis',(0.866025403784412,1.03273769377968E-7,-0.500000000000036));
#10352=DIRECTION('',(0.866025403784412,1.03273769377968E-7,-0.500000000000036));
#10353=DIRECTION('',(0.866025403784412,1.03273769377968E-7,-0.500000000000036));
#10354=DIRECTION('',(4.99600361082182E-16,1.,2.31457627383202E-15));
#10355=DIRECTION('center_axis',(-1.,4.99600361082292E-16,-4.75933268711982E-14));
#10356=DIRECTION('ref_axis',(-4.75933268711982E-14,7.69185415151039E-15,
1.));
#10357=DIRECTION('',(-4.75933268711982E-14,7.69185415151039E-15,1.));
#10358=DIRECTION('',(-4.75933268711982E-14,7.69185415151039E-15,1.));
#10359=DIRECTION('',(4.99600361082182E-16,1.,2.31457627383202E-15));
#10360=DIRECTION('center_axis',(-0.499999999999999,2.25428203267632E-15,
-0.866025403784439));
#10361=DIRECTION('ref_axis',(-0.866025403784439,1.70298085577471E-21,0.499999999999999));
#10362=DIRECTION('',(-0.866025403784439,1.70298085577471E-21,0.499999999999999));
#10363=DIRECTION('',(-0.866025403784439,1.70298085577471E-21,0.499999999999999));
#10364=DIRECTION('',(4.99600361082182E-16,1.,2.31457627383202E-15));
#10365=DIRECTION('center_axis',(-1.,4.99600361082176E-16,2.5905200075866E-15));
#10366=DIRECTION('ref_axis',(2.59052000758661E-15,3.40597615085944E-21,
1.));
#10367=DIRECTION('',(2.59052000758661E-15,3.40597615085944E-21,1.));
#10368=DIRECTION('',(2.59052000758661E-15,3.40597615085944E-21,1.));
#10369=DIRECTION('',(4.99600361082182E-16,1.,2.31457627383202E-15));
#10370=DIRECTION('center_axis',(-0.499999999999996,-1.75468167159417E-15,
0.866025403784441));
#10371=DIRECTION('ref_axis',(0.866025403784441,1.70299532032827E-21,0.499999999999996));
#10372=DIRECTION('',(0.866025403784441,1.70299532032827E-21,0.499999999999996));
#10373=DIRECTION('',(0.866025403784441,1.70299532032827E-21,0.499999999999996));
#10374=DIRECTION('',(4.99600361082182E-16,1.,2.31457627383202E-15));
#10375=DIRECTION('center_axis',(-1.,4.99600361082292E-16,-4.75933268711982E-14));
#10376=DIRECTION('ref_axis',(-4.75933268711982E-14,7.69185415151039E-15,
1.));
#10377=DIRECTION('',(-4.75933268711982E-14,7.69185415151039E-15,1.));
#10378=DIRECTION('',(-4.75933268711982E-14,7.69185415151039E-15,1.));
#10379=DIRECTION('',(4.99600361082182E-16,1.,2.31457627383202E-15));
#10380=DIRECTION('center_axis',(0.499999999999999,1.75468167159417E-15,
-0.866025403784439));
#10381=DIRECTION('ref_axis',(-0.866025403784439,-1.70299534557182E-21,-0.499999999999999));
#10382=DIRECTION('',(-0.866025403784439,-1.70299534557182E-21,-0.499999999999999));
#10383=DIRECTION('',(-0.866025403784439,-1.70299534557182E-21,-0.499999999999999));
#10384=DIRECTION('',(4.99600361082182E-16,1.,2.31457627383202E-15));
#10385=DIRECTION('center_axis',(-0.499999999999996,2.25428203267632E-15,
-0.866025403784441));
#10386=DIRECTION('ref_axis',(-0.866025403784441,1.70298088101826E-21,0.499999999999996));
#10387=DIRECTION('',(-0.866025403784441,1.70298085577471E-21,0.499999999999996));
#10388=DIRECTION('',(-0.866025403784441,1.70298085577471E-21,0.499999999999996));
#10389=DIRECTION('',(4.99600361082182E-16,1.,2.31457627383202E-15));
#10390=DIRECTION('center_axis',(-1.,4.99600361082186E-16,-1.4802977493723E-15));
#10391=DIRECTION('ref_axis',(-1.4802977493723E-15,3.40597615085944E-21,
1.));
#10392=DIRECTION('',(-1.4802977493723E-15,3.40597615085944E-21,1.));
#10393=DIRECTION('',(-1.4802977493723E-15,3.40597615085944E-21,1.));
#10394=DIRECTION('',(4.99600361082182E-16,1.,2.31457627383202E-15));
#10395=DIRECTION('center_axis',(-0.500000000000003,-1.75468167159417E-15,
0.866025403784437));
#10396=DIRECTION('ref_axis',(0.866025403784437,1.70299534557182E-21,0.500000000000003));
#10397=DIRECTION('',(0.866025403784437,1.70299534557182E-21,0.500000000000003));
#10398=DIRECTION('',(0.866025403784437,1.70299534557182E-21,0.500000000000003));
#10399=DIRECTION('',(4.99600361082182E-16,1.,2.31457627383202E-15));
#10400=DIRECTION('center_axis',(-0.499999999999966,2.25428203267638E-15,
-0.866025403784458));
#10401=DIRECTION('ref_axis',(-0.866025403784458,-9.99940579889649E-14,0.499999999999966));
#10402=DIRECTION('',(-0.866025403784458,-9.99940579889649E-14,0.499999999999966));
#10403=DIRECTION('',(-0.866025403784458,-9.99940579889649E-14,0.499999999999966));
#10404=DIRECTION('',(4.99600361082182E-16,1.,2.31457627383202E-15));
#10405=DIRECTION('center_axis',(0.499999999999996,1.75468167159417E-15,
-0.866025403784441));
#10406=DIRECTION('ref_axis',(-0.866025403784441,-1.70299534557182E-21,-0.499999999999996));
#10407=DIRECTION('',(-0.866025403784441,-1.70299534557182E-21,-0.499999999999996));
#10408=DIRECTION('',(-0.866025403784441,-1.70299534557182E-21,-0.499999999999996));
#10409=DIRECTION('',(4.99600361082182E-16,1.,2.31457627383202E-15));
#10410=DIRECTION('center_axis',(-0.499999999999999,2.25428203267632E-15,
-0.866025403784439));
#10411=DIRECTION('ref_axis',(-0.866025403784439,1.70298085577471E-21,0.499999999999999));
#10412=DIRECTION('',(-0.866025403784439,1.70298085577471E-21,0.499999999999999));
#10413=DIRECTION('',(-0.866025403784439,1.70298085577471E-21,0.499999999999999));
#10414=DIRECTION('',(4.99600361082182E-16,1.,2.31457627383202E-15));
#10415=DIRECTION('center_axis',(-1.,4.99600361082176E-16,2.5905200075866E-15));
#10416=DIRECTION('ref_axis',(2.59052000758661E-15,3.40597615085944E-21,
1.));
#10417=DIRECTION('',(2.59052000758661E-15,3.40597615085944E-21,1.));
#10418=DIRECTION('',(2.59052000758661E-15,3.40597615085944E-21,1.));
#10419=DIRECTION('',(4.99600361082182E-16,1.,2.31457627383202E-15));
#10420=DIRECTION('center_axis',(-0.499999999999966,2.25428203267638E-15,
-0.866025403784458));
#10421=DIRECTION('ref_axis',(-0.866025403784458,-9.99940579889649E-14,0.499999999999966));
#10422=DIRECTION('',(-0.866025403784458,-9.99940579889649E-14,0.499999999999966));
#10423=DIRECTION('',(-0.866025403784458,-9.99940579889649E-14,0.499999999999966));
#10424=DIRECTION('',(4.99600361082182E-16,1.,2.31457627383202E-15));
#10425=DIRECTION('center_axis',(1.,-4.99600361082176E-16,-2.59052000758661E-15));
#10426=DIRECTION('ref_axis',(-2.59052000758661E-15,-3.40597615085944E-21,
-1.));
#10427=DIRECTION('',(-2.59052000758661E-15,-3.40597615085944E-21,-1.));
#10428=DIRECTION('',(-2.59052000758661E-15,-3.40597615085944E-21,-1.));
#10429=DIRECTION('center_axis',(8.36356896450016E-27,-1.,3.40597615085944E-21));
#10430=DIRECTION('ref_axis',(1.,8.36363488693232E-27,3.8320542262398E-22));
#10431=DIRECTION('center_axis',(8.36356896450016E-27,-1.,3.40597615085944E-21));
#10432=DIRECTION('ref_axis',(1.,8.36363488693232E-27,3.8320542262398E-22));
#10433=DIRECTION('center_axis',(-1.,4.99600361082177E-16,2.22044566604488E-15));
#10434=DIRECTION('ref_axis',(2.22044566604489E-15,3.40597615085944E-21,
1.));
#10435=DIRECTION('',(2.22044566604489E-15,3.40597615085944E-21,1.));
#10436=DIRECTION('',(4.99600361082182E-16,1.,2.31457627383202E-15));
#10437=DIRECTION('',(2.22044566604489E-15,3.40597615085944E-21,1.));
#10438=DIRECTION('',(4.99600361082182E-16,1.,2.31457627383202E-15));
#10439=DIRECTION('center_axis',(-0.499999999999995,-1.75468167159417E-15,
0.866025403784441));
#10440=DIRECTION('ref_axis',(0.866025403784441,1.70299532032827E-21,0.499999999999995));
#10441=DIRECTION('',(0.866025403784441,1.70299532032827E-21,0.499999999999995));
#10442=DIRECTION('',(0.866025403784441,1.70299532032827E-21,0.499999999999995));
#10443=DIRECTION('',(4.99600361082182E-16,1.,2.31457627383202E-15));
#10444=DIRECTION('center_axis',(0.500000000000001,-2.25428203267632E-15,
0.866025403784438));
#10445=DIRECTION('ref_axis',(0.866025403784438,-1.70298085577471E-21,-0.500000000000001));
#10446=DIRECTION('',(0.866025403784438,-1.70298085577471E-21,-0.500000000000001));
#10447=DIRECTION('',(0.866025403784438,-1.70298085577471E-21,-0.500000000000001));
#10448=DIRECTION('',(4.99600361082182E-16,1.,2.31457627383202E-15));
#10449=DIRECTION('center_axis',(1.,-4.99600361082176E-16,-2.5905200075866E-15));
#10450=DIRECTION('ref_axis',(-2.59052000758661E-15,-3.40597615085944E-21,
-1.));
#10451=DIRECTION('',(-2.59052000758661E-15,-3.40597615085944E-21,-1.));
#10452=DIRECTION('',(-2.59052000758661E-15,-3.40597615085944E-21,-1.));
#10453=DIRECTION('',(4.99600361082182E-16,1.,2.31457627383202E-15));
#10454=DIRECTION('center_axis',(0.499999999999996,1.75468167159417E-15,
-0.866025403784441));
#10455=DIRECTION('ref_axis',(-0.866025403784441,-1.70299534557182E-21,-0.499999999999996));
#10456=DIRECTION('',(-0.866025403784441,-1.70299534557182E-21,-0.499999999999996));
#10457=DIRECTION('',(-0.866025403784441,-1.70299534557182E-21,-0.499999999999996));
#10458=DIRECTION('',(4.99600361082182E-16,1.,2.31457627383202E-15));
#10459=DIRECTION('center_axis',(-0.500000000000001,2.25428203267635E-15,
-0.866025403784438));
#10460=DIRECTION('ref_axis',(-0.866025403784438,1.70298083053117E-21,0.500000000000001));
#10461=DIRECTION('',(-0.866025403784438,1.70298083053117E-21,0.500000000000001));
#10462=DIRECTION('',(-0.866025403784438,1.70298083053117E-21,0.500000000000001));
#10463=DIRECTION('center_axis',(-0.500000000000001,2.25428203267635E-15,
-0.866025403784438));
#10464=DIRECTION('ref_axis',(-0.866025403784438,1.70298083053117E-21,0.500000000000001));
#10465=DIRECTION('',(-0.866025403784438,1.70298083053117E-21,0.500000000000001));
#10466=DIRECTION('',(4.99600361082182E-16,1.,2.31457627383202E-15));
#10467=DIRECTION('',(-0.866025403784438,1.70298083053117E-21,0.500000000000001));
#10468=DIRECTION('',(4.99600361082182E-16,1.,2.31457627383202E-15));
#10469=DIRECTION('center_axis',(-1.,4.99600361082177E-16,2.22044566604488E-15));
#10470=DIRECTION('ref_axis',(2.22044566604489E-15,3.40597615085944E-21,
1.));
#10471=DIRECTION('',(2.22044566604489E-15,3.40597615085944E-21,1.));
#10472=DIRECTION('',(2.22044566604489E-15,3.40597615085944E-21,1.));
#10473=DIRECTION('',(4.99600361082182E-16,1.,2.31457627383202E-15));
#10474=DIRECTION('center_axis',(4.99600361082182E-16,1.,2.31457627383202E-15));
#10475=DIRECTION('ref_axis',(-0.499999999999926,2.25428203267642E-15,-0.866025403784482));
#10476=DIRECTION('center_axis',(8.36356896450016E-27,-1.,3.40597615085944E-21));
#10477=DIRECTION('ref_axis',(-0.499999999999926,-2.94966605323574E-21,-0.866025403784482));
#10478=DIRECTION('center_axis',(-8.36356896450016E-27,1.,-3.40597615085944E-21));
#10479=DIRECTION('ref_axis',(-0.499999999999926,-2.94966605323574E-21,-0.866025403784482));
#10480=DIRECTION('',(4.99600361082182E-16,1.,2.31457627383202E-15));
#10481=DIRECTION('center_axis',(1.,-4.99600361082177E-16,-2.22044566604488E-15));
#10482=DIRECTION('ref_axis',(-2.22044566604489E-15,-3.40597615085944E-21,
-1.));
#10483=DIRECTION('',(-2.22044566604489E-15,-3.40597615085944E-21,-1.));
#10484=DIRECTION('',(-2.22044566604489E-15,-3.40597615085944E-21,-1.));
#10485=DIRECTION('',(4.99600361082182E-16,1.,2.31457627383202E-15));
#10486=DIRECTION('center_axis',(0.499999999999996,1.75468167159417E-15,
-0.866025403784441));
#10487=DIRECTION('ref_axis',(-0.866025403784441,-1.70299534557182E-21,-0.499999999999996));
#10488=DIRECTION('',(-0.866025403784441,-1.70299534557182E-21,-0.499999999999996));
#10489=DIRECTION('',(-0.866025403784441,-1.70299534557182E-21,-0.499999999999996));
#10490=DIRECTION('',(4.99600361082182E-16,1.,2.31457627383202E-15));
#10491=DIRECTION('center_axis',(4.99600361082182E-16,1.,2.31457627383202E-15));
#10492=DIRECTION('ref_axis',(-0.499999999999926,2.25428203267642E-15,-0.866025403784482));
#10493=DIRECTION('center_axis',(8.36356896450016E-27,-1.,3.40597615085944E-21));
#10494=DIRECTION('ref_axis',(-0.499999999999926,-2.94966605323574E-21,-0.866025403784482));
#10495=DIRECTION('center_axis',(-8.36356896450016E-27,1.,-3.40597615085944E-21));
#10496=DIRECTION('ref_axis',(-0.499999999999926,-2.94966605323574E-21,-0.866025403784482));
#10497=DIRECTION('',(4.99600361082182E-16,1.,2.31457627383202E-15));
#10498=DIRECTION('center_axis',(1.,-4.99600361082282E-16,4.33868459947339E-14));
#10499=DIRECTION('ref_axis',(4.33868459947339E-14,-3.40597620134654E-21,
-1.));
#10500=DIRECTION('',(4.33868459947339E-14,-3.40597620134654E-21,-1.));
#10501=DIRECTION('',(4.33868459947339E-14,-3.40597620134654E-21,-1.));
#10502=DIRECTION('',(4.99600361082182E-16,1.,2.31457627383202E-15));
#10503=DIRECTION('center_axis',(-0.500000000000006,-1.75468167159415E-15,
0.866025403784436));
#10504=DIRECTION('ref_axis',(0.866025403784435,1.70299532032827E-21,0.500000000000006));
#10505=DIRECTION('',(0.866025403784435,1.70299532032827E-21,0.500000000000005));
#10506=DIRECTION('',(0.866025403784435,1.70299532032827E-21,0.500000000000005));
#10507=DIRECTION('',(4.99600361082182E-16,1.,2.31457627383202E-15));
#10508=DIRECTION('center_axis',(0.500000000000042,-2.2542820326763E-15,
0.866025403784414));
#10509=DIRECTION('ref_axis',(0.86602540378441,1.03273769377967E-7,-0.50000000000004));
#10510=DIRECTION('',(0.86602540378441,1.03273769377967E-7,-0.50000000000004));
#10511=DIRECTION('',(0.86602540378441,1.03273769377967E-7,-0.50000000000004));
#10512=DIRECTION('',(4.99600361082182E-16,1.,2.31457627383202E-15));
#10513=DIRECTION('center_axis',(1.,-4.99600361082244E-16,2.70154273673474E-14));
#10514=DIRECTION('ref_axis',(2.70154273157517E-14,-1.03273769377976E-7,
-0.999999999999995));
#10515=DIRECTION('',(2.70154273157517E-14,-1.03273769377976E-7,-0.999999999999995));
#10516=DIRECTION('',(2.70154273157517E-14,-1.03273769377976E-7,-0.999999999999995));
#10517=DIRECTION('',(4.99600361082182E-16,1.,2.31457627383202E-15));
#10518=DIRECTION('center_axis',(0.499999999999996,1.75468167159417E-15,
-0.866025403784441));
#10519=DIRECTION('ref_axis',(-0.866025403784441,-1.70299532032827E-21,-0.499999999999996));
#10520=DIRECTION('',(-0.866025403784441,-1.70299532032827E-21,-0.499999999999996));
#10521=DIRECTION('',(-0.866025403784441,-1.70299532032827E-21,-0.499999999999996));
#10522=DIRECTION('',(4.99600361082182E-16,1.,2.31457627383202E-15));
#10523=DIRECTION('center_axis',(-0.499999999999996,2.25428203267632E-15,
-0.866025403784441));
#10524=DIRECTION('ref_axis',(-0.866025403784441,1.70298085577471E-21,0.499999999999996));
#10525=DIRECTION('',(-0.866025403784441,1.70298085577471E-21,0.499999999999996));
#10526=DIRECTION('',(-0.866025403784441,1.70298085577471E-21,0.499999999999996));
#10527=DIRECTION('',(4.99600361082182E-16,1.,2.31457627383202E-15));
#10528=DIRECTION('center_axis',(1.,-4.99600361082282E-16,4.33868459947339E-14));
#10529=DIRECTION('ref_axis',(4.33868459947339E-14,-3.40597620134654E-21,
-1.));
#10530=DIRECTION('',(4.33868459947339E-14,-3.40597620134654E-21,-1.));
#10531=DIRECTION('',(4.33868459947339E-14,-3.40597620134654E-21,-1.));
#10532=DIRECTION('',(4.99600361082182E-16,1.,2.31457627383202E-15));
#10533=DIRECTION('center_axis',(0.500000000000002,-2.25428203267632E-15,
0.866025403784438));
#10534=DIRECTION('ref_axis',(0.866025403784438,-1.70298085577471E-21,-0.500000000000002));
#10535=DIRECTION('',(0.866025403784438,-1.70298085577471E-21,-0.500000000000002));
#10536=DIRECTION('',(0.866025403784438,-1.70298085577471E-21,-0.500000000000002));
#10537=DIRECTION('',(4.99600361082182E-16,1.,2.31457627383202E-15));
#10538=DIRECTION('center_axis',(1.,-4.99600361082177E-16,-2.22044566604488E-15));
#10539=DIRECTION('ref_axis',(-2.22044566604489E-15,-3.40597615085944E-21,
-1.));
#10540=DIRECTION('',(-2.22044566604489E-15,-3.40597615085944E-21,-1.));
#10541=DIRECTION('',(-2.22044566604489E-15,-3.40597615085944E-21,-1.));
#10542=DIRECTION('',(4.99600361082182E-16,1.,2.31457627383202E-15));
#10543=DIRECTION('center_axis',(0.499999999999996,1.75468167159417E-15,
-0.866025403784441));
#10544=DIRECTION('ref_axis',(-0.866025403784441,-1.70299534557182E-21,-0.499999999999996));
#10545=DIRECTION('',(-0.866025403784441,-1.70299534557182E-21,-0.499999999999996));
#10546=DIRECTION('',(-0.866025403784441,-1.70299534557182E-21,-0.499999999999996));
#10547=DIRECTION('',(4.99600361082182E-16,1.,2.31457627383202E-15));
#10548=DIRECTION('center_axis',(1.,-4.99600361082282E-16,4.33868459947339E-14));
#10549=DIRECTION('ref_axis',(4.33868459947339E-14,-3.40597620134654E-21,
-1.));
#10550=DIRECTION('',(4.33868459947339E-14,-3.40597620134654E-21,-1.));
#10551=DIRECTION('',(4.33868459947339E-14,-3.40597620134654E-21,-1.));
#10552=DIRECTION('',(4.99600361082182E-16,1.,2.31457627383202E-15));
#10553=DIRECTION('center_axis',(-0.500000000000006,-1.75468167159415E-15,
0.866025403784436));
#10554=DIRECTION('ref_axis',(0.866025403784435,1.70299532032827E-21,0.500000000000006));
#10555=DIRECTION('',(0.866025403784435,1.70299532032827E-21,0.500000000000005));
#10556=DIRECTION('',(0.866025403784435,1.70299532032827E-21,0.500000000000005));
#10557=DIRECTION('',(4.99600361082182E-16,1.,2.31457627383202E-15));
#10558=DIRECTION('center_axis',(0.500000000000042,-2.2542820326763E-15,
0.866025403784414));
#10559=DIRECTION('ref_axis',(0.86602540378441,1.03273769377967E-7,-0.50000000000004));
#10560=DIRECTION('',(0.86602540378441,1.03273769377967E-7,-0.50000000000004));
#10561=DIRECTION('',(0.86602540378441,1.03273769377967E-7,-0.50000000000004));
#10562=DIRECTION('',(4.99600361082182E-16,1.,2.31457627383202E-15));
#10563=DIRECTION('center_axis',(1.,-4.99600361082244E-16,2.70154273673474E-14));
#10564=DIRECTION('ref_axis',(2.70154273157517E-14,-1.03273769377976E-7,
-0.999999999999995));
#10565=DIRECTION('',(2.70154273157517E-14,-1.03273769377976E-7,-0.999999999999995));
#10566=DIRECTION('',(2.70154273157517E-14,-1.03273769377976E-7,-0.999999999999995));
#10567=DIRECTION('',(4.99600361082182E-16,1.,2.31457627383202E-15));
#10568=DIRECTION('center_axis',(0.499999999999996,1.75468167159417E-15,
-0.866025403784441));
#10569=DIRECTION('ref_axis',(-0.866025403784441,-1.70299532032827E-21,-0.499999999999996));
#10570=DIRECTION('',(-0.866025403784441,-1.70299532032827E-21,-0.499999999999996));
#10571=DIRECTION('',(-0.866025403784441,-1.70299532032827E-21,-0.499999999999996));
#10572=DIRECTION('',(4.99600361082182E-16,1.,2.31457627383202E-15));
#10573=DIRECTION('center_axis',(-0.499999999999996,2.25428203267632E-15,
-0.866025403784441));
#10574=DIRECTION('ref_axis',(-0.866025403784441,1.70298085577471E-21,0.499999999999996));
#10575=DIRECTION('',(-0.866025403784441,1.70298085577471E-21,0.499999999999996));
#10576=DIRECTION('',(-0.866025403784441,1.70298085577471E-21,0.499999999999996));
#10577=DIRECTION('',(4.99600361082182E-16,1.,2.31457627383202E-15));
#10578=DIRECTION('center_axis',(1.,-4.99600361082282E-16,4.33868459947339E-14));
#10579=DIRECTION('ref_axis',(4.33868459947339E-14,-3.40597620134654E-21,
-1.));
#10580=DIRECTION('',(4.33868459947339E-14,-3.40597620134654E-21,-1.));
#10581=DIRECTION('',(4.33868459947339E-14,-3.40597620134654E-21,-1.));
#10582=DIRECTION('',(4.99600361082182E-16,1.,2.31457627383202E-15));
#10583=DIRECTION('center_axis',(0.500000000000002,-2.25428203267632E-15,
0.866025403784438));
#10584=DIRECTION('ref_axis',(0.866025403784438,-1.70298085577471E-21,-0.500000000000002));
#10585=DIRECTION('',(0.866025403784438,-1.70298085577471E-21,-0.500000000000002));
#10586=DIRECTION('',(0.866025403784438,-1.70298085577471E-21,-0.500000000000002));
#10587=DIRECTION('',(4.99600361082182E-16,1.,2.31457627383202E-15));
#10588=DIRECTION('center_axis',(1.,-4.99600361082177E-16,-2.22044566604488E-15));
#10589=DIRECTION('ref_axis',(-2.22044566604489E-15,-3.40597615085944E-21,
-1.));
#10590=DIRECTION('',(-2.22044566604489E-15,-3.40597615085944E-21,-1.));
#10591=DIRECTION('',(-2.22044566604489E-15,-3.40597615085944E-21,-1.));
#10592=DIRECTION('',(4.99600361082182E-16,1.,2.31457627383202E-15));
#10593=DIRECTION('center_axis',(4.99600361082182E-16,1.,2.31457627383202E-15));
#10594=DIRECTION('ref_axis',(1.,-4.99600361082182E-16,3.83205429611033E-22));
#10595=DIRECTION('center_axis',(8.36356896450016E-27,-1.,3.40597615085944E-21));
#10596=DIRECTION('ref_axis',(1.,8.36358558312573E-27,3.83205429611033E-22));
#10597=DIRECTION('center_axis',(-8.36356896450016E-27,1.,-3.40597615085944E-21));
#10598=DIRECTION('ref_axis',(1.,8.36358558312573E-27,3.83205429611033E-22));
#10599=DIRECTION('',(4.99600361082182E-16,1.,2.31457627383202E-15));
#10600=DIRECTION('center_axis',(-1.,4.99600361082177E-16,2.22044566604488E-15));
#10601=DIRECTION('ref_axis',(2.22044566604489E-15,3.40597615085944E-21,
1.));
#10602=DIRECTION('',(2.22044566604489E-15,3.40597615085944E-21,1.));
#10603=DIRECTION('',(2.22044566604489E-15,3.40597615085944E-21,1.));
#10604=DIRECTION('',(4.99600361082182E-16,1.,2.31457627383202E-15));
#10605=DIRECTION('center_axis',(-0.499999999999995,-1.75468167159417E-15,
0.866025403784441));
#10606=DIRECTION('ref_axis',(0.866025403784441,1.70299532032827E-21,0.499999999999995));
#10607=DIRECTION('',(0.866025403784441,1.70299532032827E-21,0.499999999999995));
#10608=DIRECTION('',(0.866025403784441,1.70299532032827E-21,0.499999999999995));
#10609=DIRECTION('',(4.99600361082182E-16,1.,2.31457627383202E-15));
#10610=DIRECTION('center_axis',(0.500000000000001,-2.25428203267632E-15,
0.866025403784438));
#10611=DIRECTION('ref_axis',(0.866025403784438,-1.70298085577471E-21,-0.500000000000001));
#10612=DIRECTION('',(0.866025403784438,-1.70298085577471E-21,-0.500000000000001));
#10613=DIRECTION('',(0.866025403784438,-1.70298085577471E-21,-0.500000000000001));
#10614=DIRECTION('',(4.99600361082182E-16,1.,2.31457627383202E-15));
#10615=DIRECTION('center_axis',(-0.500000000000058,-1.75468167159407E-15,
0.866025403784405));
#10616=DIRECTION('ref_axis',(0.866025403784405,1.23069628958506E-14,0.500000000000058));
#10617=DIRECTION('',(0.866025403784405,1.23069628958506E-14,0.500000000000058));
#10618=DIRECTION('',(0.866025403784405,1.23069628958506E-14,0.500000000000058));
#10619=DIRECTION('',(4.99600361082182E-16,1.,2.31457627383202E-15));
#10620=DIRECTION('center_axis',(-0.499999999999996,2.25428203267632E-15,
-0.866025403784441));
#10621=DIRECTION('ref_axis',(-0.866025403784441,1.70298088101826E-21,0.499999999999996));
#10622=DIRECTION('',(-0.866025403784441,1.70298085577471E-21,0.499999999999996));
#10623=DIRECTION('',(-0.866025403784441,1.70298085577471E-21,0.499999999999996));
#10624=DIRECTION('',(4.99600361082182E-16,1.,2.31457627383202E-15));
#10625=DIRECTION('center_axis',(-1.,4.99600361082186E-16,-1.4802977493723E-15));
#10626=DIRECTION('ref_axis',(-1.4802977493723E-15,3.40597615085944E-21,
1.));
#10627=DIRECTION('',(-1.4802977493723E-15,3.40597615085944E-21,1.));
#10628=DIRECTION('',(-1.4802977493723E-15,3.40597615085944E-21,1.));
#10629=DIRECTION('',(4.99600361082182E-16,1.,2.31457627383202E-15));
#10630=DIRECTION('center_axis',(-0.500000000000005,-1.75468167159415E-15,
0.866025403784436));
#10631=DIRECTION('ref_axis',(0.866025403784436,1.70299532032827E-21,0.500000000000005));
#10632=DIRECTION('',(0.866025403784436,1.70299532032827E-21,0.500000000000005));
#10633=DIRECTION('',(0.866025403784436,1.70299532032827E-21,0.500000000000005));
#10634=DIRECTION('',(4.99600361082182E-16,1.,2.31457627383202E-15));
#10635=DIRECTION('center_axis',(0.500000000000043,-2.2542820326763E-15,
0.866025403784414));
#10636=DIRECTION('ref_axis',(0.866025403784409,1.03273769377967E-7,-0.50000000000004));
#10637=DIRECTION('',(0.866025403784409,1.03273769377967E-7,-0.50000000000004));
#10638=DIRECTION('',(0.866025403784409,1.03273769377967E-7,-0.50000000000004));
#10639=DIRECTION('',(4.99600361082182E-16,1.,2.31457627383202E-15));
#10640=DIRECTION('center_axis',(-1.,4.99600361082292E-16,-4.76534194551477E-14));
#10641=DIRECTION('ref_axis',(-4.76534194551477E-14,7.69185415151039E-15,
1.));
#10642=DIRECTION('',(-4.76534194551477E-14,7.69185415151039E-15,1.));
#10643=DIRECTION('',(-4.76534194551477E-14,7.69185415151039E-15,1.));
#10644=DIRECTION('',(4.99600361082182E-16,1.,2.31457627383202E-15));
#10645=DIRECTION('center_axis',(-0.500000000000001,2.25428203267635E-15,
-0.866025403784438));
#10646=DIRECTION('ref_axis',(-0.866025403784438,1.70298083053117E-21,0.500000000000001));
#10647=DIRECTION('',(-0.866025403784438,1.70298083053117E-21,0.500000000000001));
#10648=DIRECTION('',(-0.866025403784438,1.70298083053117E-21,0.500000000000001));
#10649=DIRECTION('',(4.99600361082182E-16,1.,2.31457627383202E-15));
#10650=DIRECTION('center_axis',(-1.,4.99600361082176E-16,2.5905200075866E-15));
#10651=DIRECTION('ref_axis',(2.59052000758661E-15,3.40597615085944E-21,
1.));
#10652=DIRECTION('',(2.59052000758661E-15,3.40597615085944E-21,1.));
#10653=DIRECTION('',(2.59052000758661E-15,3.40597615085944E-21,1.));
#10654=DIRECTION('',(4.99600361082182E-16,1.,2.31457627383202E-15));
#10655=DIRECTION('center_axis',(-0.499999999999996,-1.75468167159417E-15,
0.866025403784441));
#10656=DIRECTION('ref_axis',(0.866025403784441,1.70299532032827E-21,0.499999999999996));
#10657=DIRECTION('',(0.866025403784441,1.70299532032827E-21,0.499999999999996));
#10658=DIRECTION('',(0.866025403784441,1.70299532032827E-21,0.499999999999996));
#10659=DIRECTION('',(4.99600361082182E-16,1.,2.31457627383202E-15));
#10660=DIRECTION('center_axis',(-1.,4.99600361082292E-16,-4.76534194551477E-14));
#10661=DIRECTION('ref_axis',(-4.76534194551477E-14,7.69185415151039E-15,
1.));
#10662=DIRECTION('',(-4.76534194551477E-14,7.69185415151039E-15,1.));
#10663=DIRECTION('',(-4.76534194551477E-14,7.69185415151039E-15,1.));
#10664=DIRECTION('',(4.99600361082182E-16,1.,2.31457627383202E-15));
#10665=DIRECTION('center_axis',(0.499999999999997,1.75468167159417E-15,
-0.866025403784441));
#10666=DIRECTION('ref_axis',(-0.866025403784441,-1.70299532032827E-21,-0.499999999999997));
#10667=DIRECTION('',(-0.866025403784441,-1.70299532032827E-21,-0.499999999999997));
#10668=DIRECTION('',(-0.866025403784441,-1.70299532032827E-21,-0.499999999999997));
#10669=DIRECTION('',(4.99600361082182E-16,1.,2.31457627383202E-15));
#10670=DIRECTION('center_axis',(-0.499999999999996,2.25428203267632E-15,
-0.866025403784441));
#10671=DIRECTION('ref_axis',(-0.866025403784441,1.70298088101826E-21,0.499999999999996));
#10672=DIRECTION('',(-0.866025403784441,1.70298085577471E-21,0.499999999999996));
#10673=DIRECTION('',(-0.866025403784441,1.70298085577471E-21,0.499999999999996));
#10674=DIRECTION('',(4.99600361082182E-16,1.,2.31457627383202E-15));
#10675=DIRECTION('center_axis',(-1.,4.99600361082186E-16,-1.4802977493723E-15));
#10676=DIRECTION('ref_axis',(-1.4802977493723E-15,3.40597615085944E-21,
1.));
#10677=DIRECTION('',(-1.4802977493723E-15,3.40597615085944E-21,1.));
#10678=DIRECTION('',(-1.4802977493723E-15,3.40597615085944E-21,1.));
#10679=DIRECTION('',(4.99600361082182E-16,1.,2.31457627383202E-15));
#10680=DIRECTION('center_axis',(-0.500000000000005,-1.75468167159415E-15,
0.866025403784436));
#10681=DIRECTION('ref_axis',(0.866025403784436,1.70299532032827E-21,0.500000000000005));
#10682=DIRECTION('',(0.866025403784436,1.70299532032827E-21,0.500000000000005));
#10683=DIRECTION('',(0.866025403784436,1.70299532032827E-21,0.500000000000005));
#10684=DIRECTION('',(4.99600361082182E-16,1.,2.31457627383202E-15));
#10685=DIRECTION('center_axis',(-0.499999999999959,2.25428203267635E-15,
-0.866025403784462));
#10686=DIRECTION('ref_axis',(-0.866025403784462,1.70298085577471E-21,0.499999999999959));
#10687=DIRECTION('',(-0.866025403784462,1.70298085577471E-21,0.499999999999959));
#10688=DIRECTION('',(-0.866025403784462,1.70298085577471E-21,0.499999999999959));
#10689=DIRECTION('',(4.99600361082182E-16,1.,2.31457627383202E-15));
#10690=DIRECTION('center_axis',(0.499999999999996,1.75468167159417E-15,
-0.866025403784441));
#10691=DIRECTION('ref_axis',(-0.866025403784441,-1.70299534557182E-21,-0.499999999999996));
#10692=DIRECTION('',(-0.866025403784441,-1.70299534557182E-21,-0.499999999999996));
#10693=DIRECTION('',(-0.866025403784441,-1.70299534557182E-21,-0.499999999999996));
#10694=DIRECTION('center_axis',(8.36356896450016E-27,-1.,3.40597615085944E-21));
#10695=DIRECTION('ref_axis',(1.,8.36363488693232E-27,3.8320542262398E-22));
#10696=DIRECTION('center_axis',(8.36356896450016E-27,-1.,3.40597615085944E-21));
#10697=DIRECTION('ref_axis',(1.,8.36363488693232E-27,3.8320542262398E-22));
#10698=DIRECTION('center_axis',(-1.,4.99600361082094E-16,-1.4802977493723E-15));
#10699=DIRECTION('ref_axis',(-1.4802977493723E-15,3.40597615085944E-21,
1.));
#10700=DIRECTION('',(-1.4802977493723E-15,3.40597615085944E-21,1.));
#10701=DIRECTION('',(4.99600361082095E-16,1.,-6.4601845850176E-16));
#10702=DIRECTION('',(-1.4802977493723E-15,3.40597615085944E-21,1.));
#10703=DIRECTION('',(4.99600361082095E-16,1.,-6.4601845850176E-16));
#10704=DIRECTION('center_axis',(-0.500000000000005,8.09268576917259E-16,
0.866025403784436));
#10705=DIRECTION('ref_axis',(0.866025403784436,1.70299532032827E-21,0.500000000000005));
#10706=DIRECTION('',(0.866025403784436,1.70299532032827E-21,0.500000000000005));
#10707=DIRECTION('',(0.866025403784436,1.70299532032827E-21,0.500000000000005));
#10708=DIRECTION('',(4.99600361082095E-16,1.,-6.4601845850176E-16));
#10709=DIRECTION('center_axis',(0.500000000000043,3.09668215835105E-16,
0.866025403784414));
#10710=DIRECTION('ref_axis',(0.866025403784409,1.03273769377967E-7,-0.50000000000004));
#10711=DIRECTION('',(0.866025403784409,1.03273769377967E-7,-0.50000000000004));
#10712=DIRECTION('',(0.866025403784409,1.03273769377967E-7,-0.50000000000004));
#10713=DIRECTION('',(4.99600361082095E-16,1.,-6.4601845850176E-16));
#10714=DIRECTION('center_axis',(1.,-4.99600361082077E-16,2.72004645381183E-14));
#10715=DIRECTION('ref_axis',(2.72004644865225E-14,-1.03273769377976E-7,
-0.999999999999995));
#10716=DIRECTION('',(2.72004644865225E-14,-1.03273769377976E-7,-0.999999999999995));
#10717=DIRECTION('',(2.72004644865225E-14,-1.03273769377976E-7,-0.999999999999995));
#10718=DIRECTION('',(4.99600361082095E-16,1.,-6.4601845850176E-16));
#10719=DIRECTION('center_axis',(0.499999999999997,-8.09268576917259E-16,
-0.866025403784441));
#10720=DIRECTION('ref_axis',(-0.866025403784441,-1.70299532032827E-21,-0.499999999999997));
#10721=DIRECTION('',(-0.866025403784441,-1.70299532032827E-21,-0.499999999999997));
#10722=DIRECTION('',(-0.866025403784441,-1.70299532032827E-21,-0.499999999999997));
#10723=DIRECTION('',(4.99600361082095E-16,1.,-6.4601845850176E-16));
#10724=DIRECTION('center_axis',(-0.499999999999996,-3.09668215835181E-16,
-0.866025403784441));
#10725=DIRECTION('ref_axis',(-0.866025403784441,1.70298088101826E-21,0.499999999999996));
#10726=DIRECTION('',(-0.866025403784441,1.70298085577471E-21,0.499999999999996));
#10727=DIRECTION('',(-0.866025403784441,1.70298085577471E-21,0.499999999999996));
#10728=DIRECTION('center_axis',(-1.,4.99600361082094E-16,-1.4802977493723E-15));
#10729=DIRECTION('ref_axis',(-1.4802977493723E-15,3.40597615085944E-21,
1.));
#10730=DIRECTION('',(-1.4802977493723E-15,3.40597615085944E-21,1.));
#10731=DIRECTION('',(4.99600361082095E-16,1.,-6.4601845850176E-16));
#10732=DIRECTION('',(-1.4802977493723E-15,3.40597615085944E-21,1.));
#10733=DIRECTION('',(4.99600361082095E-16,1.,-6.4601845850176E-16));
#10734=DIRECTION('center_axis',(-0.500000000000005,8.09268576917259E-16,
0.866025403784436));
#10735=DIRECTION('ref_axis',(0.866025403784436,1.70299532032827E-21,0.500000000000005));
#10736=DIRECTION('',(0.866025403784436,1.70299532032827E-21,0.500000000000005));
#10737=DIRECTION('',(0.866025403784436,1.70299532032827E-21,0.500000000000005));
#10738=DIRECTION('',(4.99600361082095E-16,1.,-6.4601845850176E-16));
#10739=DIRECTION('center_axis',(0.500000000000043,3.09668215835105E-16,
0.866025403784414));
#10740=DIRECTION('ref_axis',(0.866025403784409,1.03273769377967E-7,-0.50000000000004));
#10741=DIRECTION('',(0.866025403784409,1.03273769377967E-7,-0.50000000000004));
#10742=DIRECTION('',(0.866025403784409,1.03273769377967E-7,-0.50000000000004));
#10743=DIRECTION('',(4.99600361082095E-16,1.,-6.4601845850176E-16));
#10744=DIRECTION('center_axis',(1.,-4.99600361082077E-16,2.72004645381183E-14));
#10745=DIRECTION('ref_axis',(2.72004644865225E-14,-1.03273769377976E-7,
-0.999999999999995));
#10746=DIRECTION('',(2.72004644865225E-14,-1.03273769377976E-7,-0.999999999999995));
#10747=DIRECTION('',(2.72004644865225E-14,-1.03273769377976E-7,-0.999999999999995));
#10748=DIRECTION('',(4.99600361082095E-16,1.,-6.4601845850176E-16));
#10749=DIRECTION('center_axis',(0.499999999999997,-8.09268576917259E-16,
-0.866025403784441));
#10750=DIRECTION('ref_axis',(-0.866025403784441,-1.70299532032827E-21,-0.499999999999997));
#10751=DIRECTION('',(-0.866025403784441,-1.70299532032827E-21,-0.499999999999997));
#10752=DIRECTION('',(-0.866025403784441,-1.70299532032827E-21,-0.499999999999997));
#10753=DIRECTION('',(4.99600361082095E-16,1.,-6.4601845850176E-16));
#10754=DIRECTION('center_axis',(-0.499999999999996,-3.09668215835181E-16,
-0.866025403784441));
#10755=DIRECTION('ref_axis',(-0.866025403784441,1.70298088101826E-21,0.499999999999996));
#10756=DIRECTION('',(-0.866025403784441,1.70298085577471E-21,0.499999999999996));
#10757=DIRECTION('',(-0.866025403784441,1.70298085577471E-21,0.499999999999996));
#10758=DIRECTION('center_axis',(0.499999999999996,-8.09268576917233E-16,
-0.866025403784441));
#10759=DIRECTION('ref_axis',(-0.866025403784441,-1.70299534557182E-21,-0.499999999999996));
#10760=DIRECTION('',(-0.866025403784441,-1.70299534557182E-21,-0.499999999999996));
#10761=DIRECTION('',(4.99600361082095E-16,1.,-6.4601845850176E-16));
#10762=DIRECTION('',(-0.866025403784441,-1.70299534557182E-21,-0.499999999999996));
#10763=DIRECTION('',(4.99600361082095E-16,1.,-6.4601845850176E-16));
#10764=DIRECTION('center_axis',(-0.500000000000001,-3.09668215835156E-16,
-0.866025403784438));
#10765=DIRECTION('ref_axis',(-0.866025403784438,1.70298083053117E-21,0.500000000000001));
#10766=DIRECTION('',(-0.866025403784438,1.70298083053117E-21,0.500000000000001));
#10767=DIRECTION('',(-0.866025403784438,1.70298083053117E-21,0.500000000000001));
#10768=DIRECTION('',(4.99600361082095E-16,1.,-6.4601845850176E-16));
#10769=DIRECTION('center_axis',(0.500000000000052,-8.09268576917233E-16,
-0.866025403784409));
#10770=DIRECTION('ref_axis',(-0.866025403784409,-9.46689492826813E-15,-0.500000000000052));
#10771=DIRECTION('',(-0.866025403784409,-9.46689492826813E-15,-0.500000000000052));
#10772=DIRECTION('',(-0.866025403784409,-9.46689492826813E-15,-0.500000000000052));
#10773=DIRECTION('',(4.99600361082095E-16,1.,-6.4601845850176E-16));
#10774=DIRECTION('center_axis',(4.99600361082095E-16,1.,-6.4601845850176E-16));
#10775=DIRECTION('ref_axis',(0.500000000000036,-8.09268576917265E-16,-0.866025403784418));
#10776=DIRECTION('center_axis',(1.04491578788342E-14,-1.,-1.8098468936457E-14));
#10777=DIRECTION('ref_axis',(0.500000000000036,2.08983128079924E-14,-0.866025403784418));
#10778=DIRECTION('center_axis',(-1.04491578788342E-14,1.,1.8098468936457E-14));
#10779=DIRECTION('ref_axis',(0.500000000000036,2.08983128079924E-14,-0.866025403784418));
#10780=DIRECTION('',(4.99600361082095E-16,1.,-6.4601845850176E-16));
#10781=DIRECTION('center_axis',(0.500000000000042,3.09668215835105E-16,
0.866025403784414));
#10782=DIRECTION('ref_axis',(0.86602540378441,1.03273769377967E-7,-0.50000000000004));
#10783=DIRECTION('',(0.86602540378441,1.03273769377967E-7,-0.50000000000004));
#10784=DIRECTION('',(0.86602540378441,1.03273769377967E-7,-0.50000000000004));
#10785=DIRECTION('',(4.99600361082095E-16,1.,-6.4601845850176E-16));
#10786=DIRECTION('center_axis',(1.,-4.99600361082077E-16,2.70154273673474E-14));
#10787=DIRECTION('ref_axis',(2.70154273157517E-14,-1.03273769377976E-7,
-0.999999999999995));
#10788=DIRECTION('',(2.70154273157517E-14,-1.03273769377976E-7,-0.999999999999995));
#10789=DIRECTION('',(2.70154273157517E-14,-1.03273769377976E-7,-0.999999999999995));
#10790=DIRECTION('',(4.99600361082095E-16,1.,-6.4601845850176E-16));
#10791=DIRECTION('center_axis',(0.499999999999996,-8.09268576917259E-16,
-0.866025403784441));
#10792=DIRECTION('ref_axis',(-0.866025403784441,-1.70299532032827E-21,-0.499999999999996));
#10793=DIRECTION('',(-0.866025403784441,-1.70299532032827E-21,-0.499999999999996));
#10794=DIRECTION('',(-0.866025403784441,-1.70299532032827E-21,-0.499999999999996));
#10795=DIRECTION('',(4.99600361082095E-16,1.,-6.4601845850176E-16));
#10796=DIRECTION('center_axis',(-0.499999999999996,-3.09668215835156E-16,
-0.866025403784441));
#10797=DIRECTION('ref_axis',(-0.866025403784441,1.70298085577471E-21,0.499999999999996));
#10798=DIRECTION('',(-0.866025403784441,1.70298085577471E-21,0.499999999999996));
#10799=DIRECTION('',(-0.866025403784441,1.70298085577471E-21,0.499999999999996));
#10800=DIRECTION('',(4.99600361082095E-16,1.,-6.4601845850176E-16));
#10801=DIRECTION('center_axis',(4.99600361082095E-16,1.,-6.4601845850176E-16));
#10802=DIRECTION('ref_axis',(1.,-4.99600361082098E-16,3.83205445106504E-22));
#10803=DIRECTION('center_axis',(2.9605947323345E-14,-1.,3.40597610037234E-21));
#10804=DIRECTION('ref_axis',(1.,2.9605947323345E-14,3.83205425384981E-22));
#10805=DIRECTION('center_axis',(-2.9605947323345E-14,1.,-3.40597610037234E-21));
#10806=DIRECTION('ref_axis',(1.,2.9605947323345E-14,3.83205425384981E-22));
#10807=DIRECTION('',(4.99600361082095E-16,1.,-6.4601845850176E-16));
#10808=DIRECTION('center_axis',(-1.,4.99600361082096E-16,2.22044566604488E-15));
#10809=DIRECTION('ref_axis',(2.22044566604489E-15,3.40597615085944E-21,
1.));
#10810=DIRECTION('',(2.22044566604489E-15,3.40597615085944E-21,1.));
#10811=DIRECTION('',(2.22044566604489E-15,3.40597615085944E-21,1.));
#10812=DIRECTION('',(4.99600361082095E-16,1.,-6.4601845850176E-16));
#10813=DIRECTION('center_axis',(-0.499999999999995,8.09268576917233E-16,
0.866025403784441));
#10814=DIRECTION('ref_axis',(0.866025403784441,1.70299532032827E-21,0.499999999999995));
#10815=DIRECTION('',(0.866025403784441,1.70299532032827E-21,0.499999999999995));
#10816=DIRECTION('',(0.866025403784441,1.70299532032827E-21,0.499999999999995));
#10817=DIRECTION('',(4.99600361082095E-16,1.,-6.4601845850176E-16));
#10818=DIRECTION('center_axis',(0.500000000000001,3.09668215835156E-16,
0.866025403784438));
#10819=DIRECTION('ref_axis',(0.866025403784438,-1.70298085577471E-21,-0.500000000000001));
#10820=DIRECTION('',(0.866025403784438,-1.70298085577471E-21,-0.500000000000001));
#10821=DIRECTION('',(0.866025403784438,-1.70298085577471E-21,-0.500000000000001));
#10822=DIRECTION('',(4.99600361082095E-16,1.,-6.4601845850176E-16));
#10823=DIRECTION('center_axis',(1.,-4.99600361082096E-16,-2.5905200075866E-15));
#10824=DIRECTION('ref_axis',(-2.59052000758661E-15,-3.40597615085944E-21,
-1.));
#10825=DIRECTION('',(-2.59052000758661E-15,-3.40597615085944E-21,-1.));
#10826=DIRECTION('',(-2.59052000758661E-15,-3.40597615085944E-21,-1.));
#10827=DIRECTION('',(4.99600361082095E-16,1.,-6.4601845850176E-16));
#10828=DIRECTION('center_axis',(-3.03595532935248E-13,6.46018458501912E-16,
1.));
#10829=DIRECTION('ref_axis',(1.,6.02884745493501E-14,3.03595532935248E-13));
#10830=DIRECTION('',(1.,6.02884745493501E-14,3.03595532935248E-13));
#10831=DIRECTION('',(1.,6.02884745493501E-14,3.03595532935248E-13));
#10832=DIRECTION('',(4.99600361082095E-16,1.,-6.4601845850176E-16));
#10833=DIRECTION('center_axis',(-1.,4.99600361082096E-16,2.5905200075866E-15));
#10834=DIRECTION('ref_axis',(2.59052000758661E-15,3.40597615085944E-21,
1.));
#10835=DIRECTION('',(2.59052000758661E-15,3.40597615085944E-21,1.));
#10836=DIRECTION('',(2.59052000758661E-15,3.40597615085944E-21,1.));
#10837=DIRECTION('',(4.99600361082095E-16,1.,-6.4601845850176E-16));
#10838=DIRECTION('center_axis',(-0.499999999999996,8.09268576917233E-16,
0.866025403784441));
#10839=DIRECTION('ref_axis',(0.866025403784441,1.70299532032827E-21,0.499999999999996));
#10840=DIRECTION('',(0.866025403784441,1.70299532032827E-21,0.499999999999996));
#10841=DIRECTION('',(0.866025403784441,1.70299532032827E-21,0.499999999999996));
#10842=DIRECTION('',(4.99600361082095E-16,1.,-6.4601845850176E-16));
#10843=DIRECTION('center_axis',(0.500000000000001,3.09668215835156E-16,
0.866025403784438));
#10844=DIRECTION('ref_axis',(0.866025403784438,-1.70298085577471E-21,-0.500000000000001));
#10845=DIRECTION('',(0.866025403784438,-1.70298085577471E-21,-0.500000000000001));
#10846=DIRECTION('',(0.866025403784438,-1.70298085577471E-21,-0.500000000000001));
#10847=DIRECTION('',(4.99600361082095E-16,1.,-6.4601845850176E-16));
#10848=DIRECTION('center_axis',(1.,-4.99600361082096E-16,-2.5905200075866E-15));
#10849=DIRECTION('ref_axis',(-2.59052000758661E-15,-3.40597615085944E-21,
-1.));
#10850=DIRECTION('',(-2.59052000758661E-15,-3.40597615085944E-21,-1.));
#10851=DIRECTION('',(-2.59052000758661E-15,-3.40597615085944E-21,-1.));
#10852=DIRECTION('',(4.99600361082095E-16,1.,-6.4601845850176E-16));
#10853=DIRECTION('center_axis',(-3.03595532935248E-13,6.46018458501912E-16,
1.));
#10854=DIRECTION('ref_axis',(1.,6.02884745493501E-14,3.03595532935248E-13));
#10855=DIRECTION('',(1.,6.02884745493501E-14,3.03595532935248E-13));
#10856=DIRECTION('',(1.,6.02884745493501E-14,3.03595532935248E-13));
#10857=DIRECTION('',(4.99600361082095E-16,1.,-6.4601845850176E-16));
#10858=DIRECTION('center_axis',(-1.,4.99600361082096E-16,2.5905200075866E-15));
#10859=DIRECTION('ref_axis',(2.59052000758661E-15,3.40597615085944E-21,
1.));
#10860=DIRECTION('',(2.59052000758661E-15,3.40597615085944E-21,1.));
#10861=DIRECTION('',(2.59052000758661E-15,3.40597615085944E-21,1.));
#10862=DIRECTION('',(4.99600361082095E-16,1.,-6.4601845850176E-16));
#10863=DIRECTION('center_axis',(-0.499999999999996,8.09268576917233E-16,
0.866025403784441));
#10864=DIRECTION('ref_axis',(0.866025403784441,1.70299532032827E-21,0.499999999999996));
#10865=DIRECTION('',(0.866025403784441,1.70299532032827E-21,0.499999999999996));
#10866=DIRECTION('',(0.866025403784441,1.70299532032827E-21,0.499999999999996));
#10867=DIRECTION('',(4.99600361082095E-16,1.,-6.4601845850176E-16));
#10868=DIRECTION('center_axis',(0.500000000000001,3.09668215835156E-16,
0.866025403784438));
#10869=DIRECTION('ref_axis',(0.866025403784438,-1.70298085577471E-21,-0.500000000000001));
#10870=DIRECTION('',(0.866025403784438,-1.70298085577471E-21,-0.500000000000001));
#10871=DIRECTION('',(0.866025403784438,-1.70298085577471E-21,-0.500000000000001));
#10872=DIRECTION('',(4.99600361082095E-16,1.,-6.4601845850176E-16));
#10873=DIRECTION('center_axis',(1.,-4.99600361082096E-16,-2.5905200075866E-15));
#10874=DIRECTION('ref_axis',(-2.59052000758661E-15,-3.40597615085944E-21,
-1.));
#10875=DIRECTION('',(-2.59052000758661E-15,-3.40597615085944E-21,-1.));
#10876=DIRECTION('',(-2.59052000758661E-15,-3.40597615085944E-21,-1.));
#10877=DIRECTION('',(4.99600361082095E-16,1.,-6.4601845850176E-16));
#10878=DIRECTION('center_axis',(-3.03595532935248E-13,6.46018458501912E-16,
1.));
#10879=DIRECTION('ref_axis',(1.,6.02884745493501E-14,3.03595532935248E-13));
#10880=DIRECTION('',(1.,6.02884745493501E-14,3.03595532935248E-13));
#10881=DIRECTION('',(1.,6.02884745493501E-14,3.03595532935248E-13));
#10882=DIRECTION('',(4.99600361082095E-16,1.,-6.4601845850176E-16));
#10883=DIRECTION('center_axis',(4.99600361082095E-16,1.,-6.4601845850176E-16));
#10884=DIRECTION('ref_axis',(-8.74300635726914E-14,6.46018458501799E-16,
1.));
#10885=DIRECTION('center_axis',(8.36356896450016E-27,-1.,3.40597615085944E-21));
#10886=DIRECTION('ref_axis',(-8.74300635726914E-14,3.4059761676984E-21,
1.));
#10887=DIRECTION('center_axis',(-8.36356896450016E-27,1.,-3.40597615085944E-21));
#10888=DIRECTION('ref_axis',(-8.74300635726914E-14,3.4059761676984E-21,
1.));
#10889=DIRECTION('',(4.99600361082095E-16,1.,-6.4601845850176E-16));
#10890=DIRECTION('center_axis',(-1.,4.99600361082096E-16,2.5905200075866E-15));
#10891=DIRECTION('ref_axis',(2.59052000758661E-15,3.40597615085944E-21,
1.));
#10892=DIRECTION('',(2.59052000758661E-15,3.40597615085944E-21,1.));
#10893=DIRECTION('',(2.59052000758661E-15,3.40597615085944E-21,1.));
#10894=DIRECTION('',(4.99600361082095E-16,1.,-6.4601845850176E-16));
#10895=DIRECTION('center_axis',(-0.499999999999996,8.09268576917233E-16,
0.866025403784441));
#10896=DIRECTION('ref_axis',(0.866025403784441,1.70299532032827E-21,0.499999999999996));
#10897=DIRECTION('',(0.866025403784441,1.70299532032827E-21,0.499999999999996));
#10898=DIRECTION('',(0.866025403784441,1.70299532032827E-21,0.499999999999996));
#10899=DIRECTION('',(4.99600361082095E-16,1.,-6.4601845850176E-16));
#10900=DIRECTION('center_axis',(4.99600361082095E-16,1.,-6.4601845850176E-16));
#10901=DIRECTION('ref_axis',(-8.74300635726914E-14,6.46018458501799E-16,
1.));
#10902=DIRECTION('center_axis',(8.36356896450016E-27,-1.,3.40597615085944E-21));
#10903=DIRECTION('ref_axis',(-8.74300635726914E-14,3.4059761676984E-21,
1.));
#10904=DIRECTION('center_axis',(-8.36356896450016E-27,1.,-3.40597615085944E-21));
#10905=DIRECTION('ref_axis',(-8.74300635726914E-14,3.4059761676984E-21,
1.));
#10906=DIRECTION('',(4.99600361082095E-16,1.,-6.4601845850176E-16));
#10907=DIRECTION('center_axis',(-1.,4.99600361081996E-16,-1.52673302732779E-13));
#10908=DIRECTION('ref_axis',(-1.52673302732779E-13,7.69377305742654E-14,
1.));
#10909=DIRECTION('',(-1.52673302732779E-13,7.69377305742654E-14,1.));
#10910=DIRECTION('',(-1.52673302732779E-13,7.69377305742654E-14,1.));
#10911=DIRECTION('',(4.99600361082095E-16,1.,-6.4601845850176E-16));
#10912=DIRECTION('center_axis',(0.499999999999997,-8.09268576917259E-16,
-0.866025403784441));
#10913=DIRECTION('ref_axis',(-0.866025403784441,-1.70299532032827E-21,-0.499999999999997));
#10914=DIRECTION('',(-0.866025403784441,-1.70299532032827E-21,-0.499999999999997));
#10915=DIRECTION('',(-0.866025403784441,-1.70299532032827E-21,-0.499999999999997));
#10916=DIRECTION('',(4.99600361082095E-16,1.,-6.4601845850176E-16));
#10917=DIRECTION('center_axis',(-0.499999999999996,-3.09668215835181E-16,
-0.866025403784441));
#10918=DIRECTION('ref_axis',(-0.866025403784441,1.70298088101826E-21,0.499999999999996));
#10919=DIRECTION('',(-0.866025403784441,1.70298085577471E-21,0.499999999999996));
#10920=DIRECTION('',(-0.866025403784441,1.70298085577471E-21,0.499999999999996));
#10921=DIRECTION('',(4.99600361082095E-16,1.,-6.4601845850176E-16));
#10922=DIRECTION('center_axis',(-1.,4.99600361082094E-16,-1.4802977493723E-15));
#10923=DIRECTION('ref_axis',(-1.4802977493723E-15,3.40597615085944E-21,
1.));
#10924=DIRECTION('',(-1.4802977493723E-15,3.40597615085944E-21,1.));
#10925=DIRECTION('',(-1.4802977493723E-15,3.40597615085944E-21,1.));
#10926=DIRECTION('',(4.99600361082095E-16,1.,-6.4601845850176E-16));
#10927=DIRECTION('center_axis',(-0.500000000000005,8.09268576917259E-16,
0.866025403784436));
#10928=DIRECTION('ref_axis',(0.866025403784436,1.70299532032827E-21,0.500000000000005));
#10929=DIRECTION('',(0.866025403784436,1.70299532032827E-21,0.500000000000005));
#10930=DIRECTION('',(0.866025403784436,1.70299532032827E-21,0.500000000000005));
#10931=DIRECTION('',(4.99600361082095E-16,1.,-6.4601845850176E-16));
#10932=DIRECTION('center_axis',(-0.500000000000002,-3.09668215835156E-16,
-0.866025403784437));
#10933=DIRECTION('ref_axis',(-0.866025403784437,-9.99940579889624E-14,0.500000000000002));
#10934=DIRECTION('',(-0.866025403784437,-9.99940579889624E-14,0.500000000000002));
#10935=DIRECTION('',(-0.866025403784437,-9.99940579889624E-14,0.500000000000002));
#10936=DIRECTION('',(4.99600361082095E-16,1.,-6.4601845850176E-16));
#10937=DIRECTION('center_axis',(0.499999999999996,-8.09268576917233E-16,
-0.866025403784441));
#10938=DIRECTION('ref_axis',(-0.866025403784441,-1.70299534557182E-21,-0.499999999999996));
#10939=DIRECTION('',(-0.866025403784441,-1.70299534557182E-21,-0.499999999999996));
#10940=DIRECTION('',(-0.866025403784441,-1.70299534557182E-21,-0.499999999999996));
#10941=DIRECTION('',(4.99600361082095E-16,1.,-6.4601845850176E-16));
#10942=DIRECTION('center_axis',(-0.500000000000001,-3.09668215835156E-16,
-0.866025403784438));
#10943=DIRECTION('ref_axis',(-0.866025403784438,1.70298083053117E-21,0.500000000000001));
#10944=DIRECTION('',(-0.866025403784438,1.70298083053117E-21,0.500000000000001));
#10945=DIRECTION('',(-0.866025403784438,1.70298083053117E-21,0.500000000000001));
#10946=DIRECTION('',(4.99600361082095E-16,1.,-6.4601845850176E-16));
#10947=DIRECTION('center_axis',(-1.,4.99600361082096E-16,2.5905200075866E-15));
#10948=DIRECTION('ref_axis',(2.59052000758661E-15,3.40597615085944E-21,
1.));
#10949=DIRECTION('',(2.59052000758661E-15,3.40597615085944E-21,1.));
#10950=DIRECTION('',(2.59052000758661E-15,3.40597615085944E-21,1.));
#10951=DIRECTION('',(4.99600361082095E-16,1.,-6.4601845850176E-16));
#10952=DIRECTION('center_axis',(-0.500000000000002,-3.09668215835156E-16,
-0.866025403784437));
#10953=DIRECTION('ref_axis',(-0.866025403784437,-9.99940579889624E-14,0.500000000000002));
#10954=DIRECTION('',(-0.866025403784437,-9.99940579889624E-14,0.500000000000002));
#10955=DIRECTION('',(-0.866025403784437,-9.99940579889624E-14,0.500000000000002));
#10956=DIRECTION('',(4.99600361082095E-16,1.,-6.4601845850176E-16));
#10957=DIRECTION('center_axis',(1.,-4.99600361082096E-16,-2.5905200075866E-15));
#10958=DIRECTION('ref_axis',(-2.59052000758661E-15,-3.40597615085944E-21,
-1.));
#10959=DIRECTION('',(-2.59052000758661E-15,-3.40597615085944E-21,-1.));
#10960=DIRECTION('',(-2.59052000758661E-15,-3.40597615085944E-21,-1.));
#10961=DIRECTION('',(4.99600361082095E-16,1.,-6.4601845850176E-16));
#10962=DIRECTION('center_axis',(0.499999999999996,-8.09268576917233E-16,
-0.866025403784441));
#10963=DIRECTION('ref_axis',(-0.866025403784441,-1.70299534557182E-21,-0.499999999999996));
#10964=DIRECTION('',(-0.866025403784441,-1.70299534557182E-21,-0.499999999999996));
#10965=DIRECTION('',(-0.866025403784441,-1.70299534557182E-21,-0.499999999999996));
#10966=DIRECTION('',(4.99600361082095E-16,1.,-6.4601845850176E-16));
#10967=DIRECTION('center_axis',(-0.500000000000001,-3.09668215835156E-16,
-0.866025403784438));
#10968=DIRECTION('ref_axis',(-0.866025403784438,1.70298083053117E-21,0.500000000000001));
#10969=DIRECTION('',(-0.866025403784438,1.70298083053117E-21,0.500000000000001));
#10970=DIRECTION('',(-0.866025403784438,1.70298083053117E-21,0.500000000000001));
#10971=DIRECTION('',(4.99600361082095E-16,1.,-6.4601845850176E-16));
#10972=DIRECTION('center_axis',(-1.,4.99600361082096E-16,2.5905200075866E-15));
#10973=DIRECTION('ref_axis',(2.59052000758661E-15,3.40597615085944E-21,
1.));
#10974=DIRECTION('',(2.59052000758661E-15,3.40597615085944E-21,1.));
#10975=DIRECTION('',(2.59052000758661E-15,3.40597615085944E-21,1.));
#10976=DIRECTION('',(4.99600361082095E-16,1.,-6.4601845850176E-16));
#10977=DIRECTION('center_axis',(0.500000000000052,-8.09268576917233E-16,
-0.866025403784409));
#10978=DIRECTION('ref_axis',(-0.866025403784409,-9.46689492826813E-15,-0.500000000000052));
#10979=DIRECTION('',(-0.866025403784409,-9.46689492826813E-15,-0.500000000000052));
#10980=DIRECTION('',(-0.866025403784409,-9.46689492826813E-15,-0.500000000000052));
#10981=DIRECTION('',(4.99600361082095E-16,1.,-6.4601845850176E-16));
#10982=DIRECTION('center_axis',(1.,-4.99600361082096E-16,-2.5905200075866E-15));
#10983=DIRECTION('ref_axis',(-2.59052000758661E-15,-3.40597615085944E-21,
-1.));
#10984=DIRECTION('',(-2.59052000758661E-15,-3.40597615085944E-21,-1.));
#10985=DIRECTION('',(-2.59052000758661E-15,-3.40597615085944E-21,-1.));
#10986=DIRECTION('center_axis',(8.36356896450016E-27,-1.,3.40597615085944E-21));
#10987=DIRECTION('ref_axis',(1.,8.36363488693232E-27,3.8320542262398E-22));
#10988=DIRECTION('center_axis',(8.36356896450016E-27,-1.,3.40597615085944E-21));
#10989=DIRECTION('ref_axis',(1.,8.36363488693232E-27,3.8320542262398E-22));
#10990=DIRECTION('',(2.95869025447804E-14,-2.95179009730129E-18,1.));
#10991=DIRECTION('',(1.,3.70662221961064E-30,-2.95869025447804E-14));
#10992=DIRECTION('',(0.,0.,1.));
#10993=DIRECTION('',(1.,0.,0.));
#10994=CARTESIAN_POINT('',(0.,0.,0.));
#10995=CARTESIAN_POINT('',(0.,0.,0.));
#10996=CARTESIAN_POINT('Origin',(-112.274151056091,549.772378239953,68.2342067191373));
#10997=CARTESIAN_POINT('',(-138.674255338869,549.572378239952,68.0342067191365));
#10998=CARTESIAN_POINT('',(-115.874255338869,549.572378239953,68.0342067191372));
#10999=CARTESIAN_POINT('',(-112.274151056091,549.572378239953,68.0342067191373));
#11000=CARTESIAN_POINT('',(-116.274255338869,549.972378239953,68.4342067191372));
#11001=CARTESIAN_POINT('',(-115.874255338869,549.572378239953,68.0342067191372));
#11002=CARTESIAN_POINT('',(-138.274255338869,549.972378239952,68.4342067191365));
#11003=CARTESIAN_POINT('',(-112.274151056091,549.972378239953,68.4342067191373));
#11004=CARTESIAN_POINT('',(-138.274255338869,549.972378239952,68.4342067191365));
#11005=CARTESIAN_POINT('Origin',(-116.074255338869,549.772378239953,78.0592308399688));
#11006=CARTESIAN_POINT('',(-115.87425533887,549.572378239953,103.334206719137));
#11007=CARTESIAN_POINT('',(-115.874255338869,549.572378239953,78.0592308399688));
#11008=CARTESIAN_POINT('',(-116.27425533887,549.972378239953,102.934206719137));
#11009=CARTESIAN_POINT('',(-115.87425533887,549.572378239953,103.334206719137));
#11010=CARTESIAN_POINT('',(-116.274255338869,549.972378239953,78.0592308399688));
#11011=CARTESIAN_POINT('Origin',(-138.47425533887,549.772378239952,93.309230839968));
#11012=CARTESIAN_POINT('',(-138.27425533887,549.972378239952,102.934206719137));
#11013=CARTESIAN_POINT('',(-138.27425533887,549.972378239952,93.3092308399681));
#11014=CARTESIAN_POINT('',(-138.67425533887,549.572378239952,103.334206719137));
#11015=CARTESIAN_POINT('',(-138.27425533887,549.972378239952,102.934206719137));
#11016=CARTESIAN_POINT('',(-138.67425533887,549.572378239952,93.309230839968));
#11017=CARTESIAN_POINT('Origin',(-101.274151056092,549.772378239953,103.134206719138));
#11018=CARTESIAN_POINT('',(-101.274151056092,549.572378239953,103.334206719138));
#11019=CARTESIAN_POINT('',(-101.274151056092,549.972378239953,102.934206719138));
#11020=CARTESIAN_POINT('Origin',(-138.27425533887,556.572378195252,100.934206719136));
#11021=CARTESIAN_POINT('',(-138.274255338869,555.372378195252,68.4342067191365));
#11022=CARTESIAN_POINT('',(-138.274255338869,555.372378195252,68.4342067191365));
#11023=CARTESIAN_POINT('',(-138.274255338869,555.372378195252,70.4342067191364));
#11024=CARTESIAN_POINT('',(-138.274255338869,555.372378195252,68.4342067191365));
#11025=CARTESIAN_POINT('',(-138.274255338869,556.572378195252,70.4342067191364));
#11026=CARTESIAN_POINT('',(-138.274255338869,556.572378195252,70.4342067191364));
#11027=CARTESIAN_POINT('',(-138.27425533887,556.572378195252,100.934206719136));
#11028=CARTESIAN_POINT('',(-138.27425533887,556.572378195253,101.809235182684));
#11029=CARTESIAN_POINT('',(-138.27425533887,555.372378195252,100.934206719136));
#11030=CARTESIAN_POINT('',(-138.27425533887,556.572378195252,100.934206719136));
#11031=CARTESIAN_POINT('',(-138.27425533887,555.372378195252,102.934206719136));
#11032=CARTESIAN_POINT('',(-138.27425533887,555.372378195252,102.934206719136));
#11033=CARTESIAN_POINT('',(-138.27425533887,555.372378195252,102.934206719136));
#11034=CARTESIAN_POINT('Origin',(-138.274255338869,555.372378195252,68.4342067191365));
#11035=CARTESIAN_POINT('',(-116.274255338869,555.372378195253,68.4342067191372));
#11036=CARTESIAN_POINT('',(-116.274255338869,555.372378195253,68.4342067191372));
#11037=CARTESIAN_POINT('',(-116.274255338869,555.372378195253,68.4342067191372));
#11038=CARTESIAN_POINT('Origin',(-86.2740467733144,549.572378239954,85.6842549608014));
#11039=CARTESIAN_POINT('',(-47.7742553388712,549.572378239955,118.284263646237));
#11040=CARTESIAN_POINT('',(-145.274255338871,549.572378239952,118.28426364623));
#11041=CARTESIAN_POINT('',(-91.8739416057449,549.572378239954,118.284263646234));
#11042=CARTESIAN_POINT('',(-146.874255338871,549.572378239952,116.68426364623));
#11043=CARTESIAN_POINT('Origin',(-145.274255338871,549.572378239952,116.68426364623));
#11044=CARTESIAN_POINT('',(-146.874255338871,549.572378239952,110.760733978909));
#11045=CARTESIAN_POINT('',(-146.87425533887,549.572378239952,98.6842593035125));
#11046=CARTESIAN_POINT('',(-148.57425533887,549.572378239952,107.816247606042));
#11047=CARTESIAN_POINT('Origin',(-150.274255338871,549.572378239952,110.760733978909));
#11048=CARTESIAN_POINT('',(-156.57425533887,549.572378239952,103.197445452525));
#11049=CARTESIAN_POINT('',(-130.003394093577,549.572378239953,118.538139345098));
#11050=CARTESIAN_POINT('',(-159.37425533887,549.572378239952,98.3477031913314));
#11051=CARTESIAN_POINT('Origin',(-153.774255338869,549.572378239952,98.3477031913318));
#11052=CARTESIAN_POINT('',(-159.374255338869,549.572378239952,89.1100988842974));
#11053=CARTESIAN_POINT('',(-159.374255338869,549.572378239952,94.6140552874171));
#11054=CARTESIAN_POINT('',(-156.574255338868,549.572378239952,84.2603566231048));
#11055=CARTESIAN_POINT('Origin',(-153.774255338869,549.572378239952,89.1100988842978));
#11056=CARTESIAN_POINT('',(-148.574255338868,549.572378239952,79.6415544695885));
#11057=CARTESIAN_POINT('',(-130.519960159996,549.572378239953,69.2179022880397));
#11058=CARTESIAN_POINT('',(-146.874255338868,549.572378239952,76.6970680967215));
#11059=CARTESIAN_POINT('Origin',(-150.274255338868,549.572378239952,76.6970680967212));
#11060=CARTESIAN_POINT('',(-146.874255338867,549.572378239952,58.6841497920425));
#11061=CARTESIAN_POINT('',(-146.874255338868,549.572378239952,81.1906615287592));
#11062=CARTESIAN_POINT('',(-145.274255338867,549.572378239952,57.0841497920427));
#11063=CARTESIAN_POINT('Origin',(-145.274255338867,549.572378239952,58.6841497920427));
#11064=CARTESIAN_POINT('',(-47.7742553388667,549.572378239955,57.0841497920498));
#11065=CARTESIAN_POINT('',(-66.0241510560896,549.572378239954,57.0841497920485));
#11066=CARTESIAN_POINT('',(-46.1742553388668,549.572378239955,58.68414979205));
#11067=CARTESIAN_POINT('Origin',(-47.7742553388668,549.572378239955,58.6841497920498));
#11068=CARTESIAN_POINT('',(-46.1742553388711,549.572378239955,116.684263646237));
#11069=CARTESIAN_POINT('',(-46.17425533887,549.572378239955,102.184259303521));
#11070=CARTESIAN_POINT('Origin',(-47.7742553388711,549.572378239955,116.684263646237));
#11071=CARTESIAN_POINT('',(-102.174255338869,549.572378239953,102.734206719141));
#11072=CARTESIAN_POINT('',(-105.974255338869,549.572378239953,98.9342067191407));
#11073=CARTESIAN_POINT('Origin',(-102.174255338869,549.572378239953,98.9342067191409));
#11074=CARTESIAN_POINT('',(-79.6742553388692,549.572378239954,102.734206719142));
#11075=CARTESIAN_POINT('',(-81.2741510560922,549.572378239954,102.734206719141));
#11076=CARTESIAN_POINT('',(-75.874255338869,549.572378239954,98.9342067191416));
#11077=CARTESIAN_POINT('Origin',(-79.6742553388691,549.572378239954,98.9342067191415));
#11078=CARTESIAN_POINT('',(-75.8742553388682,549.572378239954,72.4342067191416));
#11079=CARTESIAN_POINT('',(-75.8742553388684,549.572378239954,77.3592308399717));
#11080=CARTESIAN_POINT('',(-79.6742553388681,549.572378239954,68.6342067191415));
#11081=CARTESIAN_POINT('Origin',(-79.6742553388682,549.572378239954,72.4342067191415));
#11082=CARTESIAN_POINT('',(-102.174255338868,549.572378239953,68.6342067191408));
#11083=CARTESIAN_POINT('',(-95.9241510560911,549.572378239954,68.634206719141));
#11084=CARTESIAN_POINT('',(-105.974255338868,549.572378239953,72.4342067191407));
#11085=CARTESIAN_POINT('Origin',(-102.174255338868,549.572378239953,72.4342067191408));
#11086=CARTESIAN_POINT('',(-105.974255338869,549.572378239953,94.0092308399707));
#11087=CARTESIAN_POINT('',(-70.5742553388686,549.572378239954,85.684206719142));
#11088=CARTESIAN_POINT('Origin',(-72.9242553388686,549.572378239954,85.6842067191419));
#11089=CARTESIAN_POINT('',(-106.574255338869,549.572378239953,85.6842067191408));
#11090=CARTESIAN_POINT('Origin',(-108.924255338869,549.572378239953,85.6842067191407));
#11091=CARTESIAN_POINT('',(-67.274255338871,549.572378239954,114.084263646227));
#11092=CARTESIAN_POINT('',(-50.774255338871,549.572378239955,114.084263646233));
#11093=CARTESIAN_POINT('',(-123.024151056098,549.572378239953,114.084263646207));
#11094=CARTESIAN_POINT('',(-48.3742553388707,549.572378239955,111.684263646236));
#11095=CARTESIAN_POINT('Origin',(-50.7742553388707,549.572378239955,111.684263646236));
#11096=CARTESIAN_POINT('',(-48.3742553388706,549.572378239955,109.894708575132));
#11097=CARTESIAN_POINT('',(-48.3742553388696,549.572378239955,96.9234563641838));
#11098=CARTESIAN_POINT('',(-50.0742553388704,549.572378239955,106.950222202265));
#11099=CARTESIAN_POINT('Origin',(-51.7742553388706,549.572378239955,109.894708575132));
#11100=CARTESIAN_POINT('',(-56.5742553388701,549.572378239954,103.197445452532));
#11101=CARTESIAN_POINT('',(-71.5033940935748,549.572378239954,94.5781031737325));
#11102=CARTESIAN_POINT('',(-59.9742553388701,549.572378239954,103.197445452532));
#11103=CARTESIAN_POINT('Origin',(-58.2742553388703,549.572378239954,106.141931825399));
#11104=CARTESIAN_POINT('',(-67.9742553388704,549.572378239954,107.816247606048));
#11105=CARTESIAN_POINT('',(-70.0449601599994,549.572378239954,109.011769591939));
#11106=CARTESIAN_POINT('',(-69.6742553388706,549.572378239954,110.760733978915));
#11107=CARTESIAN_POINT('Origin',(-66.2742553388706,549.572378239954,110.760733978915));
#11108=CARTESIAN_POINT('',(-69.6742553388708,549.572378239954,111.684263646234));
#11109=CARTESIAN_POINT('',(-69.6742553388698,549.572378239954,99.6842593035159));
#11110=CARTESIAN_POINT('Origin',(-67.2742553388707,549.572378239954,111.684263646234));
#11111=CARTESIAN_POINT('',(-59.9742553388686,549.572378239954,84.2603566231121));
#11112=CARTESIAN_POINT('',(-56.5742553388687,549.572378239954,84.2603566231123));
#11113=CARTESIAN_POINT('Origin',(-58.2742553388685,549.572378239954,81.315870250245));
#11114=CARTESIAN_POINT('',(-50.0742553388684,549.572378239955,80.5075798733803));
#11115=CARTESIAN_POINT('',(-64.769960159998,549.572378239954,88.9921490077892));
#11116=CARTESIAN_POINT('',(-48.3742553388682,549.572378239955,77.5630935005133));
#11117=CARTESIAN_POINT('Origin',(-51.7742553388682,549.572378239955,77.563093500513));
#11118=CARTESIAN_POINT('',(-48.3742553388674,549.572378239955,66.5934383859104));
#11119=CARTESIAN_POINT('',(-48.3742553388681,549.572378239955,76.1388466733573));
#11120=CARTESIAN_POINT('',(-50.0742553388671,549.572378239955,63.6489520130431));
#11121=CARTESIAN_POINT('Origin',(-51.7742553388674,549.572378239955,66.5934383859101));
#11122=CARTESIAN_POINT('',(-56.5742553388669,549.572378239954,59.8961752633101));
#11123=CARTESIAN_POINT('',(-60.1325678567004,549.572378239954,57.8417825732778));
#11124=CARTESIAN_POINT('',(-59.9742553388669,549.572378239954,59.8961752633099));
#11125=CARTESIAN_POINT('Origin',(-58.2742553388671,549.572378239954,62.8406616361771));
#11126=CARTESIAN_POINT('',(-67.9742553388672,549.572378239954,64.5149774168263));
#11127=CARTESIAN_POINT('',(-79.4199601599966,549.572378239954,71.1231581763693));
#11128=CARTESIAN_POINT('',(-69.6742553388674,549.572378239954,67.4594637896932));
#11129=CARTESIAN_POINT('Origin',(-66.2742553388674,549.572378239954,67.4594637896935));
#11130=CARTESIAN_POINT('',(-69.6742553388681,549.572378239954,76.6970680967273));
#11131=CARTESIAN_POINT('',(-69.6742553388684,549.572378239954,81.190661528765));
#11132=CARTESIAN_POINT('',(-67.9742553388683,549.572378239954,79.6415544695945));
#11133=CARTESIAN_POINT('Origin',(-66.2742553388682,549.572378239954,76.6970680967275));
#11134=CARTESIAN_POINT('',(-69.5283940935736,549.572378239954,78.7442720412072));
#11135=CARTESIAN_POINT('',(-48.37425533887,549.572378239955,102.966505344857));
#11136=CARTESIAN_POINT('',(-48.3742553388687,549.572378239955,84.4912967307888));
#11137=CARTESIAN_POINT('',(-48.3742553388687,549.572378239955,84.2217504420121));
#11138=CARTESIAN_POINT('',(-50.4742553388686,549.572378239955,83.2788611654904));
#11139=CARTESIAN_POINT('Origin',(-49.7742553388687,549.572378239955,84.4912967307887));
#11140=CARTESIAN_POINT('',(-55.4742553388688,549.572378239954,86.1656125114382));
#11141=CARTESIAN_POINT('',(-66.9199601599982,549.572378239954,92.7737932709811));
#11142=CARTESIAN_POINT('',(-57.1742553388689,549.572378239954,89.1100988843051));
#11143=CARTESIAN_POINT('Origin',(-53.774255338869,549.572378239954,89.1100988843054));
#11144=CARTESIAN_POINT('',(-57.1742553388697,549.572378239954,98.3477031913392));
#11145=CARTESIAN_POINT('',(-57.1742553388687,549.572378239954,85.9342308399736));
#11146=CARTESIAN_POINT('',(-55.4742553388699,549.572378239954,101.292189564206));
#11147=CARTESIAN_POINT('Origin',(-53.7742553388698,549.572378239954,98.3477031913394));
#11148=CARTESIAN_POINT('',(-50.4742553388702,549.572378239955,104.178940910155));
#11149=CARTESIAN_POINT('',(-67.1533940935748,549.572378239954,94.5492356602734));
#11150=CARTESIAN_POINT('Origin',(-49.7742553388701,549.572378239955,102.966505344857));
#11151=CARTESIAN_POINT('Origin',(-102.174255338869,549.772378239953,98.9342067191409));
#11152=CARTESIAN_POINT('',(-105.574255338869,549.972378239952,98.9342067191407));
#11153=CARTESIAN_POINT('',(-105.974255338869,549.572378239953,98.9342067191407));
#11154=CARTESIAN_POINT('',(-102.174255338869,549.972378239953,102.334206719141));
#11155=CARTESIAN_POINT('Origin',(-102.174255338869,549.972378239953,98.9342067191408));
#11156=CARTESIAN_POINT('',(-102.174255338869,549.972378239953,102.334206719141));
#11157=CARTESIAN_POINT('Origin',(-105.774255338869,549.772378239953,94.0092308399707));
#11158=CARTESIAN_POINT('',(-105.574255338868,549.972378239953,72.4342067191407));
#11159=CARTESIAN_POINT('',(-105.974255338868,549.572378239953,72.4342067191407));
#11160=CARTESIAN_POINT('',(-105.574255338869,549.972378239953,94.0092308399707));
#11161=CARTESIAN_POINT('Origin',(-102.174255338868,549.772378239953,72.4342067191408));
#11162=CARTESIAN_POINT('',(-102.174255338868,549.972378239952,69.0342067191408));
#11163=CARTESIAN_POINT('',(-102.174255338868,549.572378239953,68.6342067191408));
#11164=CARTESIAN_POINT('Origin',(-102.174255338868,549.972378239952,72.4342067191408));
#11165=CARTESIAN_POINT('Origin',(-95.9241510560911,549.772378239953,68.834206719141));
#11166=CARTESIAN_POINT('',(-79.6742553388681,549.972378239954,69.0342067191415));
#11167=CARTESIAN_POINT('',(-79.6742553388681,549.572378239954,68.6342067191415));
#11168=CARTESIAN_POINT('',(-95.9241510560911,549.972378239954,69.034206719141));
#11169=CARTESIAN_POINT('Origin',(-79.6742553388682,549.772378239954,72.4342067191415));
#11170=CARTESIAN_POINT('',(-76.2742553388682,549.972378239954,72.4342067191416));
#11171=CARTESIAN_POINT('',(-75.8742553388682,549.572378239954,72.4342067191416));
#11172=CARTESIAN_POINT('Origin',(-79.6742553388682,549.972378239954,72.4342067191415));
#11173=CARTESIAN_POINT('Origin',(-76.0742553388684,549.772378239954,77.3592308399717));
#11174=CARTESIAN_POINT('',(-76.2742553388691,549.972378239954,98.9342067191416));
#11175=CARTESIAN_POINT('',(-75.874255338869,549.572378239954,98.9342067191416));
#11176=CARTESIAN_POINT('',(-76.2742553388684,549.972378239954,77.3592308399717));
#11177=CARTESIAN_POINT('Origin',(-79.6742553388691,549.772378239954,98.9342067191415));
#11178=CARTESIAN_POINT('',(-79.6742553388692,549.972378239954,102.334206719142));
#11179=CARTESIAN_POINT('',(-79.6742553388692,549.572378239954,102.734206719142));
#11180=CARTESIAN_POINT('Origin',(-79.6742553388691,549.972378239954,98.9342067191415));
#11181=CARTESIAN_POINT('Origin',(-81.2741510560922,549.772378239954,102.534206719141));
#11182=CARTESIAN_POINT('',(-81.2741510560922,549.972378239954,102.334206719141));
#11183=CARTESIAN_POINT('Origin',(-76.2742553388684,556.572378195255,69.0342067191416));
#11184=CARTESIAN_POINT('',(-76.2742553388694,556.572378195256,98.9342067191416));
#11185=CARTESIAN_POINT('',(-76.2742553388694,556.572378195255,98.9342067191416));
#11186=CARTESIAN_POINT('',(-76.2742553388685,556.572378195256,72.4342067191416));
#11187=CARTESIAN_POINT('',(-76.274255338869,556.572378195256,85.8592351826873));
#11188=CARTESIAN_POINT('',(-76.2742553388685,556.572378195255,72.4342067191416));
#11189=CARTESIAN_POINT('Origin',(-79.6742553388694,556.572378195255,98.9342067191415));
#11190=CARTESIAN_POINT('',(-79.6742553388695,556.572378195256,102.334206719142));
#11191=CARTESIAN_POINT('',(-79.6742553388695,556.572378195255,102.334206719141));
#11192=CARTESIAN_POINT('Origin',(-79.6742553388694,556.572378195256,98.9342067191415));
#11193=CARTESIAN_POINT('Origin',(-76.2742553388695,556.572378195255,102.334206719142));
#11194=CARTESIAN_POINT('',(-102.17425533887,556.572378195255,102.334206719141));
#11195=CARTESIAN_POINT('',(-102.17425533887,556.572378195254,102.334206719141));
#11196=CARTESIAN_POINT('',(-33.5242553388698,556.572378195258,102.334206719143));
#11197=CARTESIAN_POINT('Origin',(-102.174255338869,556.572378195254,98.9342067191408));
#11198=CARTESIAN_POINT('',(-105.574255338869,556.572378195254,98.9342067191407));
#11199=CARTESIAN_POINT('',(-105.574255338869,556.572378195253,98.9342067191407));
#11200=CARTESIAN_POINT('Origin',(-102.174255338869,556.572378195255,98.9342067191408));
#11201=CARTESIAN_POINT('Origin',(-102.174255338869,556.572378195253,72.4342067191408));
#11202=CARTESIAN_POINT('',(-102.174255338868,556.572378195254,69.0342067191408));
#11203=CARTESIAN_POINT('',(-102.174255338868,556.572378195253,69.0342067191408));
#11204=CARTESIAN_POINT('',(-105.574255338869,556.572378195254,72.4342067191407));
#11205=CARTESIAN_POINT('Origin',(-102.174255338869,556.572378195254,72.4342067191408));
#11206=CARTESIAN_POINT('',(-105.574255338869,556.572378195253,72.4342067191407));
#11207=CARTESIAN_POINT('Origin',(-105.574255338869,556.572378195253,102.334206719141));
#11208=CARTESIAN_POINT('',(-105.574255338869,556.572378195254,102.509235182686));
#11209=CARTESIAN_POINT('Origin',(-79.6742553388685,556.572378195255,72.4342067191415));
#11210=CARTESIAN_POINT('',(-79.6742553388684,556.572378195256,69.0342067191415));
#11211=CARTESIAN_POINT('Origin',(-79.6742553388685,556.572378195256,72.4342067191415));
#11212=CARTESIAN_POINT('',(-79.6742553388684,556.572378195255,69.0342067191415));
#11213=CARTESIAN_POINT('Origin',(-105.574255338868,556.572378195253,69.0342067191407));
#11214=CARTESIAN_POINT('',(-48.1742553388688,556.572378195257,69.0342067191425));
#11215=CARTESIAN_POINT('Origin',(-127.274255338869,555.372378195252,69.4342067191368));
#11216=CARTESIAN_POINT('',(-116.274255338869,555.372378195253,70.4342067191371));
#11217=CARTESIAN_POINT('',(-116.274255338869,555.372378195253,70.4342067191371));
#11218=CARTESIAN_POINT('',(-132.774255338869,555.372378195252,70.4342067191365));
#11219=CARTESIAN_POINT('Origin',(-116.27425533887,555.372378195253,102.934206719137));
#11220=CARTESIAN_POINT('',(-116.27425533887,555.372378195253,102.934206719137));
#11221=CARTESIAN_POINT('',(-116.27425533887,555.372378195253,102.934206719137));
#11222=CARTESIAN_POINT('',(-116.27425533887,555.372378195253,102.934206719137));
#11223=CARTESIAN_POINT('Origin',(-127.27425533887,555.372378195252,101.934206719137));
#11224=CARTESIAN_POINT('',(-116.27425533887,555.372378195253,100.934206719137));
#11225=CARTESIAN_POINT('',(-121.77425533887,555.372378195253,100.934206719137));
#11226=CARTESIAN_POINT('',(-116.27425533887,555.372378195253,100.934206719137));
#11227=CARTESIAN_POINT('Origin',(-138.274255338869,556.572378195252,70.4342067191364));
#11228=CARTESIAN_POINT('',(-116.274255338869,556.572378195253,70.4342067191371));
#11229=CARTESIAN_POINT('',(-116.274255338869,556.572378195253,70.4342067191371));
#11230=CARTESIAN_POINT('',(-64.5242553388692,556.572378195256,70.4342067191386));
#11231=CARTESIAN_POINT('Origin',(-116.27425533887,556.572378195253,100.934206719137));
#11232=CARTESIAN_POINT('',(-116.27425533887,556.572378195253,100.934206719137));
#11233=CARTESIAN_POINT('',(-53.5242553388701,556.572378195257,100.934206719139));
#11234=CARTESIAN_POINT('',(-116.27425533887,556.572378195253,100.934206719137));
#11235=CARTESIAN_POINT('Origin',(-72.9242553388689,556.572378195255,85.6842067191419));
#11236=CARTESIAN_POINT('',(-70.5742553388689,556.572378195256,85.684206719142));
#11237=CARTESIAN_POINT('Origin',(-72.9242553388689,556.572378195256,85.6842067191419));
#11238=CARTESIAN_POINT('',(-70.5742553388689,556.572378195255,85.684206719142));
#11239=CARTESIAN_POINT('Origin',(-108.924255338869,556.572378195253,85.6842067191407));
#11240=CARTESIAN_POINT('',(-106.574255338869,556.572378195254,85.6842067191408));
#11241=CARTESIAN_POINT('Origin',(-108.924255338869,556.572378195254,85.6842067191407));
#11242=CARTESIAN_POINT('',(-106.574255338869,556.572378195253,85.6842067191408));
#11243=CARTESIAN_POINT('Origin',(-116.274255338869,556.572378195253,70.4342067191371));
#11244=CARTESIAN_POINT('',(-116.27425533887,556.572378195254,86.5592351826843));
#11245=CARTESIAN_POINT('Origin',(-18.2742553388682,567.572378195259,68.6841497920522));
#11246=CARTESIAN_POINT('',(-146.274255338868,556.572378195251,68.6841497920428));
#11247=CARTESIAN_POINT('',(-69.2742553388677,556.572378195256,68.6841497920485));
#11248=CARTESIAN_POINT('',(-18.2742553388676,556.572378195257,68.6841497920522));
#11249=CARTESIAN_POINT('',(-69.2742553388676,556.640766045366,67.4594637896933));
#11250=CARTESIAN_POINT('Origin',(-69.2742553388684,567.572378195256,68.6841497920485));
#11251=CARTESIAN_POINT('',(-67.7742553388674,557.257995564316,64.8613875783401));
#11252=CARTESIAN_POINT('Ctrl Pts',(-67.7742553388674,557.257995564316,64.8613875783401));
#11253=CARTESIAN_POINT('Ctrl Pts',(-68.0067724240599,557.208241531426,64.9956313800672));
#11254=CARTESIAN_POINT('Ctrl Pts',(-68.2172057042459,557.150582219829,65.1597734679526));
#11255=CARTESIAN_POINT('Ctrl Pts',(-68.6603088631819,557.009093424711,65.6028766268885));
#11256=CARTESIAN_POINT('Ctrl Pts',(-68.890219322082,556.914107129128,65.9375381622331));
#11257=CARTESIAN_POINT('Ctrl Pts',(-69.1972848592489,556.75083342685,66.6749742404945));
#11258=CARTESIAN_POINT('Ctrl Pts',(-69.2742553388675,556.683498002221,67.0780360785471));
#11259=CARTESIAN_POINT('Ctrl Pts',(-69.2742553388676,556.640766045366,67.4594637896933));
#11260=CARTESIAN_POINT('',(-59.7742553388663,560.519719757903,60.2425854248232));
#11261=CARTESIAN_POINT('Origin',(-74.3954737182655,567.572378195256,68.6841497920481));
#11262=CARTESIAN_POINT('',(-56.7742553388672,560.519719757902,60.2425854248238));
#11263=CARTESIAN_POINT('Ctrl Pts',(-56.774255338867,560.519719757902,60.242585424824));
#11264=CARTESIAN_POINT('Ctrl Pts',(-56.8687193131598,560.584999085284,60.1880466238373));
#11265=CARTESIAN_POINT('Ctrl Pts',(-56.9676883554035,560.646702809302,60.137792083018));
#11266=CARTESIAN_POINT('Ctrl Pts',(-57.2518082383417,560.802353591547,60.0133410903514));
#11267=CARTESIAN_POINT('Ctrl Pts',(-57.4455656683721,560.88511434843,59.9499850958809));
#11268=CARTESIAN_POINT('Ctrl Pts',(-57.8499094940985,560.999425473085,59.8636382866113));
#11269=CARTESIAN_POINT('Ctrl Pts',(-58.0605587939645,561.030763926825,59.8406616361771));
#11270=CARTESIAN_POINT('Ctrl Pts',(-58.469926590429,561.030763926825,59.8406616361771));
#11271=CARTESIAN_POINT('Ctrl Pts',(-58.6648369091164,561.004404838477,59.8600056313467));
#11272=CARTESIAN_POINT('Ctrl Pts',(-59.0416188881545,560.90599437965,59.9341143066439));
#11273=CARTESIAN_POINT('Ctrl Pts',(-59.2235467384971,560.834131353972,59.9888432790135));
#11274=CARTESIAN_POINT('Ctrl Pts',(-59.5280138657289,560.679207823409,60.1114203818205));
#11275=CARTESIAN_POINT('Ctrl Pts',(-59.6550299118348,560.602110486661,60.1737505924323));
#11276=CARTESIAN_POINT('Ctrl Pts',(-59.7742553388662,560.519719757903,60.2425854248231));
#11277=CARTESIAN_POINT('',(-50.2742553388674,557.621736473336,63.9953621745569));
#11278=CARTESIAN_POINT('Origin',(-42.1530369594704,567.572378195258,68.6841497920505));
#11279=CARTESIAN_POINT('',(-48.7742553388679,556.77289090112,66.5934383859104));
#11280=CARTESIAN_POINT('Ctrl Pts',(-48.7742553388676,556.77289090112,66.5934383859103));
#11281=CARTESIAN_POINT('Ctrl Pts',(-48.7742553388675,556.847956688753,66.2056890210832));
#11282=CARTESIAN_POINT('Ctrl Pts',(-48.8536083946248,556.950615817126,65.7980373354709));
#11283=CARTESIAN_POINT('Ctrl Pts',(-49.1675984907186,557.181157010297,65.0545487975017));
#11284=CARTESIAN_POINT('Ctrl Pts',(-49.4019846444317,557.308119729081,64.7183212762422));
#11285=CARTESIAN_POINT('Ctrl Pts',(-49.8456978489694,557.489667082178,64.2826878255782));
#11286=CARTESIAN_POINT('Ctrl Pts',(-50.049250457998,557.56052387938,64.1252688030958));
#11287=CARTESIAN_POINT('Ctrl Pts',(-50.2742553388674,557.621736473336,63.9953621745569));
#11288=CARTESIAN_POINT('',(-48.7742553388677,556.572378195257,68.68414979205));
#11289=CARTESIAN_POINT('Origin',(-48.7742553388684,567.572378195257,68.68414979205));
#11290=CARTESIAN_POINT('',(-46.7742553388677,556.572378195257,68.6841497920502));
#11291=CARTESIAN_POINT('',(-18.2742553388676,556.572378195257,68.6841497920522));
#11292=CARTESIAN_POINT('',(-46.7742553388671,567.572378195257,57.6841497920501));
#11293=CARTESIAN_POINT('Origin',(-46.7742553388679,567.572378195257,68.6841497920501));
#11294=CARTESIAN_POINT('',(-65.074965642576,567.572378195256,57.6841497920488));
#11295=CARTESIAN_POINT('',(-146.273836362912,567.572378195255,57.6841497920428));
#11296=CARTESIAN_POINT('',(-64.574965642576,561.442899581566,59.5501751958333));
#11297=CARTESIAN_POINT('Ctrl Pts',(-65.0749656425758,567.572378195256,57.6841497920488));
#11298=CARTESIAN_POINT('Ctrl Pts',(-64.9555894931943,567.17645229884,57.6841497920488));
#11299=CARTESIAN_POINT('Ctrl Pts',(-64.8243329670092,566.741950102685,57.7068727663217));
#11300=CARTESIAN_POINT('Ctrl Pts',(-64.5763292871517,565.87543645839,57.8070816721248));
#11301=CARTESIAN_POINT('Ctrl Pts',(-64.4602543858344,565.443241985848,57.8846474864173));
#11302=CARTESIAN_POINT('Ctrl Pts',(-64.213215309839,564.394225874397,58.1316865624127));
#11303=CARTESIAN_POINT('Ctrl Pts',(-64.074965642576,563.61901361299,58.3958090368482));
#11304=CARTESIAN_POINT('Ctrl Pts',(-64.074965642576,562.550732070468,58.8853571400614));
#11305=CARTESIAN_POINT('Ctrl Pts',(-64.1400001626383,562.046382305207,59.1633978744843));
#11306=CARTESIAN_POINT('Ctrl Pts',(-64.420819317491,561.60300307399,59.444217029337));
#11307=CARTESIAN_POINT('Ctrl Pts',(-64.491258123431,561.514917424415,59.5018466371218));
#11308=CARTESIAN_POINT('Ctrl Pts',(-64.5749656425761,561.442899581566,59.5501751958334));
#11309=CARTESIAN_POINT('',(-69.2742553388673,558.64081428297,62.2633113669867));
#11310=CARTESIAN_POINT('Origin',(-80.3954737182655,567.572378195256,68.6841497920477));
#11311=CARTESIAN_POINT('',(-72.2742553388673,558.64081428297,62.2633113669865));
#11312=CARTESIAN_POINT('Ctrl Pts',(-72.2742553388672,558.64081428297,62.2633113669865));
#11313=CARTESIAN_POINT('Ctrl Pts',(-72.1456533285191,558.587437627058,62.3375597722793));
#11314=CARTESIAN_POINT('Ctrl Pts',(-72.0082152969253,558.541060760522,62.4040299541872));
#11315=CARTESIAN_POINT('Ctrl Pts',(-71.5190306373805,558.410044119056,62.594942977523));
#11316=CARTESIAN_POINT('Ctrl Pts',(-71.1367172374893,558.365170877098,62.6652351556332));
#11317=CARTESIAN_POINT('Ctrl Pts',(-70.7742553388674,558.365170877098,62.6652351556332));
#11318=CARTESIAN_POINT('Ctrl Pts',(-70.4117934402454,558.365170877098,62.6652351556332));
#11319=CARTESIAN_POINT('Ctrl Pts',(-70.0294800403543,558.410044119056,62.5949429775231));
#11320=CARTESIAN_POINT('Ctrl Pts',(-69.5402953808094,558.541060760522,62.4040299541874));
#11321=CARTESIAN_POINT('Ctrl Pts',(-69.4028573492156,558.587437627058,62.3375597722795));
#11322=CARTESIAN_POINT('Ctrl Pts',(-69.2742553388675,558.64081428297,62.2633113669867));
#11323=CARTESIAN_POINT('',(-76.9735450351584,561.442899581565,59.5501751958323));
#11324=CARTESIAN_POINT('Origin',(-61.1530369594704,567.572378195257,68.6841497920491));
#11325=CARTESIAN_POINT('',(-76.4735450351584,567.572378195256,57.6841497920479));
#11326=CARTESIAN_POINT('Ctrl Pts',(-76.9735450351581,561.442899581565,59.5501751958324));
#11327=CARTESIAN_POINT('Ctrl Pts',(-77.0572525543032,561.514917424414,59.5018466371208));
#11328=CARTESIAN_POINT('Ctrl Pts',(-77.1276913602433,561.60300307399,59.444217029336));
#11329=CARTESIAN_POINT('Ctrl Pts',(-77.4085105150961,562.046382305207,59.1633978744832));
#11330=CARTESIAN_POINT('Ctrl Pts',(-77.4735450351583,562.550732070468,58.8853571400603));
#11331=CARTESIAN_POINT('Ctrl Pts',(-77.4735450351583,563.687404253787,58.3644685080191));
#11332=CARTESIAN_POINT('Ctrl Pts',(-77.3269400512221,564.461350031236,58.1025163273837));
#11333=CARTESIAN_POINT('Ctrl Pts',(-76.9388405440877,566.036717118658,57.7621026623449));
#11334=CARTESIAN_POINT('Ctrl Pts',(-76.6950633432479,566.837685083129,57.6841497920479));
#11335=CARTESIAN_POINT('Ctrl Pts',(-76.4735450351584,567.572378195256,57.6841497920479));
#11336=CARTESIAN_POINT('',(-90.074965642576,567.572378195255,57.6841497920469));
#11337=CARTESIAN_POINT('',(-146.273836362912,567.572378195255,57.6841497920428));
#11338=CARTESIAN_POINT('',(-89.574965642576,561.442899581565,59.5501751958314));
#11339=CARTESIAN_POINT('Ctrl Pts',(-90.0749656425759,567.572378195255,57.6841497920469));
#11340=CARTESIAN_POINT('Ctrl Pts',(-89.8534473344863,566.837685083128,57.6841497920469));
#11341=CARTESIAN_POINT('Ctrl Pts',(-89.6096701336466,566.036717118657,57.762102662344));
#11342=CARTESIAN_POINT('Ctrl Pts',(-89.2215706265122,564.461350031235,58.1025163273828));
#11343=CARTESIAN_POINT('Ctrl Pts',(-89.074965642576,563.687404253787,58.3644685080182));
#11344=CARTESIAN_POINT('Ctrl Pts',(-89.074965642576,562.741305631823,58.7980253630225));
#11345=CARTESIAN_POINT('Ctrl Pts',(-89.0946361188849,562.474136542666,58.9327390075956));
#11346=CARTESIAN_POINT('Ctrl Pts',(-89.2118870301717,561.97343990747,59.2113482045115));
#11347=CARTESIAN_POINT('Ctrl Pts',(-89.307190155551,561.73944304116,59.3553538570034));
#11348=CARTESIAN_POINT('Ctrl Pts',(-89.4980445854869,561.515194101085,59.5019620516628));
#11349=CARTESIAN_POINT('Ctrl Pts',(-89.5345347666257,561.477684323726,59.5268324187179));
#11350=CARTESIAN_POINT('Ctrl Pts',(-89.574965642576,561.442899581565,59.5501751958314));
#11351=CARTESIAN_POINT('',(-94.2742553388674,558.640814282969,62.2633113669849));
#11352=CARTESIAN_POINT('Origin',(-105.395473718266,567.572378195254,68.6841497920458));
#11353=CARTESIAN_POINT('',(-97.2742553388674,558.640814282969,62.2633113669847));
#11354=CARTESIAN_POINT('Ctrl Pts',(-97.2742553388674,558.640814282969,62.2633113669847));
#11355=CARTESIAN_POINT('Ctrl Pts',(-97.1456533285192,558.587437627057,62.3375597722775));
#11356=CARTESIAN_POINT('Ctrl Pts',(-97.0082152969254,558.541060760521,62.4040299541854));
#11357=CARTESIAN_POINT('Ctrl Pts',(-96.5190306373806,558.410044119055,62.5949429775212));
#11358=CARTESIAN_POINT('Ctrl Pts',(-96.1367172374894,558.365170877097,62.6652351556314));
#11359=CARTESIAN_POINT('Ctrl Pts',(-95.7742553388674,558.365170877097,62.6652351556314));
#11360=CARTESIAN_POINT('Ctrl Pts',(-95.4117934402454,558.365170877097,62.6652351556314));
#11361=CARTESIAN_POINT('Ctrl Pts',(-95.0294800403543,558.410044119055,62.5949429775213));
#11362=CARTESIAN_POINT('Ctrl Pts',(-94.5402953808095,558.541060760521,62.4040299541856));
#11363=CARTESIAN_POINT('Ctrl Pts',(-94.4028573492157,558.587437627057,62.3375597722777));
#11364=CARTESIAN_POINT('Ctrl Pts',(-94.2742553388675,558.640814282969,62.2633113669849));
#11365=CARTESIAN_POINT('',(-101.973545035159,561.442899581564,59.5501751958305));
#11366=CARTESIAN_POINT('Origin',(-86.1530369594706,567.572378195255,68.6841497920472));
#11367=CARTESIAN_POINT('',(-101.473545035159,567.572378195255,57.6841497920461));
#11368=CARTESIAN_POINT('Ctrl Pts',(-101.973545035159,561.442899581564,59.5501751958305));
#11369=CARTESIAN_POINT('Ctrl Pts',(-102.057252554304,561.514917424413,59.501846637119));
#11370=CARTESIAN_POINT('Ctrl Pts',(-102.127691360244,561.603003073988,59.4442170293342));
#11371=CARTESIAN_POINT('Ctrl Pts',(-102.408510515097,562.046382305206,59.1633978744814));
#11372=CARTESIAN_POINT('Ctrl Pts',(-102.473545035159,562.550732070466,58.8853571400585));
#11373=CARTESIAN_POINT('Ctrl Pts',(-102.473545035159,563.619013612988,58.3958090368453));
#11374=CARTESIAN_POINT('Ctrl Pts',(-102.335295367896,564.394225874395,58.1316865624099));
#11375=CARTESIAN_POINT('Ctrl Pts',(-102.0882562919,565.443241985846,57.8846474864145));
#11376=CARTESIAN_POINT('Ctrl Pts',(-101.972181390583,565.875436458388,57.807081672122));
#11377=CARTESIAN_POINT('Ctrl Pts',(-101.724177710726,566.741950102683,57.706872766319));
#11378=CARTESIAN_POINT('Ctrl Pts',(-101.59292118454,567.176452298839,57.6841497920461));
#11379=CARTESIAN_POINT('Ctrl Pts',(-101.473545035159,567.572378195255,57.6841497920461));
#11380=CARTESIAN_POINT('',(-115.074965642576,567.572378195251,57.6841497920423));
#11381=CARTESIAN_POINT('',(-146.273836362912,567.572378195255,57.6841497920428));
#11382=CARTESIAN_POINT('',(-114.574965642576,561.442899581565,59.5501751958283));
#11383=CARTESIAN_POINT('Ctrl Pts',(-114.574965642576,561.442899581566,59.5501751958284));
#11384=CARTESIAN_POINT('Ctrl Pts',(-114.491258123431,561.514917424414,59.5018466371168));
#11385=CARTESIAN_POINT('Ctrl Pts',(-114.420819317491,561.60300307399,59.444217029332));
#11386=CARTESIAN_POINT('Ctrl Pts',(-114.140000162639,562.046382305208,59.1633978744791));
#11387=CARTESIAN_POINT('Ctrl Pts',(-114.074965642576,562.550732070469,58.8853571400561));
#11388=CARTESIAN_POINT('Ctrl Pts',(-114.074965642576,563.619013612993,58.3958090368424));
#11389=CARTESIAN_POINT('Ctrl Pts',(-114.21321530984,564.394225874402,58.1316865624067));
#11390=CARTESIAN_POINT('Ctrl Pts',(-114.460254385834,565.443241985853,57.8846474864121));
#11391=CARTESIAN_POINT('Ctrl Pts',(-114.57632928715,565.875436458394,57.8070816721202));
#11392=CARTESIAN_POINT('Ctrl Pts',(-114.824332967002,566.741950102686,57.7068727663178));
#11393=CARTESIAN_POINT('Ctrl Pts',(-114.955589493195,567.176452298837,57.6841497920424));
#11394=CARTESIAN_POINT('Ctrl Pts',(-115.074965642576,567.572378195251,57.6841497920423));
#11395=CARTESIAN_POINT('',(-119.274255338868,558.640814282968,62.2633113669827));
#11396=CARTESIAN_POINT('Origin',(-130.395473718271,567.572378195253,68.684149792044));
#11397=CARTESIAN_POINT('',(-122.274255338867,558.640814282968,62.2633113669823));
#11398=CARTESIAN_POINT('Ctrl Pts',(-119.274255338868,558.640814282968,62.2633113669829));
#11399=CARTESIAN_POINT('Ctrl Pts',(-119.402857349216,558.587437627056,62.3375597722756));
#11400=CARTESIAN_POINT('Ctrl Pts',(-119.54029538081,558.54106076052,62.4040299541835));
#11401=CARTESIAN_POINT('Ctrl Pts',(-120.029480040354,558.410044119054,62.594942977519));
#11402=CARTESIAN_POINT('Ctrl Pts',(-120.411793440245,558.365170877096,62.6652351556292));
#11403=CARTESIAN_POINT('Ctrl Pts',(-120.774255338867,558.365170877096,62.6652351556292));
#11404=CARTESIAN_POINT('Ctrl Pts',(-121.136717237489,558.365170877096,62.6652351556291));
#11405=CARTESIAN_POINT('Ctrl Pts',(-121.51903063738,558.410044119054,62.5949429775189));
#11406=CARTESIAN_POINT('Ctrl Pts',(-122.008215296925,558.54106076052,62.4040299541832));
#11407=CARTESIAN_POINT('Ctrl Pts',(-122.145653328519,558.587437627056,62.3375597722753));
#11408=CARTESIAN_POINT('Ctrl Pts',(-122.274255338867,558.640814282968,62.2633113669824));
#11409=CARTESIAN_POINT('',(-126.973545035159,561.442899581565,59.5501751958274));
#11410=CARTESIAN_POINT('Origin',(-111.153036959466,567.572378195254,68.6841497920454));
#11411=CARTESIAN_POINT('',(-126.473545035159,567.572378195251,57.6841497920415));
#11412=CARTESIAN_POINT('Ctrl Pts',(-126.473545035158,567.572378195251,57.6841497920415));
#11413=CARTESIAN_POINT('Ctrl Pts',(-126.695063343248,566.837685083124,57.6841497920417));
#11414=CARTESIAN_POINT('Ctrl Pts',(-126.938840544091,566.036717118656,57.7621026623412));
#11415=CARTESIAN_POINT('Ctrl Pts',(-127.326940051223,564.461350031235,58.1025163273795));
#11416=CARTESIAN_POINT('Ctrl Pts',(-127.473545035158,563.687404253787,58.3644685080145));
#11417=CARTESIAN_POINT('Ctrl Pts',(-127.473545035158,562.741305631824,58.7980253630182));
#11418=CARTESIAN_POINT('Ctrl Pts',(-127.453874558849,562.474136542667,58.9327390075913));
#11419=CARTESIAN_POINT('Ctrl Pts',(-127.336623647563,561.973439907471,59.2113482045073));
#11420=CARTESIAN_POINT('Ctrl Pts',(-127.241320522183,561.73944304116,59.3553538569994));
#11421=CARTESIAN_POINT('Ctrl Pts',(-127.050466092247,561.515194101085,59.5019620516588));
#11422=CARTESIAN_POINT('Ctrl Pts',(-127.013975911109,561.477684323726,59.5268324187138));
#11423=CARTESIAN_POINT('Ctrl Pts',(-126.973545035159,561.442899581565,59.5501751958272));
#11424=CARTESIAN_POINT('',(-146.274255338868,567.572378195255,57.6841497920428));
#11425=CARTESIAN_POINT('',(-146.273836362912,567.572378195255,57.6841497920428));
#11426=CARTESIAN_POINT('Origin',(-146.274255338868,567.572378195252,68.6841497920428));
#11427=CARTESIAN_POINT('Origin',(9.22574466112977,556.57237819526,102.684263646236));
#11428=CARTESIAN_POINT('',(-52.2631123009042,556.572378195257,102.684263646231));
#11429=CARTESIAN_POINT('',(-156.263112300902,556.572378195252,102.684263646223));
#11430=CARTESIAN_POINT('',(9.22574466112984,556.57237819526,102.684263646236));
#11431=CARTESIAN_POINT('',(-55.2742553388701,556.572378195257,100.945779402693));
#11432=CARTESIAN_POINT('',(-27.4603624591255,556.572378195258,117.004137944027));
#11433=CARTESIAN_POINT('',(-56.7742553388699,556.572378195257,98.3477031913392));
#11434=CARTESIAN_POINT('Origin',(-53.7742553388699,556.572378195259,98.3477031913394));
#11435=CARTESIAN_POINT('',(-56.7742553388692,556.572378195257,89.1100988843052));
#11436=CARTESIAN_POINT('',(-56.7742553388695,556.572378195257,94.4342351826872));
#11437=CARTESIAN_POINT('',(-55.274255338869,556.572378195257,86.512022672952));
#11438=CARTESIAN_POINT('Origin',(-53.7742553388691,556.572378195259,89.1100988843054));
#11439=CARTESIAN_POINT('',(-50.2742553388688,556.572378195257,83.6252713270042));
#11440=CARTESIAN_POINT('',(-34.588148218614,556.572378195258,74.5688931585893));
#11441=CARTESIAN_POINT('',(-48.7742553388689,556.572378195257,84.4912967307887));
#11442=CARTESIAN_POINT('Origin',(-49.7742553388689,556.572378195259,84.4912967307887));
#11443=CARTESIAN_POINT('',(-48.7742553388702,556.572378195257,102.684263646231));
#11444=CARTESIAN_POINT('',(-48.7742553388689,556.572378195257,84.6388510160708));
#11445=CARTESIAN_POINT('',(-46.7742553388701,556.572378195257,102.684263646231));
#11446=CARTESIAN_POINT('',(9.22574466112984,556.57237819526,102.684263646236));
#11447=CARTESIAN_POINT('',(-46.7742553388708,556.572378195257,110.684263646234));
#11448=CARTESIAN_POINT('',(-48.7742553388684,556.572378195257,77.5630935005132));
#11449=CARTESIAN_POINT('',(-48.7742553388689,556.572378195257,84.6388510160708));
#11450=CARTESIAN_POINT('',(-50.2742553388686,556.572378195257,80.1611697118665));
#11451=CARTESIAN_POINT('Origin',(-51.7742553388683,556.572378195259,77.563093500513));
#11452=CARTESIAN_POINT('',(-56.7742553388688,556.572378195257,83.9139464615985));
#11453=CARTESIAN_POINT('',(-32.8381482186136,556.572378195258,70.0944285723698));
#11454=CARTESIAN_POINT('',(-59.7742553388688,556.572378195257,83.9139464615984));
#11455=CARTESIAN_POINT('Origin',(-58.2742553388686,556.572378195259,81.3158702502451));
#11456=CARTESIAN_POINT('',(-67.7742553388684,556.572378195256,79.2951443080807));
#11457=CARTESIAN_POINT('',(-29.8353624591244,556.572378195258,101.199174324961));
#11458=CARTESIAN_POINT('',(-69.2742553388683,556.572378195256,76.6970680967273));
#11459=CARTESIAN_POINT('Origin',(-66.2742553388684,556.572378195258,76.6970680967276));
#11460=CARTESIAN_POINT('',(-69.2742553388692,556.572378195256,89.6906658714785));
#11461=CARTESIAN_POINT('',(-146.274255338868,556.572378195252,76.6970680967201));
#11462=CARTESIAN_POINT('',(-146.274255338869,556.572378195252,89.6906658714728));
#11463=CARTESIAN_POINT('',(-148.274255338869,556.572378195252,80.1611697118577));
#11464=CARTESIAN_POINT('Origin',(-150.274255338868,556.572378195252,76.6970680967198));
#11465=CARTESIAN_POINT('',(-156.274255338869,556.572378195252,84.7799718653754));
#11466=CARTESIAN_POINT('',(-98.0881482186128,556.572378195255,51.1862072564036));
#11467=CARTESIAN_POINT('',(-158.774255338869,556.572378195252,89.1100988842975));
#11468=CARTESIAN_POINT('Origin',(-153.774255338869,556.572378195252,89.1100988842978));
#11469=CARTESIAN_POINT('',(-158.77425533887,556.572378195252,98.3477031913314));
#11470=CARTESIAN_POINT('',(-158.77425533887,556.572378195252,103.114059630131));
#11471=CARTESIAN_POINT('',(-156.27425533887,556.572378195252,102.677830210254));
#11472=CARTESIAN_POINT('Origin',(-153.77425533887,556.572378195252,98.3477031913318));
#11473=CARTESIAN_POINT('',(-90.2103624591267,556.572378195255,140.819836548094));
#11474=CARTESIAN_POINT('Origin',(-48.5742553388687,549.772378239955,84.221750442012));
#11475=CARTESIAN_POINT('',(-48.7742553388701,549.972378239955,102.966505344857));
#11476=CARTESIAN_POINT('',(-48.7742553388701,549.972378239955,102.966505344857));
#11477=CARTESIAN_POINT('',(-48.7742553388687,549.972378239955,84.4912967307887));
#11478=CARTESIAN_POINT('',(-48.7742553388687,549.972378239955,84.221750442012));
#11479=CARTESIAN_POINT('',(-48.3742553388687,549.572378239955,84.4912967307888));
#11480=CARTESIAN_POINT('Origin',(-49.7742553388701,549.772378239955,102.966505344857));
#11481=CARTESIAN_POINT('',(-50.2742553388701,549.972378239955,103.832530748641));
#11482=CARTESIAN_POINT('',(-50.2742553388701,549.972378239955,103.832530748641));
#11483=CARTESIAN_POINT('Origin',(-49.7742553388701,549.972378239955,102.966505344857));
#11484=CARTESIAN_POINT('Origin',(-67.0533940935748,549.772378239954,94.3760305795165));
#11485=CARTESIAN_POINT('',(-55.2742553388699,549.972378239954,100.945779402693));
#11486=CARTESIAN_POINT('',(-55.2742553388699,549.972378239954,100.945779402693));
#11487=CARTESIAN_POINT('',(-66.9533940935748,549.972378239954,94.2028254987596));
#11488=CARTESIAN_POINT('Origin',(-53.7742553388698,549.772378239954,98.3477031913394));
#11489=CARTESIAN_POINT('',(-56.7742553388696,549.972378239954,98.3477031913392));
#11490=CARTESIAN_POINT('',(-56.7742553388696,549.972378239954,98.3477031913392));
#11491=CARTESIAN_POINT('Origin',(-53.7742553388698,549.972378239954,98.3477031913394));
#11492=CARTESIAN_POINT('Origin',(-56.9742553388687,549.772378239954,85.9342308399736));
#11493=CARTESIAN_POINT('',(-56.774255338869,549.972378239954,89.1100988843052));
#11494=CARTESIAN_POINT('',(-56.774255338869,549.972378239954,89.1100988843052));
#11495=CARTESIAN_POINT('',(-56.7742553388688,549.972378239954,85.9342308399736));
#11496=CARTESIAN_POINT('Origin',(-53.774255338869,549.772378239954,89.1100988843054));
#11497=CARTESIAN_POINT('',(-55.2742553388688,549.972378239955,86.512022672952));
#11498=CARTESIAN_POINT('',(-55.2742553388688,549.972378239955,86.512022672952));
#11499=CARTESIAN_POINT('Origin',(-53.774255338869,549.972378239955,89.1100988843054));
#11500=CARTESIAN_POINT('Origin',(-66.8199601599982,549.772378239954,92.946998351738));
#11501=CARTESIAN_POINT('',(-50.2742553388686,549.972378239955,83.6252713270042));
#11502=CARTESIAN_POINT('',(-50.2742553388686,549.972378239955,83.6252713270042));
#11503=CARTESIAN_POINT('',(-66.7199601599982,549.972378239954,93.1202034324949));
#11504=CARTESIAN_POINT('Origin',(-49.7742553388687,549.772378239955,84.4912967307887));
#11505=CARTESIAN_POINT('Origin',(-49.7742553388687,549.972378239955,84.4912967307887));
#11506=CARTESIAN_POINT('Origin',(-53.7742553388698,549.572378239954,98.3477031913394));
#11507=CARTESIAN_POINT('',(-56.7742553388696,549.572378239954,98.3477031913392));
#11508=CARTESIAN_POINT('',(-55.2742553388699,549.572378239955,100.945779402693));
#11509=CARTESIAN_POINT('Origin',(-48.7742553388702,549.572378239955,104.698556152426));
#11510=CARTESIAN_POINT('',(-50.2742553388703,556.632474966182,103.832530748641));
#11511=CARTESIAN_POINT('Origin',(-52.2631123009045,567.572378195257,102.684263646231));
#11512=CARTESIAN_POINT('',(-50.2742553388701,549.572378239955,103.832530748641));
#11513=CARTESIAN_POINT('Origin',(-49.7742553388701,549.572378239955,102.966505344857));
#11514=CARTESIAN_POINT('',(-48.7742553388707,556.575999717615,102.966505344857));
#11515=CARTESIAN_POINT('Ctrl Pts',(-48.7742553388703,556.575999717615,102.966505344857));
#11516=CARTESIAN_POINT('Ctrl Pts',(-48.7742553388703,556.579227397081,103.09225850318));
#11517=CARTESIAN_POINT('Ctrl Pts',(-48.799419591832,556.585046740888,103.226280262407));
#11518=CARTESIAN_POINT('Ctrl Pts',(-48.9015754389388,556.599975233425,103.472684691087));
#11519=CARTESIAN_POINT('Ctrl Pts',(-48.9785612885656,556.608962907682,103.585077086607));
#11520=CARTESIAN_POINT('Ctrl Pts',(-49.1560479794878,556.624985118317,103.762459256988));
#11521=CARTESIAN_POINT('Ctrl Pts',(-49.2683854101917,556.633072672143,103.839351807913));
#11522=CARTESIAN_POINT('Ctrl Pts',(-49.5146616484266,556.644327232808,103.941377866875));
#11523=CARTESIAN_POINT('Ctrl Pts',(-49.6486087243852,556.647367612823,103.966505344857));
#11524=CARTESIAN_POINT('Ctrl Pts',(-49.8999513460431,556.647367612823,103.966505344857));
#11525=CARTESIAN_POINT('Ctrl Pts',(-50.0339476351133,556.644324805161,103.941358275085));
#11526=CARTESIAN_POINT('Ctrl Pts',(-50.1974411460452,556.636850566183,103.873598788587));
#11527=CARTESIAN_POINT('Ctrl Pts',(-50.2366688321851,556.634752688509,103.854231328394));
#11528=CARTESIAN_POINT('Ctrl Pts',(-50.2742553388705,556.632474966182,103.832530748641));
#11529=CARTESIAN_POINT('',(-48.7742553388701,549.572378239955,102.966505344857));
#11530=CARTESIAN_POINT('Origin',(-48.7742553388686,549.572378239955,82.7592459232199));
#11531=CARTESIAN_POINT('Origin',(-48.7742553388709,567.572378195257,102.684263646231));
#11532=CARTESIAN_POINT('',(-48.7742553388687,549.572378239955,84.4912967307887));
#11533=CARTESIAN_POINT('Origin',(-123.024151056098,549.772378239953,113.884263646222));
#11534=CARTESIAN_POINT('',(-67.2742553388709,549.972378239954,113.684263646234));
#11535=CARTESIAN_POINT('',(-67.2742553388709,549.972378239954,113.684263646234));
#11536=CARTESIAN_POINT('',(-50.7742553388709,549.972378239955,113.684263646236));
#11537=CARTESIAN_POINT('',(-123.024151056098,549.972378239953,113.684263646238));
#11538=CARTESIAN_POINT('',(-50.774255338871,549.572378239955,114.084263646233));
#11539=CARTESIAN_POINT('Origin',(-67.2742553388707,549.772378239961,111.684263646234));
#11540=CARTESIAN_POINT('',(-69.2742553388707,549.972378239968,111.684263646234));
#11541=CARTESIAN_POINT('',(-69.2742553388707,549.972378239968,111.684263646234));
#11542=CARTESIAN_POINT('Origin',(-67.2742553388707,549.972378239968,111.684263646234));
#11543=CARTESIAN_POINT('Origin',(-69.4742553388698,549.772378239954,99.6842593035159));
#11544=CARTESIAN_POINT('',(-69.2742553388706,549.972378239954,110.760733978915));
#11545=CARTESIAN_POINT('',(-69.2742553388706,549.972378239954,110.760733978915));
#11546=CARTESIAN_POINT('',(-69.2742553388698,549.972378239954,99.6842593035159));
#11547=CARTESIAN_POINT('Origin',(-66.2742553388706,549.772378239954,110.760733978915));
#11548=CARTESIAN_POINT('',(-67.7742553388705,549.972378239954,108.162657767562));
#11549=CARTESIAN_POINT('',(-67.7742553388705,549.972378239954,108.162657767562));
#11550=CARTESIAN_POINT('Origin',(-66.2742553388706,549.972378239954,110.760733978915));
#11551=CARTESIAN_POINT('Origin',(-69.9449601599994,549.772378239954,109.184974672696));
#11552=CARTESIAN_POINT('',(-59.7742553388701,549.972378239954,103.543855614046));
#11553=CARTESIAN_POINT('',(-59.7742553388701,549.972378239954,103.543855614046));
#11554=CARTESIAN_POINT('',(-69.8449601599994,549.972378239954,109.358179753453));
#11555=CARTESIAN_POINT('Origin',(-58.2742553388703,549.772378239954,106.141931825399));
#11556=CARTESIAN_POINT('',(-56.7742553388701,549.972378239954,103.543855614046));
#11557=CARTESIAN_POINT('',(-56.7742553388701,549.972378239954,103.543855614046));
#11558=CARTESIAN_POINT('Origin',(-58.2742553388703,549.972378239954,106.141931825399));
#11559=CARTESIAN_POINT('Origin',(-71.6033940935748,549.772378239954,94.7513082544894));
#11560=CARTESIAN_POINT('',(-50.2742553388704,549.972378239955,107.296632363779));
#11561=CARTESIAN_POINT('',(-50.2742553388704,549.972378239955,107.296632363779));
#11562=CARTESIAN_POINT('',(-71.7033940935748,549.972378239954,94.9245133352463));
#11563=CARTESIAN_POINT('Origin',(-51.7742553388706,549.772378239955,109.894708575132));
#11564=CARTESIAN_POINT('',(-48.7742553388706,549.972378239955,109.894708575132));
#11565=CARTESIAN_POINT('',(-48.7742553388706,549.972378239955,109.894708575132));
#11566=CARTESIAN_POINT('Origin',(-51.7742553388706,549.972378239955,109.894708575132));
#11567=CARTESIAN_POINT('Origin',(-48.5742553388696,549.772378239955,96.9234563641838));
#11568=CARTESIAN_POINT('',(-48.7742553388707,549.972378239955,111.684263646236));
#11569=CARTESIAN_POINT('',(-48.7742553388707,549.972378239955,111.684263646236));
#11570=CARTESIAN_POINT('',(-48.7742553388696,549.972378239955,96.9234563641838));
#11571=CARTESIAN_POINT('Origin',(-50.7742553388707,549.772378239961,111.684263646236));
#11572=CARTESIAN_POINT('Origin',(-50.7742553388707,549.972378239968,111.684263646236));
#11573=CARTESIAN_POINT('Origin',(-67.7742553388705,549.572378239954,108.162657767562));
#11574=CARTESIAN_POINT('',(-59.7742553388703,556.606015915591,103.543855614046));
#11575=CARTESIAN_POINT('',(-59.7742553388701,549.572378239954,103.543855614046));
#11576=CARTESIAN_POINT('',(-67.7742553388707,558.033657219604,108.162657767562));
#11577=CARTESIAN_POINT('Origin',(-58.2853983768365,567.572378195257,102.684263646231));
#11578=CARTESIAN_POINT('',(-67.7742553388705,549.572378239954,108.162657767562));
#11579=CARTESIAN_POINT('Origin',(-66.2742553388706,549.572378239954,110.760733978915));
#11580=CARTESIAN_POINT('',(-69.2742553388709,560.104404777705,110.760733978915));
#11581=CARTESIAN_POINT('Ctrl Pts',(-67.774255338871,558.033657219604,108.162657767562));
#11582=CARTESIAN_POINT('Ctrl Pts',(-67.9287620546267,558.084890228349,108.251862261495));
#11583=CARTESIAN_POINT('Ctrl Pts',(-68.0707963715743,558.144444461598,108.352539307374));
#11584=CARTESIAN_POINT('Ctrl Pts',(-68.5134638358004,558.37232064731,108.722092207387));
#11585=CARTESIAN_POINT('Ctrl Pts',(-68.7731232320892,558.594859809582,109.055761208342));
#11586=CARTESIAN_POINT('Ctrl Pts',(-69.1252861285309,559.129845959209,109.749351823683));
#11587=CARTESIAN_POINT('Ctrl Pts',(-69.2193781304324,559.443074073191,110.107862541911));
#11588=CARTESIAN_POINT('Ctrl Pts',(-69.2682958693104,559.869174315364,110.538399232913));
#11589=CARTESIAN_POINT('Ctrl Pts',(-69.2742553388709,559.985998897096,110.651249026647));
#11590=CARTESIAN_POINT('Ctrl Pts',(-69.2742553388709,560.104404777705,110.760733978915));
#11591=CARTESIAN_POINT('',(-69.2742553388706,549.572378239954,110.760733978915));
#11592=CARTESIAN_POINT('Origin',(-69.2742553388709,549.572378239954,113.684263646229));
#11593=CARTESIAN_POINT('',(-69.2742553388715,561.247822874922,111.684263646231));
#11594=CARTESIAN_POINT('Origin',(-69.274255338871,567.572378195256,102.68426364623));
#11595=CARTESIAN_POINT('',(-69.274255338871,561.072378336814,111.684263646231));
#11596=CARTESIAN_POINT('Origin',(-67.274255338871,561.072378336814,111.684263646232));
#11597=CARTESIAN_POINT('',(-67.2742553388713,567.572378195259,113.68426364623));
#11598=CARTESIAN_POINT('Ctrl Pts',(-67.2742553388713,567.572378195259,113.68426364623));
#11599=CARTESIAN_POINT('Ctrl Pts',(-67.7188969069739,566.529601286008,113.684263646231));
#11600=CARTESIAN_POINT('Ctrl Pts',(-68.2039103065984,565.401513859896,113.528042564528));
#11601=CARTESIAN_POINT('Ctrl Pts',(-68.9770536393212,563.223312400758,112.852160318406));
#11602=CARTESIAN_POINT('Ctrl Pts',(-69.2742553388711,562.175328524504,112.336048178532));
#11603=CARTESIAN_POINT('Ctrl Pts',(-69.274255338871,561.247822874923,111.684263646232));
#11604=CARTESIAN_POINT('',(-67.2742553388711,561.072378336814,113.684263646231));
#11605=CARTESIAN_POINT('Origin',(-159.774255338871,549.572378239957,113.684263646225));
#11606=CARTESIAN_POINT('',(-74.2742553388713,567.572378195259,113.684263646229));
#11607=CARTESIAN_POINT('',(9.22574466112849,567.572378195263,113.684263646235));
#11608=CARTESIAN_POINT('',(-74.27425533887,553.572378239953,113.684263646236));
#11609=CARTESIAN_POINT('',(-74.2742553388711,561.072378336815,113.684263646231));
#11610=CARTESIAN_POINT('',(-92.27425533887,553.572378239953,113.684263646234));
#11611=CARTESIAN_POINT('',(-121.524255338871,553.572378239952,113.684263646237));
#11612=CARTESIAN_POINT('',(-92.2742553388714,567.572378195258,113.684263646228));
#11613=CARTESIAN_POINT('',(-92.2742553388713,561.072378336814,113.68426364623));
#11614=CARTESIAN_POINT('',(-99.2742553388706,567.572378195255,113.684263646231));
#11615=CARTESIAN_POINT('',(9.22574466112842,567.572378195263,113.684263646235));
#11616=CARTESIAN_POINT('',(-99.2742553388692,553.572378239952,113.684263646233));
#11617=CARTESIAN_POINT('',(-99.2742553388702,549.572378239954,113.684263646231));
#11618=CARTESIAN_POINT('',(-117.27425533887,553.572378239952,113.684263646232));
#11619=CARTESIAN_POINT('',(-134.024255338871,553.572378239952,113.684263646233));
#11620=CARTESIAN_POINT('',(-117.274255338872,567.572378195257,113.684263646226));
#11621=CARTESIAN_POINT('',(-117.274255338871,549.572378239959,113.684263646231));
#11622=CARTESIAN_POINT('',(-124.274255338872,567.572378195256,113.684263646226));
#11623=CARTESIAN_POINT('',(-45.7742553388715,567.57237819526,113.684263646231));
#11624=CARTESIAN_POINT('',(-124.27425533887,553.572378239952,113.684263646232));
#11625=CARTESIAN_POINT('',(-124.274255338871,549.572378239959,113.68426364623));
#11626=CARTESIAN_POINT('',(-142.27425533887,553.572378239951,113.684263646231));
#11627=CARTESIAN_POINT('',(-146.524255338871,553.572378239951,113.684263646228));
#11628=CARTESIAN_POINT('',(-142.274255338872,567.572378195255,113.684263646224));
#11629=CARTESIAN_POINT('',(-142.274255338871,549.572378239958,113.684263646229));
#11630=CARTESIAN_POINT('',(-146.274255338872,567.572378195255,113.684263646224));
#11631=CARTESIAN_POINT('',(-45.7742553388715,567.57237819526,113.684263646231));
#11632=CARTESIAN_POINT('',(-146.274255338872,569.572378239952,113.684263646224));
#11633=CARTESIAN_POINT('',(-146.274255338871,549.572378239958,113.684263646229));
#11634=CARTESIAN_POINT('',(-46.7742553388713,569.572378239955,113.684263646231));
#11635=CARTESIAN_POINT('',(-38.5241510560943,569.572378239955,113.684263646231));
#11636=CARTESIAN_POINT('',(-46.7742553388713,567.57237819526,113.684263646231));
#11637=CARTESIAN_POINT('',(-46.7742553388713,571.072378336814,113.68426364623));
#11638=CARTESIAN_POINT('',(-50.7742553388713,567.57237819526,113.684263646231));
#11639=CARTESIAN_POINT('',(9.22574466112849,567.572378195263,113.684263646235));
#11640=CARTESIAN_POINT('',(-50.7742553388711,561.072378336816,113.684263646233));
#11641=CARTESIAN_POINT('',(-130.274255338871,559.572378239951,113.68426364623));
#11642=CARTESIAN_POINT('Origin',(-133.274255338871,559.572378239951,113.684263646227));
#11643=CARTESIAN_POINT('',(-55.2742553388712,559.572378239955,113.684263646236));
#11644=CARTESIAN_POINT('Origin',(-58.2742553388712,559.572378239955,113.684263646232));
#11645=CARTESIAN_POINT('Origin',(-58.2742553388685,549.772378239954,81.3158702502451));
#11646=CARTESIAN_POINT('',(-59.7742553388687,549.972378239954,83.9139464615983));
#11647=CARTESIAN_POINT('',(-59.7742553388687,549.972378239954,83.9139464615983));
#11648=CARTESIAN_POINT('',(-56.7742553388686,549.972378239954,83.9139464615985));
#11649=CARTESIAN_POINT('Origin',(-58.2742553388685,549.972378239954,81.3158702502451));
#11650=CARTESIAN_POINT('',(-56.5742553388687,549.572378239954,84.2603566231123));
#11651=CARTESIAN_POINT('Origin',(-69.4283940935736,549.772378239954,78.5710669604503));
#11652=CARTESIAN_POINT('',(-67.7742553388683,549.972378239954,79.2951443080807));
#11653=CARTESIAN_POINT('',(-67.7742553388683,549.972378239954,79.2951443080807));
#11654=CARTESIAN_POINT('',(-69.3283940935736,549.972378239954,78.3978618796935));
#11655=CARTESIAN_POINT('Origin',(-66.2742553388682,549.772378239954,76.6970680967275));
#11656=CARTESIAN_POINT('',(-69.2742553388682,549.972378239954,76.6970680967273));
#11657=CARTESIAN_POINT('',(-69.2742553388682,549.972378239954,76.6970680967273));
#11658=CARTESIAN_POINT('Origin',(-66.2742553388682,549.972378239954,76.6970680967275));
#11659=CARTESIAN_POINT('Origin',(-69.4742553388684,549.772378239954,81.190661528765));
#11660=CARTESIAN_POINT('',(-69.2742553388674,549.972378239954,67.4594637896933));
#11661=CARTESIAN_POINT('',(-69.2742553388674,549.972378239954,67.4594637896933));
#11662=CARTESIAN_POINT('',(-69.2742553388684,549.972378239954,81.190661528765));
#11663=CARTESIAN_POINT('Origin',(-66.2742553388675,549.772378239954,67.4594637896935));
#11664=CARTESIAN_POINT('',(-67.7742553388673,549.972378239954,64.8613875783401));
#11665=CARTESIAN_POINT('',(-67.7742553388673,549.972378239954,64.8613875783401));
#11666=CARTESIAN_POINT('Origin',(-66.2742553388675,549.972378239954,67.4594637896935));
#11667=CARTESIAN_POINT('Origin',(-79.3199601599966,549.772378239954,71.2963632571262));
#11668=CARTESIAN_POINT('',(-59.774255338867,549.972378239954,60.2425854248237));
#11669=CARTESIAN_POINT('',(-59.774255338867,549.972378239954,60.2425854248237));
#11670=CARTESIAN_POINT('',(-79.2199601599966,549.972378239954,71.4695683378831));
#11671=CARTESIAN_POINT('Origin',(-58.2742553388672,549.772378239954,62.8406616361771));
#11672=CARTESIAN_POINT('',(-56.7742553388669,549.972378239954,60.2425854248239));
#11673=CARTESIAN_POINT('',(-56.7742553388669,549.972378239954,60.2425854248239));
#11674=CARTESIAN_POINT('Origin',(-58.2742553388672,549.972378239954,62.8406616361771));
#11675=CARTESIAN_POINT('Origin',(-60.2325678567004,549.772378239954,58.0149876540347));
#11676=CARTESIAN_POINT('',(-50.2742553388672,549.972378239955,63.9953621745569));
#11677=CARTESIAN_POINT('',(-50.2742553388672,549.972378239955,63.9953621745569));
#11678=CARTESIAN_POINT('',(-60.3325678567004,549.972378239954,58.1881927347915));
#11679=CARTESIAN_POINT('Origin',(-51.7742553388674,549.772378239955,66.5934383859101));
#11680=CARTESIAN_POINT('',(-48.7742553388674,549.972378239955,66.5934383859103));
#11681=CARTESIAN_POINT('',(-48.7742553388674,549.972378239955,66.5934383859103));
#11682=CARTESIAN_POINT('Origin',(-51.7742553388674,549.972378239955,66.5934383859101));
#11683=CARTESIAN_POINT('Origin',(-48.5742553388681,549.772378239955,76.1388466733573));
#11684=CARTESIAN_POINT('',(-48.7742553388682,549.972378239955,77.5630935005132));
#11685=CARTESIAN_POINT('',(-48.7742553388682,549.972378239955,77.5630935005132));
#11686=CARTESIAN_POINT('',(-48.7742553388681,549.972378239955,76.1388466733572));
#11687=CARTESIAN_POINT('Origin',(-51.7742553388682,549.772378239955,77.563093500513));
#11688=CARTESIAN_POINT('',(-50.2742553388684,549.972378239955,80.1611697118665));
#11689=CARTESIAN_POINT('',(-50.2742553388684,549.972378239955,80.1611697118665));
#11690=CARTESIAN_POINT('Origin',(-51.7742553388682,549.972378239955,77.563093500513));
#11691=CARTESIAN_POINT('Origin',(-64.869960159998,549.772378239954,88.8189439270323));
#11692=CARTESIAN_POINT('',(-64.969960159998,549.972378239954,88.6457388462754));
#11693=CARTESIAN_POINT('Origin',(-67.7742553388672,549.572378239954,64.8613875783401));
#11694=CARTESIAN_POINT('',(-59.7742553388669,549.572378239954,60.2425854248237));
#11695=CARTESIAN_POINT('',(-67.7742553388672,549.572378239954,64.8613875783401));
#11696=CARTESIAN_POINT('Origin',(-66.2742553388674,549.572378239954,67.4594637896935));
#11697=CARTESIAN_POINT('',(-69.2742553388674,549.572378239954,67.4594637896933));
#11698=CARTESIAN_POINT('Origin',(-69.2742553388681,549.572378239954,76.6970680967273));
#11699=CARTESIAN_POINT('',(-69.2742553388681,549.572378239954,76.6970680967273));
#11700=CARTESIAN_POINT('Origin',(-66.2742553388682,549.572378239954,76.6970680967275));
#11701=CARTESIAN_POINT('',(-67.7742553388683,549.572378239954,79.2951443080807));
#11702=CARTESIAN_POINT('Origin',(-59.7742553388687,549.572378239954,83.9139464615983));
#11703=CARTESIAN_POINT('',(-59.7742553388687,549.572378239954,83.9139464615983));
#11704=CARTESIAN_POINT('Origin',(-58.2742553388685,549.572378239954,81.315870250245));
#11705=CARTESIAN_POINT('',(-56.7742553388686,549.572378239954,83.9139464615985));
#11706=CARTESIAN_POINT('Origin',(-91.873941605745,549.772378239954,118.484263646234));
#11707=CARTESIAN_POINT('',(-47.7742553388712,549.972378239955,118.684263646237));
#11708=CARTESIAN_POINT('',(-47.7742553388712,549.972378239955,118.684263646237));
#11709=CARTESIAN_POINT('',(-145.274255338871,549.972378239952,118.68426364623));
#11710=CARTESIAN_POINT('',(-91.873941605745,549.972378239954,118.684263646234));
#11711=CARTESIAN_POINT('',(-145.274255338871,549.572378239952,118.28426364623));
#11712=CARTESIAN_POINT('Origin',(-47.7742553388711,549.772378239955,116.684263646237));
#11713=CARTESIAN_POINT('',(-45.7742553388711,549.972378239955,116.684263646237));
#11714=CARTESIAN_POINT('',(-45.7742553388711,549.972378239955,116.684263646237));
#11715=CARTESIAN_POINT('Origin',(-47.7742553388711,549.972378239955,116.684263646237));
#11716=CARTESIAN_POINT('Origin',(-45.9742553388701,549.772378239955,102.184259303521));
#11717=CARTESIAN_POINT('',(-45.7742553388669,549.972378239955,58.68414979205));
#11718=CARTESIAN_POINT('',(-45.7742553388669,549.972378239955,58.68414979205));
#11719=CARTESIAN_POINT('',(-45.77425533887,549.972378239955,102.184259303521));
#11720=CARTESIAN_POINT('Origin',(-47.7742553388668,549.772378239955,58.6841497920498));
#11721=CARTESIAN_POINT('',(-47.7742553388667,549.972378239955,56.6841497920498));
#11722=CARTESIAN_POINT('',(-47.7742553388667,549.972378239955,56.6841497920498));
#11723=CARTESIAN_POINT('Origin',(-47.7742553388668,549.972378239955,58.6841497920498));
#11724=CARTESIAN_POINT('Origin',(-66.0241510560896,549.772378239954,56.8841497920485));
#11725=CARTESIAN_POINT('',(-145.274255338867,549.972378239952,56.6841497920427));
#11726=CARTESIAN_POINT('',(-145.274255338867,549.972378239952,56.6841497920427));
#11727=CARTESIAN_POINT('',(-66.0241510560896,549.972378239954,56.6841497920485));
#11728=CARTESIAN_POINT('Origin',(-145.274255338867,549.772378239951,58.6841497920427));
#11729=CARTESIAN_POINT('',(-147.274255338867,549.972378239949,58.6841497920425));
#11730=CARTESIAN_POINT('',(-147.274255338867,549.972378239949,58.6841497920425));
#11731=CARTESIAN_POINT('Origin',(-145.274255338867,549.972378239949,58.6841497920427));
#11732=CARTESIAN_POINT('Origin',(-147.074255338868,549.772378239952,81.1906615287592));
#11733=CARTESIAN_POINT('',(-147.274255338868,549.972378239952,76.6970680967215));
#11734=CARTESIAN_POINT('',(-147.274255338868,549.972378239952,76.6970680967215));
#11735=CARTESIAN_POINT('',(-147.274255338868,549.972378239952,81.1906615287592));
#11736=CARTESIAN_POINT('Origin',(-150.274255338868,549.772378239948,76.6970680967212));
#11737=CARTESIAN_POINT('',(-148.774255338868,549.972378239945,79.2951443080747));
#11738=CARTESIAN_POINT('',(-148.774255338868,549.972378239945,79.2951443080747));
#11739=CARTESIAN_POINT('Origin',(-150.274255338868,549.972378239945,76.6970680967212));
#11740=CARTESIAN_POINT('Origin',(-130.619960159996,549.772378239951,69.0446972072828));
#11741=CARTESIAN_POINT('',(-156.774255338868,549.972378239949,83.9139464615909));
#11742=CARTESIAN_POINT('',(-156.774255338868,549.972378239949,83.9139464615909));
#11743=CARTESIAN_POINT('',(-130.719960159996,549.97237823995,68.8714921265258));
#11744=CARTESIAN_POINT('Origin',(-153.774255338869,549.772378239952,89.1100988842979));
#11745=CARTESIAN_POINT('',(-159.774255338869,549.972378239952,89.1100988842974));
#11746=CARTESIAN_POINT('',(-159.774255338869,549.972378239952,89.1100988842974));
#11747=CARTESIAN_POINT('Origin',(-153.774255338869,549.972378239952,89.1100988842979));
#11748=CARTESIAN_POINT('Origin',(-159.574255338869,549.772378239952,94.6140552874171));
#11749=CARTESIAN_POINT('',(-159.77425533887,549.972378239952,98.3477031913314));
#11750=CARTESIAN_POINT('',(-159.77425533887,549.972378239952,98.3477031913314));
#11751=CARTESIAN_POINT('',(-159.77425533887,549.972378239952,94.6140552874171));
#11752=CARTESIAN_POINT('Origin',(-153.774255338869,549.772378239952,98.3477031913318));
#11753=CARTESIAN_POINT('',(-156.77425533887,549.972378239952,103.543855614038));
#11754=CARTESIAN_POINT('',(-156.77425533887,549.972378239952,103.543855614038));
#11755=CARTESIAN_POINT('Origin',(-153.774255338869,549.972378239952,98.3477031913318));
#11756=CARTESIAN_POINT('Origin',(-130.103394093577,549.772378239954,118.711344425855));
#11757=CARTESIAN_POINT('',(-148.77425533887,549.972378239955,108.162657767556));
#11758=CARTESIAN_POINT('',(-148.77425533887,549.972378239955,108.162657767556));
#11759=CARTESIAN_POINT('',(-130.203394093577,549.972378239956,118.884549506611));
#11760=CARTESIAN_POINT('Origin',(-150.274255338871,549.772378239957,110.760733978909));
#11761=CARTESIAN_POINT('',(-147.274255338871,549.972378239961,110.760733978909));
#11762=CARTESIAN_POINT('',(-147.274255338871,549.972378239961,110.760733978909));
#11763=CARTESIAN_POINT('Origin',(-150.274255338871,549.972378239961,110.760733978909));
#11764=CARTESIAN_POINT('Origin',(-147.07425533887,549.772378239955,98.6842593035125));
#11765=CARTESIAN_POINT('',(-147.274255338871,549.972378239957,116.68426364623));
#11766=CARTESIAN_POINT('',(-147.274255338871,549.972378239957,116.68426364623));
#11767=CARTESIAN_POINT('',(-147.27425533887,549.972378239957,98.6842593035125));
#11768=CARTESIAN_POINT('Origin',(-145.274255338871,549.772378239951,116.68426364623));
#11769=CARTESIAN_POINT('Origin',(-145.274255338871,549.972378239949,116.68426364623));
#11770=CARTESIAN_POINT('Origin',(-150.274255338868,549.572378239948,76.6970680967213));
#11771=CARTESIAN_POINT('',(-148.774255338869,555.572378195252,79.2951443080732));
#11772=CARTESIAN_POINT('',(-148.774255338868,549.572378239949,79.2951443080748));
#11773=CARTESIAN_POINT('',(-147.274255338868,555.572378195246,76.69706809672));
#11774=CARTESIAN_POINT('Origin',(-150.274255338868,555.572378195246,76.6970680967198));
#11775=CARTESIAN_POINT('',(-147.274255338868,549.572378239948,76.6970680967216));
#11776=CARTESIAN_POINT('Origin',(-147.274255338868,549.572378239948,76.6970680967216));
#11777=CARTESIAN_POINT('',(-147.274255338868,555.572378195252,68.6841497920427));
#11778=CARTESIAN_POINT('',(-147.274255338869,555.572378195252,89.6906658714727));
#11779=CARTESIAN_POINT('',(-147.274255338868,567.572378195255,56.6841497920428));
#11780=CARTESIAN_POINT('Origin',(-147.274255338868,567.572378195252,68.6841497920427));
#11781=CARTESIAN_POINT('',(-147.274255338867,569.572378239952,56.6841497920427));
#11782=CARTESIAN_POINT('',(-147.274255338867,559.572378239949,56.6841497920427));
#11783=CARTESIAN_POINT('',(-147.274255338867,569.572378239952,54.6841497920427));
#11784=CARTESIAN_POINT('',(-147.274255338868,569.572378239952,69.1842023764198));
#11785=CARTESIAN_POINT('',(-147.274255338867,561.428674253436,54.6841497920427));
#11786=CARTESIAN_POINT('',(-147.274255338867,559.572378239949,54.6841497920427));
#11787=CARTESIAN_POINT('',(-147.274255338867,555.716082226468,58.6841497920425));
#11788=CARTESIAN_POINT('',(-147.274255338867,559.34882155174,56.1404783321366));
#11789=CARTESIAN_POINT('',(-147.274255338867,554.072378239949,58.6841497920425));
#11790=CARTESIAN_POINT('Origin',(-145.274255338867,554.072378239949,58.6841497920427));
#11791=CARTESIAN_POINT('',(-145.274255338867,558.572378239952,56.6841497920427));
#11792=CARTESIAN_POINT('Origin',(-145.274255338867,555.716082226468,58.6841497920427));
#11793=CARTESIAN_POINT('',(-145.274255338867,554.072378239949,56.6841497920427));
#11794=CARTESIAN_POINT('Origin',(-45.774255338867,558.572378239955,56.68414979205));
#11795=CARTESIAN_POINT('',(-47.7742553388669,558.572378239955,56.6841497920499));
#11796=CARTESIAN_POINT('',(-45.774255338867,558.572378239955,56.68414979205));
#11797=CARTESIAN_POINT('',(-47.774255338867,564.072378239955,56.6841497920499));
#11798=CARTESIAN_POINT('',(-98.1242553388669,554.072378239953,56.6841497920461));
#11799=CARTESIAN_POINT('Origin',(-95.7742553388669,554.072378239953,56.6841497920463));
#11800=CARTESIAN_POINT('Origin',(-47.7742553388671,564.072378239955,58.6841497920499));
#11801=CARTESIAN_POINT('',(-45.774255338867,555.716082226471,58.68414979205));
#11802=CARTESIAN_POINT('Origin',(-47.7742553388669,555.71608222647,58.6841497920498));
#11803=CARTESIAN_POINT('',(-45.7742553388672,564.072378239955,58.68414979205));
#11804=CARTESIAN_POINT('Origin',(-45.7742553388717,569.572378239955,118.684263646237));
#11805=CARTESIAN_POINT('',(-45.7742553388668,561.428674253439,54.6841497920502));
#11806=CARTESIAN_POINT('',(-45.7742553388671,550.553967278418,62.2987015917815));
#11807=CARTESIAN_POINT('',(-45.774255338867,569.572378239955,54.6841497920502));
#11808=CARTESIAN_POINT('',(-45.774255338867,569.572378239955,54.6841497920502));
#11809=CARTESIAN_POINT('',(-45.7742553388672,569.572378239955,56.6841497920502));
#11810=CARTESIAN_POINT('',(-45.7742553388672,569.572378239955,56.6841497920502));
#11811=CARTESIAN_POINT('',(-45.7742553388671,567.572378195257,56.6841497920502));
#11812=CARTESIAN_POINT('',(-45.7742553388672,569.572378239955,56.6841497920502));
#11813=CARTESIAN_POINT('',(-45.7742553388677,555.572378195257,68.6841497920503));
#11814=CARTESIAN_POINT('Origin',(-45.774255338868,567.572378195257,68.6841497920502));
#11815=CARTESIAN_POINT('',(-45.7742553388702,555.572378195257,102.684263646231));
#11816=CARTESIAN_POINT('',(-45.7742553388707,555.572378195257,110.684263646234));
#11817=CARTESIAN_POINT('',(-45.7742553388713,567.572378195261,114.684263646231));
#11818=CARTESIAN_POINT('Origin',(-45.7742553388704,567.572378195257,102.684263646231));
#11819=CARTESIAN_POINT('',(-45.7742553388714,569.572378239955,114.684263646231));
#11820=CARTESIAN_POINT('',(-45.7742553388714,571.072378336815,114.684263646231));
#11821=CARTESIAN_POINT('',(-45.7742553388715,569.572378239955,116.684263646237));
#11822=CARTESIAN_POINT('',(-45.7742553388718,569.572378239955,120.684263646237));
#11823=CARTESIAN_POINT('',(-45.7742553388715,569.572378239955,116.684263646237));
#11824=CARTESIAN_POINT('Origin',(-47.7742553388715,569.572378239955,116.684263646237));
#11825=CARTESIAN_POINT('',(-47.7742553388717,569.572378239955,118.684263646237));
#11826=CARTESIAN_POINT('Origin',(-47.7742553388715,569.572378239955,116.684263646237));
#11827=CARTESIAN_POINT('',(-47.7742553388717,569.572378239955,118.684263646237));
#11828=CARTESIAN_POINT('Origin',(-97.4738364381735,569.572378239953,118.684263646233));
#11829=CARTESIAN_POINT('',(-145.274255338872,569.572378239952,118.684263646225));
#11830=CARTESIAN_POINT('',(-115.298941099397,569.572378239953,118.684263646227));
#11831=CARTESIAN_POINT('',(-145.274255338872,559.572378239954,118.68426364623));
#11832=CARTESIAN_POINT('',(-131.674255338872,559.572378239951,118.684263646231));
#11833=CARTESIAN_POINT('Origin',(-133.274255338872,559.572378239951,118.684263646231));
#11834=CARTESIAN_POINT('',(-56.6742553388715,559.572378239955,118.684263646236));
#11835=CARTESIAN_POINT('Origin',(-58.2742553388715,559.572378239955,118.684263646236));
#11836=CARTESIAN_POINT('',(-130.274255338872,562.572378239951,118.684263646231));
#11837=CARTESIAN_POINT('',(-130.274255338871,556.572378239951,118.684263646231));
#11838=CARTESIAN_POINT('',(-130.274255338872,563.072378239952,118.684263646231));
#11839=CARTESIAN_POINT('',(-61.2742553388717,562.572378239955,118.684263646236));
#11840=CARTESIAN_POINT('',(-113.874045888522,562.572378239952,118.684263646232));
#11841=CARTESIAN_POINT('',(-61.2742553388714,556.572378239955,118.684263646236));
#11842=CARTESIAN_POINT('',(-61.2742553388719,566.072378239955,118.684263646236));
#11843=CARTESIAN_POINT('',(-79.3740458885221,556.572378239954,118.684263646235));
#11844=CARTESIAN_POINT('Origin',(-133.274255338869,553.572378239952,108.413097735814));
#11845=CARTESIAN_POINT('',(-144.27425533887,553.572378239951,111.684263646231));
#11846=CARTESIAN_POINT('Origin',(-142.274255338871,553.572378239952,111.684263646228));
#11847=CARTESIAN_POINT('',(-122.27425533887,553.572378239952,111.684263646232));
#11848=CARTESIAN_POINT('Origin',(-124.274255338871,553.572378239953,111.684263646229));
#11849=CARTESIAN_POINT('',(-122.27425533887,553.572378239952,110.760733978913));
#11850=CARTESIAN_POINT('',(-122.274255338871,553.572378239952,110.048680691022));
#11851=CARTESIAN_POINT('',(-123.774255338869,553.572378239952,108.16265776756));
#11852=CARTESIAN_POINT('Origin',(-125.274255338871,553.572378239953,110.76073397891));
#11853=CARTESIAN_POINT('',(-131.774255338869,553.572378239952,103.543855614042));
#11854=CARTESIAN_POINT('',(-127.282533495211,553.572378239952,106.137152429601));
#11855=CARTESIAN_POINT('',(-134.77425533887,553.572378239952,103.543855614043));
#11856=CARTESIAN_POINT('Origin',(-133.27425533887,553.572378239951,106.141931825392));
#11857=CARTESIAN_POINT('',(-142.77425533887,553.572378239951,108.162657767558));
#11858=CARTESIAN_POINT('',(-135.265977182528,553.572378239952,103.827751352841));
#11859=CARTESIAN_POINT('',(-144.274255338869,553.572378239951,110.760733978911));
#11860=CARTESIAN_POINT('Origin',(-141.274255338871,553.572378239952,110.760733978909));
#11861=CARTESIAN_POINT('',(-144.274255338871,553.572378239951,109.586915857361));
#11862=CARTESIAN_POINT('Origin',(-134.77425533887,549.572378239956,103.54385561404));
#11863=CARTESIAN_POINT('',(-134.77425533887,556.606015915587,103.543855614038));
#11864=CARTESIAN_POINT('',(-134.77425533887,549.572378239956,103.54385561404));
#11865=CARTESIAN_POINT('',(-142.774255338871,558.033657219599,108.162657767554));
#11866=CARTESIAN_POINT('Origin',(-133.285398376845,567.572378195253,102.684263646225));
#11867=CARTESIAN_POINT('',(-142.774255338871,549.572378239956,108.162657767556));
#11868=CARTESIAN_POINT('Origin',(-141.274255338871,549.572378239957,110.76073397891));
#11869=CARTESIAN_POINT('',(-144.274255338871,560.104404777698,110.760733978907));
#11870=CARTESIAN_POINT('Ctrl Pts',(-144.274255338872,560.104404777698,110.760733978907));
#11871=CARTESIAN_POINT('Ctrl Pts',(-144.274255338872,559.985998897093,110.651249026641));
#11872=CARTESIAN_POINT('Ctrl Pts',(-144.268295869311,559.869174315363,110.538399232911));
#11873=CARTESIAN_POINT('Ctrl Pts',(-144.219378130435,559.443074073193,110.107862541912));
#11874=CARTESIAN_POINT('Ctrl Pts',(-144.125286128534,559.12984595921,109.749351823683));
#11875=CARTESIAN_POINT('Ctrl Pts',(-143.773123232093,558.594859809581,109.05576120834));
#11876=CARTESIAN_POINT('Ctrl Pts',(-143.513463835805,558.372320647308,108.722092207384));
#11877=CARTESIAN_POINT('Ctrl Pts',(-143.070796371577,558.144444461594,108.352539307369));
#11878=CARTESIAN_POINT('Ctrl Pts',(-142.928762054628,558.084890228344,108.251862261488));
#11879=CARTESIAN_POINT('Ctrl Pts',(-142.774255338871,558.033657219599,108.162657767554));
#11880=CARTESIAN_POINT('',(-144.274255338871,549.572378239957,110.76073397891));
#11881=CARTESIAN_POINT('Origin',(-144.274255338871,549.572378239957,110.76073397891));
#11882=CARTESIAN_POINT('',(-144.274255338871,561.247822874918,111.684263646226));
#11883=CARTESIAN_POINT('Origin',(-144.274255338871,567.572378195253,102.684263646224));
#11884=CARTESIAN_POINT('',(-144.274255338871,549.572378239957,111.684263646229));
#11885=CARTESIAN_POINT('Origin',(-142.274255338871,549.572378239957,111.684263646229));
#11886=CARTESIAN_POINT('Ctrl Pts',(-142.274255338872,567.572378195255,113.684263646224));
#11887=CARTESIAN_POINT('Ctrl Pts',(-142.512665075596,567.013257802042,113.684263646225));
#11888=CARTESIAN_POINT('Ctrl Pts',(-142.774256655989,566.400846506674,113.639075321706));
#11889=CARTESIAN_POINT('Ctrl Pts',(-143.269542430033,565.183597199834,113.439453665633));
#11890=CARTESIAN_POINT('Ctrl Pts',(-143.502179158127,564.578370743937,113.284766951716));
#11891=CARTESIAN_POINT('Ctrl Pts',(-143.84276950909,563.576900387923,112.944176600753));
#11892=CARTESIAN_POINT('Ctrl Pts',(-143.992566135968,563.084759984533,112.741588941184));
#11893=CARTESIAN_POINT('Ctrl Pts',(-144.208950909212,562.126244528238,112.256522494379));
#11894=CARTESIAN_POINT('Ctrl Pts',(-144.274255338872,561.659739370294,111.973729053154));
#11895=CARTESIAN_POINT('Ctrl Pts',(-144.274255338872,561.247822874918,111.684263646226));
#11896=CARTESIAN_POINT('Origin',(-108.274255338869,553.572378239952,108.413097735815));
#11897=CARTESIAN_POINT('',(-119.27425533887,553.572378239952,111.684263646232));
#11898=CARTESIAN_POINT('Origin',(-117.274255338871,553.572378239953,111.68426364623));
#11899=CARTESIAN_POINT('',(-97.2742553388692,553.572378239953,111.684263646233));
#11900=CARTESIAN_POINT('Origin',(-99.2742553388702,553.572378239952,111.684263646231));
#11901=CARTESIAN_POINT('',(-97.2742553388691,553.572378239953,110.760733978914));
#11902=CARTESIAN_POINT('',(-97.2742553388701,553.572378239953,109.586915857364));
#11903=CARTESIAN_POINT('',(-98.7742553388691,553.572378239953,108.162657767561));
#11904=CARTESIAN_POINT('Origin',(-100.27425533887,553.572378239952,110.760733978912));
#11905=CARTESIAN_POINT('',(-106.774255338869,553.572378239952,103.543855614044));
#11906=CARTESIAN_POINT('',(-103.132324002228,553.572378239952,105.646525651622));
#11907=CARTESIAN_POINT('',(-109.77425533887,553.572378239952,103.543855614044));
#11908=CARTESIAN_POINT('Origin',(-108.27425533887,553.572378239952,106.141931825394));
#11909=CARTESIAN_POINT('',(-117.77425533887,553.572378239952,108.16265776756));
#11910=CARTESIAN_POINT('',(-110.265977182528,553.572378239952,103.827751352843));
#11911=CARTESIAN_POINT('',(-119.27425533887,553.572378239952,110.760733978913));
#11912=CARTESIAN_POINT('Origin',(-116.274255338871,553.572378239952,110.760733978911));
#11913=CARTESIAN_POINT('',(-119.274255338871,553.572378239952,109.586915857363));
#11914=CARTESIAN_POINT('Origin',(-109.77425533887,549.572378239957,103.543855614042));
#11915=CARTESIAN_POINT('',(-109.77425533887,556.606015915589,103.54385561404));
#11916=CARTESIAN_POINT('',(-109.77425533887,549.572378239957,103.543855614042));
#11917=CARTESIAN_POINT('',(-117.774255338871,558.0336572196,108.162657767556));
#11918=CARTESIAN_POINT('Origin',(-108.285398376845,567.572378195254,102.684263646227));
#11919=CARTESIAN_POINT('',(-117.774255338871,549.572378239958,108.162657767558));
#11920=CARTESIAN_POINT('Origin',(-116.274255338871,549.572378239958,110.760733978912));
#11921=CARTESIAN_POINT('',(-119.274255338871,560.1044047777,110.760733978909));
#11922=CARTESIAN_POINT('Ctrl Pts',(-119.274255338872,560.1044047777,110.760733978909));
#11923=CARTESIAN_POINT('Ctrl Pts',(-119.274255338872,559.985998897094,110.651249026643));
#11924=CARTESIAN_POINT('Ctrl Pts',(-119.268295869311,559.869174315365,110.538399232913));
#11925=CARTESIAN_POINT('Ctrl Pts',(-119.219378130435,559.443074073194,110.107862541914));
#11926=CARTESIAN_POINT('Ctrl Pts',(-119.125286128534,559.129845959211,109.749351823685));
#11927=CARTESIAN_POINT('Ctrl Pts',(-118.773123232093,558.594859809582,109.055761208341));
#11928=CARTESIAN_POINT('Ctrl Pts',(-118.513463835804,558.372320647309,108.722092207385));
#11929=CARTESIAN_POINT('Ctrl Pts',(-118.070796371577,558.144444461596,108.352539307371));
#11930=CARTESIAN_POINT('Ctrl Pts',(-117.928762054628,558.084890228345,108.25186226149));
#11931=CARTESIAN_POINT('Ctrl Pts',(-117.774255338871,558.0336572196,108.162657767556));
#11932=CARTESIAN_POINT('',(-119.274255338871,549.572378239958,110.760733978912));
#11933=CARTESIAN_POINT('Origin',(-119.274255338871,549.572378239958,110.760733978912));
#11934=CARTESIAN_POINT('',(-119.274255338871,561.247822874919,111.684263646228));
#11935=CARTESIAN_POINT('Origin',(-119.274255338871,567.572378195254,102.684263646226));
#11936=CARTESIAN_POINT('',(-119.274255338871,549.572378239958,111.684263646231));
#11937=CARTESIAN_POINT('Origin',(-117.274255338871,549.572378239959,111.684263646231));
#11938=CARTESIAN_POINT('Ctrl Pts',(-117.274255338872,567.572378195256,113.684263646226));
#11939=CARTESIAN_POINT('Ctrl Pts',(-117.512665075596,567.013257802044,113.684263646227));
#11940=CARTESIAN_POINT('Ctrl Pts',(-117.774256655989,566.400846506675,113.639075321708));
#11941=CARTESIAN_POINT('Ctrl Pts',(-118.269542430033,565.183597199836,113.439453665635));
#11942=CARTESIAN_POINT('Ctrl Pts',(-118.502179158127,564.578370743939,113.284766951718));
#11943=CARTESIAN_POINT('Ctrl Pts',(-118.84276950909,563.576900387925,112.944176600755));
#11944=CARTESIAN_POINT('Ctrl Pts',(-118.992566135968,563.084759984535,112.741588941186));
#11945=CARTESIAN_POINT('Ctrl Pts',(-119.208950909212,562.126244528239,112.256522494381));
#11946=CARTESIAN_POINT('Ctrl Pts',(-119.274255338872,561.659739370295,111.973729053157));
#11947=CARTESIAN_POINT('Ctrl Pts',(-119.274255338872,561.24782287492,111.684263646228));
#11948=CARTESIAN_POINT('Origin',(-83.2742553388695,553.572378239953,108.413097735817));
#11949=CARTESIAN_POINT('',(-94.2742553388698,553.572378239953,111.684263646234));
#11950=CARTESIAN_POINT('Origin',(-92.2742553388709,553.572378239953,111.684263646232));
#11951=CARTESIAN_POINT('',(-72.2742553388697,553.572378239953,111.684263646236));
#11952=CARTESIAN_POINT('Origin',(-74.2742553388708,553.572378239954,111.684263646233));
#11953=CARTESIAN_POINT('',(-72.2742553388697,553.572378239953,110.760733978917));
#11954=CARTESIAN_POINT('',(-72.2742553388706,553.572378239953,109.586915857367));
#11955=CARTESIAN_POINT('',(-73.7742553388695,553.572378239953,108.162657767563));
#11956=CARTESIAN_POINT('Origin',(-75.2742553388707,553.572378239953,110.760733978915));
#11957=CARTESIAN_POINT('',(-81.7742553388692,553.572378239953,103.543855614046));
#11958=CARTESIAN_POINT('',(-81.2825334952115,553.572378239953,103.827751352847));
#11959=CARTESIAN_POINT('',(-84.7742553388693,553.572378239953,103.543855614045));
#11960=CARTESIAN_POINT('Origin',(-83.2742553388704,553.572378239953,106.141931825397));
#11961=CARTESIAN_POINT('',(-92.7742553388696,553.572378239953,108.162657767562));
#11962=CARTESIAN_POINT('',(-89.2659771825282,553.572378239953,106.137152429604));
#11963=CARTESIAN_POINT('',(-94.2742553388698,553.572378239953,110.760733978915));
#11964=CARTESIAN_POINT('Origin',(-91.2742553388708,553.572378239953,110.760733978914));
#11965=CARTESIAN_POINT('',(-94.2742553388709,553.572378239953,111.048680691022));
#11966=CARTESIAN_POINT('Origin',(-92.7742553388706,549.572378239954,108.16265776756));
#11967=CARTESIAN_POINT('',(-84.7742553388703,556.60601591559,103.543855614044));
#11968=CARTESIAN_POINT('',(-84.7742553388701,549.572378239954,103.543855614044));
#11969=CARTESIAN_POINT('',(-92.7742553388708,558.033657219603,108.16265776756));
#11970=CARTESIAN_POINT('Origin',(-83.2853983768365,567.572378195256,102.684263646229));
#11971=CARTESIAN_POINT('',(-92.7742553388706,549.572378239954,108.16265776756));
#11972=CARTESIAN_POINT('Origin',(-91.2742553388707,549.572378239954,110.760733978914));
#11973=CARTESIAN_POINT('',(-94.274255338871,560.104404777704,110.760733978913));
#11974=CARTESIAN_POINT('Ctrl Pts',(-92.7742553388706,558.033657219603,108.16265776756));
#11975=CARTESIAN_POINT('Ctrl Pts',(-92.9287620546262,558.084890228348,108.251862261494));
#11976=CARTESIAN_POINT('Ctrl Pts',(-93.0707963715738,558.144444461597,108.352539307373));
#11977=CARTESIAN_POINT('Ctrl Pts',(-93.5134638357997,558.372320647309,108.722092207385));
#11978=CARTESIAN_POINT('Ctrl Pts',(-93.7731232320886,558.594859809581,109.05576120834));
#11979=CARTESIAN_POINT('Ctrl Pts',(-94.1252861285305,559.129845959208,109.74935182368));
#11980=CARTESIAN_POINT('Ctrl Pts',(-94.2193781304321,559.443074073189,110.107862541908));
#11981=CARTESIAN_POINT('Ctrl Pts',(-94.2682958693104,559.869174315362,110.53839923291));
#11982=CARTESIAN_POINT('Ctrl Pts',(-94.2742553388709,559.985998897094,110.651249026644));
#11983=CARTESIAN_POINT('Ctrl Pts',(-94.274255338871,560.104404777704,110.760733978913));
#11984=CARTESIAN_POINT('',(-94.2742553388707,549.572378239954,110.760733978913));
#11985=CARTESIAN_POINT('Origin',(-94.274255338871,549.572378239954,113.684263646227));
#11986=CARTESIAN_POINT('',(-94.2742553388715,561.247822874921,111.684263646229));
#11987=CARTESIAN_POINT('Origin',(-94.2742553388711,567.572378195255,102.684263646228));
#11988=CARTESIAN_POINT('',(-94.2742553388711,561.072378336813,111.68426364623));
#11989=CARTESIAN_POINT('Origin',(-92.2742553388711,561.072378336813,111.68426364623));
#11990=CARTESIAN_POINT('Ctrl Pts',(-92.2742553388714,567.572378195258,113.684263646228));
#11991=CARTESIAN_POINT('Ctrl Pts',(-92.718896906974,566.529601286007,113.684263646229));
#11992=CARTESIAN_POINT('Ctrl Pts',(-93.2039103065983,565.401513859895,113.528042564526));
#11993=CARTESIAN_POINT('Ctrl Pts',(-93.9770536393213,563.223312400756,112.852160318405));
#11994=CARTESIAN_POINT('Ctrl Pts',(-94.2742553388712,562.175328524503,112.33604817853));
#11995=CARTESIAN_POINT('Ctrl Pts',(-94.2742553388711,561.247822874922,111.68426364623));
#11996=CARTESIAN_POINT('Origin',(-83.2742553388703,549.572378239954,106.141931825397));
#11997=CARTESIAN_POINT('',(-81.7742553388702,556.60601591559,103.543855614044));
#11998=CARTESIAN_POINT('',(-81.7742553388701,549.572378239954,103.543855614044));
#11999=CARTESIAN_POINT('Ctrl Pts',(-81.7742553388701,556.60601591559,103.543855614044));
#12000=CARTESIAN_POINT('Ctrl Pts',(-81.8868918747276,556.600918519075,103.478824879746));
#12001=CARTESIAN_POINT('Ctrl Pts',(-82.0044641443667,556.596947248523,103.420765883769));
#12002=CARTESIAN_POINT('Ctrl Pts',(-82.4949514324267,556.58423328824,103.217413684078));
#12003=CARTESIAN_POINT('Ctrl Pts',(-82.8971384718744,556.581903235647,103.141931825397));
#12004=CARTESIAN_POINT('Ctrl Pts',(-83.2742553388703,556.581903235647,103.141931825397));
#12005=CARTESIAN_POINT('Ctrl Pts',(-83.650710350022,556.581903235647,103.141931825397));
#12006=CARTESIAN_POINT('Ctrl Pts',(-84.0522370188928,556.584227444967,103.217150937244));
#12007=CARTESIAN_POINT('Ctrl Pts',(-84.5428676421818,556.596907426589,103.420184116806));
#12008=CARTESIAN_POINT('Ctrl Pts',(-84.6610579032058,556.600893135405,103.478501044091));
#12009=CARTESIAN_POINT('Ctrl Pts',(-84.7742553388705,556.60601591559,103.543855614044));
#12010=CARTESIAN_POINT('Origin',(-133.27425533887,549.572378239956,106.141931825393));
#12011=CARTESIAN_POINT('',(-131.77425533887,556.606015915588,103.543855614038));
#12012=CARTESIAN_POINT('',(-131.77425533887,549.572378239956,103.54385561404));
#12013=CARTESIAN_POINT('Ctrl Pts',(-134.77425533887,556.606015915587,103.543855614038));
#12014=CARTESIAN_POINT('Ctrl Pts',(-134.661618803013,556.600918519073,103.47882487974));
#12015=CARTESIAN_POINT('Ctrl Pts',(-134.544046533374,556.596947248521,103.420765883763));
#12016=CARTESIAN_POINT('Ctrl Pts',(-134.053559245314,556.584233288237,103.217413684072));
#12017=CARTESIAN_POINT('Ctrl Pts',(-133.651372205866,556.581903235645,103.141931825391));
#12018=CARTESIAN_POINT('Ctrl Pts',(-133.27425533887,556.581903235645,103.141931825391));
#12019=CARTESIAN_POINT('Ctrl Pts',(-132.897800327718,556.581903235645,103.141931825391));
#12020=CARTESIAN_POINT('Ctrl Pts',(-132.496273658848,556.584227444964,103.217150937239));
#12021=CARTESIAN_POINT('Ctrl Pts',(-132.005643035559,556.596907426586,103.4201841168));
#12022=CARTESIAN_POINT('Ctrl Pts',(-131.887452774535,556.600893135402,103.478501044086));
#12023=CARTESIAN_POINT('Ctrl Pts',(-131.77425533887,556.606015915587,103.543855614038));
#12024=CARTESIAN_POINT('Origin',(-108.27425533887,549.572378239958,106.141931825395));
#12025=CARTESIAN_POINT('',(-106.77425533887,556.606015915589,103.54385561404));
#12026=CARTESIAN_POINT('',(-106.77425533887,549.572378239957,103.543855614042));
#12027=CARTESIAN_POINT('Ctrl Pts',(-109.77425533887,556.606015915589,103.54385561404));
#12028=CARTESIAN_POINT('Ctrl Pts',(-109.661618803013,556.600918519074,103.478824879742));
#12029=CARTESIAN_POINT('Ctrl Pts',(-109.544046533374,556.596947248522,103.420765883765));
#12030=CARTESIAN_POINT('Ctrl Pts',(-109.053559245314,556.584233288239,103.217413684074));
#12031=CARTESIAN_POINT('Ctrl Pts',(-108.651372205866,556.581903235646,103.141931825393));
#12032=CARTESIAN_POINT('Ctrl Pts',(-108.27425533887,556.581903235646,103.141931825393));
#12033=CARTESIAN_POINT('Ctrl Pts',(-107.897800327718,556.581903235646,103.141931825393));
#12034=CARTESIAN_POINT('Ctrl Pts',(-107.496273658848,556.584227444965,103.217150937241));
#12035=CARTESIAN_POINT('Ctrl Pts',(-107.005643035559,556.596907426588,103.420184116802));
#12036=CARTESIAN_POINT('Ctrl Pts',(-106.887452774535,556.600893135403,103.478501044088));
#12037=CARTESIAN_POINT('Ctrl Pts',(-106.77425533887,556.606015915589,103.54385561404));
#12038=CARTESIAN_POINT('Origin',(-62.0742553388716,561.072378239955,118.684263646236));
#12039=CARTESIAN_POINT('',(-62.0742553388715,557.372378239955,119.484263646236));
#12040=CARTESIAN_POINT('Origin',(-62.0742553388714,556.572378239955,118.684263646236));
#12041=CARTESIAN_POINT('',(-62.0742553388717,561.772378239955,119.484263646236));
#12042=CARTESIAN_POINT('Origin',(-62.0742553388717,562.572378239955,118.684263646236));
#12043=CARTESIAN_POINT('',(-62.0742553388717,561.072378239955,119.484263646236));
#12044=CARTESIAN_POINT('Origin',(-95.7742553388717,559.572378239953,119.484263646234));
#12045=CARTESIAN_POINT('',(-129.474255338872,561.772378239952,119.484263646231));
#12046=CARTESIAN_POINT('',(-113.024255338872,561.772378239952,119.484263646232));
#12047=CARTESIAN_POINT('',(-129.474255338872,557.372378239952,119.484263646231));
#12048=CARTESIAN_POINT('',(-129.474255338872,558.072378239951,119.484263646231));
#12049=CARTESIAN_POINT('',(-78.5242553388715,557.372378239954,119.484263646235));
#12050=CARTESIAN_POINT('Origin',(-78.5242553388715,556.972378239954,119.084263646235));
#12051=CARTESIAN_POINT('Origin',(-129.474255338872,556.572378239951,118.684263646231));
#12052=CARTESIAN_POINT('Origin',(-129.474255338872,558.072378239951,118.684263646231));
#12053=CARTESIAN_POINT('Origin',(-129.474255338872,562.572378239952,118.684263646231));
#12054=CARTESIAN_POINT('Origin',(-113.024255338872,562.172378239952,119.084263646232));
#12055=CARTESIAN_POINT('Origin',(-133.274255338871,559.572378239951,115.684263646231));
#12056=CARTESIAN_POINT('',(-130.274255338871,559.572378239951,115.684263646231));
#12057=CARTESIAN_POINT('',(-130.274255338871,559.572378239951,115.684263646231));
#12058=CARTESIAN_POINT('Origin',(-133.274255338871,559.572378239951,115.684263646231));
#12059=CARTESIAN_POINT('Origin',(-133.274255338871,559.572378239951,115.684263646231));
#12060=CARTESIAN_POINT('',(-131.674255338871,559.572378239951,115.684263646231));
#12061=CARTESIAN_POINT('Origin',(-133.274255338871,559.572378239951,115.684263646231));
#12062=CARTESIAN_POINT('Origin',(-58.2742553388713,559.572378239955,115.684263646236));
#12063=CARTESIAN_POINT('',(-55.2742553388713,559.572378239955,115.684263646237));
#12064=CARTESIAN_POINT('',(-55.2742553388713,559.572378239955,115.684263646236));
#12065=CARTESIAN_POINT('Origin',(-58.2742553388713,559.572378239955,115.684263646236));
#12066=CARTESIAN_POINT('Origin',(-58.2742553388713,559.572378239955,115.684263646236));
#12067=CARTESIAN_POINT('',(-56.6742553388713,559.572378239955,115.684263646236));
#12068=CARTESIAN_POINT('Origin',(-58.2742553388713,559.572378239955,115.684263646236));
#12069=CARTESIAN_POINT('Origin',(-146.274255338871,549.572378239958,114.684263646229));
#12070=CARTESIAN_POINT('',(-147.274255338871,569.572378239952,114.684263646224));
#12071=CARTESIAN_POINT('Origin',(-146.274255338872,569.572378239958,114.684263646224));
#12072=CARTESIAN_POINT('',(-147.274255338872,567.572378195255,114.684263646225));
#12073=CARTESIAN_POINT('Origin',(-146.274255338872,567.572378195256,114.684263646225));
#12074=CARTESIAN_POINT('',(-147.274255338871,549.572378239958,114.684263646229));
#12075=CARTESIAN_POINT('Origin',(-146.274255338871,567.572378195252,102.684263646224));
#12076=CARTESIAN_POINT('',(-147.274255338871,558.697096398865,110.760733978907));
#12077=CARTESIAN_POINT('',(-146.274255338871,559.436703215231,110.087694784517));
#12078=CARTESIAN_POINT('Origin',(-146.274255338871,558.697096398865,110.760733978907));
#12079=CARTESIAN_POINT('Origin',(-147.274255338871,567.572378195252,102.684263646224));
#12080=CARTESIAN_POINT('Origin',(-146.274255338871,567.572378195252,102.684263646224));
#12081=CARTESIAN_POINT('Ctrl Pts',(-148.274255338871,557.417380577624,106.912268303974));
#12082=CARTESIAN_POINT('Ctrl Pts',(-147.500288673947,557.587921535835,107.321880677784));
#12083=CARTESIAN_POINT('Ctrl Pts',(-146.493125325549,558.117121596493,108.442707864919));
#12084=CARTESIAN_POINT('Ctrl Pts',(-146.274255338871,559.014310100821,109.62352445208));
#12085=CARTESIAN_POINT('Ctrl Pts',(-146.274255338871,559.43670321523,110.087694784517));
#12086=CARTESIAN_POINT('Ctrl Pts',(-148.370715237973,557.476664556422,107.054659032507));
#12087=CARTESIAN_POINT('Ctrl Pts',(-147.633142172692,557.643704302094,107.439679574499));
#12088=CARTESIAN_POINT('Ctrl Pts',(-146.66493229123,558.154824594401,108.49251031785));
#12089=CARTESIAN_POINT('Ctrl Pts',(-146.431982402758,559.023768899757,109.633875280039));
#12090=CARTESIAN_POINT('Ctrl Pts',(-146.423854989042,559.43670321523,110.087694784517));
#12091=CARTESIAN_POINT('Ctrl Pts',(-148.563008615415,557.500753673322,107.377691496218));
#12092=CARTESIAN_POINT('Ctrl Pts',(-147.898052625244,557.663561732668,107.717003465019));
#12093=CARTESIAN_POINT('Ctrl Pts',(-147.007672537245,558.150203138126,108.642053376635));
#12094=CARTESIAN_POINT('Ctrl Pts',(-146.746837088925,558.983748196948,109.702852047086));
#12095=CARTESIAN_POINT('Ctrl Pts',(-146.722547928605,559.38606790098,110.133772714516));
#12096=CARTESIAN_POINT('Ctrl Pts',(-148.803208679259,557.202927982035,107.917729098553));
#12097=CARTESIAN_POINT('Ctrl Pts',(-148.229832634396,557.370100848292,108.213549436707));
#12098=CARTESIAN_POINT('Ctrl Pts',(-147.447816657394,557.868258614578,109.014432838751));
#12099=CARTESIAN_POINT('Ctrl Pts',(-147.179083415856,558.724496597407,109.966155405886));
#12100=CARTESIAN_POINT('Ctrl Pts',(-147.143006940641,559.138614815897,110.358954015374));
#12101=CARTESIAN_POINT('Ctrl Pts',(-148.822418109902,556.761348988454,108.134850978734));
#12102=CARTESIAN_POINT('Ctrl Pts',(-148.259041699872,556.940216969409,108.445664451213));
#12103=CARTESIAN_POINT('Ctrl Pts',(-147.508348409457,557.487609796094,109.291910324438));
#12104=CARTESIAN_POINT('Ctrl Pts',(-147.293640193793,558.419953944978,110.231310208967));
#12105=CARTESIAN_POINT('Ctrl Pts',(-147.274255338871,558.863063780353,110.609704336859));
#12106=CARTESIAN_POINT('Ctrl Pts',(-148.774255338871,556.494198976021,108.162657767554));
#12107=CARTESIAN_POINT('Ctrl Pts',(-148.193780340178,556.680243657706,108.497795164307));
#12108=CARTESIAN_POINT('Ctrl Pts',(-147.438407828879,557.257552814788,109.414835590145));
#12109=CARTESIAN_POINT('Ctrl Pts',(-147.274255338871,558.236303910418,110.380958252367));
#12110=CARTESIAN_POINT('Ctrl Pts',(-147.274255338871,558.697096398865,110.760733978907));
#12111=CARTESIAN_POINT('',(-148.274255338871,557.417380577624,106.912268303974));
#12112=CARTESIAN_POINT('Ctrl Pts',(-148.274255338871,557.417380577624,106.912268303974));
#12113=CARTESIAN_POINT('Ctrl Pts',(-147.500288673947,557.587921535835,107.321880677784));
#12114=CARTESIAN_POINT('Ctrl Pts',(-146.493125325549,558.117121596493,108.442707864919));
#12115=CARTESIAN_POINT('Ctrl Pts',(-146.274255338871,559.014310100821,109.62352445208));
#12116=CARTESIAN_POINT('Ctrl Pts',(-146.274255338871,559.43670321523,110.087694784517));
#12117=CARTESIAN_POINT('',(-148.774255338871,556.494198976021,108.162657767554));
#12118=CARTESIAN_POINT('Origin',(-148.274255338871,556.494198976021,107.29663236377));
#12119=CARTESIAN_POINT('Ctrl Pts',(-147.274255338871,558.697096398865,110.760733978907));
#12120=CARTESIAN_POINT('Ctrl Pts',(-147.274255338871,558.236303910418,110.380958252367));
#12121=CARTESIAN_POINT('Ctrl Pts',(-147.438407828879,557.257552814788,109.414835590145));
#12122=CARTESIAN_POINT('Ctrl Pts',(-148.193780340178,556.680243657706,108.497795164307));
#12123=CARTESIAN_POINT('Ctrl Pts',(-148.774255338871,556.494198976021,108.162657767554));
#12124=CARTESIAN_POINT('Ctrl Pts',(-156.263112300902,556.572378195252,102.684263646223));
#12125=CARTESIAN_POINT('Ctrl Pts',(-153.529805415033,556.572378195252,104.130832823696));
#12126=CARTESIAN_POINT('Ctrl Pts',(-150.797593967439,556.861371375795,105.576822253886));
#12127=CARTESIAN_POINT('Ctrl Pts',(-148.274255338871,557.417380577624,106.912268303974));
#12128=CARTESIAN_POINT('Ctrl Pts',(-156.337912125987,556.572378195252,102.813820743669));
#12129=CARTESIAN_POINT('Ctrl Pts',(-153.610037158316,556.589461898773,104.269777109679));
#12130=CARTESIAN_POINT('Ctrl Pts',(-150.884612812804,556.899327456971,105.72093741583));
#12131=CARTESIAN_POINT('Ctrl Pts',(-148.370715237973,557.476664556422,107.054659032507));
#12132=CARTESIAN_POINT('Ctrl Pts',(-156.487258597343,556.503915721065,103.072496419988));
#12133=CARTESIAN_POINT('Ctrl Pts',(-153.77018525594,556.544935907304,104.556167786882));
#12134=CARTESIAN_POINT('Ctrl Pts',(-151.058148391333,556.887095663654,106.030321192207));
#12135=CARTESIAN_POINT('Ctrl Pts',(-148.563008619184,557.500753678386,107.377691500637));
#12136=CARTESIAN_POINT('Ctrl Pts',(-156.697488104172,556.169341891583,103.436624607065));
#12137=CARTESIAN_POINT('Ctrl Pts',(-153.988292758465,556.212257655833,104.9779394022));
#12138=CARTESIAN_POINT('Ctrl Pts',(-151.286006551204,556.566691908022,106.51242155132));
#12139=CARTESIAN_POINT('Ctrl Pts',(-148.803208684994,557.202927987972,107.917729106014));
#12140=CARTESIAN_POINT('Ctrl Pts',(-156.763112300902,555.796777670509,103.550289050008));
#12141=CARTESIAN_POINT('Ctrl Pts',(-154.042761190374,555.813144184069,105.121260162153));
#12142=CARTESIAN_POINT('Ctrl Pts',(-151.325469969351,556.143113861691,106.689055286796));
#12143=CARTESIAN_POINT('Ctrl Pts',(-148.822418109903,556.761348988453,108.134850978735));
#12144=CARTESIAN_POINT('Ctrl Pts',(-156.763112300902,555.572378195252,103.550289050008));
#12145=CARTESIAN_POINT('Ctrl Pts',(-154.029805415033,555.572378195252,105.128364516342));
#12146=CARTESIAN_POINT('Ctrl Pts',(-151.297593967439,555.887643483117,106.705807531094));
#12147=CARTESIAN_POINT('Ctrl Pts',(-148.774255338871,556.494198976021,108.162657767555));
#12148=CARTESIAN_POINT('',(-156.763112300902,555.572378195252,103.550289050008));
#12149=CARTESIAN_POINT('Origin',(-156.263112300902,555.572378195252,102.684263646223));
#12150=CARTESIAN_POINT('Origin',(-156.763112300897,567.572378195252,103.550289050008));
#12151=CARTESIAN_POINT('Origin',(-156.263112300897,567.572378195252,102.684263646223));
#12152=CARTESIAN_POINT('Origin',(-153.77425533887,555.572378195256,98.3477031913318));
#12153=CARTESIAN_POINT('',(-156.77425533887,555.572378195256,103.543855614038));
#12154=CARTESIAN_POINT('Origin',(-156.27425533887,555.572378195256,102.677830210254));
#12155=CARTESIAN_POINT('',(-159.77425533887,555.572378195256,98.3477031913314));
#12156=CARTESIAN_POINT('Origin',(-158.77425533887,555.572378195256,98.3477031913314));
#12157=CARTESIAN_POINT('Origin',(-153.77425533887,555.572378195256,98.3477031913318));
#12158=CARTESIAN_POINT('Origin',(-158.77425533887,555.572378195252,103.114059630131));
#12159=CARTESIAN_POINT('',(-159.774255338869,555.572378195252,89.1100988842974));
#12160=CARTESIAN_POINT('Origin',(-158.774255338869,555.572378195252,89.1100988842975));
#12161=CARTESIAN_POINT('',(-159.77425533887,555.572378195252,103.114059630131));
#12162=CARTESIAN_POINT('Origin',(-153.774255338869,555.572378195256,89.1100988842978));
#12163=CARTESIAN_POINT('',(-156.774255338868,555.572378195256,83.9139464615909));
#12164=CARTESIAN_POINT('Origin',(-156.274255338868,555.572378195256,84.7799718653754));
#12165=CARTESIAN_POINT('Origin',(-153.774255338869,555.572378195256,89.1100988842978));
#12166=CARTESIAN_POINT('Origin',(-98.0881482186127,555.572378195255,51.1862072564036));
#12167=CARTESIAN_POINT('Origin',(-148.274255338869,555.572378195252,80.1611697118577));
#12168=CARTESIAN_POINT('',(-98.5881482186127,555.572378195254,50.3201818526191));
#12169=CARTESIAN_POINT('Origin',(-150.274255338868,555.572378195246,76.6970680967198));
#12170=CARTESIAN_POINT('Origin',(-146.274255338868,555.572378195246,76.6970680967201));
#12171=CARTESIAN_POINT('Origin',(-146.274255338869,555.572378195252,89.6906658714728));
#12172=CARTESIAN_POINT('Origin',(-146.274255338868,555.572378195252,68.6841497920428));
#12173=CARTESIAN_POINT('Origin',(-146.274255338868,567.572378195252,68.6841497920428));
#12174=CARTESIAN_POINT('Origin',(-146.274255338868,567.572378195255,56.6841497920428));
#12175=CARTESIAN_POINT('Origin',(-146.274255338867,559.572378239949,56.6841497920428));
#12176=CARTESIAN_POINT('',(-146.274255338868,569.572378239952,57.6841497920395));
#12177=CARTESIAN_POINT('Origin',(-146.274255338868,569.572378239951,56.6841497920428));
#12178=CARTESIAN_POINT('',(-146.274255338867,559.572378239949,57.6841497920428));
#12179=CARTESIAN_POINT('Origin',(-90.2103624591266,555.572378195255,140.819836548094));
#12180=CARTESIAN_POINT('',(-90.7103624591267,555.572378195256,141.685861951878));
#12181=CARTESIAN_POINT('Origin',(9.22574466112923,567.57237819526,102.684263646235));
#12182=CARTESIAN_POINT('',(-123.774255338871,558.0336572196,108.162657767556));
#12183=CARTESIAN_POINT('Origin',(-133.263112300897,567.572378195253,102.684263646225));
#12184=CARTESIAN_POINT('',(-122.274255338871,560.1044047777,110.760733978909));
#12185=CARTESIAN_POINT('Ctrl Pts',(-123.774255338871,558.0336572196,108.162657767556));
#12186=CARTESIAN_POINT('Ctrl Pts',(-123.543426134725,558.110198064939,108.295927070707));
#12187=CARTESIAN_POINT('Ctrl Pts',(-123.337807694844,558.20659933289,108.456826172823));
#12188=CARTESIAN_POINT('Ctrl Pts',(-122.917619836006,558.472819394467,108.871620123991));
#12189=CARTESIAN_POINT('Ctrl Pts',(-122.692573288132,558.703232912901,109.201005682873));
#12190=CARTESIAN_POINT('Ctrl Pts',(-122.430612366673,559.141303043243,109.758051603871));
#12191=CARTESIAN_POINT('Ctrl Pts',(-122.343330086399,559.39971914012,110.057768740887));
#12192=CARTESIAN_POINT('Ctrl Pts',(-122.283226044588,559.817283306915,110.487971173606));
#12193=CARTESIAN_POINT('Ctrl Pts',(-122.274255338871,559.960388314814,110.627567995228));
#12194=CARTESIAN_POINT('Ctrl Pts',(-122.274255338872,560.1044047777,110.760733978909));
#12195=CARTESIAN_POINT('',(-122.274255338871,561.247822874919,111.684263646227));
#12196=CARTESIAN_POINT('Origin',(-122.274255338871,567.572378195254,102.684263646226));
#12197=CARTESIAN_POINT('Ctrl Pts',(-122.274255338872,561.247822874919,111.684263646227));
#12198=CARTESIAN_POINT('Ctrl Pts',(-122.274255338872,562.175328524501,112.336048178527));
#12199=CARTESIAN_POINT('Ctrl Pts',(-122.571457038422,563.223312400754,112.852160318402));
#12200=CARTESIAN_POINT('Ctrl Pts',(-123.344600371146,565.401513859893,113.528042564524));
#12201=CARTESIAN_POINT('Ctrl Pts',(-123.829613770769,566.529601286005,113.684263646226));
#12202=CARTESIAN_POINT('Ctrl Pts',(-124.274255338872,567.572378195256,113.684263646225));
#12203=CARTESIAN_POINT('',(-98.7742553388702,558.033657219602,108.162657767559));
#12204=CARTESIAN_POINT('Origin',(-108.263112300897,567.572378195254,102.684263646227));
#12205=CARTESIAN_POINT('',(-97.2742553388703,560.104404777703,110.760733978912));
#12206=CARTESIAN_POINT('Ctrl Pts',(-97.2742553388703,560.104404777703,110.760733978912));
#12207=CARTESIAN_POINT('Ctrl Pts',(-97.2742553388702,559.960388314817,110.627567995231));
#12208=CARTESIAN_POINT('Ctrl Pts',(-97.2832260445868,559.817283306918,110.487971173608));
#12209=CARTESIAN_POINT('Ctrl Pts',(-97.3433300863979,559.399719140122,110.057768740889));
#12210=CARTESIAN_POINT('Ctrl Pts',(-97.4306123666724,559.141303043245,109.758051603874));
#12211=CARTESIAN_POINT('Ctrl Pts',(-97.6925732881314,558.703232912902,109.201005682875));
#12212=CARTESIAN_POINT('Ctrl Pts',(-97.9176198360048,558.472819394469,108.871620123994));
#12213=CARTESIAN_POINT('Ctrl Pts',(-98.3378076948432,558.206599332892,108.456826172826));
#12214=CARTESIAN_POINT('Ctrl Pts',(-98.5434261347237,558.110198064941,108.295927070709));
#12215=CARTESIAN_POINT('Ctrl Pts',(-98.77425533887,558.033657219602,108.162657767559));
#12216=CARTESIAN_POINT('',(-97.2742553388704,561.247822874924,111.684263646232));
#12217=CARTESIAN_POINT('Origin',(-97.2742553388704,567.572378195255,102.684263646228));
#12218=CARTESIAN_POINT('Ctrl Pts',(-99.2742553388707,567.572378195255,113.684263646231));
#12219=CARTESIAN_POINT('Ctrl Pts',(-99.0358456021472,567.013257802043,113.684263646231));
#12220=CARTESIAN_POINT('Ctrl Pts',(-98.7742540217453,566.40084650668,113.63907532171));
#12221=CARTESIAN_POINT('Ctrl Pts',(-98.2789682477077,565.183597199842,113.439453665637));
#12222=CARTESIAN_POINT('Ctrl Pts',(-98.0463315196143,564.578370743946,113.284766951721));
#12223=CARTESIAN_POINT('Ctrl Pts',(-97.7057411686527,563.576900387932,112.944176600759));
#12224=CARTESIAN_POINT('Ctrl Pts',(-97.5559445417744,563.084759984541,112.74158894119));
#12225=CARTESIAN_POINT('Ctrl Pts',(-97.3395597685305,562.126244528244,112.256522494384));
#12226=CARTESIAN_POINT('Ctrl Pts',(-97.2742553388704,561.659739370299,111.97372905316));
#12227=CARTESIAN_POINT('Ctrl Pts',(-97.2742553388704,561.247822874924,111.684263646231));
#12228=CARTESIAN_POINT('',(-73.7742553388706,558.033657219604,108.162657767562));
#12229=CARTESIAN_POINT('Origin',(-83.2631123009045,567.572378195256,102.684263646229));
#12230=CARTESIAN_POINT('',(-72.2742553388709,560.104404777705,110.760733978915));
#12231=CARTESIAN_POINT('Ctrl Pts',(-72.2742553388709,560.104404777705,110.760733978915));
#12232=CARTESIAN_POINT('Ctrl Pts',(-72.2742553388709,559.960388314819,110.627567995234));
#12233=CARTESIAN_POINT('Ctrl Pts',(-72.2832260445875,559.81728330692,110.487971173611));
#12234=CARTESIAN_POINT('Ctrl Pts',(-72.3433300863987,559.399719140124,110.057768740892));
#12235=CARTESIAN_POINT('Ctrl Pts',(-72.4306123666732,559.141303043247,109.758051603876));
#12236=CARTESIAN_POINT('Ctrl Pts',(-72.6925732881323,558.703232912904,109.201005682878));
#12237=CARTESIAN_POINT('Ctrl Pts',(-72.9176198360057,558.472819394471,108.871620123997));
#12238=CARTESIAN_POINT('Ctrl Pts',(-73.3378076948439,558.206599332894,108.456826172829));
#12239=CARTESIAN_POINT('Ctrl Pts',(-73.5434261347243,558.110198064943,108.295927070713));
#12240=CARTESIAN_POINT('Ctrl Pts',(-73.7742553388705,558.033657219604,108.162657767562));
#12241=CARTESIAN_POINT('',(-72.2742553388714,561.247822874922,111.684263646231));
#12242=CARTESIAN_POINT('Origin',(-72.2742553388709,567.572378195256,102.68426364623));
#12243=CARTESIAN_POINT('Ctrl Pts',(-72.274255338871,561.247822874922,111.684263646231));
#12244=CARTESIAN_POINT('Ctrl Pts',(-72.274255338871,561.659739370297,111.97372905316));
#12245=CARTESIAN_POINT('Ctrl Pts',(-72.339559768531,562.126244528241,112.256522494384));
#12246=CARTESIAN_POINT('Ctrl Pts',(-72.5559445417748,563.084759984536,112.741588941189));
#12247=CARTESIAN_POINT('Ctrl Pts',(-72.7057411686531,563.576900387926,112.944176600759));
#12248=CARTESIAN_POINT('Ctrl Pts',(-73.0463315196159,564.578370743941,113.284766951721));
#12249=CARTESIAN_POINT('Ctrl Pts',(-73.2789682477104,565.183597199838,113.439453665638));
#12250=CARTESIAN_POINT('Ctrl Pts',(-73.7742540217547,566.400846506677,113.639075321711));
#12251=CARTESIAN_POINT('Ctrl Pts',(-74.0358456021472,567.013257802046,113.68426364623));
#12252=CARTESIAN_POINT('Ctrl Pts',(-74.2742553388713,567.572378195259,113.684263646229));
#12253=CARTESIAN_POINT('',(-56.7742553388702,556.606015915591,103.543855614046));
#12254=CARTESIAN_POINT('Ctrl Pts',(-56.7742553388701,556.606015915591,103.543855614046));
#12255=CARTESIAN_POINT('Ctrl Pts',(-56.8868918747277,556.600918519077,103.478824879748));
#12256=CARTESIAN_POINT('Ctrl Pts',(-57.0044641443667,556.596947248524,103.420765883771));
#12257=CARTESIAN_POINT('Ctrl Pts',(-57.4949514324267,556.584233288241,103.21741368408));
#12258=CARTESIAN_POINT('Ctrl Pts',(-57.8971384718743,556.581903235648,103.141931825399));
#12259=CARTESIAN_POINT('Ctrl Pts',(-58.2742553388702,556.581903235648,103.141931825399));
#12260=CARTESIAN_POINT('Ctrl Pts',(-58.650710350022,556.581903235648,103.141931825399));
#12261=CARTESIAN_POINT('Ctrl Pts',(-59.0522370188928,556.584227444968,103.217150937246));
#12262=CARTESIAN_POINT('Ctrl Pts',(-59.5428676421818,556.59690742659,103.420184116808));
#12263=CARTESIAN_POINT('Ctrl Pts',(-59.6610579032058,556.600893135406,103.478501044093));
#12264=CARTESIAN_POINT('Ctrl Pts',(-59.7742553388705,556.606015915591,103.543855614046));
#12265=CARTESIAN_POINT('',(-50.2742553388705,557.586084848205,107.296632363779));
#12266=CARTESIAN_POINT('Origin',(-58.2631123009045,567.572378195257,102.684263646231));
#12267=CARTESIAN_POINT('',(-48.7742553388713,559.265183486616,109.894708575132));
#12268=CARTESIAN_POINT('Ctrl Pts',(-50.2742553388704,557.586084848205,107.296632363779));
#12269=CARTESIAN_POINT('Ctrl Pts',(-50.0653388222871,557.641794680004,107.417250370866));
#12270=CARTESIAN_POINT('Ctrl Pts',(-49.8764509742307,557.710868927167,107.560726866692));
#12271=CARTESIAN_POINT('Ctrl Pts',(-49.4000703586517,557.941941701684,108.010287330369));
#12272=CARTESIAN_POINT('Ctrl Pts',(-49.150462675029,558.151764642251,108.382084343661));
#12273=CARTESIAN_POINT('Ctrl Pts',(-48.8383059301226,558.662306816425,109.151392185426));
#12274=CARTESIAN_POINT('Ctrl Pts',(-48.7742553388708,558.963962837957,109.547670548582));
#12275=CARTESIAN_POINT('Ctrl Pts',(-48.7742553388708,559.265183486616,109.894708575132));
#12276=CARTESIAN_POINT('',(-48.7742553388714,561.247822874923,111.684263646233));
#12277=CARTESIAN_POINT('Origin',(-48.7742553388709,567.572378195257,102.684263646231));
#12278=CARTESIAN_POINT('Ctrl Pts',(-48.7742553388709,561.247822874924,111.684263646233));
#12279=CARTESIAN_POINT('Ctrl Pts',(-48.7742553388709,561.659739370299,111.973729053162));
#12280=CARTESIAN_POINT('Ctrl Pts',(-48.8395597685309,562.126244528243,112.256522494386));
#12281=CARTESIAN_POINT('Ctrl Pts',(-49.0559445417748,563.084759984538,112.741588941191));
#12282=CARTESIAN_POINT('Ctrl Pts',(-49.205741168653,563.576900387928,112.944176600761));
#12283=CARTESIAN_POINT('Ctrl Pts',(-49.5463315196157,564.578370743943,113.284766951723));
#12284=CARTESIAN_POINT('Ctrl Pts',(-49.7789682477102,565.18359719984,113.43945366564));
#12285=CARTESIAN_POINT('Ctrl Pts',(-50.274254021754,566.400846506679,113.639075321713));
#12286=CARTESIAN_POINT('Ctrl Pts',(-50.5358456021472,567.013257802047,113.684263646231));
#12287=CARTESIAN_POINT('Ctrl Pts',(-50.7742553388712,567.57237819526,113.684263646231));
#12288=CARTESIAN_POINT('Origin',(-46.7742553388704,567.572378195257,102.684263646231));
#12289=CARTESIAN_POINT('Origin',(-45.7742553388673,569.572378239955,57.6841497920502));
#12290=CARTESIAN_POINT('',(-126.473545035158,556.572378195255,57.6841497920443));
#12291=CARTESIAN_POINT('',(-126.473545035158,556.572378195255,57.6841497920443));
#12292=CARTESIAN_POINT('',(-115.074965642576,556.572378195255,57.6841497920451));
#12293=CARTESIAN_POINT('',(-129.873900187013,556.572378195255,57.684149792044));
#12294=CARTESIAN_POINT('',(-115.074965642576,556.572378195255,57.6841497920451));
#12295=CARTESIAN_POINT('',(-101.473545035158,556.572378195255,57.6841497920461));
#12296=CARTESIAN_POINT('',(-101.473545035159,569.572378239953,57.6841497920461));
#12297=CARTESIAN_POINT('',(-90.0749656425758,556.572378195256,57.6841497920469));
#12298=CARTESIAN_POINT('',(-46.774255338867,556.572378195257,57.6841497920501));
#12299=CARTESIAN_POINT('',(-90.0749656425761,569.572378239954,57.6841497920469));
#12300=CARTESIAN_POINT('',(-76.4735450351581,556.572378195256,57.6841497920479));
#12301=CARTESIAN_POINT('',(-76.4735450351585,569.572378239954,57.6841497920479));
#12302=CARTESIAN_POINT('',(-65.0749656425757,556.572378195256,57.6841497920488));
#12303=CARTESIAN_POINT('',(-46.7742553388669,556.572378195257,57.6841497920501));
#12304=CARTESIAN_POINT('',(-65.0749656425761,569.572378239954,57.6841497920488));
#12305=CARTESIAN_POINT('',(-46.7742553388672,569.572378239955,57.6841497920501));
#12306=CARTESIAN_POINT('',(-46.7742553388672,569.572378239955,57.6841497920501));
#12307=CARTESIAN_POINT('',(-118.873795904236,569.572378239953,57.6841497920415));
#12308=CARTESIAN_POINT('Origin',(-86.2740467733149,569.572378239954,85.6842549608014));
#12309=CARTESIAN_POINT('Origin',(-46.7742553388672,569.572378239955,56.6841497920501));
#12310=CARTESIAN_POINT('',(-47.7742553388669,569.572378239955,52.6841497920501));
#12311=CARTESIAN_POINT('Origin',(-47.774255338867,569.572378239955,54.68414979205));
#12312=CARTESIAN_POINT('',(-145.274255338867,569.572378239952,52.6841497920415));
#12313=CARTESIAN_POINT('',(-144.949150592376,569.572378239952,52.6841497920415));
#12314=CARTESIAN_POINT('Origin',(-145.274255338867,569.572378239951,54.6841497920429));
#12315=CARTESIAN_POINT('Origin',(-156.774255338869,549.572378239949,83.9139464615912));
#12316=CARTESIAN_POINT('',(-156.774255338868,549.572378239952,83.9139464615909));
#12317=CARTESIAN_POINT('Origin',(-145.274255338872,559.572378239954,116.68426364623));
#12318=CARTESIAN_POINT('',(-147.274255338871,569.572378239952,116.68426364623));
#12319=CARTESIAN_POINT('Origin',(-145.274255338872,569.572378239951,116.68426364623));
#12320=CARTESIAN_POINT('',(-147.274255338872,559.572378239954,116.68426364623));
#12321=CARTESIAN_POINT('Origin',(-99.2742553388701,549.572378239954,111.684263646231));
#12322=CARTESIAN_POINT('',(-97.2742553388701,549.572378239954,111.684263646232));
#12323=CARTESIAN_POINT('Origin',(-97.2742553388701,549.572378239954,110.760733978912));
#12324=CARTESIAN_POINT('',(-97.2742553388701,549.572378239954,110.760733978912));
#12325=CARTESIAN_POINT('Origin',(-100.27425533887,549.572378239954,110.760733978912));
#12326=CARTESIAN_POINT('',(-98.77425533887,549.572378239954,108.162657767559));
#12327=CARTESIAN_POINT('Origin',(-153.774255338869,549.572378239952,98.3477031913318));
#12328=CARTESIAN_POINT('',(-156.77425533887,549.572378239952,103.543855614038));
#12329=CARTESIAN_POINT('',(-159.77425533887,549.572378239952,98.3477031913314));
#12330=CARTESIAN_POINT('Origin',(-153.774255338869,549.572378239952,89.1100988842978));
#12331=CARTESIAN_POINT('',(-159.774255338869,549.572378239952,89.1100988842974));
#12332=CARTESIAN_POINT('Origin',(-86.2740467733149,569.572378239954,85.6842549608014));
#12333=CARTESIAN_POINT('',(-147.27425533887,569.572378239952,98.6842593035126));
#12334=CARTESIAN_POINT('Origin',(-46.7742553388714,569.572378239962,114.684263646231));
#12335=CARTESIAN_POINT('Origin',(-159.77425533887,549.572378239954,103.543855614038));
#12336=CARTESIAN_POINT('Origin',(-145.274255338867,559.572378239949,54.6841497920429));
#12337=CARTESIAN_POINT('',(-145.274255338867,564.28497026692,52.6841497920429));
#12338=CARTESIAN_POINT('Origin',(-145.274255338867,561.428674253436,54.6841497920429));
#12339=CARTESIAN_POINT('',(-145.274255338867,559.572378239949,52.6841497920429));
#12340=CARTESIAN_POINT('Origin',(-45.7742553388668,564.284970266923,52.6841497920501));
#12341=CARTESIAN_POINT('',(-47.7742553388667,564.284970266923,52.6841497920501));
#12342=CARTESIAN_POINT('',(-45.7742553388667,564.284970266923,52.6841497920502));
#12343=CARTESIAN_POINT('Origin',(-47.7742553388669,561.428674253439,54.68414979205));
#12344=CARTESIAN_POINT('Origin',(-122.274255338867,556.572378195255,62.2633113669828));
#12345=CARTESIAN_POINT('',(-122.274255338867,556.572378195255,62.2633113669828));
#12346=CARTESIAN_POINT('',(-122.274255338867,556.572378195255,62.2633113669828));
#12347=CARTESIAN_POINT('',(-126.973545035158,556.572378195255,59.5501751958287));
#12348=CARTESIAN_POINT('',(-126.851454593939,556.572378195255,59.6206641449323));
#12349=CARTESIAN_POINT('',(-126.973545035158,556.572378195255,59.5501751958287));
#12350=CARTESIAN_POINT('Origin',(-148.77425533887,549.572378239956,108.162657767556));
#12351=CARTESIAN_POINT('',(-148.77425533887,549.572378239956,108.162657767556));
#12352=CARTESIAN_POINT('Origin',(-150.274255338871,549.572378239957,110.760733978909));
#12353=CARTESIAN_POINT('',(-147.274255338871,549.572378239957,110.760733978909));
#12354=CARTESIAN_POINT('Origin',(-147.274255338871,549.572378239957,111.684263646229));
#12355=CARTESIAN_POINT('Origin',(-123.77425533887,549.572378239957,108.162657767558));
#12356=CARTESIAN_POINT('',(-123.77425533887,549.572378239957,108.162657767558));
#12357=CARTESIAN_POINT('Origin',(-125.274255338871,549.572378239958,110.760733978911));
#12358=CARTESIAN_POINT('',(-122.274255338871,549.572378239958,110.760733978911));
#12359=CARTESIAN_POINT('Origin',(-122.274255338871,549.572378239958,111.68426364623));
#12360=CARTESIAN_POINT('',(-122.274255338871,549.572378239958,111.68426364623));
#12361=CARTESIAN_POINT('Origin',(-124.274255338871,549.572378239958,111.68426364623));
#12362=CARTESIAN_POINT('Origin',(-100.473836352904,549.572378239958,107.181404211597));
#12363=CARTESIAN_POINT('Origin',(-115.074965642576,556.572378195255,58.6841497920451));
#12364=CARTESIAN_POINT('',(-114.574965642576,556.572378195255,59.5501751958296));
#12365=CARTESIAN_POINT('Origin',(-115.074965642576,556.572378195255,58.6841497920451));
#12366=CARTESIAN_POINT('',(-114.574965642576,556.572378195255,59.5501751958296));
#12367=CARTESIAN_POINT('Origin',(-126.473545035158,556.572378195254,58.6841497920443));
#12368=CARTESIAN_POINT('Origin',(-126.473545035158,556.572378195254,58.6841497920443));
#12369=CARTESIAN_POINT('Origin',(-114.574965642576,556.572378195255,59.5501751958296));
#12370=CARTESIAN_POINT('',(-119.274255338867,556.572378195255,62.263311366983));
#12371=CARTESIAN_POINT('',(-121.72241123565,556.572378195255,63.6767548330084));
#12372=CARTESIAN_POINT('',(-119.274255338867,556.572378195255,62.263311366983));
#12373=CARTESIAN_POINT('Origin',(-120.774255338867,556.572378195255,59.6652351556296));
#12374=CARTESIAN_POINT('Origin',(-120.774255338867,556.572378195255,59.6652351556296));
#12375=CARTESIAN_POINT('Origin',(-133.274255338867,556.572378195255,60.1746924738362));
#12376=CARTESIAN_POINT('Origin',(-45.774255338867,569.572378239955,52.6841497920502));
#12377=CARTESIAN_POINT('',(-47.7742553388669,569.572378239955,52.6841497920501));
#12378=CARTESIAN_POINT('Origin',(-47.774255338867,569.572378239955,54.68414979205));
#12379=CARTESIAN_POINT('Origin',(-46.7742553388714,571.072378336815,114.68426364623));
#12380=CARTESIAN_POINT('Origin',(-46.7742553388713,567.572378195261,114.684263646231));
#12381=CARTESIAN_POINT('Origin',(-46.7742553388704,567.572378195257,102.684263646231));
#12382=CARTESIAN_POINT('Origin',(-46.7742553388701,555.572378195257,102.684263646231));
#12383=CARTESIAN_POINT('Origin',(-46.7742553388707,555.572378195257,110.684263646234));
#12384=CARTESIAN_POINT('Origin',(-46.7742553388677,555.572378195257,68.6841497920502));
#12385=CARTESIAN_POINT('Origin',(-46.7742553388679,567.572378195257,68.6841497920501));
#12386=CARTESIAN_POINT('Origin',(-46.7742553388671,567.572378195257,56.6841497920501));
#12387=CARTESIAN_POINT('Origin',(-46.7742553388672,569.572378239955,56.6841497920501));
#12388=CARTESIAN_POINT('Origin',(-48.7742553388674,549.572378239955,66.5934383859103));
#12389=CARTESIAN_POINT('',(-48.7742553388682,549.572378239955,77.5630935005132));
#12390=CARTESIAN_POINT('',(-48.7742553388674,549.572378239955,66.5934383859103));
#12391=CARTESIAN_POINT('Origin',(-52.7826028651237,549.572378239955,62.5471670550513));
#12392=CARTESIAN_POINT('',(-50.2742553388672,549.572378239955,63.9953621745569));
#12393=CARTESIAN_POINT('',(-56.7742553388669,549.572378239954,60.2425854248239));
#12394=CARTESIAN_POINT('Origin',(-51.7742553388674,549.572378239955,66.5934383859101));
#12395=CARTESIAN_POINT('Origin',(-51.7742553388706,549.572378239955,109.894708575132));
#12396=CARTESIAN_POINT('',(-48.7742553388706,549.572378239955,109.894708575132));
#12397=CARTESIAN_POINT('',(-50.2742553388704,549.572378239955,107.296632363779));
#12398=CARTESIAN_POINT('Origin',(-56.7742553388701,549.572378239954,103.543855614046));
#12399=CARTESIAN_POINT('',(-56.7742553388701,549.572378239954,103.543855614046));
#12400=CARTESIAN_POINT('Origin',(-50.7742553388709,561.072378336815,111.684263646233));
#12401=CARTESIAN_POINT('',(-48.774255338871,561.072378336815,111.684263646233));
#12402=CARTESIAN_POINT('Origin',(-48.7742553388705,549.572378239955,108.162657767563));
#12403=CARTESIAN_POINT('Origin',(-53.774255338869,549.572378239955,89.1100988843054));
#12404=CARTESIAN_POINT('',(-55.2742553388688,549.572378239954,86.512022672952));
#12405=CARTESIAN_POINT('',(-56.7742553388689,549.572378239954,89.1100988843052));
#12406=CARTESIAN_POINT('Origin',(-49.7742553388687,549.572378239955,84.4912967307887));
#12407=CARTESIAN_POINT('',(-50.2742553388686,549.572378239955,83.6252713270042));
#12408=CARTESIAN_POINT('Origin',(-55.2742553388688,549.572378239954,86.512022672952));
#12409=CARTESIAN_POINT('Origin',(-50.2742553388684,549.572378239955,80.1611697118665));
#12410=CARTESIAN_POINT('',(-50.2742553388684,549.572378239955,80.1611697118665));
#12411=CARTESIAN_POINT('Origin',(-51.7742553388682,549.572378239955,77.563093500513));
#12412=CARTESIAN_POINT('Origin',(-56.7742553388689,559.572378239955,86.1842067191437));
#12413=CARTESIAN_POINT('Origin',(-70.7742553388674,569.572378239954,59.6652351556332));
#12414=CARTESIAN_POINT('',(-69.2742553388672,556.572378195256,62.2633113669867));
#12415=CARTESIAN_POINT('',(-69.2742553388676,569.572378239954,62.2633113669867));
#12416=CARTESIAN_POINT('',(-72.2742553388672,556.572378195256,62.2633113669865));
#12417=CARTESIAN_POINT('Origin',(-70.774255338867,556.572378195256,59.6652351556332));
#12418=CARTESIAN_POINT('',(-72.2742553388676,569.572378239954,62.2633113669865));
#12419=CARTESIAN_POINT('Origin',(-76.4735450351585,569.572378239954,58.6841497920479));
#12420=CARTESIAN_POINT('',(-76.9735450351583,556.572378195256,59.5501751958323));
#12421=CARTESIAN_POINT('Origin',(-76.4735450351582,556.572378195256,58.6841497920479));
#12422=CARTESIAN_POINT('',(-76.9735450351586,569.572378239954,59.5501751958323));
#12423=CARTESIAN_POINT('Origin',(-80.2055958427273,569.572378239954,57.6841497920477));
#12424=CARTESIAN_POINT('',(-80.2742553388669,556.572378195256,57.6445092134689));
#12425=CARTESIAN_POINT('Origin',(-96.0240458508909,556.572378195255,78.4371450938984));
#12426=CARTESIAN_POINT('',(-64.5749656425758,556.572378195256,59.5501751958333));
#12427=CARTESIAN_POINT('',(-69.2742553388672,556.572378195256,62.2633113669867));
#12428=CARTESIAN_POINT('Origin',(-65.0749656425758,556.572378195256,58.6841497920488));
#12429=CARTESIAN_POINT('Origin',(-75.2742553388707,549.572378239954,110.760733978915));
#12430=CARTESIAN_POINT('',(-72.2742553388706,549.572378239954,110.760733978915));
#12431=CARTESIAN_POINT('',(-73.7742553388705,549.572378239954,108.162657767562));
#12432=CARTESIAN_POINT('Origin',(-81.7742553388701,549.572378239954,103.543855614044));
#12433=CARTESIAN_POINT('Origin',(-74.274255338871,561.072378336814,111.684263646231));
#12434=CARTESIAN_POINT('',(-72.274255338871,561.072378336814,111.684263646231));
#12435=CARTESIAN_POINT('Origin',(-72.2742553388706,549.572378239954,110.760733978915));
#12436=CARTESIAN_POINT('Origin',(-58.2742553388703,549.572378239954,106.141931825399));
#12437=CARTESIAN_POINT('Origin',(-58.2742553388671,549.572378239954,62.8406616361771));
#12438=CARTESIAN_POINT('Origin',(-69.2742553388676,569.572378239954,62.2633113669867));
#12439=CARTESIAN_POINT('',(-64.5749656425762,569.572378239954,59.5501751958333));
#12440=CARTESIAN_POINT('Origin',(-65.0749656425761,569.572378239954,58.6841497920488));
#12441=CARTESIAN_POINT('Origin',(-58.2742553388715,559.572378239955,118.684263646236));
#12442=CARTESIAN_POINT('',(-56.6742553388715,559.572378239955,118.684263646236));
#12443=CARTESIAN_POINT('Origin',(-133.274255338872,559.572378239951,118.684263646231));
#12444=CARTESIAN_POINT('',(-131.674255338872,559.572378239951,118.684263646231));
#12445=CARTESIAN_POINT('Origin',(-96.0240458508899,554.072378239953,63.6841497920463));
#12446=CARTESIAN_POINT('',(-98.1242553388674,554.072378239953,63.6841497920461));
#12447=CARTESIAN_POINT('Origin',(-95.7742553388674,554.072378239953,63.6841497920463));
#12448=CARTESIAN_POINT('Origin',(-95.7742553388669,554.072378239953,56.6841497920463));
#12449=CARTESIAN_POINT('',(-98.1242553388669,554.072378239953,56.6841497920461));
#12450=CARTESIAN_POINT('Origin',(-105.205595842727,569.572378239953,57.6841497920458));
#12451=CARTESIAN_POINT('',(-101.973545035158,556.572378195255,59.5501751958305));
#12452=CARTESIAN_POINT('',(-101.973545035159,569.572378239953,59.5501751958305));
#12453=CARTESIAN_POINT('',(-97.2742553388673,556.572378195255,62.2633113669846));
#12454=CARTESIAN_POINT('',(-97.2742553388676,569.572378239953,62.2633113669847));
#12455=CARTESIAN_POINT('',(-102.100109054126,556.572378195255,59.4771034254097));
#12456=CARTESIAN_POINT('Origin',(-95.7742553388675,569.572378239954,59.6652351556314));
#12457=CARTESIAN_POINT('',(-94.2742553388673,556.572378195256,62.2633113669849));
#12458=CARTESIAN_POINT('',(-94.2742553388676,569.572378239954,62.2633113669849));
#12459=CARTESIAN_POINT('Origin',(-95.7742553388671,556.572378195256,59.6652351556314));
#12460=CARTESIAN_POINT('Origin',(-94.2742553388676,569.572378239954,62.2633113669849));
#12461=CARTESIAN_POINT('',(-89.5749656425759,556.572378195256,59.5501751958314));
#12462=CARTESIAN_POINT('',(-89.5749656425762,569.572378239954,59.5501751958314));
#12463=CARTESIAN_POINT('',(-94.2742553388673,556.572378195256,62.2633113669849));
#12464=CARTESIAN_POINT('Origin',(-96.024045850891,556.572378195255,78.4371450938984));
#12465=CARTESIAN_POINT('Origin',(-90.0749656425758,556.572378195256,58.6841497920469));
#12466=CARTESIAN_POINT('Origin',(-101.473545035158,556.572378195255,58.6841497920461));
#12467=CARTESIAN_POINT('Origin',(-101.473545035159,569.572378239953,58.6841497920461));
#12468=CARTESIAN_POINT('Origin',(-90.0749656425761,569.572378239954,58.6841497920469));
#12469=CARTESIAN_POINT('',(0.,0.,0.));
#12470=CARTESIAN_POINT('Origin',(11.5195457799266,389.572378240025,70.5782659432133));
#12471=CARTESIAN_POINT('',(11.5195457799266,389.572378240025,70.5782659432133));
#12472=CARTESIAN_POINT('',(11.5195457799266,389.572378240025,73.5782659432133));
#12473=CARTESIAN_POINT('',(11.5195457799266,389.572378240025,70.5782659432133));
#12474=CARTESIAN_POINT('',(11.5195457799266,392.572378240025,73.5782659432133));
#12475=CARTESIAN_POINT('',(11.5195457799266,389.572378240025,73.5782659432133));
#12476=CARTESIAN_POINT('',(11.5195457799266,392.572378240025,70.5782659432133));
#12477=CARTESIAN_POINT('',(11.5195457799266,392.572378240025,70.5782659432133));
#12478=CARTESIAN_POINT('',(11.5195457799266,389.572378240025,70.5782659432133));
#12479=CARTESIAN_POINT('Origin',(8.92146956857325,389.572378240025,69.0782659432133));
#12480=CARTESIAN_POINT('',(8.92146956857325,389.572378240025,69.0782659432133));
#12481=CARTESIAN_POINT('',(8.92146956857325,389.572378240025,69.0782659432133));
#12482=CARTESIAN_POINT('',(8.92146956857325,392.572378240025,69.0782659432133));
#12483=CARTESIAN_POINT('',(8.92146956857325,392.572378240025,69.0782659432133));
#12484=CARTESIAN_POINT('',(8.92146956857325,389.572378240025,69.0782659432133));
#12485=CARTESIAN_POINT('Origin',(6.32339335721994,389.572378240025,70.5782659432133));
#12486=CARTESIAN_POINT('',(6.32339335721994,389.572378240025,70.5782659432133));
#12487=CARTESIAN_POINT('',(6.32339335721994,389.572378240025,70.5782659432133));
#12488=CARTESIAN_POINT('',(6.32339335721994,392.572378240025,70.5782659432133));
#12489=CARTESIAN_POINT('',(6.32339335721994,392.572378240025,70.5782659432133));
#12490=CARTESIAN_POINT('',(6.32339335721994,389.572378240025,70.5782659432133));
#12491=CARTESIAN_POINT('Origin',(6.32339335721995,389.572378240025,73.5782659432133));
#12492=CARTESIAN_POINT('',(6.32339335721995,389.572378240025,73.5782659432133));
#12493=CARTESIAN_POINT('',(6.32339335721995,389.572378240025,73.5782659432133));
#12494=CARTESIAN_POINT('',(6.32339335721995,392.572378240025,73.5782659432133));
#12495=CARTESIAN_POINT('',(6.32339335721995,392.572378240025,73.5782659432133));
#12496=CARTESIAN_POINT('',(6.32339335721995,389.572378240025,73.5782659432133));
#12497=CARTESIAN_POINT('Origin',(8.92146956857327,389.572378240025,75.0782659432133));
#12498=CARTESIAN_POINT('',(8.92146956857327,389.572378240025,75.0782659432133));
#12499=CARTESIAN_POINT('',(8.92146956857327,389.572378240025,75.0782659432133));
#12500=CARTESIAN_POINT('',(8.92146956857327,392.572378240025,75.0782659432133));
#12501=CARTESIAN_POINT('',(8.92146956857327,392.572378240025,75.0782659432133));
#12502=CARTESIAN_POINT('',(8.92146956857327,389.572378240025,75.0782659432133));
#12503=CARTESIAN_POINT('Origin',(11.5195457799266,389.572378240025,73.5782659432133));
#12504=CARTESIAN_POINT('',(11.5195457799266,389.572378240025,73.5782659432133));
#12505=CARTESIAN_POINT('',(11.5195457799266,392.572378240025,73.5782659432133));
#12506=CARTESIAN_POINT('Origin',(-0.872454220073431,389.572378240025,70.5782659432133));
#12507=CARTESIAN_POINT('',(-0.872454220073431,389.572378240025,70.5782659432133));
#12508=CARTESIAN_POINT('',(-0.872454220073422,389.572378240025,73.5782659432133));
#12509=CARTESIAN_POINT('',(-0.872454220073431,389.572378240025,70.5782659432133));
#12510=CARTESIAN_POINT('',(-0.872454220073422,392.572378240025,73.5782659432133));
#12511=CARTESIAN_POINT('',(-0.872454220073422,389.572378240025,73.5782659432133));
#12512=CARTESIAN_POINT('',(-0.872454220073431,392.572378240025,70.5782659432133));
#12513=CARTESIAN_POINT('',(-0.872454220073431,392.572378240025,70.5782659432133));
#12514=CARTESIAN_POINT('',(-0.872454220073431,389.572378240025,70.5782659432133));
#12515=CARTESIAN_POINT('Origin',(-3.47053043142675,389.572378240025,69.0782659432133));
#12516=CARTESIAN_POINT('',(-3.47053043142675,389.572378240025,69.0782659432133));
#12517=CARTESIAN_POINT('',(-3.47053043142675,389.572378240025,69.0782659432133));
#12518=CARTESIAN_POINT('',(-3.47053043142675,392.572378240025,69.0782659432133));
#12519=CARTESIAN_POINT('',(-3.47053043142675,392.572378240025,69.0782659432133));
#12520=CARTESIAN_POINT('',(-3.47053043142675,389.572378240025,69.0782659432133));
#12521=CARTESIAN_POINT('Origin',(-6.06860664278006,389.572378240025,70.5782659432133));
#12522=CARTESIAN_POINT('',(-6.06860664278006,389.572378240025,70.5782659432133));
#12523=CARTESIAN_POINT('',(-6.06860664278006,389.572378240025,70.5782659432133));
#12524=CARTESIAN_POINT('',(-6.06860664278006,392.572378240025,70.5782659432133));
#12525=CARTESIAN_POINT('',(-6.06860664278006,392.572378240025,70.5782659432133));
#12526=CARTESIAN_POINT('',(-6.06860664278006,389.572378240025,70.5782659432133));
#12527=CARTESIAN_POINT('Origin',(-6.06860664278005,389.572378240025,73.5782659432133));
#12528=CARTESIAN_POINT('',(-6.06860664278005,389.572378240025,73.5782659432133));
#12529=CARTESIAN_POINT('',(-6.06860664278005,389.572378240025,73.5782659432133));
#12530=CARTESIAN_POINT('',(-6.06860664278005,392.572378240025,73.5782659432133));
#12531=CARTESIAN_POINT('',(-6.06860664278005,392.572378240025,73.5782659432133));
#12532=CARTESIAN_POINT('',(-6.06860664278005,389.572378240025,73.5782659432133));
#12533=CARTESIAN_POINT('Origin',(-3.47053043142673,389.572378240025,75.0782659432133));
#12534=CARTESIAN_POINT('',(-3.47053043142673,389.572378240025,75.0782659432133));
#12535=CARTESIAN_POINT('',(-3.47053043142673,389.572378240025,75.0782659432133));
#12536=CARTESIAN_POINT('',(-3.47053043142673,392.572378240025,75.0782659432133));
#12537=CARTESIAN_POINT('',(-3.47053043142673,392.572378240025,75.0782659432133));
#12538=CARTESIAN_POINT('',(-3.47053043142673,389.572378240025,75.0782659432133));
#12539=CARTESIAN_POINT('Origin',(-0.872454220073422,389.572378240025,73.5782659432133));
#12540=CARTESIAN_POINT('',(-0.872454220073422,389.572378240025,73.5782659432133));
#12541=CARTESIAN_POINT('',(-0.872454220073422,392.572378240025,73.5782659432133));
#12542=CARTESIAN_POINT('Origin',(2.22562199128005,389.57237898125,75.944291346998));
#12543=CARTESIAN_POINT('',(2.22562199128005,389.57237898125,75.944291346998));
#12544=CARTESIAN_POINT('',(2.22562199128005,389.57237898125,78.944291346998));
#12545=CARTESIAN_POINT('',(2.22562199128005,389.57237898125,75.944291346998));
#12546=CARTESIAN_POINT('',(2.22562199128005,392.57237898125,78.944291346998));
#12547=CARTESIAN_POINT('',(2.22562199128005,389.57237898125,78.944291346998));
#12548=CARTESIAN_POINT('',(2.22562199128005,392.57237898125,75.944291346998));
#12549=CARTESIAN_POINT('',(2.22562199128005,392.57237898125,75.944291346998));
#12550=CARTESIAN_POINT('',(2.22562199128005,389.57237898125,75.944291346998));
#12551=CARTESIAN_POINT('Origin',(-0.372454220073255,389.57237898125,74.444291346998));
#12552=CARTESIAN_POINT('',(-0.372454220073255,389.57237898125,74.444291346998));
#12553=CARTESIAN_POINT('',(-0.372454220073255,389.57237898125,74.444291346998));
#12554=CARTESIAN_POINT('',(-0.372454220073255,392.57237898125,74.444291346998));
#12555=CARTESIAN_POINT('',(-0.372454220073255,392.57237898125,74.444291346998));
#12556=CARTESIAN_POINT('',(-0.372454220073255,389.57237898125,74.444291346998));
#12557=CARTESIAN_POINT('Origin',(-2.97053043142651,389.572378671429,75.9442913469981));
#12558=CARTESIAN_POINT('',(-2.97053043142651,389.572378671429,75.9442913469981));
#12559=CARTESIAN_POINT('',(-2.97053043142651,389.572378671429,75.9442913469981));
#12560=CARTESIAN_POINT('',(-2.97053043142651,392.572378671429,75.9442913469981));
#12561=CARTESIAN_POINT('',(-2.97053043142651,392.572378671429,75.9442913469981));
#12562=CARTESIAN_POINT('',(-2.97053043142651,389.572378671429,75.9442913469981));
#12563=CARTESIAN_POINT('Origin',(-2.97053043142659,389.57237898125,78.944291346998));
#12564=CARTESIAN_POINT('',(-2.97053043142659,389.57237898125,78.944291346998));
#12565=CARTESIAN_POINT('',(-2.97053043142659,389.57237898125,78.944291346998));
#12566=CARTESIAN_POINT('',(-2.97053043142659,392.57237898125,78.944291346998));
#12567=CARTESIAN_POINT('',(-2.97053043142659,392.57237898125,78.944291346998));
#12568=CARTESIAN_POINT('',(-2.97053043142659,389.57237898125,78.944291346998));
#12569=CARTESIAN_POINT('Origin',(-0.372454220073273,389.57237898125,80.444291346998));
#12570=CARTESIAN_POINT('',(-0.372454220073273,389.57237898125,80.444291346998));
#12571=CARTESIAN_POINT('',(-0.372454220073273,389.57237898125,80.444291346998));
#12572=CARTESIAN_POINT('',(-0.372454220073273,392.57237898125,80.444291346998));
#12573=CARTESIAN_POINT('',(-0.372454220073273,392.57237898125,80.444291346998));
#12574=CARTESIAN_POINT('',(-0.372454220073273,389.57237898125,80.444291346998));
#12575=CARTESIAN_POINT('Origin',(2.22562199128005,389.57237898125,78.944291346998));
#12576=CARTESIAN_POINT('',(2.22562199128005,389.57237898125,78.944291346998));
#12577=CARTESIAN_POINT('',(2.22562199128005,392.57237898125,78.944291346998));
#12578=CARTESIAN_POINT('Origin',(8.42162199128006,389.57237898125,65.212291346998));
#12579=CARTESIAN_POINT('',(8.42162199128006,389.57237898125,65.212291346998));
#12580=CARTESIAN_POINT('',(8.42162199128005,389.57237898125,68.212291346998));
#12581=CARTESIAN_POINT('',(8.42162199128006,389.57237898125,65.212291346998));
#12582=CARTESIAN_POINT('',(8.42162199128005,392.57237898125,68.212291346998));
#12583=CARTESIAN_POINT('',(8.42162199128005,389.57237898125,68.212291346998));
#12584=CARTESIAN_POINT('',(8.42162199128006,392.57237898125,65.212291346998));
#12585=CARTESIAN_POINT('',(8.42162199128006,392.57237898125,65.212291346998));
#12586=CARTESIAN_POINT('',(8.42162199128006,389.57237898125,65.212291346998));
#12587=CARTESIAN_POINT('Origin',(5.82354577992674,389.57237898125,63.712291346998));
#12588=CARTESIAN_POINT('',(5.82354577992674,389.57237898125,63.712291346998));
#12589=CARTESIAN_POINT('',(5.82354577992674,389.57237898125,63.712291346998));
#12590=CARTESIAN_POINT('',(5.82354577992674,392.57237898125,63.712291346998));
#12591=CARTESIAN_POINT('',(5.82354577992674,392.57237898125,63.712291346998));
#12592=CARTESIAN_POINT('',(5.82354577992674,389.57237898125,63.712291346998));
#12593=CARTESIAN_POINT('Origin',(3.2254695685735,389.572378671429,65.2122913469981));
#12594=CARTESIAN_POINT('',(3.2254695685735,389.572378671429,65.2122913469981));
#12595=CARTESIAN_POINT('',(3.2254695685735,389.572378671429,65.2122913469981));
#12596=CARTESIAN_POINT('',(3.2254695685735,392.572378671429,65.2122913469981));
#12597=CARTESIAN_POINT('',(3.2254695685735,392.572378671429,65.2122913469981));
#12598=CARTESIAN_POINT('',(3.2254695685735,389.572378671429,65.2122913469981));
#12599=CARTESIAN_POINT('Origin',(3.22546956857342,389.57237898125,68.212291346998));
#12600=CARTESIAN_POINT('',(3.22546956857342,389.57237898125,68.212291346998));
#12601=CARTESIAN_POINT('',(3.22546956857342,389.57237898125,68.212291346998));
#12602=CARTESIAN_POINT('',(3.22546956857342,392.57237898125,68.212291346998));
#12603=CARTESIAN_POINT('',(3.22546956857342,392.57237898125,68.212291346998));
#12604=CARTESIAN_POINT('',(3.22546956857342,389.57237898125,68.212291346998));
#12605=CARTESIAN_POINT('Origin',(5.82354577992673,389.57237898125,69.712291346998));
#12606=CARTESIAN_POINT('',(5.82354577992673,389.57237898125,69.712291346998));
#12607=CARTESIAN_POINT('',(5.82354577992673,389.57237898125,69.712291346998));
#12608=CARTESIAN_POINT('',(5.82354577992673,392.57237898125,69.712291346998));
#12609=CARTESIAN_POINT('',(5.82354577992673,392.57237898125,69.712291346998));
#12610=CARTESIAN_POINT('',(5.82354577992673,389.57237898125,69.712291346998));
#12611=CARTESIAN_POINT('Origin',(8.42162199128005,389.57237898125,68.212291346998));
#12612=CARTESIAN_POINT('',(8.42162199128005,389.57237898125,68.212291346998));
#12613=CARTESIAN_POINT('',(8.42162199128005,392.57237898125,68.212291346998));
#12614=CARTESIAN_POINT('Origin',(2.22562199128006,389.57237898125,65.212291346998));
#12615=CARTESIAN_POINT('',(2.22562199128006,389.57237898125,65.212291346998));
#12616=CARTESIAN_POINT('',(2.22562199128006,389.57237898125,68.212291346998));
#12617=CARTESIAN_POINT('',(2.22562199128006,389.57237898125,65.212291346998));
#12618=CARTESIAN_POINT('',(2.22562199128006,392.57237898125,68.212291346998));
#12619=CARTESIAN_POINT('',(2.22562199128006,389.57237898125,68.212291346998));
#12620=CARTESIAN_POINT('',(2.22562199128006,392.57237898125,65.212291346998));
#12621=CARTESIAN_POINT('',(2.22562199128006,392.57237898125,65.212291346998));
#12622=CARTESIAN_POINT('',(2.22562199128006,389.57237898125,65.212291346998));
#12623=CARTESIAN_POINT('Origin',(-0.372454220073264,389.57237898125,63.712291346998));
#12624=CARTESIAN_POINT('',(-0.372454220073264,389.57237898125,63.712291346998));
#12625=CARTESIAN_POINT('',(-0.372454220073264,389.57237898125,63.712291346998));
#12626=CARTESIAN_POINT('',(-0.372454220073264,392.57237898125,63.712291346998));
#12627=CARTESIAN_POINT('',(-0.372454220073264,392.57237898125,63.712291346998));
#12628=CARTESIAN_POINT('',(-0.372454220073264,389.57237898125,63.712291346998));
#12629=CARTESIAN_POINT('Origin',(-2.9705304314265,389.572378671429,65.2122913469981));
#12630=CARTESIAN_POINT('',(-2.9705304314265,389.572378671429,65.2122913469981));
#12631=CARTESIAN_POINT('',(-2.9705304314265,389.572378671429,65.2122913469981));
#12632=CARTESIAN_POINT('',(-2.9705304314265,392.572378671429,65.2122913469981));
#12633=CARTESIAN_POINT('',(-2.9705304314265,392.572378671429,65.2122913469981));
#12634=CARTESIAN_POINT('',(-2.9705304314265,389.572378671429,65.2122913469981));
#12635=CARTESIAN_POINT('Origin',(-2.97053043142658,389.57237898125,68.212291346998));
#12636=CARTESIAN_POINT('',(-2.97053043142658,389.57237898125,68.212291346998));
#12637=CARTESIAN_POINT('',(-2.97053043142658,389.57237898125,68.212291346998));
#12638=CARTESIAN_POINT('',(-2.97053043142658,392.57237898125,68.212291346998));
#12639=CARTESIAN_POINT('',(-2.97053043142658,392.57237898125,68.212291346998));
#12640=CARTESIAN_POINT('',(-2.97053043142658,389.57237898125,68.212291346998));
#12641=CARTESIAN_POINT('Origin',(-0.372454220073273,389.57237898125,69.712291346998));
#12642=CARTESIAN_POINT('',(-0.372454220073273,389.57237898125,69.712291346998));
#12643=CARTESIAN_POINT('',(-0.372454220073273,389.57237898125,69.712291346998));
#12644=CARTESIAN_POINT('',(-0.372454220073273,392.57237898125,69.712291346998));
#12645=CARTESIAN_POINT('',(-0.372454220073273,392.57237898125,69.712291346998));
#12646=CARTESIAN_POINT('',(-0.372454220073273,389.57237898125,69.712291346998));
#12647=CARTESIAN_POINT('Origin',(2.22562199128006,389.57237898125,68.212291346998));
#12648=CARTESIAN_POINT('',(2.22562199128006,389.57237898125,68.212291346998));
#12649=CARTESIAN_POINT('',(2.22562199128006,392.57237898125,68.212291346998));
#12650=CARTESIAN_POINT('Origin',(5.32354577992657,389.572378240025,70.5782659432133));
#12651=CARTESIAN_POINT('',(5.32354577992657,389.572378240025,70.5782659432133));
#12652=CARTESIAN_POINT('',(5.32354577992658,389.572378240025,73.5782659432133));
#12653=CARTESIAN_POINT('',(5.32354577992657,389.572378240025,70.5782659432133));
#12654=CARTESIAN_POINT('',(5.32354577992658,392.572378240025,73.5782659432133));
#12655=CARTESIAN_POINT('',(5.32354577992658,389.572378240025,73.5782659432133));
#12656=CARTESIAN_POINT('',(5.32354577992657,392.572378240025,70.5782659432133));
#12657=CARTESIAN_POINT('',(5.32354577992657,392.572378240025,70.5782659432133));
#12658=CARTESIAN_POINT('',(5.32354577992657,389.572378240025,70.5782659432133));
#12659=CARTESIAN_POINT('Origin',(2.72546956857325,389.572378240025,69.0782659432133));
#12660=CARTESIAN_POINT('',(2.72546956857325,389.572378240025,69.0782659432133));
#12661=CARTESIAN_POINT('',(2.72546956857325,389.572378240025,69.0782659432133));
#12662=CARTESIAN_POINT('',(2.72546956857325,392.572378240025,69.0782659432133));
#12663=CARTESIAN_POINT('',(2.72546956857325,392.572378240025,69.0782659432133));
#12664=CARTESIAN_POINT('',(2.72546956857325,389.572378240025,69.0782659432133));
#12665=CARTESIAN_POINT('Origin',(0.12739335721994,389.572378240025,70.5782659432133));
#12666=CARTESIAN_POINT('',(0.12739335721994,389.572378240025,70.5782659432133));
#12667=CARTESIAN_POINT('',(0.12739335721994,389.572378240025,70.5782659432133));
#12668=CARTESIAN_POINT('',(0.12739335721994,392.572378240025,70.5782659432133));
#12669=CARTESIAN_POINT('',(0.12739335721994,392.572378240025,70.5782659432133));
#12670=CARTESIAN_POINT('',(0.12739335721994,389.572378240025,70.5782659432133));
#12671=CARTESIAN_POINT('Origin',(0.127393357219949,389.572378240025,73.5782659432133));
#12672=CARTESIAN_POINT('',(0.127393357219949,389.572378240025,73.5782659432133));
#12673=CARTESIAN_POINT('',(0.127393357219949,389.572378240025,73.5782659432133));
#12674=CARTESIAN_POINT('',(0.127393357219949,392.572378240025,73.5782659432133));
#12675=CARTESIAN_POINT('',(0.127393357219949,392.572378240025,73.5782659432133));
#12676=CARTESIAN_POINT('',(0.127393357219949,389.572378240025,73.5782659432133));
#12677=CARTESIAN_POINT('Origin',(2.72546956857327,389.572378240025,75.0782659432133));
#12678=CARTESIAN_POINT('',(2.72546956857327,389.572378240025,75.0782659432133));
#12679=CARTESIAN_POINT('',(2.72546956857327,389.572378240025,75.0782659432133));
#12680=CARTESIAN_POINT('',(2.72546956857327,392.572378240025,75.0782659432133));
#12681=CARTESIAN_POINT('',(2.72546956857327,392.572378240025,75.0782659432133));
#12682=CARTESIAN_POINT('',(2.72546956857327,389.572378240025,75.0782659432133));
#12683=CARTESIAN_POINT('Origin',(5.32354577992658,389.572378240025,73.5782659432133));
#12684=CARTESIAN_POINT('',(5.32354577992658,389.572378240025,73.5782659432133));
#12685=CARTESIAN_POINT('',(5.32354577992658,392.572378240025,73.5782659432133));
#12686=CARTESIAN_POINT('Origin',(5.82354577992673,389.57237898125,80.444291346998));
#12687=CARTESIAN_POINT('',(5.82354577992673,389.57237898125,80.444291346998));
#12688=CARTESIAN_POINT('',(3.22546956857341,389.57237898125,78.944291346998));
#12689=CARTESIAN_POINT('',(5.82354577992673,389.57237898125,80.444291346998));
#12690=CARTESIAN_POINT('',(3.22546956857341,392.57237898125,78.944291346998));
#12691=CARTESIAN_POINT('',(3.22546956857341,389.57237898125,78.944291346998));
#12692=CARTESIAN_POINT('',(5.82354577992673,392.57237898125,80.444291346998));
#12693=CARTESIAN_POINT('',(5.82354577992673,392.57237898125,80.444291346998));
#12694=CARTESIAN_POINT('',(5.82354577992673,389.57237898125,80.444291346998));
#12695=CARTESIAN_POINT('Origin',(8.42162199128005,389.57237898125,78.944291346998));
#12696=CARTESIAN_POINT('',(8.42162199128005,389.57237898125,78.944291346998));
#12697=CARTESIAN_POINT('',(8.42162199128005,389.57237898125,78.944291346998));
#12698=CARTESIAN_POINT('',(8.42162199128005,392.57237898125,78.944291346998));
#12699=CARTESIAN_POINT('',(8.42162199128005,392.57237898125,78.944291346998));
#12700=CARTESIAN_POINT('',(8.42162199128005,389.57237898125,78.944291346998));
#12701=CARTESIAN_POINT('Origin',(8.42162199128005,389.57237898125,75.944291346998));
#12702=CARTESIAN_POINT('',(8.42162199128005,389.57237898125,75.944291346998));
#12703=CARTESIAN_POINT('',(8.42162199128005,389.57237898125,75.944291346998));
#12704=CARTESIAN_POINT('',(8.42162199128005,392.57237898125,75.944291346998));
#12705=CARTESIAN_POINT('',(8.42162199128005,392.57237898125,75.944291346998));
#12706=CARTESIAN_POINT('',(8.42162199128005,389.57237898125,75.944291346998));
#12707=CARTESIAN_POINT('Origin',(5.82354577992674,389.57237898125,74.444291346998));
#12708=CARTESIAN_POINT('',(5.82354577992674,389.57237898125,74.444291346998));
#12709=CARTESIAN_POINT('',(5.82354577992674,389.57237898125,74.444291346998));
#12710=CARTESIAN_POINT('',(5.82354577992674,392.57237898125,74.444291346998));
#12711=CARTESIAN_POINT('',(5.82354577992674,392.57237898125,74.444291346998));
#12712=CARTESIAN_POINT('',(5.82354577992674,389.57237898125,74.444291346998));
#12713=CARTESIAN_POINT('Origin',(3.22546956857343,389.57237898125,75.944291346998));
#12714=CARTESIAN_POINT('',(3.22546956857349,389.572378671429,75.9442913469981));
#12715=CARTESIAN_POINT('',(3.22546956857342,389.57237898125,75.944291346998));
#12716=CARTESIAN_POINT('',(3.22546956857349,392.572378671429,75.9442913469981));
#12717=CARTESIAN_POINT('',(3.22546956857342,392.57237898125,75.944291346998));
#12718=CARTESIAN_POINT('',(3.22546956857349,389.572378671429,75.9442913469981));
#12719=CARTESIAN_POINT('Origin',(3.22546956857341,389.57237898125,78.944291346998));
#12720=CARTESIAN_POINT('',(3.22546956857341,389.57237898125,78.944291346998));
#12721=CARTESIAN_POINT('',(3.22546956857341,392.57237898125,78.944291346998));
#12722=CARTESIAN_POINT('Origin',(2.72546956857327,389.572378240025,64.3462659432133));
#12723=CARTESIAN_POINT('',(2.72546956857327,389.572378240025,64.3462659432133));
#12724=CARTESIAN_POINT('',(0.127393357219949,389.572378240025,62.8462659432133));
#12725=CARTESIAN_POINT('',(2.72546956857327,389.572378240025,64.3462659432133));
#12726=CARTESIAN_POINT('',(0.127393357219949,392.572378240025,62.8462659432133));
#12727=CARTESIAN_POINT('',(0.127393357219949,389.572378240025,62.8462659432133));
#12728=CARTESIAN_POINT('',(2.72546956857327,392.572378240025,64.3462659432133));
#12729=CARTESIAN_POINT('',(2.72546956857327,392.572378240025,64.3462659432133));
#12730=CARTESIAN_POINT('',(2.72546956857327,389.572378240025,64.3462659432133));
#12731=CARTESIAN_POINT('Origin',(5.32354577992658,389.572378240025,62.8462659432133));
#12732=CARTESIAN_POINT('',(5.32354577992658,389.572378240025,62.8462659432133));
#12733=CARTESIAN_POINT('',(5.32354577992658,389.572378240025,62.8462659432133));
#12734=CARTESIAN_POINT('',(5.32354577992658,392.572378240025,62.8462659432133));
#12735=CARTESIAN_POINT('',(5.32354577992658,392.572378240025,62.8462659432133));
#12736=CARTESIAN_POINT('',(5.32354577992658,389.572378240025,62.8462659432133));
#12737=CARTESIAN_POINT('Origin',(5.32354577992657,389.572378240025,60.4146798056897));
#12738=CARTESIAN_POINT('',(5.32354577992657,389.572378240025,60.4146798056897));
#12739=CARTESIAN_POINT('',(5.32354577992657,389.572378240025,59.8462659432133));
#12740=CARTESIAN_POINT('',(5.32354577992657,392.572378240025,60.4146798056897));
#12741=CARTESIAN_POINT('',(5.32354577992657,392.572378240025,59.8462659432133));
#12742=CARTESIAN_POINT('',(5.32354577992657,389.572378240025,60.4146798056897));
#12743=CARTESIAN_POINT('Origin',(6.32339335721994,389.572378240025,60.9919420735887));
#12744=CARTESIAN_POINT('',(6.32339335721994,389.572378240025,60.9919420735887));
#12745=CARTESIAN_POINT('',(10.9254695685736,389.572378240025,63.6489520130451));
#12746=CARTESIAN_POINT('',(6.32339335721994,392.572378240025,60.9919420735887));
#12747=CARTESIAN_POINT('',(10.9254695685736,392.572378240025,63.6489520130451));
#12748=CARTESIAN_POINT('',(6.32339335721994,389.572378240025,60.9919420735887));
#12749=CARTESIAN_POINT('Origin',(6.32339335721994,389.572378240025,62.8462659432133));
#12750=CARTESIAN_POINT('',(6.32339335721994,389.572378240025,62.8462659432133));
#12751=CARTESIAN_POINT('',(6.32339335721994,389.572378240025,62.8462659432133));
#12752=CARTESIAN_POINT('',(6.32339335721994,392.572378240025,62.8462659432133));
#12753=CARTESIAN_POINT('',(6.32339335721994,392.572378240025,62.8462659432133));
#12754=CARTESIAN_POINT('',(6.32339335721994,389.572378240025,62.8462659432133));
#12755=CARTESIAN_POINT('Origin',(8.92146956857326,389.572378240025,64.3462659432133));
#12756=CARTESIAN_POINT('',(8.92146956857326,389.572378240025,64.3462659432133));
#12757=CARTESIAN_POINT('',(8.92146956857326,389.572378240025,64.3462659432133));
#12758=CARTESIAN_POINT('',(8.92146956857326,392.572378240025,64.3462659432133));
#12759=CARTESIAN_POINT('',(8.92146956857326,392.572378240025,64.3462659432133));
#12760=CARTESIAN_POINT('',(8.92146956857326,389.572378240025,64.3462659432133));
#12761=CARTESIAN_POINT('Origin',(10.5273611465118,389.572378240025,63.4191040084011));
#12762=CARTESIAN_POINT('',(10.5273611465118,389.572378240025,63.4191040084011));
#12763=CARTESIAN_POINT('',(11.5195457799266,389.572378240025,62.8462659432133));
#12764=CARTESIAN_POINT('',(10.5273611465118,392.572378240025,63.4191040084011));
#12765=CARTESIAN_POINT('',(11.5195457799266,392.572378240025,62.8462659432133));
#12766=CARTESIAN_POINT('',(10.5273611465118,389.572378240025,63.4191040084011));
#12767=CARTESIAN_POINT('Origin',(10.9254695685736,389.572378240025,63.6489520130451));
#12768=CARTESIAN_POINT('',(10.9254695685736,389.572378240025,63.6489520130451));
#12769=CARTESIAN_POINT('',(10.9254695685736,389.572378240025,63.6489520130451));
#12770=CARTESIAN_POINT('',(10.9254695685736,392.572378240025,63.6489520130451));
#12771=CARTESIAN_POINT('',(10.9254695685736,392.572378240025,63.6489520130451));
#12772=CARTESIAN_POINT('',(10.9254695685736,389.572378240025,63.6489520130451));
#12773=CARTESIAN_POINT('Origin',(9.22546956857348,389.572378240025,66.5934383859122));
#12774=CARTESIAN_POINT('',(11.4631012781388,389.572378914894,64.0335547298944));
#12775=CARTESIAN_POINT('Origin',(9.22546956857348,389.572378240025,66.5934383859122));
#12776=CARTESIAN_POINT('',(11.4631012781388,392.572378914894,64.0335547298944));
#12777=CARTESIAN_POINT('Origin',(9.22546956857348,392.572378240025,66.5934383859122));
#12778=CARTESIAN_POINT('',(11.4631012781388,389.572378914894,64.0335547298944));
#12779=CARTESIAN_POINT('Origin',(9.4214695685735,389.572378671429,65.2122913469981));
#12780=CARTESIAN_POINT('',(9.4214695685735,389.572378671429,65.2122913469981));
#12781=CARTESIAN_POINT('',(9.4214695685735,389.572378671429,65.2122913469981));
#12782=CARTESIAN_POINT('',(9.4214695685735,392.572378671429,65.2122913469981));
#12783=CARTESIAN_POINT('',(9.4214695685735,392.572378671429,65.2122913469981));
#12784=CARTESIAN_POINT('',(9.4214695685735,389.572378671429,65.2122913469981));
#12785=CARTESIAN_POINT('Origin',(9.42146956857342,389.57237898125,68.212291346998));
#12786=CARTESIAN_POINT('',(9.42146956857342,389.57237898125,68.212291346998));
#12787=CARTESIAN_POINT('',(9.42146956857342,389.57237898125,68.212291346998));
#12788=CARTESIAN_POINT('',(9.42146956857342,392.57237898125,68.212291346998));
#12789=CARTESIAN_POINT('',(9.42146956857342,392.57237898125,68.212291346998));
#12790=CARTESIAN_POINT('',(9.42146956857342,389.57237898125,68.212291346998));
#12791=CARTESIAN_POINT('Origin',(12.0195457799267,389.57237898125,69.712291346998));
#12792=CARTESIAN_POINT('',(12.0195457799267,389.57237898125,69.712291346998));
#12793=CARTESIAN_POINT('',(12.0195457799267,389.57237898125,69.712291346998));
#12794=CARTESIAN_POINT('',(12.0195457799267,392.57237898125,69.712291346998));
#12795=CARTESIAN_POINT('',(12.0195457799267,392.57237898125,69.712291346998));
#12796=CARTESIAN_POINT('',(12.0195457799267,389.57237898125,69.712291346998));
#12797=CARTESIAN_POINT('Origin',(12.6254695685734,389.57237898125,69.3624610845145));
#12798=CARTESIAN_POINT('',(12.6254695685734,389.57237898125,69.3624610845145));
#12799=CARTESIAN_POINT('',(14.61762199128,389.57237898125,68.212291346998));
#12800=CARTESIAN_POINT('',(12.6254695685734,392.57237898125,69.3624610845145));
#12801=CARTESIAN_POINT('',(14.61762199128,392.57237898125,68.212291346998));
#12802=CARTESIAN_POINT('',(12.6254695685734,389.57237898125,69.3624610845145));
#12803=CARTESIAN_POINT('Origin',(12.6254695685733,389.572378240025,70.5170228140338));
#12804=CARTESIAN_POINT('',(12.6254695685733,389.572378240025,70.5170228140338));
#12805=CARTESIAN_POINT('',(12.625469568573,389.572378240025,77.5630935005152));
#12806=CARTESIAN_POINT('',(12.6254695685733,392.572378240025,70.5170228140338));
#12807=CARTESIAN_POINT('',(12.625469568573,392.572378240025,77.5630935005152));
#12808=CARTESIAN_POINT('',(12.6254695685733,389.572378240025,70.5170228140338));
#12809=CARTESIAN_POINT('Origin',(12.5193933572199,389.572378240025,70.5782659432133));
#12810=CARTESIAN_POINT('',(12.5193933572199,389.572378240025,70.5782659432133));
#12811=CARTESIAN_POINT('',(12.5193933572199,389.572378240025,70.5782659432133));
#12812=CARTESIAN_POINT('',(12.5193933572199,392.572378240025,70.5782659432133));
#12813=CARTESIAN_POINT('',(12.5193933572199,392.572378240025,70.5782659432133));
#12814=CARTESIAN_POINT('',(12.5193933572199,389.572378240025,70.5782659432133));
#12815=CARTESIAN_POINT('Origin',(12.51939335722,389.572378240025,73.5782659432133));
#12816=CARTESIAN_POINT('',(12.51939335722,389.572378240025,73.5782659432133));
#12817=CARTESIAN_POINT('',(12.51939335722,389.572378240025,73.5782659432133));
#12818=CARTESIAN_POINT('',(12.51939335722,392.572378240025,73.5782659432133));
#12819=CARTESIAN_POINT('',(12.51939335722,392.572378240025,73.5782659432133));
#12820=CARTESIAN_POINT('',(12.51939335722,389.572378240025,73.5782659432133));
#12821=CARTESIAN_POINT('Origin',(12.6254695685732,389.572378240025,73.6395090723927));
#12822=CARTESIAN_POINT('',(12.6254695685732,389.572378240025,73.6395090723927));
#12823=CARTESIAN_POINT('',(15.1174695685733,389.572378240025,75.0782659432133));
#12824=CARTESIAN_POINT('',(12.6254695685732,392.572378240025,73.6395090723927));
#12825=CARTESIAN_POINT('',(15.1174695685733,392.572378240025,75.0782659432133));
#12826=CARTESIAN_POINT('',(12.6254695685732,389.572378240025,73.6395090723927));
#12827=CARTESIAN_POINT('Origin',(12.6254695685731,389.572378240025,74.7941216094814));
#12828=CARTESIAN_POINT('',(12.6254695685731,389.57237898125,74.7941216094814));
#12829=CARTESIAN_POINT('',(12.625469568573,389.572378240025,77.5630935005152));
#12830=CARTESIAN_POINT('',(12.6254695685731,392.57237898125,74.7941216094814));
#12831=CARTESIAN_POINT('',(12.625469568573,392.572378240025,77.5630935005152));
#12832=CARTESIAN_POINT('',(12.6254695685731,389.57237898125,74.7941216094814));
#12833=CARTESIAN_POINT('Origin',(12.0195457799267,389.57237898125,74.444291346998));
#12834=CARTESIAN_POINT('',(12.0195457799267,389.57237898125,74.444291346998));
#12835=CARTESIAN_POINT('',(12.0195457799267,389.57237898125,74.444291346998));
#12836=CARTESIAN_POINT('',(12.0195457799267,392.57237898125,74.444291346998));
#12837=CARTESIAN_POINT('',(12.0195457799267,392.57237898125,74.444291346998));
#12838=CARTESIAN_POINT('',(12.0195457799267,389.57237898125,74.444291346998));
#12839=CARTESIAN_POINT('Origin',(9.42146956857349,389.572378671429,75.9442913469981));
#12840=CARTESIAN_POINT('',(9.42146956857349,389.572378671429,75.9442913469981));
#12841=CARTESIAN_POINT('',(9.42146956857349,389.572378671429,75.9442913469981));
#12842=CARTESIAN_POINT('',(9.42146956857349,392.572378671429,75.9442913469981));
#12843=CARTESIAN_POINT('',(9.42146956857349,392.572378671429,75.9442913469981));
#12844=CARTESIAN_POINT('',(9.42146956857349,389.572378671429,75.9442913469981));
#12845=CARTESIAN_POINT('Origin',(9.42146956857341,389.57237898125,78.944291346998));
#12846=CARTESIAN_POINT('',(9.42146956857341,389.57237898125,78.944291346998));
#12847=CARTESIAN_POINT('',(9.42146956857341,389.57237898125,78.944291346998));
#12848=CARTESIAN_POINT('',(9.42146956857341,392.57237898125,78.944291346998));
#12849=CARTESIAN_POINT('',(9.42146956857341,392.57237898125,78.944291346998));
#12850=CARTESIAN_POINT('',(9.42146956857341,389.57237898125,78.944291346998));
#12851=CARTESIAN_POINT('Origin',(11.4630662735087,389.57237898125,80.1230077541691));
#12852=CARTESIAN_POINT('',(11.4630662735087,389.57237898125,80.1230077541691));
#12853=CARTESIAN_POINT('',(12.0195457799267,389.57237898125,80.444291346998));
#12854=CARTESIAN_POINT('',(11.4630662735087,392.57237898125,80.1230077541691));
#12855=CARTESIAN_POINT('',(12.0195457799267,392.57237898125,80.444291346998));
#12856=CARTESIAN_POINT('',(11.4630662735087,389.57237898125,80.1230077541691));
#12857=CARTESIAN_POINT('Origin',(9.22546956857298,389.572378240025,77.5630935005151));
#12858=CARTESIAN_POINT('',(10.9254695685729,389.572378240025,80.5075798733822));
#12859=CARTESIAN_POINT('Origin',(9.22546956857298,389.572378240025,77.5630935005151));
#12860=CARTESIAN_POINT('',(10.9254695685729,392.572378240025,80.5075798733822));
#12861=CARTESIAN_POINT('Origin',(9.22546956857298,392.572378240025,77.5630935005151));
#12862=CARTESIAN_POINT('',(10.9254695685729,389.572378240025,80.5075798733822));
#12863=CARTESIAN_POINT('Origin',(10.5273611465121,389.572378240025,80.7374278780256));
#12864=CARTESIAN_POINT('',(10.5273611465121,389.572378240025,80.7374278780256));
#12865=CARTESIAN_POINT('',(4.42546956857271,389.572378240025,84.2603566231145));
#12866=CARTESIAN_POINT('',(10.5273611465121,392.572378240025,80.7374278780256));
#12867=CARTESIAN_POINT('',(4.42546956857271,392.572378240025,84.2603566231145));
#12868=CARTESIAN_POINT('',(10.5273611465121,389.572378240025,80.7374278780256));
#12869=CARTESIAN_POINT('Origin',(8.92146956857324,389.572378240025,79.8102659432133));
#12870=CARTESIAN_POINT('',(8.92146956857324,389.572378240025,79.8102659432133));
#12871=CARTESIAN_POINT('',(8.92146956857324,389.572378240025,79.8102659432133));
#12872=CARTESIAN_POINT('',(8.92146956857324,392.572378240025,79.8102659432133));
#12873=CARTESIAN_POINT('',(8.92146956857324,392.572378240025,79.8102659432133));
#12874=CARTESIAN_POINT('',(8.92146956857324,389.572378240025,79.8102659432133));
#12875=CARTESIAN_POINT('Origin',(6.32339335721993,389.572378240025,81.3102659432133));
#12876=CARTESIAN_POINT('',(6.32339335721993,389.572378240025,81.3102659432133));
#12877=CARTESIAN_POINT('',(6.32339335721993,389.572378240025,81.3102659432133));
#12878=CARTESIAN_POINT('',(6.32339335721993,392.572378240025,81.3102659432133));
#12879=CARTESIAN_POINT('',(6.32339335721993,392.572378240025,81.3102659432133));
#12880=CARTESIAN_POINT('',(6.32339335721993,389.572378240025,81.3102659432133));
#12881=CARTESIAN_POINT('Origin',(6.32339335721993,389.572378240025,83.1645898128377));
#12882=CARTESIAN_POINT('',(6.32339335721994,389.572378240025,83.1645898128377));
#12883=CARTESIAN_POINT('',(6.32339335721994,389.572378240025,84.3102659432133));
#12884=CARTESIAN_POINT('',(6.32339335721994,392.572378240025,83.1645898128377));
#12885=CARTESIAN_POINT('',(6.32339335721994,392.572378240025,84.3102659432133));
#12886=CARTESIAN_POINT('',(6.32339335721994,389.572378240025,83.1645898128377));
#12887=CARTESIAN_POINT('Origin',(5.32354577992657,389.572378240025,83.7418520807366));
#12888=CARTESIAN_POINT('',(5.32354577992657,389.572378240025,83.7418520807366));
#12889=CARTESIAN_POINT('',(4.42546956857271,389.572378240025,84.2603566231145));
#12890=CARTESIAN_POINT('',(5.32354577992657,392.572378240025,83.7418520807366));
#12891=CARTESIAN_POINT('',(4.42546956857271,392.572378240025,84.2603566231145));
#12892=CARTESIAN_POINT('',(5.32354577992657,389.572378240025,83.7418520807366));
#12893=CARTESIAN_POINT('Origin',(5.32354577992657,389.572378240025,81.3102659432133));
#12894=CARTESIAN_POINT('',(5.32354577992657,389.572378240025,81.3102659432133));
#12895=CARTESIAN_POINT('',(5.32354577992657,389.572378240025,81.3102659432133));
#12896=CARTESIAN_POINT('',(5.32354577992657,392.572378240025,81.3102659432133));
#12897=CARTESIAN_POINT('',(5.32354577992657,392.572378240025,81.3102659432133));
#12898=CARTESIAN_POINT('',(5.32354577992657,389.572378240025,81.3102659432133));
#12899=CARTESIAN_POINT('Origin',(2.72546956857324,389.572378240025,79.8102659432133));
#12900=CARTESIAN_POINT('',(2.72546956857324,389.572378240025,79.8102659432133));
#12901=CARTESIAN_POINT('',(2.72546956857324,389.572378240025,79.8102659432133));
#12902=CARTESIAN_POINT('',(2.72546956857324,392.572378240025,79.8102659432133));
#12903=CARTESIAN_POINT('',(2.72546956857324,392.572378240025,79.8102659432133));
#12904=CARTESIAN_POINT('',(2.72546956857324,389.572378240025,79.8102659432133));
#12905=CARTESIAN_POINT('Origin',(0.127393357219932,389.572378240025,81.3102659432133));
#12906=CARTESIAN_POINT('',(0.127393357219932,389.572378240025,81.3102659432133));
#12907=CARTESIAN_POINT('',(0.127393357219932,389.572378240025,81.3102659432133));
#12908=CARTESIAN_POINT('',(0.127393357219932,392.572378240025,81.3102659432133));
#12909=CARTESIAN_POINT('',(0.127393357219932,392.572378240025,81.3102659432133));
#12910=CARTESIAN_POINT('',(0.127393357219932,389.572378240025,81.3102659432133));
#12911=CARTESIAN_POINT('Origin',(0.12739335721994,389.572378240025,83.741852080737));
#12912=CARTESIAN_POINT('',(0.12739335721994,389.572378240025,83.741852080737));
#12913=CARTESIAN_POINT('',(0.12739335721994,389.572378240025,84.3102659432133));
#12914=CARTESIAN_POINT('',(0.12739335721994,392.572378240025,83.741852080737));
#12915=CARTESIAN_POINT('',(0.12739335721994,392.572378240025,84.3102659432133));
#12916=CARTESIAN_POINT('',(0.12739335721994,389.572378240025,83.741852080737));
#12917=CARTESIAN_POINT('Origin',(-0.872454220073422,389.572378240025,83.164589812838));
#12918=CARTESIAN_POINT('',(-0.872454220073431,389.572378240025,83.164589812838));
#12919=CARTESIAN_POINT('',(-6.97453043142707,389.572378240024,79.641554469597));
#12920=CARTESIAN_POINT('',(-0.872454220073431,392.572378240025,83.164589812838));
#12921=CARTESIAN_POINT('',(-6.97453043142707,392.572378240024,79.641554469597));
#12922=CARTESIAN_POINT('',(-0.872454220073431,389.572378240025,83.164589812838));
#12923=CARTESIAN_POINT('Origin',(-0.872454220073431,389.572378240025,81.3102659432133));
#12924=CARTESIAN_POINT('',(-0.872454220073431,389.572378240025,81.3102659432133));
#12925=CARTESIAN_POINT('',(-0.872454220073431,389.572378240025,81.3102659432133));
#12926=CARTESIAN_POINT('',(-0.872454220073431,392.572378240025,81.3102659432133));
#12927=CARTESIAN_POINT('',(-0.872454220073431,392.572378240025,81.3102659432133));
#12928=CARTESIAN_POINT('',(-0.872454220073431,389.572378240025,81.3102659432133));
#12929=CARTESIAN_POINT('Origin',(-3.47053043142675,389.572378240025,79.8102659432133));
#12930=CARTESIAN_POINT('',(-3.47053043142675,389.572378240025,79.8102659432133));
#12931=CARTESIAN_POINT('',(-3.47053043142675,389.572378240025,79.8102659432133));
#12932=CARTESIAN_POINT('',(-3.47053043142675,392.572378240025,79.8102659432133));
#12933=CARTESIAN_POINT('',(-3.47053043142675,392.572378240025,79.8102659432133));
#12934=CARTESIAN_POINT('',(-3.47053043142675,389.572378240025,79.8102659432133));
#12935=CARTESIAN_POINT('Origin',(-5.07642200936538,389.572378240025,80.7374278780255));
#12936=CARTESIAN_POINT('',(-5.07642200936538,389.572378240025,80.7374278780255));
#12937=CARTESIAN_POINT('',(-6.06860664278007,389.572378240025,81.3102659432133));
#12938=CARTESIAN_POINT('',(-5.07642200936538,392.572378240025,80.7374278780255));
#12939=CARTESIAN_POINT('',(-6.06860664278007,392.572378240025,81.3102659432133));
#12940=CARTESIAN_POINT('',(-5.07642200936538,389.572378240025,80.7374278780255));
#12941=CARTESIAN_POINT('Origin',(-6.07630179736635,389.572378240024,80.1601470132659));
#12942=CARTESIAN_POINT('',(-6.07630179736636,389.57237898125,80.1601470132659));
#12943=CARTESIAN_POINT('',(-6.97453043142707,389.572378240024,79.641554469597));
#12944=CARTESIAN_POINT('',(-6.07630179736636,392.57237898125,80.1601470132659));
#12945=CARTESIAN_POINT('',(-6.97453043142707,392.572378240024,79.641554469597));
#12946=CARTESIAN_POINT('',(-6.07630179736636,389.57237898125,80.1601470132659));
#12947=CARTESIAN_POINT('Origin',(-3.97037800871995,389.57237898125,78.944291346998));
#12948=CARTESIAN_POINT('',(-3.97037800871995,389.57237898125,78.944291346998));
#12949=CARTESIAN_POINT('',(-3.97037800871995,389.57237898125,78.944291346998));
#12950=CARTESIAN_POINT('',(-3.97037800871995,392.57237898125,78.944291346998));
#12951=CARTESIAN_POINT('',(-3.97037800871995,392.57237898125,78.944291346998));
#12952=CARTESIAN_POINT('',(-3.97037800871995,389.57237898125,78.944291346998));
#12953=CARTESIAN_POINT('Origin',(-3.97037800871995,389.57237898125,75.944291346998));
#12954=CARTESIAN_POINT('',(-3.97037800871995,389.57237898125,75.944291346998));
#12955=CARTESIAN_POINT('',(-3.97037800871995,389.57237898125,75.944291346998));
#12956=CARTESIAN_POINT('',(-3.97037800871995,392.57237898125,75.944291346998));
#12957=CARTESIAN_POINT('',(-3.97037800871995,392.57237898125,75.944291346998));
#12958=CARTESIAN_POINT('',(-3.97037800871995,389.57237898125,75.944291346998));
#12959=CARTESIAN_POINT('Origin',(-6.56845422007326,389.57237898125,74.444291346998));
#12960=CARTESIAN_POINT('',(-6.56845422007326,389.57237898125,74.444291346998));
#12961=CARTESIAN_POINT('',(-6.56845422007326,389.57237898125,74.444291346998));
#12962=CARTESIAN_POINT('',(-6.56845422007326,392.57237898125,74.444291346998));
#12963=CARTESIAN_POINT('',(-6.56845422007326,392.57237898125,74.444291346998));
#12964=CARTESIAN_POINT('',(-6.56845422007326,389.57237898125,74.444291346998));
#12965=CARTESIAN_POINT('Origin',(-8.67453043142699,389.5723787301,75.6602350145571));
#12966=CARTESIAN_POINT('',(-8.67453043142699,389.5723787301,75.6602350145571));
#12967=CARTESIAN_POINT('',(-9.16653043142651,389.572378671429,75.9442913469981));
#12968=CARTESIAN_POINT('',(-8.67453043142699,392.5723787301,75.6602350145571));
#12969=CARTESIAN_POINT('',(-9.16653043142651,392.572378671429,75.9442913469981));
#12970=CARTESIAN_POINT('',(-8.67453043142699,389.5723787301,75.6602350145571));
#12971=CARTESIAN_POINT('Origin',(-8.67453043142688,389.572378240024,74.5055344761773));
#12972=CARTESIAN_POINT('',(-8.67453043142688,389.572378240025,74.5055344761773));
#12973=CARTESIAN_POINT('',(-8.67453043142655,389.572378240024,67.4594637896958));
#12974=CARTESIAN_POINT('',(-8.67453043142688,392.572378240025,74.5055344761773));
#12975=CARTESIAN_POINT('',(-8.67453043142655,392.572378240024,67.4594637896958));
#12976=CARTESIAN_POINT('',(-8.67453043142688,389.572378240025,74.5055344761773));
#12977=CARTESIAN_POINT('Origin',(-7.06845422007342,389.572378240025,73.5782659432133));
#12978=CARTESIAN_POINT('',(-7.06845422007342,389.572378240025,73.5782659432133));
#12979=CARTESIAN_POINT('',(-7.06845422007342,389.572378240025,73.5782659432133));
#12980=CARTESIAN_POINT('',(-7.06845422007342,392.572378240025,73.5782659432133));
#12981=CARTESIAN_POINT('',(-7.06845422007342,392.572378240025,73.5782659432133));
#12982=CARTESIAN_POINT('',(-7.06845422007342,389.572378240025,73.5782659432133));
#12983=CARTESIAN_POINT('Origin',(-7.06845422007342,389.572378240025,70.5782659432133));
#12984=CARTESIAN_POINT('',(-7.06845422007342,389.572378240025,70.5782659432133));
#12985=CARTESIAN_POINT('',(-7.06845422007342,389.572378240025,70.5782659432133));
#12986=CARTESIAN_POINT('',(-7.06845422007342,392.572378240025,70.5782659432133));
#12987=CARTESIAN_POINT('',(-7.06845422007342,392.572378240025,70.5782659432133));
#12988=CARTESIAN_POINT('',(-7.06845422007342,389.572378240025,70.5782659432133));
#12989=CARTESIAN_POINT('Origin',(-8.67453043142665,389.572378240025,69.6509974102495));
#12990=CARTESIAN_POINT('',(-8.67453043142665,389.572378240025,69.6509974102495));
#12991=CARTESIAN_POINT('',(-9.66653043142675,389.572378240025,69.0782659432133));
#12992=CARTESIAN_POINT('',(-8.67453043142665,392.572378240025,69.6509974102495));
#12993=CARTESIAN_POINT('',(-9.66653043142675,392.572378240025,69.0782659432133));
#12994=CARTESIAN_POINT('',(-8.67453043142665,389.572378240025,69.6509974102495));
#12995=CARTESIAN_POINT('Origin',(-8.67453043142659,389.572378240024,68.4963476794393));
#12996=CARTESIAN_POINT('',(-8.67453043142659,389.57237898125,68.4963476794393));
#12997=CARTESIAN_POINT('',(-8.67453043142655,389.572378240024,67.4594637896958));
#12998=CARTESIAN_POINT('',(-8.67453043142659,392.57237898125,68.4963476794393));
#12999=CARTESIAN_POINT('',(-8.67453043142655,392.572378240024,67.4594637896958));
#13000=CARTESIAN_POINT('',(-8.67453043142659,389.57237898125,68.4963476794393));
#13001=CARTESIAN_POINT('Origin',(-6.56845422007327,389.57237898125,69.712291346998));
#13002=CARTESIAN_POINT('',(-6.56845422007327,389.57237898125,69.712291346998));
#13003=CARTESIAN_POINT('',(-6.56845422007327,389.57237898125,69.712291346998));
#13004=CARTESIAN_POINT('',(-6.56845422007327,392.57237898125,69.712291346998));
#13005=CARTESIAN_POINT('',(-6.56845422007327,392.57237898125,69.712291346998));
#13006=CARTESIAN_POINT('',(-6.56845422007327,389.57237898125,69.712291346998));
#13007=CARTESIAN_POINT('Origin',(-3.97037800871995,389.57237898125,68.212291346998));
#13008=CARTESIAN_POINT('',(-3.97037800871995,389.57237898125,68.212291346998));
#13009=CARTESIAN_POINT('',(-3.97037800871995,389.57237898125,68.212291346998));
#13010=CARTESIAN_POINT('',(-3.97037800871995,392.57237898125,68.212291346998));
#13011=CARTESIAN_POINT('',(-3.97037800871995,392.57237898125,68.212291346998));
#13012=CARTESIAN_POINT('',(-3.97037800871995,389.57237898125,68.212291346998));
#13013=CARTESIAN_POINT('Origin',(-3.97037800871995,389.57237898125,65.212291346998));
#13014=CARTESIAN_POINT('',(-3.97037800871995,389.57237898125,65.212291346998));
#13015=CARTESIAN_POINT('',(-3.97037800871995,389.57237898125,65.212291346998));
#13016=CARTESIAN_POINT('',(-3.97037800871995,392.57237898125,65.212291346998));
#13017=CARTESIAN_POINT('',(-3.97037800871995,392.57237898125,65.212291346998));
#13018=CARTESIAN_POINT('',(-3.97037800871995,389.57237898125,65.212291346998));
#13019=CARTESIAN_POINT('Origin',(-6.07634579801243,389.57237898125,63.9964102769453));
#13020=CARTESIAN_POINT('',(-6.07634579801243,389.57237898125,63.9964102769453));
#13021=CARTESIAN_POINT('',(-6.56845422007327,389.57237898125,63.712291346998));
#13022=CARTESIAN_POINT('',(-6.07634579801243,392.57237898125,63.9964102769453));
#13023=CARTESIAN_POINT('',(-6.56845422007327,392.57237898125,63.712291346998));
#13024=CARTESIAN_POINT('',(-6.07634579801243,389.57237898125,63.9964102769453));
#13025=CARTESIAN_POINT('Origin',(-5.07642200936555,389.572378240024,63.419104008401));
#13026=CARTESIAN_POINT('',(-5.07642200936554,389.572378240025,63.419104008401));
#13027=CARTESIAN_POINT('',(1.02546956857374,389.572378240025,59.8961752633121));
#13028=CARTESIAN_POINT('',(-5.07642200936554,392.572378240025,63.419104008401));
#13029=CARTESIAN_POINT('',(1.02546956857374,392.572378240025,59.8961752633121));
#13030=CARTESIAN_POINT('',(-5.07642200936554,389.572378240025,63.419104008401));
#13031=CARTESIAN_POINT('Origin',(-3.47053043142673,389.572378240025,64.3462659432133));
#13032=CARTESIAN_POINT('',(-3.47053043142673,389.572378240025,64.3462659432133));
#13033=CARTESIAN_POINT('',(-3.47053043142673,389.572378240025,64.3462659432133));
#13034=CARTESIAN_POINT('',(-3.47053043142673,392.572378240025,64.3462659432133));
#13035=CARTESIAN_POINT('',(-3.47053043142673,392.572378240025,64.3462659432133));
#13036=CARTESIAN_POINT('',(-3.47053043142673,389.572378240025,64.3462659432133));
#13037=CARTESIAN_POINT('Origin',(-0.872454220073422,389.572378240025,62.8462659432133));
#13038=CARTESIAN_POINT('',(-0.872454220073422,389.572378240025,62.8462659432133));
#13039=CARTESIAN_POINT('',(-0.872454220073422,389.572378240025,62.8462659432133));
#13040=CARTESIAN_POINT('',(-0.872454220073422,392.572378240025,62.8462659432133));
#13041=CARTESIAN_POINT('',(-0.872454220073422,392.572378240025,62.8462659432133));
#13042=CARTESIAN_POINT('',(-0.872454220073422,389.572378240025,62.8462659432133));
#13043=CARTESIAN_POINT('Origin',(-0.872454220073422,389.572378240025,60.9919420735889));
#13044=CARTESIAN_POINT('',(-0.872454220073422,389.572378240025,60.9919420735889));
#13045=CARTESIAN_POINT('',(-0.872454220073431,389.572378240025,59.8462659432133));
#13046=CARTESIAN_POINT('',(-0.872454220073422,392.572378240025,60.9919420735889));
#13047=CARTESIAN_POINT('',(-0.872454220073431,392.572378240025,59.8462659432133));
#13048=CARTESIAN_POINT('',(-0.872454220073422,389.572378240025,60.9919420735889));
#13049=CARTESIAN_POINT('Origin',(0.127393357219932,389.572378240025,60.41467980569));
#13050=CARTESIAN_POINT('',(0.12739335721994,389.572378240025,60.41467980569));
#13051=CARTESIAN_POINT('',(1.02546956857374,389.572378240025,59.8961752633121));
#13052=CARTESIAN_POINT('',(0.12739335721994,392.572378240025,60.41467980569));
#13053=CARTESIAN_POINT('',(1.02546956857374,392.572378240025,59.8961752633121));
#13054=CARTESIAN_POINT('',(0.12739335721994,389.572378240025,60.41467980569));
#13055=CARTESIAN_POINT('Origin',(0.127393357219949,389.572378240025,62.8462659432133));
#13056=CARTESIAN_POINT('',(0.127393357219949,389.572378240025,62.8462659432133));
#13057=CARTESIAN_POINT('',(0.127393357219949,392.572378240025,62.8462659432133));
#13058=CARTESIAN_POINT('Origin',(-38.780454220074,389.57237898125,80.1272786451057));
#13059=CARTESIAN_POINT('Origin',(-38.780454220074,392.57237898125,80.1272786451057));
#13060=CARTESIAN_POINT('Origin',(11.5195457799266,389.572378240025,92.0422659432133));
#13061=CARTESIAN_POINT('',(11.5195457799266,389.572378240025,92.0422659432133));
#13062=CARTESIAN_POINT('',(11.5195457799266,389.572378240025,95.0422659432133));
#13063=CARTESIAN_POINT('',(11.5195457799266,389.572378240025,92.0422659432133));
#13064=CARTESIAN_POINT('',(11.5195457799266,392.572378240025,95.0422659432133));
#13065=CARTESIAN_POINT('',(11.5195457799266,389.572378240025,95.0422659432133));
#13066=CARTESIAN_POINT('',(11.5195457799266,392.572378240025,92.0422659432133));
#13067=CARTESIAN_POINT('',(11.5195457799266,392.572378240025,92.0422659432133));
#13068=CARTESIAN_POINT('',(11.5195457799266,389.572378240025,92.0422659432133));
#13069=CARTESIAN_POINT('Origin',(8.92146956857325,389.572378240025,90.5422659432133));
#13070=CARTESIAN_POINT('',(8.92146956857325,389.572378240025,90.5422659432133));
#13071=CARTESIAN_POINT('',(8.92146956857325,389.572378240025,90.5422659432133));
#13072=CARTESIAN_POINT('',(8.92146956857325,392.572378240025,90.5422659432133));
#13073=CARTESIAN_POINT('',(8.92146956857325,392.572378240025,90.5422659432133));
#13074=CARTESIAN_POINT('',(8.92146956857325,389.572378240025,90.5422659432133));
#13075=CARTESIAN_POINT('Origin',(6.32339335721994,389.572378240025,92.0422659432133));
#13076=CARTESIAN_POINT('',(6.32339335721994,389.572378240025,92.0422659432133));
#13077=CARTESIAN_POINT('',(6.32339335721994,389.572378240025,92.0422659432133));
#13078=CARTESIAN_POINT('',(6.32339335721994,392.572378240025,92.0422659432133));
#13079=CARTESIAN_POINT('',(6.32339335721994,392.572378240025,92.0422659432133));
#13080=CARTESIAN_POINT('',(6.32339335721994,389.572378240025,92.0422659432133));
#13081=CARTESIAN_POINT('Origin',(6.32339335721995,389.572378240025,95.0422659432133));
#13082=CARTESIAN_POINT('',(6.32339335721995,389.572378240025,95.0422659432133));
#13083=CARTESIAN_POINT('',(6.32339335721995,389.572378240025,95.0422659432133));
#13084=CARTESIAN_POINT('',(6.32339335721995,392.572378240025,95.0422659432133));
#13085=CARTESIAN_POINT('',(6.32339335721995,392.572378240025,95.0422659432133));
#13086=CARTESIAN_POINT('',(6.32339335721995,389.572378240025,95.0422659432133));
#13087=CARTESIAN_POINT('Origin',(8.92146956857327,389.572378240025,96.5422659432133));
#13088=CARTESIAN_POINT('',(8.92146956857327,389.572378240025,96.5422659432133));
#13089=CARTESIAN_POINT('',(8.92146956857327,389.572378240025,96.5422659432133));
#13090=CARTESIAN_POINT('',(8.92146956857327,392.572378240025,96.5422659432133));
#13091=CARTESIAN_POINT('',(8.92146956857327,392.572378240025,96.5422659432133));
#13092=CARTESIAN_POINT('',(8.92146956857327,389.572378240025,96.5422659432133));
#13093=CARTESIAN_POINT('Origin',(11.5195457799266,389.572378240025,95.0422659432133));
#13094=CARTESIAN_POINT('',(11.5195457799266,389.572378240025,95.0422659432133));
#13095=CARTESIAN_POINT('',(11.5195457799266,392.572378240025,95.0422659432133));
#13096=CARTESIAN_POINT('Origin',(11.5195457799266,389.572378240025,84.3102659432133));
#13097=CARTESIAN_POINT('',(11.5195457799266,389.572378240025,84.3102659432133));
#13098=CARTESIAN_POINT('',(8.92146956857326,389.572378240025,85.8102659432133));
#13099=CARTESIAN_POINT('',(11.5195457799266,389.572378240025,84.3102659432133));
#13100=CARTESIAN_POINT('',(8.92146956857326,392.572378240025,85.8102659432133));
#13101=CARTESIAN_POINT('',(8.92146956857326,389.572378240025,85.8102659432133));
#13102=CARTESIAN_POINT('',(11.5195457799266,392.572378240025,84.3102659432133));
#13103=CARTESIAN_POINT('',(11.5195457799266,392.572378240025,84.3102659432133));
#13104=CARTESIAN_POINT('',(11.5195457799266,389.572378240025,84.3102659432133));
#13105=CARTESIAN_POINT('Origin',(11.5195457799266,389.572378240025,83.1225311621429));
#13106=CARTESIAN_POINT('',(11.5195457799266,389.572378240025,83.1225311621429));
#13107=CARTESIAN_POINT('',(11.5195457799266,389.572378240025,81.3102659432133));
#13108=CARTESIAN_POINT('',(11.5195457799266,392.572378240025,83.1225311621429));
#13109=CARTESIAN_POINT('',(11.5195457799266,392.572378240025,81.3102659432133));
#13110=CARTESIAN_POINT('',(11.5195457799266,389.572378240025,83.1225311621429));
#13111=CARTESIAN_POINT('Origin',(11.2254695685727,389.572378240025,84.4912967307907));
#13112=CARTESIAN_POINT('',(12.5193933572199,389.572378240025,83.9567303371848));
#13113=CARTESIAN_POINT('Origin',(11.2254695685727,389.572378240025,84.4912967307907));
#13114=CARTESIAN_POINT('',(12.5193933572199,392.572378240025,83.9567303371848));
#13115=CARTESIAN_POINT('Origin',(11.2254695685727,392.572378240025,84.4912967307907));
#13116=CARTESIAN_POINT('',(12.5193933572199,389.572378240025,83.9567303371848));
#13117=CARTESIAN_POINT('Origin',(12.5193933572199,389.572378240025,84.3102659432133));
#13118=CARTESIAN_POINT('',(12.5193933572199,389.572378240025,84.3102659432133));
#13119=CARTESIAN_POINT('',(12.5193933572199,389.572378240025,84.3102659432133));
#13120=CARTESIAN_POINT('',(12.5193933572199,392.572378240025,84.3102659432133));
#13121=CARTESIAN_POINT('',(12.5193933572199,392.572378240025,84.3102659432133));
#13122=CARTESIAN_POINT('',(12.5193933572199,389.572378240025,84.3102659432133));
#13123=CARTESIAN_POINT('Origin',(12.6200639457984,389.572378240025,84.3683881346286));
#13124=CARTESIAN_POINT('',(12.6200639457984,389.572378240025,84.3683881346286));
#13125=CARTESIAN_POINT('',(15.1174695685733,389.572378240025,85.8102659432133));
#13126=CARTESIAN_POINT('',(12.6200639457984,392.572378240025,84.3683881346286));
#13127=CARTESIAN_POINT('',(15.1174695685733,392.572378240025,85.8102659432133));
#13128=CARTESIAN_POINT('',(12.6200639457984,389.572378240025,84.3683881346286));
#13129=CARTESIAN_POINT('Origin',(11.2254695685727,389.572378240025,84.4912967307907));
#13130=CARTESIAN_POINT('',(12.6254695685727,389.572378240025,84.4912967307907));
#13131=CARTESIAN_POINT('Origin',(11.2254695685727,389.572378240025,84.4912967307907));
#13132=CARTESIAN_POINT('',(12.6254695685727,392.572378240025,84.4912967307907));
#13133=CARTESIAN_POINT('Origin',(11.2254695685727,392.572378240025,84.4912967307907));
#13134=CARTESIAN_POINT('',(12.6254695685727,389.572378240025,84.4912967307907));
#13135=CARTESIAN_POINT('Origin',(12.6254695685726,389.572378240025,85.5261216094811));
#13136=CARTESIAN_POINT('',(12.6254695685726,389.57237898125,85.5261216094811));
#13137=CARTESIAN_POINT('',(12.6254695685719,389.572378240025,102.966505344859));
#13138=CARTESIAN_POINT('',(12.6254695685726,392.57237898125,85.5261216094811));
#13139=CARTESIAN_POINT('',(12.6254695685719,392.572378240025,102.966505344859));
#13140=CARTESIAN_POINT('',(12.6254695685726,389.57237898125,85.5261216094811));
#13141=CARTESIAN_POINT('Origin',(12.0195457799267,389.57237898125,85.176291346998));
#13142=CARTESIAN_POINT('',(12.0195457799267,389.57237898125,85.176291346998));
#13143=CARTESIAN_POINT('',(12.0195457799267,389.57237898125,85.176291346998));
#13144=CARTESIAN_POINT('',(12.0195457799267,392.57237898125,85.176291346998));
#13145=CARTESIAN_POINT('',(12.0195457799267,392.57237898125,85.176291346998));
#13146=CARTESIAN_POINT('',(12.0195457799267,389.57237898125,85.176291346998));
#13147=CARTESIAN_POINT('Origin',(9.42146956857349,389.572378671429,86.6762913469981));
#13148=CARTESIAN_POINT('',(9.42146956857349,389.572378671429,86.6762913469981));
#13149=CARTESIAN_POINT('',(9.42146956857349,389.572378671429,86.6762913469981));
#13150=CARTESIAN_POINT('',(9.42146956857349,392.572378671429,86.6762913469981));
#13151=CARTESIAN_POINT('',(9.42146956857349,392.572378671429,86.6762913469981));
#13152=CARTESIAN_POINT('',(9.42146956857349,389.572378671429,86.6762913469981));
#13153=CARTESIAN_POINT('Origin',(9.42146956857341,389.57237898125,89.676291346998));
#13154=CARTESIAN_POINT('',(9.42146956857341,389.57237898125,89.676291346998));
#13155=CARTESIAN_POINT('',(9.42146956857341,389.57237898125,89.676291346998));
#13156=CARTESIAN_POINT('',(9.42146956857341,392.57237898125,89.676291346998));
#13157=CARTESIAN_POINT('',(9.42146956857341,392.57237898125,89.676291346998));
#13158=CARTESIAN_POINT('',(9.42146956857341,389.57237898125,89.676291346998));
#13159=CARTESIAN_POINT('Origin',(12.0195457799267,389.57237898125,91.176291346998));
#13160=CARTESIAN_POINT('',(12.0195457799267,389.57237898125,91.176291346998));
#13161=CARTESIAN_POINT('',(12.0195457799267,389.57237898125,91.176291346998));
#13162=CARTESIAN_POINT('',(12.0195457799267,392.57237898125,91.176291346998));
#13163=CARTESIAN_POINT('',(12.0195457799267,392.57237898125,91.176291346998));
#13164=CARTESIAN_POINT('',(12.0195457799267,389.57237898125,91.176291346998));
#13165=CARTESIAN_POINT('Origin',(12.6254695685724,389.57237898125,90.826461084515));
#13166=CARTESIAN_POINT('',(12.6254695685724,389.57237898125,90.826461084515));
#13167=CARTESIAN_POINT('',(14.61762199128,389.57237898125,89.676291346998));
#13168=CARTESIAN_POINT('',(12.6254695685724,392.57237898125,90.826461084515));
#13169=CARTESIAN_POINT('',(14.61762199128,392.57237898125,89.676291346998));
#13170=CARTESIAN_POINT('',(12.6254695685724,389.57237898125,90.826461084515));
#13171=CARTESIAN_POINT('Origin',(12.6254695685724,389.572378240025,91.9810228140344));
#13172=CARTESIAN_POINT('',(12.6254695685724,389.572378240025,91.9810228140344));
#13173=CARTESIAN_POINT('',(12.6254695685719,389.572378240025,102.966505344859));
#13174=CARTESIAN_POINT('',(12.6254695685724,392.572378240025,91.9810228140344));
#13175=CARTESIAN_POINT('',(12.6254695685719,392.572378240025,102.966505344859));
#13176=CARTESIAN_POINT('',(12.6254695685724,389.572378240025,91.9810228140344));
#13177=CARTESIAN_POINT('Origin',(12.5193933572199,389.572378240025,92.0422659432133));
#13178=CARTESIAN_POINT('',(12.5193933572199,389.572378240025,92.0422659432133));
#13179=CARTESIAN_POINT('',(12.5193933572199,389.572378240025,92.0422659432133));
#13180=CARTESIAN_POINT('',(12.5193933572199,392.572378240025,92.0422659432133));
#13181=CARTESIAN_POINT('',(12.5193933572199,392.572378240025,92.0422659432133));
#13182=CARTESIAN_POINT('',(12.5193933572199,389.572378240025,92.0422659432133));
#13183=CARTESIAN_POINT('Origin',(12.51939335722,389.572378240025,95.0422659432133));
#13184=CARTESIAN_POINT('',(12.51939335722,389.572378240025,95.0422659432133));
#13185=CARTESIAN_POINT('',(12.51939335722,389.572378240025,95.0422659432133));
#13186=CARTESIAN_POINT('',(12.51939335722,392.572378240025,95.0422659432133));
#13187=CARTESIAN_POINT('',(12.51939335722,392.572378240025,95.0422659432133));
#13188=CARTESIAN_POINT('',(12.51939335722,389.572378240025,95.0422659432133));
#13189=CARTESIAN_POINT('Origin',(12.6254695685722,389.572378240025,95.1035090723922));
#13190=CARTESIAN_POINT('',(12.6254695685722,389.572378240025,95.1035090723922));
#13191=CARTESIAN_POINT('',(15.1174695685733,389.572378240025,96.5422659432133));
#13192=CARTESIAN_POINT('',(12.6254695685722,392.572378240025,95.1035090723922));
#13193=CARTESIAN_POINT('',(15.1174695685733,392.572378240025,96.5422659432133));
#13194=CARTESIAN_POINT('',(12.6254695685722,389.572378240025,95.1035090723922));
#13195=CARTESIAN_POINT('Origin',(12.6254695685722,389.572378240025,96.2581216094809));
#13196=CARTESIAN_POINT('',(12.6254695685722,389.57237898125,96.2581216094809));
#13197=CARTESIAN_POINT('',(12.6254695685719,389.572378240025,102.966505344859));
#13198=CARTESIAN_POINT('',(12.6254695685722,392.57237898125,96.2581216094809));
#13199=CARTESIAN_POINT('',(12.6254695685719,392.572378240025,102.966505344859));
#13200=CARTESIAN_POINT('',(12.6254695685722,389.57237898125,96.2581216094809));
#13201=CARTESIAN_POINT('Origin',(12.0195457799267,389.57237898125,95.908291346998));
#13202=CARTESIAN_POINT('',(12.0195457799267,389.57237898125,95.908291346998));
#13203=CARTESIAN_POINT('',(12.0195457799267,389.57237898125,95.908291346998));
#13204=CARTESIAN_POINT('',(12.0195457799267,392.57237898125,95.908291346998));
#13205=CARTESIAN_POINT('',(12.0195457799267,392.57237898125,95.908291346998));
#13206=CARTESIAN_POINT('',(12.0195457799267,389.57237898125,95.908291346998));
#13207=CARTESIAN_POINT('Origin',(9.4214695685735,389.572378671429,97.4082913469981));
#13208=CARTESIAN_POINT('',(9.4214695685735,389.572378671429,97.4082913469981));
#13209=CARTESIAN_POINT('',(9.4214695685735,389.572378671429,97.4082913469981));
#13210=CARTESIAN_POINT('',(9.4214695685735,392.572378671429,97.4082913469982));
#13211=CARTESIAN_POINT('',(9.4214695685735,392.572378671429,97.4082913469982));
#13212=CARTESIAN_POINT('',(9.4214695685735,389.572378671429,97.4082913469981));
#13213=CARTESIAN_POINT('Origin',(9.42146956857342,389.57237898125,100.408291346998));
#13214=CARTESIAN_POINT('',(9.42146956857342,389.57237898125,100.408291346998));
#13215=CARTESIAN_POINT('',(9.42146956857342,389.57237898125,100.408291346998));
#13216=CARTESIAN_POINT('',(9.42146956857342,392.57237898125,100.408291346998));
#13217=CARTESIAN_POINT('',(9.42146956857342,392.57237898125,100.408291346998));
#13218=CARTESIAN_POINT('',(9.42146956857342,389.57237898125,100.408291346998));
#13219=CARTESIAN_POINT('Origin',(12.0195457799267,389.57237898125,101.908291346998));
#13220=CARTESIAN_POINT('',(12.0195457799267,389.57237898125,101.908291346998));
#13221=CARTESIAN_POINT('',(12.0195457799267,389.57237898125,101.908291346998));
#13222=CARTESIAN_POINT('',(12.0195457799267,392.57237898125,101.908291346998));
#13223=CARTESIAN_POINT('',(12.0195457799267,392.57237898125,101.908291346998));
#13224=CARTESIAN_POINT('',(12.0195457799267,389.57237898125,101.908291346998));
#13225=CARTESIAN_POINT('Origin',(12.625469568572,389.57237898125,101.558461084515));
#13226=CARTESIAN_POINT('',(12.625469568572,389.57237898125,101.558461084515));
#13227=CARTESIAN_POINT('',(14.6176219912801,389.57237898125,100.408291346998));
#13228=CARTESIAN_POINT('',(12.625469568572,392.57237898125,101.558461084515));
#13229=CARTESIAN_POINT('',(14.6176219912801,392.57237898125,100.408291346998));
#13230=CARTESIAN_POINT('',(12.625469568572,389.57237898125,101.558461084515));
#13231=CARTESIAN_POINT('Origin',(12.6254695685719,389.572378240025,102.713022814035));
#13232=CARTESIAN_POINT('',(12.6254695685719,389.572378240025,102.713022814035));
#13233=CARTESIAN_POINT('',(12.6254695685719,389.572378240025,102.966505344859));
#13234=CARTESIAN_POINT('',(12.6254695685719,392.572378240025,102.713022814035));
#13235=CARTESIAN_POINT('',(12.6254695685719,392.572378240025,102.966505344859));
#13236=CARTESIAN_POINT('',(12.6254695685719,389.572378240025,102.713022814035));
#13237=CARTESIAN_POINT('Origin',(12.5193933572199,389.572378240025,102.774265943213));
#13238=CARTESIAN_POINT('',(12.5193933572199,389.572378240025,102.774265943213));
#13239=CARTESIAN_POINT('',(12.5193933572199,389.572378240025,102.774265943213));
#13240=CARTESIAN_POINT('',(12.5193933572199,392.572378240025,102.774265943213));
#13241=CARTESIAN_POINT('',(12.5193933572199,392.572378240025,102.774265943213));
#13242=CARTESIAN_POINT('',(12.5193933572199,389.572378240025,102.774265943213));
#13243=CARTESIAN_POINT('Origin',(12.5193933572199,389.572378240025,103.501071738463));
#13244=CARTESIAN_POINT('',(12.5193933572199,389.572378240025,103.501071738463));
#13245=CARTESIAN_POINT('',(12.5193933572199,389.572378240025,105.774265943213));
#13246=CARTESIAN_POINT('',(12.5193933572199,392.572378240025,103.501071738463));
#13247=CARTESIAN_POINT('',(12.5193933572199,392.572378240025,105.774265943213));
#13248=CARTESIAN_POINT('',(12.5193933572199,389.572378240025,103.501071738463));
#13249=CARTESIAN_POINT('Origin',(11.2254695685719,389.572378240025,102.966505344859));
#13250=CARTESIAN_POINT('',(11.5195457799266,389.572378240025,104.335270913507));
#13251=CARTESIAN_POINT('Origin',(11.2254695685719,389.572378240025,102.966505344859));
#13252=CARTESIAN_POINT('',(11.5195457799266,392.572378240025,104.335270913507));
#13253=CARTESIAN_POINT('Origin',(11.2254695685719,392.572378240025,102.966505344859));
#13254=CARTESIAN_POINT('',(11.5195457799266,389.572378240025,104.335270913507));
#13255=CARTESIAN_POINT('Origin',(11.5195457799266,389.572378240025,102.774265943213));
#13256=CARTESIAN_POINT('',(11.5195457799266,389.572378240025,102.774265943213));
#13257=CARTESIAN_POINT('',(11.5195457799266,389.572378240025,102.774265943213));
#13258=CARTESIAN_POINT('',(11.5195457799266,392.572378240025,102.774265943213));
#13259=CARTESIAN_POINT('',(11.5195457799266,392.572378240025,102.774265943213));
#13260=CARTESIAN_POINT('',(11.5195457799266,389.572378240025,102.774265943213));
#13261=CARTESIAN_POINT('Origin',(8.92146956857325,389.572378240025,101.274265943213));
#13262=CARTESIAN_POINT('',(8.92146956857325,389.572378240025,101.274265943213));
#13263=CARTESIAN_POINT('',(8.92146956857325,389.572378240025,101.274265943213));
#13264=CARTESIAN_POINT('',(8.92146956857325,392.572378240025,101.274265943213));
#13265=CARTESIAN_POINT('',(8.92146956857325,392.572378240025,101.274265943213));
#13266=CARTESIAN_POINT('',(8.92146956857325,389.572378240025,101.274265943213));
#13267=CARTESIAN_POINT('Origin',(7.20794725746281,389.572378240025,102.263568510795));
#13268=CARTESIAN_POINT('',(7.20794725746281,389.572378240025,102.263568510795));
#13269=CARTESIAN_POINT('',(6.32339335721993,389.572378240025,102.774265943213));
#13270=CARTESIAN_POINT('',(7.20794725746281,392.572378240025,102.263568510795));
#13271=CARTESIAN_POINT('',(6.32339335721993,392.572378240025,102.774265943213));
#13272=CARTESIAN_POINT('',(7.20794725746281,389.572378240025,102.263568510795));
#13273=CARTESIAN_POINT('Origin',(6.20806746946187,389.572378240025,101.686287646036));
#13274=CARTESIAN_POINT('',(6.20806746946187,389.57237898125,101.686287646036));
#13275=CARTESIAN_POINT('',(5.52546956857217,389.572378240025,101.292189564209));
#13276=CARTESIAN_POINT('',(6.20806746946187,392.57237898125,101.686287646036));
#13277=CARTESIAN_POINT('',(5.52546956857217,392.572378240025,101.292189564209));
#13278=CARTESIAN_POINT('',(6.20806746946187,389.57237898125,101.686287646036));
#13279=CARTESIAN_POINT('Origin',(8.42162199128006,389.57237898125,100.408291346998));
#13280=CARTESIAN_POINT('',(8.42162199128006,389.57237898125,100.408291346998));
#13281=CARTESIAN_POINT('',(8.42162199128006,389.57237898125,100.408291346998));
#13282=CARTESIAN_POINT('',(8.42162199128006,392.57237898125,100.408291346998));
#13283=CARTESIAN_POINT('',(8.42162199128006,392.57237898125,100.408291346998));
#13284=CARTESIAN_POINT('',(8.42162199128006,389.57237898125,100.408291346998));
#13285=CARTESIAN_POINT('Origin',(8.42162199128006,389.57237898125,97.408291346998));
#13286=CARTESIAN_POINT('',(8.42162199128006,389.57237898125,97.408291346998));
#13287=CARTESIAN_POINT('',(8.42162199128006,389.57237898125,97.408291346998));
#13288=CARTESIAN_POINT('',(8.42162199128006,392.57237898125,97.408291346998));
#13289=CARTESIAN_POINT('',(8.42162199128006,392.57237898125,97.408291346998));
#13290=CARTESIAN_POINT('',(8.42162199128006,389.57237898125,97.408291346998));
#13291=CARTESIAN_POINT('Origin',(5.82354577992674,389.57237898125,95.908291346998));
#13292=CARTESIAN_POINT('',(5.82354577992674,389.57237898125,95.908291346998));
#13293=CARTESIAN_POINT('',(5.82354577992674,389.57237898125,95.908291346998));
#13294=CARTESIAN_POINT('',(5.82354577992674,392.57237898125,95.908291346998));
#13295=CARTESIAN_POINT('',(5.82354577992674,392.57237898125,95.908291346998));
#13296=CARTESIAN_POINT('',(5.82354577992674,389.57237898125,95.908291346998));
#13297=CARTESIAN_POINT('Origin',(3.82546956857206,389.572378742979,97.0618811854851));
#13298=CARTESIAN_POINT('',(3.82546956857206,389.572378742979,97.0618811854851));
#13299=CARTESIAN_POINT('',(3.2254695685735,389.572378671429,97.4082913469981));
#13300=CARTESIAN_POINT('',(3.82546956857206,392.572378742979,97.0618811854851));
#13301=CARTESIAN_POINT('',(3.2254695685735,392.572378671429,97.4082913469981));
#13302=CARTESIAN_POINT('',(3.82546956857206,389.572378742979,97.0618811854851));
#13303=CARTESIAN_POINT('Origin',(3.82546956857218,389.572378240025,95.9071806471053));
#13304=CARTESIAN_POINT('',(3.82546956857218,389.572378240025,95.9071806471053));
#13305=CARTESIAN_POINT('',(3.8254695685725,389.572378240025,89.1100988843073));
#13306=CARTESIAN_POINT('',(3.82546956857218,392.572378240025,95.9071806471053));
#13307=CARTESIAN_POINT('',(3.8254695685725,392.572378240025,89.1100988843073));
#13308=CARTESIAN_POINT('',(3.82546956857218,389.572378240025,95.9071806471053));
#13309=CARTESIAN_POINT('Origin',(5.32354577992658,389.572378240025,95.0422659432133));
#13310=CARTESIAN_POINT('',(5.32354577992658,389.572378240025,95.0422659432133));
#13311=CARTESIAN_POINT('',(5.32354577992658,389.572378240025,95.0422659432133));
#13312=CARTESIAN_POINT('',(5.32354577992658,392.572378240025,95.0422659432133));
#13313=CARTESIAN_POINT('',(5.32354577992658,392.572378240025,95.0422659432133));
#13314=CARTESIAN_POINT('',(5.32354577992658,389.572378240025,95.0422659432133));
#13315=CARTESIAN_POINT('Origin',(5.32354577992657,389.572378240025,92.0422659432133));
#13316=CARTESIAN_POINT('',(5.32354577992657,389.572378240025,92.0422659432133));
#13317=CARTESIAN_POINT('',(5.32354577992657,389.572378240025,92.0422659432133));
#13318=CARTESIAN_POINT('',(5.32354577992657,392.572378240025,92.0422659432133));
#13319=CARTESIAN_POINT('',(5.32354577992657,392.572378240025,92.0422659432133));
#13320=CARTESIAN_POINT('',(5.32354577992657,389.572378240025,92.0422659432133));
#13321=CARTESIAN_POINT('Origin',(3.8254695685724,389.572378240025,91.1773512393214));
#13322=CARTESIAN_POINT('',(3.8254695685724,389.572378240025,91.1773512393214));
#13323=CARTESIAN_POINT('',(2.72546956857325,389.572378240025,90.5422659432133));
#13324=CARTESIAN_POINT('',(3.8254695685724,392.572378240025,91.1773512393214));
#13325=CARTESIAN_POINT('',(2.72546956857325,392.572378240025,90.5422659432133));
#13326=CARTESIAN_POINT('',(3.8254695685724,389.572378240025,91.1773512393214));
#13327=CARTESIAN_POINT('Origin',(3.82546956857245,389.572378240025,90.0227015085112));
#13328=CARTESIAN_POINT('',(3.82546956857245,389.57237898125,90.0227015085112));
#13329=CARTESIAN_POINT('',(3.8254695685725,389.572378240025,89.1100988843073));
#13330=CARTESIAN_POINT('',(3.82546956857245,392.57237898125,90.0227015085112));
#13331=CARTESIAN_POINT('',(3.8254695685725,392.572378240025,89.1100988843073));
#13332=CARTESIAN_POINT('',(3.82546956857245,389.57237898125,90.0227015085112));
#13333=CARTESIAN_POINT('Origin',(5.82354577992673,389.57237898125,91.176291346998));
#13334=CARTESIAN_POINT('',(5.82354577992673,389.57237898125,91.176291346998));
#13335=CARTESIAN_POINT('',(5.82354577992673,389.57237898125,91.176291346998));
#13336=CARTESIAN_POINT('',(5.82354577992673,392.57237898125,91.176291346998));
#13337=CARTESIAN_POINT('',(5.82354577992673,392.57237898125,91.176291346998));
#13338=CARTESIAN_POINT('',(5.82354577992673,389.57237898125,91.176291346998));
#13339=CARTESIAN_POINT('Origin',(8.42162199128005,389.57237898125,89.676291346998));
#13340=CARTESIAN_POINT('',(8.42162199128005,389.57237898125,89.676291346998));
#13341=CARTESIAN_POINT('',(8.42162199128005,389.57237898125,89.676291346998));
#13342=CARTESIAN_POINT('',(8.42162199128005,392.57237898125,89.676291346998));
#13343=CARTESIAN_POINT('',(8.42162199128005,392.57237898125,89.676291346998));
#13344=CARTESIAN_POINT('',(8.42162199128005,389.57237898125,89.676291346998));
#13345=CARTESIAN_POINT('Origin',(8.42162199128006,389.57237898125,86.676291346998));
#13346=CARTESIAN_POINT('',(8.42162199128006,389.57237898125,86.676291346998));
#13347=CARTESIAN_POINT('',(8.42162199128006,389.57237898125,86.676291346998));
#13348=CARTESIAN_POINT('',(8.42162199128006,392.57237898125,86.676291346998));
#13349=CARTESIAN_POINT('',(8.42162199128006,392.57237898125,86.676291346998));
#13350=CARTESIAN_POINT('',(8.42162199128006,389.57237898125,86.676291346998));
#13351=CARTESIAN_POINT('Origin',(6.53128493515839,389.57237898125,85.584904738787));
#13352=CARTESIAN_POINT('',(6.53128493515839,389.57237898125,85.584904738787));
#13353=CARTESIAN_POINT('',(5.82354577992674,389.57237898125,85.176291346998));
#13354=CARTESIAN_POINT('',(6.53128493515839,392.57237898125,85.584904738787));
#13355=CARTESIAN_POINT('',(5.82354577992674,392.57237898125,85.176291346998));
#13356=CARTESIAN_POINT('',(6.53128493515839,389.57237898125,85.584904738787));
#13357=CARTESIAN_POINT('Origin',(7.53120872380528,389.572378240025,85.0075984702427));
#13358=CARTESIAN_POINT('',(7.53120872380527,389.572378240025,85.0075984702427));
#13359=CARTESIAN_POINT('',(10.5254695685728,389.572378240025,83.2788611654924));
#13360=CARTESIAN_POINT('',(7.53120872380527,392.572378240025,85.0075984702427));
#13361=CARTESIAN_POINT('',(10.5254695685728,392.572378240025,83.2788611654924));
#13362=CARTESIAN_POINT('',(7.53120872380527,389.572378240025,85.0075984702427));
#13363=CARTESIAN_POINT('Origin',(8.92146956857326,389.572378240025,85.8102659432133));
#13364=CARTESIAN_POINT('',(8.92146956857326,389.572378240025,85.8102659432133));
#13365=CARTESIAN_POINT('',(8.92146956857326,392.572378240025,85.8102659432133));
#13366=CARTESIAN_POINT('Origin',(-38.780454220074,389.57237898125,80.1272786451057));
#13367=CARTESIAN_POINT('Origin',(-38.780454220074,392.57237898125,80.1272786451057));
#13368=CARTESIAN_POINT('Origin',(8.42162199128005,389.57237898125,108.140291346998));
#13369=CARTESIAN_POINT('',(8.42162199128005,389.57237898125,108.140291346998));
#13370=CARTESIAN_POINT('',(8.42162199128005,389.57237898125,111.140291346998));
#13371=CARTESIAN_POINT('',(8.42162199128005,389.57237898125,108.140291346998));
#13372=CARTESIAN_POINT('',(8.42162199128005,392.57237898125,111.140291346998));
#13373=CARTESIAN_POINT('',(8.42162199128005,389.57237898125,111.140291346998));
#13374=CARTESIAN_POINT('',(8.42162199128005,392.57237898125,108.140291346998));
#13375=CARTESIAN_POINT('',(8.42162199128005,392.57237898125,108.140291346998));
#13376=CARTESIAN_POINT('',(8.42162199128005,389.57237898125,108.140291346998));
#13377=CARTESIAN_POINT('Origin',(5.82354577992674,389.57237898125,106.640291346998));
#13378=CARTESIAN_POINT('',(5.82354577992674,389.57237898125,106.640291346998));
#13379=CARTESIAN_POINT('',(5.82354577992674,389.57237898125,106.640291346998));
#13380=CARTESIAN_POINT('',(5.82354577992674,392.57237898125,106.640291346998));
#13381=CARTESIAN_POINT('',(5.82354577992674,392.57237898125,106.640291346998));
#13382=CARTESIAN_POINT('',(5.82354577992674,389.57237898125,106.640291346998));
#13383=CARTESIAN_POINT('Origin',(3.22546956857349,389.572378671429,108.140291346998));
#13384=CARTESIAN_POINT('',(3.22546956857349,389.572378671429,108.140291346998));
#13385=CARTESIAN_POINT('',(3.22546956857349,389.572378671429,108.140291346998));
#13386=CARTESIAN_POINT('',(3.22546956857349,392.572378671429,108.140291346998));
#13387=CARTESIAN_POINT('',(3.22546956857349,392.572378671429,108.140291346998));
#13388=CARTESIAN_POINT('',(3.22546956857349,389.572378671429,108.140291346998));
#13389=CARTESIAN_POINT('Origin',(3.22546956857341,389.57237898125,111.140291346998));
#13390=CARTESIAN_POINT('',(3.22546956857341,389.57237898125,111.140291346998));
#13391=CARTESIAN_POINT('',(3.22546956857341,389.57237898125,111.140291346998));
#13392=CARTESIAN_POINT('',(3.22546956857341,392.57237898125,111.140291346998));
#13393=CARTESIAN_POINT('',(3.22546956857341,392.57237898125,111.140291346998));
#13394=CARTESIAN_POINT('',(3.22546956857341,389.57237898125,111.140291346998));
#13395=CARTESIAN_POINT('Origin',(5.82354577992673,389.57237898125,112.640291346998));
#13396=CARTESIAN_POINT('',(5.82354577992673,389.57237898125,112.640291346998));
#13397=CARTESIAN_POINT('',(5.82354577992673,389.57237898125,112.640291346998));
#13398=CARTESIAN_POINT('',(5.82354577992673,392.57237898125,112.640291346998));
#13399=CARTESIAN_POINT('',(5.82354577992673,392.57237898125,112.640291346998));
#13400=CARTESIAN_POINT('',(5.82354577992673,389.57237898125,112.640291346998));
#13401=CARTESIAN_POINT('Origin',(8.42162199128005,389.57237898125,111.140291346998));
#13402=CARTESIAN_POINT('',(8.42162199128005,389.57237898125,111.140291346998));
#13403=CARTESIAN_POINT('',(8.42162199128005,392.57237898125,111.140291346998));
#13404=CARTESIAN_POINT('Origin',(2.22562199128006,389.57237898125,108.140291346998));
#13405=CARTESIAN_POINT('',(2.22562199128006,389.57237898125,108.140291346998));
#13406=CARTESIAN_POINT('',(2.22562199128005,389.57237898125,111.140291346998));
#13407=CARTESIAN_POINT('',(2.22562199128006,389.57237898125,108.140291346998));
#13408=CARTESIAN_POINT('',(2.22562199128005,392.57237898125,111.140291346998));
#13409=CARTESIAN_POINT('',(2.22562199128005,389.57237898125,111.140291346998));
#13410=CARTESIAN_POINT('',(2.22562199128006,392.57237898125,108.140291346998));
#13411=CARTESIAN_POINT('',(2.22562199128006,392.57237898125,108.140291346998));
#13412=CARTESIAN_POINT('',(2.22562199128006,389.57237898125,108.140291346998));
#13413=CARTESIAN_POINT('Origin',(-0.372454220073264,389.57237898125,106.640291346998));
#13414=CARTESIAN_POINT('',(-0.372454220073264,389.57237898125,106.640291346998));
#13415=CARTESIAN_POINT('',(-0.372454220073264,389.57237898125,106.640291346998));
#13416=CARTESIAN_POINT('',(-0.372454220073264,392.57237898125,106.640291346998));
#13417=CARTESIAN_POINT('',(-0.372454220073264,392.57237898125,106.640291346998));
#13418=CARTESIAN_POINT('',(-0.372454220073264,389.57237898125,106.640291346998));
#13419=CARTESIAN_POINT('Origin',(-2.9705304314265,389.572378671429,108.140291346998));
#13420=CARTESIAN_POINT('',(-2.9705304314265,389.572378671429,108.140291346998));
#13421=CARTESIAN_POINT('',(-2.9705304314265,389.572378671429,108.140291346998));
#13422=CARTESIAN_POINT('',(-2.9705304314265,392.572378671429,108.140291346998));
#13423=CARTESIAN_POINT('',(-2.9705304314265,392.572378671429,108.140291346998));
#13424=CARTESIAN_POINT('',(-2.9705304314265,389.572378671429,108.140291346998));
#13425=CARTESIAN_POINT('Origin',(-2.97053043142659,389.57237898125,111.140291346998));
#13426=CARTESIAN_POINT('',(-2.97053043142659,389.57237898125,111.140291346998));
#13427=CARTESIAN_POINT('',(-2.97053043142659,389.57237898125,111.140291346998));
#13428=CARTESIAN_POINT('',(-2.97053043142659,392.57237898125,111.140291346998));
#13429=CARTESIAN_POINT('',(-2.97053043142659,392.57237898125,111.140291346998));
#13430=CARTESIAN_POINT('',(-2.97053043142659,389.57237898125,111.140291346998));
#13431=CARTESIAN_POINT('Origin',(-0.372454220073273,389.57237898125,112.640291346998));
#13432=CARTESIAN_POINT('',(-0.372454220073273,389.57237898125,112.640291346998));
#13433=CARTESIAN_POINT('',(-0.372454220073273,389.57237898125,112.640291346998));
#13434=CARTESIAN_POINT('',(-0.372454220073273,392.57237898125,112.640291346998));
#13435=CARTESIAN_POINT('',(-0.372454220073273,392.57237898125,112.640291346998));
#13436=CARTESIAN_POINT('',(-0.372454220073273,389.57237898125,112.640291346998));
#13437=CARTESIAN_POINT('Origin',(2.22562199128005,389.57237898125,111.140291346998));
#13438=CARTESIAN_POINT('',(2.22562199128005,389.57237898125,111.140291346998));
#13439=CARTESIAN_POINT('',(2.22562199128005,392.57237898125,111.140291346998));
#13440=CARTESIAN_POINT('Origin',(8.92146956857326,389.572378240025,107.274265943213));
#13441=CARTESIAN_POINT('',(8.92146956857326,389.572378240025,107.274265943213));
#13442=CARTESIAN_POINT('',(6.32339335721994,389.572378240025,105.774265943213));
#13443=CARTESIAN_POINT('',(8.92146956857326,389.572378240025,107.274265943213));
#13444=CARTESIAN_POINT('',(6.32339335721994,392.572378240025,105.774265943213));
#13445=CARTESIAN_POINT('',(6.32339335721994,389.572378240025,105.774265943213));
#13446=CARTESIAN_POINT('',(8.92146956857326,392.572378240025,107.274265943213));
#13447=CARTESIAN_POINT('',(8.92146956857326,392.572378240025,107.274265943213));
#13448=CARTESIAN_POINT('',(8.92146956857326,389.572378240025,107.274265943213));
#13449=CARTESIAN_POINT('Origin',(10.2040996801694,389.572378240025,106.533739103013));
#13450=CARTESIAN_POINT('',(10.2040996801694,389.572378240025,106.533739103013));
#13451=CARTESIAN_POINT('',(11.5195457799266,389.572378240025,105.774265943213));
#13452=CARTESIAN_POINT('',(10.2040996801694,392.572378240025,106.533739103013));
#13453=CARTESIAN_POINT('',(11.5195457799266,392.572378240025,105.774265943213));
#13454=CARTESIAN_POINT('',(10.2040996801694,389.572378240025,106.533739103013));
#13455=CARTESIAN_POINT('Origin',(10.9254695685717,389.572378240025,106.950222202267));
#13456=CARTESIAN_POINT('',(10.9254695685717,389.572378240025,106.950222202267));
#13457=CARTESIAN_POINT('',(10.9254695685717,389.572378240025,106.950222202267));
#13458=CARTESIAN_POINT('',(10.9254695685717,392.572378240025,106.950222202267));
#13459=CARTESIAN_POINT('',(10.9254695685717,392.572378240025,106.950222202267));
#13460=CARTESIAN_POINT('',(10.9254695685717,389.572378240025,106.950222202267));
#13461=CARTESIAN_POINT('Origin',(9.22546956857158,389.572378240025,109.894708575134));
#13462=CARTESIAN_POINT('',(11.1896268122871,389.572378882282,107.11944528637));
#13463=CARTESIAN_POINT('Origin',(9.22546956857158,389.572378240025,109.894708575134));
#13464=CARTESIAN_POINT('',(11.1896268122871,392.572378882282,107.11944528637));
#13465=CARTESIAN_POINT('Origin',(9.22546956857158,392.572378240025,109.894708575134));
#13466=CARTESIAN_POINT('',(11.1896268122871,389.572378882282,107.11944528637));
#13467=CARTESIAN_POINT('Origin',(9.42146956857349,389.572378671429,108.140291346998));
#13468=CARTESIAN_POINT('',(9.42146956857349,389.572378671429,108.140291346998));
#13469=CARTESIAN_POINT('',(9.42146956857349,389.572378671429,108.140291346998));
#13470=CARTESIAN_POINT('',(9.42146956857349,392.572378671429,108.140291346998));
#13471=CARTESIAN_POINT('',(9.42146956857349,392.572378671429,108.140291346998));
#13472=CARTESIAN_POINT('',(9.42146956857349,389.572378671429,108.140291346998));
#13473=CARTESIAN_POINT('Origin',(9.42146956857341,389.57237898125,111.140291346998));
#13474=CARTESIAN_POINT('',(9.42146956857341,389.57237898125,111.140291346998));
#13475=CARTESIAN_POINT('',(9.42146956857341,389.57237898125,111.140291346998));
#13476=CARTESIAN_POINT('',(9.42146956857341,392.57237898125,111.140291346998));
#13477=CARTESIAN_POINT('',(9.42146956857341,392.57237898125,111.140291346998));
#13478=CARTESIAN_POINT('',(9.42146956857341,389.57237898125,111.140291346998));
#13479=CARTESIAN_POINT('Origin',(12.0195457799267,389.57237898125,112.640291346998));
#13480=CARTESIAN_POINT('',(12.0195457799267,389.57237898125,112.640291346998));
#13481=CARTESIAN_POINT('',(12.0195457799267,389.57237898125,112.640291346998));
#13482=CARTESIAN_POINT('',(12.0195457799267,392.57237898125,112.640291346998));
#13483=CARTESIAN_POINT('',(12.0195457799267,392.57237898125,112.640291346998));
#13484=CARTESIAN_POINT('',(12.0195457799267,389.57237898125,112.640291346998));
#13485=CARTESIAN_POINT('Origin',(12.5330651977319,389.57237898125,112.343810772894));
#13486=CARTESIAN_POINT('',(12.5330651977319,389.57237898125,112.343810772894));
#13487=CARTESIAN_POINT('',(14.61762199128,389.57237898125,111.140291346998));
#13488=CARTESIAN_POINT('',(12.5330651977319,392.57237898125,112.343810772894));
#13489=CARTESIAN_POINT('',(14.61762199128,392.57237898125,111.140291346998));
#13490=CARTESIAN_POINT('',(12.5330651977319,389.57237898125,112.343810772894));
#13491=CARTESIAN_POINT('Origin',(10.2254695685715,389.572378240025,111.684263646238));
#13492=CARTESIAN_POINT('',(11.5195457799266,389.572378240025,113.705492668196));
#13493=CARTESIAN_POINT('Origin',(10.2254695685715,389.572378240025,111.684263646238));
#13494=CARTESIAN_POINT('',(11.5195457799266,392.572378240025,113.705492668196));
#13495=CARTESIAN_POINT('Origin',(10.2254695685715,392.572378240025,111.684263646238));
#13496=CARTESIAN_POINT('',(11.5195457799266,389.572378240025,113.705492668196));
#13497=CARTESIAN_POINT('Origin',(11.5195457799266,389.572378240025,113.506265943213));
#13498=CARTESIAN_POINT('',(11.5195457799266,389.572378240025,113.506265943213));
#13499=CARTESIAN_POINT('',(11.5195457799266,389.572378240025,113.506265943213));
#13500=CARTESIAN_POINT('',(11.5195457799266,392.572378240025,113.506265943213));
#13501=CARTESIAN_POINT('',(11.5195457799266,392.572378240025,113.506265943213));
#13502=CARTESIAN_POINT('',(11.5195457799266,389.572378240025,113.506265943213));
#13503=CARTESIAN_POINT('Origin',(8.92146956857325,389.572378240025,112.006265943213));
#13504=CARTESIAN_POINT('',(8.92146956857325,389.572378240025,112.006265943213));
#13505=CARTESIAN_POINT('',(8.92146956857325,389.572378240025,112.006265943213));
#13506=CARTESIAN_POINT('',(8.92146956857325,392.572378240025,112.006265943213));
#13507=CARTESIAN_POINT('',(8.92146956857325,392.572378240025,112.006265943213));
#13508=CARTESIAN_POINT('',(8.92146956857325,389.572378240025,112.006265943213));
#13509=CARTESIAN_POINT('Origin',(6.32339335721994,389.572378240025,113.506265943213));
#13510=CARTESIAN_POINT('',(6.32339335721994,389.572378240025,113.506265943213));
#13511=CARTESIAN_POINT('',(6.32339335721994,389.572378240025,113.506265943213));
#13512=CARTESIAN_POINT('',(6.32339335721994,392.572378240025,113.506265943213));
#13513=CARTESIAN_POINT('',(6.32339335721994,392.572378240025,113.506265943213));
#13514=CARTESIAN_POINT('',(6.32339335721994,389.572378240025,113.506265943213));
#13515=CARTESIAN_POINT('Origin',(6.32339335721993,389.572378240025,114.084263646234));
#13516=CARTESIAN_POINT('',(6.32339335721994,389.572378240025,114.084263646234));
#13517=CARTESIAN_POINT('',(6.32339335721994,389.572378240025,116.506265943213));
#13518=CARTESIAN_POINT('',(6.32339335721994,392.572378240025,114.084263646234));
#13519=CARTESIAN_POINT('',(6.32339335721994,392.572378240025,116.506265943213));
#13520=CARTESIAN_POINT('',(6.32339335721994,389.572378240025,114.084263646234));
#13521=CARTESIAN_POINT('Origin',(5.32354577992657,389.572378240025,114.084263646234));
#13522=CARTESIAN_POINT('',(5.32354577992657,389.572378240025,114.084263646234));
#13523=CARTESIAN_POINT('',(-6.27453043142873,389.572378240024,114.08426364623));
#13524=CARTESIAN_POINT('',(5.32354577992657,392.572378240025,114.084263646234));
#13525=CARTESIAN_POINT('',(-6.27453043142873,392.572378240024,114.08426364623));
#13526=CARTESIAN_POINT('',(5.32354577992657,389.572378240025,114.084263646234));
#13527=CARTESIAN_POINT('Origin',(5.32354577992657,389.572378240025,113.506265943213));
#13528=CARTESIAN_POINT('',(5.32354577992657,389.572378240025,113.506265943213));
#13529=CARTESIAN_POINT('',(5.32354577992657,389.572378240025,113.506265943213));
#13530=CARTESIAN_POINT('',(5.32354577992657,392.572378240025,113.506265943213));
#13531=CARTESIAN_POINT('',(5.32354577992657,392.572378240025,113.506265943213));
#13532=CARTESIAN_POINT('',(5.32354577992657,389.572378240025,113.506265943213));
#13533=CARTESIAN_POINT('Origin',(2.72546956857325,389.572378240025,112.006265943213));
#13534=CARTESIAN_POINT('',(2.72546956857325,389.572378240025,112.006265943213));
#13535=CARTESIAN_POINT('',(2.72546956857325,389.572378240025,112.006265943213));
#13536=CARTESIAN_POINT('',(2.72546956857325,392.572378240025,112.006265943213));
#13537=CARTESIAN_POINT('',(2.72546956857325,392.572378240025,112.006265943213));
#13538=CARTESIAN_POINT('',(2.72546956857325,389.572378240025,112.006265943213));
#13539=CARTESIAN_POINT('Origin',(0.12739335721994,389.572378240025,113.506265943213));
#13540=CARTESIAN_POINT('',(0.12739335721994,389.572378240025,113.506265943213));
#13541=CARTESIAN_POINT('',(0.12739335721994,389.572378240025,113.506265943213));
#13542=CARTESIAN_POINT('',(0.12739335721994,392.572378240025,113.506265943213));
#13543=CARTESIAN_POINT('',(0.12739335721994,392.572378240025,113.506265943213));
#13544=CARTESIAN_POINT('',(0.12739335721994,389.572378240025,113.506265943213));
#13545=CARTESIAN_POINT('Origin',(0.12739335721994,389.572378240025,114.084263646232));
#13546=CARTESIAN_POINT('',(0.12739335721994,389.572378240025,114.084263646232));
#13547=CARTESIAN_POINT('',(0.127393357219949,389.572378240025,116.506265943213));
#13548=CARTESIAN_POINT('',(0.12739335721994,392.572378240025,114.084263646232));
#13549=CARTESIAN_POINT('',(0.127393357219949,392.572378240025,116.506265943213));
#13550=CARTESIAN_POINT('',(0.12739335721994,389.572378240025,114.084263646232));
#13551=CARTESIAN_POINT('Origin',(-0.872454220073431,389.572378240024,114.084263646232));
#13552=CARTESIAN_POINT('',(-0.872454220073431,389.572378240025,114.084263646232));
#13553=CARTESIAN_POINT('',(-6.27453043142873,389.572378240024,114.08426364623));
#13554=CARTESIAN_POINT('',(-0.872454220073431,392.572378240025,114.084263646232));
#13555=CARTESIAN_POINT('',(-6.27453043142873,392.572378240024,114.08426364623));
#13556=CARTESIAN_POINT('',(-0.872454220073431,389.572378240025,114.084263646232));
#13557=CARTESIAN_POINT('Origin',(-0.872454220073431,389.572378240025,113.506265943213));
#13558=CARTESIAN_POINT('',(-0.872454220073431,389.572378240025,113.506265943213));
#13559=CARTESIAN_POINT('',(-0.872454220073431,389.572378240025,113.506265943213));
#13560=CARTESIAN_POINT('',(-0.872454220073431,392.572378240025,113.506265943213));
#13561=CARTESIAN_POINT('',(-0.872454220073431,392.572378240025,113.506265943213));
#13562=CARTESIAN_POINT('',(-0.872454220073431,389.572378240025,113.506265943213));
#13563=CARTESIAN_POINT('Origin',(-3.47053043142675,389.572378240025,112.006265943213));
#13564=CARTESIAN_POINT('',(-3.47053043142675,389.572378240025,112.006265943213));
#13565=CARTESIAN_POINT('',(-3.47053043142675,389.572378240025,112.006265943213));
#13566=CARTESIAN_POINT('',(-3.47053043142675,392.572378240025,112.006265943213));
#13567=CARTESIAN_POINT('',(-3.47053043142675,392.572378240025,112.006265943213));
#13568=CARTESIAN_POINT('',(-3.47053043142675,389.572378240025,112.006265943213));
#13569=CARTESIAN_POINT('Origin',(-6.06860664278006,389.572378240025,113.506265943213));
#13570=CARTESIAN_POINT('',(-6.06860664278006,389.572378240025,113.506265943213));
#13571=CARTESIAN_POINT('',(-6.06860664278006,389.572378240025,113.506265943213));
#13572=CARTESIAN_POINT('',(-6.06860664278006,392.572378240025,113.506265943213));
#13573=CARTESIAN_POINT('',(-6.06860664278006,392.572378240025,113.506265943213));
#13574=CARTESIAN_POINT('',(-6.06860664278006,389.572378240025,113.506265943213));
#13575=CARTESIAN_POINT('Origin',(-6.06860664278006,389.572378240025,114.08426364623));
#13576=CARTESIAN_POINT('',(-6.06860664278006,389.572378240025,114.08426364623));
#13577=CARTESIAN_POINT('',(-6.06860664278005,389.572378240025,116.506265943213));
#13578=CARTESIAN_POINT('',(-6.06860664278006,392.572378240025,114.08426364623));
#13579=CARTESIAN_POINT('',(-6.06860664278005,392.572378240025,116.506265943213));
#13580=CARTESIAN_POINT('',(-6.06860664278006,389.572378240025,114.08426364623));
#13581=CARTESIAN_POINT('Origin',(-6.27453043142873,389.572378240024,114.08426364623));
#13582=CARTESIAN_POINT('',(-6.27453043142873,389.572378240024,114.08426364623));
#13583=CARTESIAN_POINT('',(-6.27453043142873,389.572378240024,114.08426364623));
#13584=CARTESIAN_POINT('',(-6.27453043142873,392.572378240024,114.08426364623));
#13585=CARTESIAN_POINT('',(-6.27453043142873,392.572378240024,114.08426364623));
#13586=CARTESIAN_POINT('',(-6.27453043142873,389.572378240024,114.08426364623));
#13587=CARTESIAN_POINT('Origin',(-6.27453043142852,389.572378240024,111.684263646237));
#13588=CARTESIAN_POINT('',(-7.06845422007342,389.572378240025,113.949144441729));
#13589=CARTESIAN_POINT('Origin',(-6.27453043142852,389.572378240024,111.684263646237));
#13590=CARTESIAN_POINT('',(-7.06845422007342,392.572378240025,113.949144441729));
#13591=CARTESIAN_POINT('Origin',(-6.27453043142852,392.572378240024,111.684263646237));
#13592=CARTESIAN_POINT('',(-7.06845422007342,389.572378240025,113.949144441729));
#13593=CARTESIAN_POINT('Origin',(-7.06845422007343,389.572378240025,113.506265943213));
#13594=CARTESIAN_POINT('',(-7.06845422007343,389.572378240025,113.506265943213));
#13595=CARTESIAN_POINT('',(-7.06845422007343,389.572378240025,113.506265943213));
#13596=CARTESIAN_POINT('',(-7.06845422007343,392.572378240025,113.506265943213));
#13597=CARTESIAN_POINT('',(-7.06845422007343,392.572378240025,113.506265943213));
#13598=CARTESIAN_POINT('',(-7.06845422007343,389.572378240025,113.506265943213));
#13599=CARTESIAN_POINT('Origin',(-8.44303711029391,389.572378240025,112.712650141521));
#13600=CARTESIAN_POINT('',(-8.44303711029392,389.572378240025,112.712650141521));
#13601=CARTESIAN_POINT('',(-9.66653043142675,389.572378240025,112.006265943213));
#13602=CARTESIAN_POINT('',(-8.44303711029392,392.572378240025,112.712650141521));
#13603=CARTESIAN_POINT('',(-9.66653043142675,392.572378240025,112.006265943213));
#13604=CARTESIAN_POINT('',(-8.44303711029392,389.572378240025,112.712650141521));
#13605=CARTESIAN_POINT('Origin',(-6.27453043142852,389.572378240024,111.684263646237));
#13606=CARTESIAN_POINT('',(-8.67453043142152,389.572378240024,111.684263646237));
#13607=CARTESIAN_POINT('Origin',(-6.27453043142852,389.572378240024,111.684263646237));
#13608=CARTESIAN_POINT('',(-8.67453043142152,392.572378240024,111.684263646237));
#13609=CARTESIAN_POINT('Origin',(-6.27453043142852,392.572378240024,111.684263646237));
#13610=CARTESIAN_POINT('',(-8.67453043142152,389.572378240024,111.684263646237));
#13611=CARTESIAN_POINT('Origin',(-8.67453043142855,389.572378240024,111.424347679438));
#13612=CARTESIAN_POINT('',(-8.67453043142855,389.57237898125,111.424347679438));
#13613=CARTESIAN_POINT('',(-8.67453043142844,389.572378240024,110.760733978918));
#13614=CARTESIAN_POINT('',(-8.67453043142855,392.57237898125,111.424347679438));
#13615=CARTESIAN_POINT('',(-8.67453043142844,392.572378240024,110.760733978918));
#13616=CARTESIAN_POINT('',(-8.67453043142855,389.57237898125,111.424347679438));
#13617=CARTESIAN_POINT('Origin',(-6.56845422007327,389.57237898125,112.640291346998));
#13618=CARTESIAN_POINT('',(-6.56845422007327,389.57237898125,112.640291346998));
#13619=CARTESIAN_POINT('',(-6.56845422007327,389.57237898125,112.640291346998));
#13620=CARTESIAN_POINT('',(-6.56845422007327,392.57237898125,112.640291346998));
#13621=CARTESIAN_POINT('',(-6.56845422007327,392.57237898125,112.640291346998));
#13622=CARTESIAN_POINT('',(-6.56845422007327,389.57237898125,112.640291346998));
#13623=CARTESIAN_POINT('Origin',(-3.97037800871995,389.57237898125,111.140291346998));
#13624=CARTESIAN_POINT('',(-3.97037800871995,389.57237898125,111.140291346998));
#13625=CARTESIAN_POINT('',(-3.97037800871995,389.57237898125,111.140291346998));
#13626=CARTESIAN_POINT('',(-3.97037800871995,392.57237898125,111.140291346998));
#13627=CARTESIAN_POINT('',(-3.97037800871995,392.57237898125,111.140291346998));
#13628=CARTESIAN_POINT('',(-3.97037800871995,389.57237898125,111.140291346998));
#13629=CARTESIAN_POINT('Origin',(-3.97037800871995,389.57237898125,108.140291346998));
#13630=CARTESIAN_POINT('',(-3.97037800871995,389.57237898125,108.140291346998));
#13631=CARTESIAN_POINT('',(-3.97037800871995,389.57237898125,108.140291346998));
#13632=CARTESIAN_POINT('',(-3.97037800871995,392.57237898125,108.140291346998));
#13633=CARTESIAN_POINT('',(-3.97037800871995,392.57237898125,108.140291346998));
#13634=CARTESIAN_POINT('',(-3.97037800871995,389.57237898125,108.140291346998));
#13635=CARTESIAN_POINT('Origin',(-5.75308433167161,389.57237898125,107.111045371556));
#13636=CARTESIAN_POINT('',(-5.75308433167161,389.57237898125,107.111045371556));
#13637=CARTESIAN_POINT('',(-6.56845422007327,389.57237898125,106.640291346998));
#13638=CARTESIAN_POINT('',(-5.75308433167161,392.57237898125,107.111045371556));
#13639=CARTESIAN_POINT('',(-6.56845422007327,392.57237898125,106.640291346998));
#13640=CARTESIAN_POINT('',(-5.75308433167161,389.57237898125,107.111045371556));
#13641=CARTESIAN_POINT('Origin',(-4.75316054302479,389.572378240024,106.533739103011));
#13642=CARTESIAN_POINT('',(-4.75316054302479,389.572378240025,106.533739103011));
#13643=CARTESIAN_POINT('',(1.02546956857177,389.572378240025,103.197445452534));
#13644=CARTESIAN_POINT('',(-4.75316054302479,392.572378240025,106.533739103011));
#13645=CARTESIAN_POINT('',(1.02546956857177,392.572378240025,103.197445452534));
#13646=CARTESIAN_POINT('',(-4.75316054302479,389.572378240025,106.533739103011));
#13647=CARTESIAN_POINT('Origin',(-3.47053043142674,389.572378240025,107.274265943213));
#13648=CARTESIAN_POINT('',(-3.47053043142674,389.572378240025,107.274265943213));
#13649=CARTESIAN_POINT('',(-3.47053043142674,389.572378240025,107.274265943213));
#13650=CARTESIAN_POINT('',(-3.47053043142674,392.572378240025,107.274265943213));
#13651=CARTESIAN_POINT('',(-3.47053043142674,392.572378240025,107.274265943213));
#13652=CARTESIAN_POINT('',(-3.47053043142674,389.572378240025,107.274265943213));
#13653=CARTESIAN_POINT('Origin',(-0.872454220073422,389.572378240025,105.774265943213));
#13654=CARTESIAN_POINT('',(-0.872454220073422,389.572378240025,105.774265943213));
#13655=CARTESIAN_POINT('',(-0.872454220073422,389.572378240025,105.774265943213));
#13656=CARTESIAN_POINT('',(-0.872454220073422,392.572378240025,105.774265943213));
#13657=CARTESIAN_POINT('',(-0.872454220073422,392.572378240025,105.774265943213));
#13658=CARTESIAN_POINT('',(-0.872454220073422,389.572378240025,105.774265943213));
#13659=CARTESIAN_POINT('Origin',(-0.872454220073422,389.572378240025,104.29321226281));
#13660=CARTESIAN_POINT('',(-0.872454220073422,389.572378240025,104.29321226281));
#13661=CARTESIAN_POINT('',(-0.872454220073431,389.572378240025,102.774265943213));
#13662=CARTESIAN_POINT('',(-0.872454220073422,392.572378240025,104.29321226281));
#13663=CARTESIAN_POINT('',(-0.872454220073431,392.572378240025,102.774265943213));
#13664=CARTESIAN_POINT('',(-0.872454220073422,389.572378240025,104.29321226281));
#13665=CARTESIAN_POINT('Origin',(0.12739335721994,389.572378240025,103.715949994911));
#13666=CARTESIAN_POINT('',(0.12739335721994,389.572378240025,103.715949994911));
#13667=CARTESIAN_POINT('',(1.02546956857177,389.572378240025,103.197445452534));
#13668=CARTESIAN_POINT('',(0.12739335721994,392.572378240025,103.715949994911));
#13669=CARTESIAN_POINT('',(1.02546956857177,392.572378240025,103.197445452534));
#13670=CARTESIAN_POINT('',(0.12739335721994,389.572378240025,103.715949994911));
#13671=CARTESIAN_POINT('Origin',(0.12739335721994,389.572378240025,105.774265943213));
#13672=CARTESIAN_POINT('',(0.12739335721994,389.572378240025,105.774265943213));
#13673=CARTESIAN_POINT('',(0.12739335721994,389.572378240025,105.774265943213));
#13674=CARTESIAN_POINT('',(0.12739335721994,392.572378240025,105.774265943213));
#13675=CARTESIAN_POINT('',(0.12739335721994,392.572378240025,105.774265943213));
#13676=CARTESIAN_POINT('',(0.12739335721994,389.572378240025,105.774265943213));
#13677=CARTESIAN_POINT('Origin',(2.72546956857326,389.572378240025,107.274265943213));
#13678=CARTESIAN_POINT('',(2.72546956857326,389.572378240025,107.274265943213));
#13679=CARTESIAN_POINT('',(2.72546956857326,389.572378240025,107.274265943213));
#13680=CARTESIAN_POINT('',(2.72546956857326,392.572378240025,107.274265943213));
#13681=CARTESIAN_POINT('',(2.72546956857326,392.572378240025,107.274265943213));
#13682=CARTESIAN_POINT('',(2.72546956857326,389.572378240025,107.274265943213));
#13683=CARTESIAN_POINT('Origin',(5.32354577992658,389.572378240025,105.774265943213));
#13684=CARTESIAN_POINT('',(5.32354577992658,389.572378240025,105.774265943213));
#13685=CARTESIAN_POINT('',(5.32354577992658,389.572378240025,105.774265943213));
#13686=CARTESIAN_POINT('',(5.32354577992658,392.572378240025,105.774265943213));
#13687=CARTESIAN_POINT('',(5.32354577992658,392.572378240025,105.774265943213));
#13688=CARTESIAN_POINT('',(5.32354577992658,389.572378240025,105.774265943213));
#13689=CARTESIAN_POINT('Origin',(5.32354577992657,389.572378240025,103.715949994913));
#13690=CARTESIAN_POINT('',(5.32354577992658,389.572378240025,103.715949994913));
#13691=CARTESIAN_POINT('',(5.32354577992656,389.572378240025,102.774265943213));
#13692=CARTESIAN_POINT('',(5.32354577992658,392.572378240025,103.715949994913));
#13693=CARTESIAN_POINT('',(5.32354577992656,392.572378240025,102.774265943213));
#13694=CARTESIAN_POINT('',(5.32354577992658,389.572378240025,103.715949994913));
#13695=CARTESIAN_POINT('Origin',(6.32339335721994,389.572378240025,104.293212262812));
#13696=CARTESIAN_POINT('',(6.32339335721994,389.572378240025,104.293212262812));
#13697=CARTESIAN_POINT('',(10.9254695685717,389.572378240025,106.950222202267));
#13698=CARTESIAN_POINT('',(6.32339335721994,392.572378240025,104.293212262812));
#13699=CARTESIAN_POINT('',(10.9254695685717,392.572378240025,106.950222202267));
#13700=CARTESIAN_POINT('',(6.32339335721994,389.572378240025,104.293212262812));
#13701=CARTESIAN_POINT('Origin',(6.32339335721994,389.572378240025,105.774265943213));
#13702=CARTESIAN_POINT('',(6.32339335721994,389.572378240025,105.774265943213));
#13703=CARTESIAN_POINT('',(6.32339335721994,392.572378240025,105.774265943213));
#13704=CARTESIAN_POINT('Origin',(-38.780454220074,389.57237898125,80.1272786451057));
#13705=CARTESIAN_POINT('Origin',(-38.780454220074,392.57237898125,80.1272786451057));
#13706=CARTESIAN_POINT('',(60.9997249074388,-159.99999999993,2.62900812231237E-12));
#13707=CARTESIAN_POINT('',(0.,0.,0.));
#13708=UNCERTAINTY_MEASURE_WITH_UNIT(LENGTH_MEASURE(0.01),#13716,
'DISTANCE_ACCURACY_VALUE',
'Maximum model space distance between geometric entities at asserted c
onnectivities');
#13709=UNCERTAINTY_MEASURE_WITH_UNIT(LENGTH_MEASURE(0.01),#13716,
'DISTANCE_ACCURACY_VALUE',
'Maximum model space distance between geometric entities at asserted c
onnectivities');
#13710=UNCERTAINTY_MEASURE_WITH_UNIT(LENGTH_MEASURE(0.01),#13716,
'DISTANCE_ACCURACY_VALUE',
'Maximum model space distance between geometric entities at asserted c
onnectivities');
#13711=UNCERTAINTY_MEASURE_WITH_UNIT(LENGTH_MEASURE(0.01),#13716,
'DISTANCE_ACCURACY_VALUE',
'Maximum model space distance between geometric entities at asserted c
onnectivities');
#13712=(
GEOMETRIC_REPRESENTATION_CONTEXT(3)
GLOBAL_UNCERTAINTY_ASSIGNED_CONTEXT((#13708))
GLOBAL_UNIT_ASSIGNED_CONTEXT((#13716,#13718,#13719))
REPRESENTATION_CONTEXT('','3D')
);
#13713=(
GEOMETRIC_REPRESENTATION_CONTEXT(3)
GLOBAL_UNCERTAINTY_ASSIGNED_CONTEXT((#13709))
GLOBAL_UNIT_ASSIGNED_CONTEXT((#13716,#13718,#13719))
REPRESENTATION_CONTEXT('','3D')
);
#13714=(
GEOMETRIC_REPRESENTATION_CONTEXT(3)
GLOBAL_UNCERTAINTY_ASSIGNED_CONTEXT((#13710))
GLOBAL_UNIT_ASSIGNED_CONTEXT((#13716,#13718,#13719))
REPRESENTATION_CONTEXT('','3D')
);
#13715=(
GEOMETRIC_REPRESENTATION_CONTEXT(3)
GLOBAL_UNCERTAINTY_ASSIGNED_CONTEXT((#13711))
GLOBAL_UNIT_ASSIGNED_CONTEXT((#13716,#13718,#13719))
REPRESENTATION_CONTEXT('','3D')
);
#13716=(
LENGTH_UNIT()
NAMED_UNIT(*)
SI_UNIT(.MILLI.,.METRE.)
);
#13717=(
LENGTH_UNIT()
NAMED_UNIT(*)
SI_UNIT($,.METRE.)
);
#13718=(
NAMED_UNIT(*)
PLANE_ANGLE_UNIT()
SI_UNIT($,.RADIAN.)
);
#13719=(
NAMED_UNIT(*)
SI_UNIT($,.STERADIAN.)
SOLID_ANGLE_UNIT()
);
#13720=SHAPE_DEFINITION_REPRESENTATION(#13723,#13728);
#13721=SHAPE_DEFINITION_REPRESENTATION(#13724,#13729);
#13722=SHAPE_DEFINITION_REPRESENTATION(#13725,#13730);
#13723=PRODUCT_DEFINITION_SHAPE('',$,#13732);
#13724=PRODUCT_DEFINITION_SHAPE('',$,#13733);
#13725=PRODUCT_DEFINITION_SHAPE('',$,#13734);
#13726=PRODUCT_DEFINITION_SHAPE($,$,#17);
#13727=PRODUCT_DEFINITION_SHAPE($,$,#18);
#13728=SHAPE_REPRESENTATION('',(#8191,#8811,#8812),#13712);
#13729=SHAPE_REPRESENTATION('',(#8192),#13713);
#13730=SHAPE_REPRESENTATION('',(#8581),#13714);
#13731=PRODUCT_DEFINITION_CONTEXT('part definition',#13742,'design');
#13732=PRODUCT_DEFINITION('Left_Power_Inlet','Left_Power_Inlet',#13735,
#13731);
#13733=PRODUCT_DEFINITION('Filtered','Filtered',#13736,#13731);
#13734=PRODUCT_DEFINITION('Hexagons (8)','Hexagons (8)',#13737,#13731);
#13735=PRODUCT_DEFINITION_FORMATION('',$,#13744);
#13736=PRODUCT_DEFINITION_FORMATION('',$,#13745);
#13737=PRODUCT_DEFINITION_FORMATION('',$,#13746);
#13738=PRODUCT_RELATED_PRODUCT_CATEGORY('Left_Power_Inlet',
'Left_Power_Inlet',(#13744));
#13739=PRODUCT_RELATED_PRODUCT_CATEGORY('Filtered','Filtered',(#13745));
#13740=PRODUCT_RELATED_PRODUCT_CATEGORY('Hexagons (8)','Hexagons (8)',(#13746));
#13741=APPLICATION_PROTOCOL_DEFINITION('international standard',
'automotive_design',2009,#13742);
#13742=APPLICATION_CONTEXT(
'Core Data for Automotive Mechanical Design Process');
#13743=PRODUCT_CONTEXT('part definition',#13742,'mechanical');
#13744=PRODUCT('Left_Power_Inlet','Left_Power_Inlet',$,(#13743));
#13745=PRODUCT('Filtered','Filtered',$,(#13743));
#13746=PRODUCT('Hexagons (8)','Hexagons (8)',$,(#13743));
#13747=PRESENTATION_STYLE_ASSIGNMENT((#13749));
#13748=PRESENTATION_STYLE_ASSIGNMENT((#13750));
#13749=SURFACE_STYLE_USAGE(.BOTH.,#13751);
#13750=SURFACE_STYLE_USAGE(.BOTH.,#13752);
#13751=SURFACE_SIDE_STYLE('',(#13753));
#13752=SURFACE_SIDE_STYLE('',(#13754));
#13753=SURFACE_STYLE_FILL_AREA(#13755);
#13754=SURFACE_STYLE_FILL_AREA(#13756);
#13755=FILL_AREA_STYLE('ABS (White)',(#13757));
#13756=FILL_AREA_STYLE('Opaque(63,63,63)',(#13758));
#13757=FILL_AREA_STYLE_COLOUR('ABS (White)',#13759);
#13758=FILL_AREA_STYLE_COLOUR('Opaque(63,63,63)',#13760);
#13759=COLOUR_RGB('ABS (White)',0.964705882352941,0.964705882352941,0.952941176470588);
#13760=COLOUR_RGB('Opaque(63,63,63)',0.247058823529412,0.247058823529412,
0.247058823529412);
ENDSEC;
END-ISO-10303-21;
