ISO-10303-21;
HEADER;
/* Generated by software containing ST-Developer
 * from STEP Tools, Inc. (www.steptools.com) 
 */

FILE_DESCRIPTION(
/* description */ (''),
/* implementation_level */ '2;1');

FILE_NAME(
/* name */ 'Trident Right_Keystone Meshed.step',
/* time_stamp */ '2025-07-07T09:02:43-04:00',
/* author */ (''),
/* organization */ (''),
/* preprocessor_version */ 'ST-DEVELOPER v20.1',
/* originating_system */ 'Autodesk Translation Framework v14.10.0.0',
/* authorisation */ '');

FILE_SCHEMA (('AUTOMOTIVE_DESIGN { 1 0 10303 214 3 1 1 }'));
ENDSEC;

DATA;
#10=MECHANICAL_DESIGN_GEOMETRIC_PRESENTATION_REPRESENTATION('',(#23,#24,
#25,#26),#15380);
#11=ITEM_DEFINED_TRANSFORMATION($,$,#9140,#9833);
#12=ITEM_DEFINED_TRANSFORMATION($,$,#9603,#9834);
#13=(
REPRESENTATION_RELATIONSHIP($,$,#15394,#15393)
REPRESENTATION_RELATIONSHIP_WITH_TRANSFORMATION(#11)
SHAPE_REPRESENTATION_RELATIONSHIP()
);
#14=(
REPRESENTATION_RELATIONSHIP($,$,#15395,#15393)
REPRESENTATION_RELATIONSHIP_WITH_TRANSFORMATION(#12)
SHAPE_REPRESENTATION_RELATIONSHIP()
);
#15=CONTEXT_DEPENDENT_SHAPE_REPRESENTATION(#13,#15391);
#16=CONTEXT_DEPENDENT_SHAPE_REPRESENTATION(#14,#15392);
#17=NEXT_ASSEMBLY_USAGE_OCCURRENCE('Keystone Panel:1',
'Keystone Panel:1','Keystone Panel:1',#15397,#15398,'Keystone Panel:1');
#18=NEXT_ASSEMBLY_USAGE_OCCURRENCE('Hexagons (9):1','Hexagons (9):1',
'Hexagons (9):1',#15397,#15399,'Hexagons (9):1');
#19=SHAPE_REPRESENTATION_RELATIONSHIP('SRR','None',#15394,#21);
#20=SHAPE_REPRESENTATION_RELATIONSHIP('SRR','None',#15395,#22);
#21=ADVANCED_BREP_SHAPE_REPRESENTATION('',(#27),#15378);
#22=ADVANCED_BREP_SHAPE_REPRESENTATION('',(#28,#29,#30),#15379);
#23=STYLED_ITEM('',(#15413),#27);
#24=STYLED_ITEM('',(#15412),#28);
#25=STYLED_ITEM('',(#15412),#29);
#26=STYLED_ITEM('',(#15412),#30);
#27=MANIFOLD_SOLID_BREP('Body1',#9112);
#28=MANIFOLD_SOLID_BREP('Body1',#9113);
#29=MANIFOLD_SOLID_BREP('Body2',#9114);
#30=MANIFOLD_SOLID_BREP('Body3',#9115);
#31=B_SPLINE_SURFACE_WITH_KNOTS('',3,3,((#13684,#13685,#13686,#13687,#13688),
(#13689,#13690,#13691,#13692,#13693),(#13694,#13695,#13696,#13697,#13698),
(#13699,#13700,#13701,#13702,#13703),(#13704,#13705,#13706,#13707,#13708),
(#13709,#13710,#13711,#13712,#13713)),.UNSPECIFIED.,.F.,.F.,.F.,(4,1,1,
4),(4,1,4),(0.,0.285714285714286,0.571428571428571,1.),(0.,0.273857743969632,
0.479251051946857),.UNSPECIFIED.);
#32=B_SPLINE_SURFACE_WITH_KNOTS('',3,3,((#13727,#13728,#13729,#13730),(#13731,
#13732,#13733,#13734),(#13735,#13736,#13737,#13738),(#13739,#13740,#13741,
#13742),(#13743,#13744,#13745,#13746),(#13747,#13748,#13749,#13750)),
 .UNSPECIFIED.,.F.,.F.,.F.,(4,1,1,4),(4,4),(0.,0.285714285714286,0.571428571428571,
1.),(-1.57079632679509,-1.17627746021153),.UNSPECIFIED.);
#33=TOROIDAL_SURFACE('',#9475,12.,1.);
#34=TOROIDAL_SURFACE('',#9483,5.00000000000014,1.);
#35=TOROIDAL_SURFACE('',#9489,5.00000000000012,1.);
#36=TOROIDAL_SURFACE('',#9494,4.00000000000004,1.);
#37=TOROIDAL_SURFACE('',#9499,12.,1.);
#38=TOROIDAL_SURFACE('',#9558,12.,1.);
#39=TOROIDAL_SURFACE('',#9562,12.,1.);
#40=CONICAL_SURFACE('',#9220,3.20000000000003,0.785398163397376);
#41=CONICAL_SURFACE('',#9224,3.19999999999993,0.78539816339745);
#42=CONICAL_SURFACE('',#9228,3.19999999999999,0.785398163397384);
#43=CONICAL_SURFACE('',#9232,3.2,0.785398163397447);
#44=CONICAL_SURFACE('',#9236,3.2,0.785398163397393);
#45=CONICAL_SURFACE('',#9240,3.2,0.785398163397428);
#46=CONICAL_SURFACE('',#9269,2.20000000000004,0.785398163380798);
#47=CONICAL_SURFACE('',#9272,3.20000000000002,0.785398163397424);
#48=CONICAL_SURFACE('',#9275,3.2,0.785398163397398);
#49=CONICAL_SURFACE('',#9278,3.2,0.785398163397414);
#50=CONICAL_SURFACE('',#9281,2.20000000000004,0.785398163380811);
#51=CONICAL_SURFACE('',#9292,3.20000000000002,0.78539816339737);
#52=CONICAL_SURFACE('',#9295,1.2,0.785398163397395);
#53=CONICAL_SURFACE('',#9298,1.2,0.785398163397453);
#54=CONICAL_SURFACE('',#9301,3.19999999999997,0.785398163397448);
#55=CONICAL_SURFACE('',#9309,1.8,0.78539816340119);
#56=CONICAL_SURFACE('',#9312,3.19999999999999,0.78539816338635);
#57=CONICAL_SURFACE('',#9315,5.80000000000014,0.785398163397486);
#58=CONICAL_SURFACE('',#9318,5.80000000000012,0.785398163397461);
#59=CONICAL_SURFACE('',#9321,3.20000000000007,0.785398163407894);
#60=CONICAL_SURFACE('',#9324,1.8,0.785398163401069);
#61=CONICAL_SURFACE('',#9327,1.8,0.785398163397325);
#62=CONICAL_SURFACE('',#9330,1.8,0.785398163397444);
#63=FACE_BOUND('',#757,.T.);
#64=FACE_BOUND('',#758,.T.);
#65=FACE_BOUND('',#779,.T.);
#66=FACE_BOUND('',#780,.T.);
#67=FACE_BOUND('',#781,.T.);
#68=FACE_BOUND('',#782,.T.);
#69=FACE_BOUND('',#783,.T.);
#70=FACE_BOUND('',#799,.T.);
#71=FACE_BOUND('',#800,.T.);
#72=FACE_BOUND('',#832,.T.);
#73=FACE_BOUND('',#837,.T.);
#74=FACE_BOUND('',#838,.T.);
#75=FACE_BOUND('',#839,.T.);
#76=FACE_BOUND('',#918,.T.);
#77=FACE_BOUND('',#921,.T.);
#78=FACE_BOUND('',#1067,.T.);
#79=FACE_BOUND('',#1068,.T.);
#80=FACE_BOUND('',#1070,.T.);
#81=FACE_BOUND('',#1071,.T.);
#82=FACE_BOUND('',#1124,.T.);
#83=FACE_BOUND('',#1126,.T.);
#84=FACE_BOUND('',#1226,.T.);
#85=FACE_BOUND('',#1227,.T.);
#86=FACE_BOUND('',#1228,.T.);
#87=FACE_BOUND('',#1229,.T.);
#88=FACE_BOUND('',#1230,.T.);
#89=FACE_BOUND('',#1231,.T.);
#90=FACE_BOUND('',#1232,.T.);
#91=FACE_BOUND('',#1234,.T.);
#92=FACE_BOUND('',#1235,.T.);
#93=FACE_BOUND('',#1236,.T.);
#94=FACE_BOUND('',#1237,.T.);
#95=FACE_BOUND('',#1238,.T.);
#96=FACE_BOUND('',#1239,.T.);
#97=FACE_BOUND('',#1240,.T.);
#98=ELLIPSE('',#9155,21.9999999999999,11.);
#99=ELLIPSE('',#9159,22.,11.);
#100=ELLIPSE('',#9163,22.,11.);
#101=ELLIPSE('',#9167,22.,11.);
#102=ELLIPSE('',#9181,22.,11.);
#103=ELLIPSE('',#9182,21.9999999999998,11.);
#104=ELLIPSE('',#9185,22.0000000000002,11.);
#105=ELLIPSE('',#9188,21.9999999999999,11.);
#106=ELLIPSE('',#9189,21.9999999999999,11.);
#107=ELLIPSE('',#9190,21.9999999999999,11.);
#108=ELLIPSE('',#9284,22.,11.);
#109=ELLIPSE('',#9336,3.48689359124216,2.);
#110=ELLIPSE('',#9340,3.48689359124216,2.);
#111=ELLIPSE('',#9399,22.,11.);
#112=ELLIPSE('',#9408,22.0000000000003,11.);
#113=ELLIPSE('',#9424,22.0000000000003,11.);
#114=ELLIPSE('',#9437,22.,11.);
#115=ELLIPSE('',#9456,1.13137084989848,0.8);
#116=ELLIPSE('',#9457,1.13137084989848,0.8);
#117=ELLIPSE('',#9460,1.13137084989848,0.8);
#118=ELLIPSE('',#9462,1.13137084989848,0.8);
#119=ELLIPSE('',#9481,23.5159520326097,11.);
#120=ELLIPSE('',#9482,24.,12.);
#121=ELLIPSE('',#9505,22.0000000000001,11.);
#122=ELLIPSE('',#9506,22.0000000000001,11.);
#123=ELLIPSE('',#9507,22.,11.);
#124=ELLIPSE('',#9508,22.,11.);
#125=ELLIPSE('',#9511,22.,11.);
#126=ELLIPSE('',#9513,22.,11.);
#127=ELLIPSE('',#9515,22.0000000000001,11.);
#128=ELLIPSE('',#9517,22.,11.);
#129=ELLIPSE('',#9534,3.48689359124217,2.);
#130=ELLIPSE('',#9536,3.48689359124217,2.);
#131=B_SPLINE_CURVE_WITH_KNOTS('',3,(#12317,#12318,#12319,#12320,#12321,
#12322,#12323,#12324,#12325,#12326),.UNSPECIFIED.,.F.,.F.,(4,2,2,2,4),(1.07878661426485,
1.15082432783037,1.23104983319847,1.31127533856658,1.38331305213208),
 .UNSPECIFIED.);
#132=B_SPLINE_CURVE_WITH_KNOTS('',3,(#12335,#12336,#12337,#12338,#12339,
#12340,#12341,#12342,#12343,#12344,#12345,#12346),.UNSPECIFIED.,.F.,.F.,
(4,2,2,2,2,4),(-0.641105604422218,-0.624425090495774,-0.542421123898291,
-0.460417157300807,-0.230208578650404,0.),.UNSPECIFIED.);
#133=B_SPLINE_CURVE_WITH_KNOTS('',3,(#12351,#12352,#12353,#12354,#12355,
#12356,#12357,#12358,#12359,#12360,#12361,#12362),.UNSPECIFIED.,.F.,.F.,
(4,2,2,2,2,4),(0.750607087134623,0.784284151983074,0.929177393827861,1.1368170610154,
1.26087639457981,1.38493572814422),.UNSPECIFIED.);
#134=B_SPLINE_CURVE_WITH_KNOTS('',3,(#12371,#12372,#12373,#12374,#12375,
#12376,#12377,#12378,#12379,#12380),.UNSPECIFIED.,.F.,.F.,(4,2,2,2,4),(1.07878661426524,
1.15082432783073,1.23104983319888,1.31127533856703,1.38331305213255),
 .UNSPECIFIED.);
#135=B_SPLINE_CURVE_WITH_KNOTS('',3,(#12385,#12386,#12387,#12388,#12389,
#12390,#12391,#12392,#12393,#12394,#12395,#12396),.UNSPECIFIED.,.F.,.F.,
(4,2,2,2,2,4),(0.75060708713469,0.784284151983076,0.929177393827858,1.13681706101539,
1.26087639457979,1.3849357281442),.UNSPECIFIED.);
#136=B_SPLINE_CURVE_WITH_KNOTS('',3,(#12409,#12410,#12411,#12412,#12413,
#12414,#12415,#12416,#12417,#12418,#12419,#12420,#12421,#12422,#12423,#12424),
 .UNSPECIFIED.,.F.,.F.,(4,2,2,2,2,2,2,4),(0.167620061611378,0.214505521365226,
0.261390981119074,0.302374814998104,0.32286673193762,0.343358648877135,
0.381057108705326,0.395886188048096),.UNSPECIFIED.);
#137=B_SPLINE_CURVE_WITH_KNOTS('',3,(#12439,#12440,#12441,#12442,#12443,
#12444,#12445,#12446,#12447,#12448,#12449,#12450,#12451,#12452,#12453,#12454,
#12455),.UNSPECIFIED.,.F.,.F.,(4,2,2,3,2,2,2,4),(0.633671828675385,0.645574476633333,
0.666066393572855,0.686558310512377,0.724256770340575,0.761955230168773,
0.812055277442308,0.862155324715842),.UNSPECIFIED.);
#138=B_SPLINE_CURVE_WITH_KNOTS('',3,(#12488,#12489,#12490,#12491,#12492,
#12493,#12494,#12495,#12496,#12497,#12498,#12499),.UNSPECIFIED.,.F.,.F.,
(4,2,2,2,2,4),(-1.38493572814423,-1.26087639457981,-1.1368170610154,-0.929177393827864,
-0.784284151983077,-0.750607087134639),.UNSPECIFIED.);
#139=B_SPLINE_CURVE_WITH_KNOTS('',3,(#12509,#12510,#12511,#12512,#12513,
#12514,#12515,#12516),.UNSPECIFIED.,.F.,.F.,(4,2,2,4),(0.45353495933252,
0.570579818830664,0.687624678328808,0.766241397167311),.UNSPECIFIED.);
#140=B_SPLINE_CURVE_WITH_KNOTS('',3,(#12520,#12521,#12522,#12523,#12524,
#12525,#12526,#12527,#12528,#12529,#12530,#12531,#12532,#12533,#12534),
 .UNSPECIFIED.,.F.,.F.,(4,2,2,3,2,2,4),(1.85742376327595,1.89382818791625,
1.95793715138706,2.02204611485787,2.08074749032642,2.13944886579498,2.18520118187778),
 .UNSPECIFIED.);
#141=B_SPLINE_CURVE_WITH_KNOTS('',3,(#12538,#12539,#12540,#12541,#12542,
#12543,#12544,#12545),.UNSPECIFIED.,.F.,.F.,(4,2,2,4),(1.06362533706845,
1.14120633265324,1.25635050622281,1.37149467979238),.UNSPECIFIED.);
#142=B_SPLINE_CURVE_WITH_KNOTS('',3,(#12552,#12553,#12554,#12555,#12556,
#12557,#12558,#12559),.UNSPECIFIED.,.F.,.F.,(4,2,2,4),(0.452907448168328,
0.568051621737904,0.683195795307479,0.760776790892287),.UNSPECIFIED.);
#143=B_SPLINE_CURVE_WITH_KNOTS('',3,(#12564,#12565,#12566,#12567,#12568,
#12569,#12570,#12571),.UNSPECIFIED.,.F.,.F.,(4,2,2,4),(-1.37149467979243,
-1.25635050622285,-1.14120633265327,-1.06362533706844),.UNSPECIFIED.);
#144=B_SPLINE_CURVE_WITH_KNOTS('',3,(#12581,#12582,#12583,#12584,#12585,
#12586,#12587,#12588,#12589,#12590,#12591,#12592),.UNSPECIFIED.,.F.,.F.,
(4,2,2,2,2,4),(0.,0.12405933356389,0.248118667127781,0.455758334315814,
0.600651576160737,0.634328641009173),.UNSPECIFIED.);
#145=B_SPLINE_CURVE_WITH_KNOTS('',3,(#12598,#12599,#12600,#12601,#12602,
#12603,#12604,#12605,#12606,#12607,#12608,#12609),.UNSPECIFIED.,.F.,.F.,
(4,2,2,2,2,4),(-1.38493572814422,-1.15472714949355,-0.924518570842872,-0.84251460424547,
-0.760510637648067,-0.743830123721607),.UNSPECIFIED.);
#146=B_SPLINE_CURVE_WITH_KNOTS('',3,(#12612,#12613,#12614,#12615,#12616,
#12617,#12618,#12619,#12620,#12621,#12622),.UNSPECIFIED.,.F.,.F.,(4,2,3,
2,4),(-0.153778559338882,-0.108738569586592,0.,0.108738569586595,0.153778559338904),
 .UNSPECIFIED.);
#147=B_SPLINE_CURVE_WITH_KNOTS('',3,(#12980,#12981,#12982,#12983,#12984,
#12985,#12986,#12987,#12988,#12989),.UNSPECIFIED.,.F.,.F.,(4,2,2,2,4),(-1.2541050631466,
-1.20113863812384,-1.06809263151199,-0.935046624900143,-0.885778456673873),
 .UNSPECIFIED.);
#148=B_SPLINE_CURVE_WITH_KNOTS('',3,(#12997,#12998,#12999,#13000,#13001,
#13002),.UNSPECIFIED.,.F.,.F.,(4,2,4),(7.8863912710682E-14,0.340085404846598,
0.680170809693117),.UNSPECIFIED.);
#149=B_SPLINE_CURVE_WITH_KNOTS('',3,(#13436,#13437,#13438,#13439,#13440,
#13441,#13442,#13443,#13444,#13445),.UNSPECIFIED.,.F.,.F.,(4,2,2,2,4),(0.786658907141273,
0.823645683103689,0.936780743202459,1.04971724654799,1.08688699719787),
 .UNSPECIFIED.);
#150=B_SPLINE_CURVE_WITH_KNOTS('',3,(#13454,#13455,#13456,#13457,#13458,
#13459,#13460,#13461,#13462,#13463),.UNSPECIFIED.,.F.,.F.,(4,2,2,2,4),(0.885778456675753,
0.935046624900489,1.06809263151278,1.20113863812508,1.25410506314826),
 .UNSPECIFIED.);
#151=B_SPLINE_CURVE_WITH_KNOTS('',3,(#13469,#13470,#13471,#13472,#13473,
#13474,#13475,#13476,#13477,#13478),.UNSPECIFIED.,.F.,.F.,(4,2,2,2,4),(5.88243828692682E-14,
0.182348384968127,0.364696769936195,0.515732818240303,0.66676886654441),
 .UNSPECIFIED.);
#152=B_SPLINE_CURVE_WITH_KNOTS('',3,(#13513,#13514,#13515,#13516,#13517,
#13518,#13519,#13520,#13521,#13522),.UNSPECIFIED.,.F.,.F.,(4,2,2,2,4),(0.885778456675735,
0.93504662490048,1.06809263151277,1.20113863812506,1.25410506314823),
 .UNSPECIFIED.);
#153=B_SPLINE_CURVE_WITH_KNOTS('',3,(#13528,#13529,#13530,#13531,#13532,
#13533,#13534,#13535,#13536,#13537),.UNSPECIFIED.,.F.,.F.,(4,2,2,2,4),(6.77160010956964E-14,
0.182348384968135,0.364696769936203,0.515732818240332,0.666768866544462),
 .UNSPECIFIED.);
#154=B_SPLINE_CURVE_WITH_KNOTS('',3,(#13560,#13561,#13562,#13563,#13564,
#13565,#13566,#13567,#13568,#13569),.UNSPECIFIED.,.F.,.F.,(4,2,2,2,4),(-1.08683271734454,
-1.04984594138207,-0.936710881283298,-0.823774377937771,-0.786604627287938),
 .UNSPECIFIED.);
#155=B_SPLINE_CURVE_WITH_KNOTS('',3,(#13578,#13579,#13580,#13581,#13582,
#13583,#13584,#13585,#13586,#13587),.UNSPECIFIED.,.F.,.F.,(4,2,2,2,4),(-1.25410506314664,
-1.20113863812386,-1.068092631512,-0.935046624900147,-0.885778456673909),
 .UNSPECIFIED.);
#156=B_SPLINE_CURVE_WITH_KNOTS('',3,(#13593,#13594,#13595,#13596,#13597,
#13598,#13599,#13600,#13601,#13602),.UNSPECIFIED.,.F.,.F.,(4,2,2,2,4),(6.20427629913872E-14,
0.182348384968134,0.364696769936205,0.515732818240341,0.666768866544476),
 .UNSPECIFIED.);
#157=B_SPLINE_CURVE_WITH_KNOTS('',3,(#13715,#13716,#13717,#13718,#13719),
 .UNSPECIFIED.,.F.,.F.,(4,1,4),(-0.479251051946857,-0.273857743969632,0.),
 .UNSPECIFIED.);
#158=B_SPLINE_CURVE_WITH_KNOTS('',3,(#13722,#13723,#13724,#13725,#13726),
 .UNSPECIFIED.,.F.,.F.,(4,1,4),(0.,0.273857743969632,0.479251051946857),
 .UNSPECIFIED.);
#159=B_SPLINE_CURVE_WITH_KNOTS('',3,(#13790,#13791,#13792,#13793,#13794,
#13795,#13796,#13797,#13798,#13799,#13800),.UNSPECIFIED.,.F.,.F.,(4,2,3,
2,4),(-0.150791205284218,-0.11368323040239,0.,0.113800118045302,0.150800654243898),
 .UNSPECIFIED.);
#160=B_SPLINE_CURVE_WITH_KNOTS('',3,(#13803,#13804,#13805,#13806,#13807,
#13808,#13809,#13810,#13811,#13812,#13813,#13814,#13815,#13816,#13817,#13818,
#13819,#13820,#13821,#13822,#13823,#13824,#13825,#13826,#13827,#13828,#13829,
#13830,#13831,#13832,#13833,#13834,#13835,#13836,#13837,#13838,#13839,#13840,
#13841,#13842,#13843,#13844,#13845,#13846,#13847,#13848,#13849,#13850,#13851,
#13852,#13853,#13854,#13855,#13856,#13857),.UNSPECIFIED.,.F.,.F.,(4,3,3,
3,3,3,3,3,3,3,3,3,3,3,3,3,3,3,4),(-0.157715179583672,-0.127100413596807,
-0.0922482673813565,-0.0888464029184385,-0.0565023139579167,-0.0366922268192638,
-0.0158923146076157,-0.00635135317117902,-0.00260734175199356,0.,0.00260734175198578,
0.00635135317113146,0.0158923146073094,0.0366922268182984,0.0690363157785857,
0.0888464029151212,0.123698549149072,0.127100413595709,0.157715179583689),
 .UNSPECIFIED.);
#161=B_SPLINE_CURVE_WITH_KNOTS('',3,(#13861,#13862,#13863,#13864,#13865,
#13866,#13867,#13868,#13869,#13870,#13871,#13872,#13873,#13874,#13875),
 .UNSPECIFIED.,.F.,.F.,(4,2,2,2,3,2,4),(-0.150864712840821,-0.113126340765952,
-0.0753879686910823,-0.0376939843455407,9.43689570931383E-16,0.0377088021518215,
0.0500516439930115),.UNSPECIFIED.);
#162=B_SPLINE_CURVE_WITH_KNOTS('',3,(#13878,#13879,#13880,#13881,#13882,
#13883,#13884,#13885,#13886,#13887),.UNSPECIFIED.,.F.,.F.,(4,2,2,2,4),(-0.66676886654446,
-0.515732818240345,-0.36469676993623,-0.182348384968147,-6.36157793110215E-14),
 .UNSPECIFIED.);
#163=B_SPLINE_CURVE_WITH_KNOTS('',3,(#13891,#13892,#13893,#13894,#13895,
#13896,#13897,#13898),.UNSPECIFIED.,.F.,.F.,(4,2,2,4),(-0.95589661770266,
-0.876457433627845,-0.743278683485374,-0.610099933342903),.UNSPECIFIED.);
#164=B_SPLINE_CURVE_WITH_KNOTS('',3,(#13901,#13902,#13903,#13904,#13905,
#13906,#13907,#13908,#13909,#13910),.UNSPECIFIED.,.F.,.F.,(4,2,2,2,4),(0.786658907141308,
0.823645683103778,0.936780743202549,1.04971724654808,1.08688699719791),
 .UNSPECIFIED.);
#165=B_SPLINE_CURVE_WITH_KNOTS('',3,(#13912,#13913,#13914,#13915,#13916,
#13917),.UNSPECIFIED.,.F.,.F.,(4,2,4),(-0.680170809693112,-0.340085404846587,
-6.08402217494586E-14),.UNSPECIFIED.);
#166=B_SPLINE_CURVE_WITH_KNOTS('',3,(#13921,#13922,#13923,#13924,#13925,
#13926,#13927,#13928,#13929,#13930),.UNSPECIFIED.,.F.,.F.,(4,2,2,2,4),(2.23263552871814,
2.28776278019698,2.39925109331141,2.51442248314695,2.59355407369096),
 .UNSPECIFIED.);
#167=B_SPLINE_CURVE_WITH_KNOTS('',3,(#13933,#13934,#13935,#13936,#13937,
#13938),.UNSPECIFIED.,.F.,.F.,(4,2,4),(1.25479014934609E-13,0.340085404846362,
0.680170809692599),.UNSPECIFIED.);
#168=B_SPLINE_CURVE_WITH_KNOTS('',3,(#13942,#13943,#13944,#13945,#13946,
#13947,#13948,#13949,#13950,#13951),.UNSPECIFIED.,.F.,.F.,(4,2,2,2,4),(2.23263552871828,
2.28776278019706,2.39925109331149,2.51442248314703,2.59355407369109),
 .UNSPECIFIED.);
#169=B_SPLINE_CURVE_WITH_KNOTS('',3,(#13954,#13955,#13956,#13957,#13958,
#13959,#13960,#13961,#13962,#13963),.UNSPECIFIED.,.F.,.F.,(4,2,2,2,4),(-1.0868327173444,
-1.04984594138198,-0.936710881283211,-0.823774377937682,-0.786604627287803),
 .UNSPECIFIED.);
#170=B_SPLINE_CURVE_WITH_KNOTS('',3,(#13965,#13966,#13967,#13968,#13969,
#13970),.UNSPECIFIED.,.F.,.F.,(4,2,4),(-0.680170809693087,-0.340085404846575,
-6.17284001691587E-14),.UNSPECIFIED.);
#171=B_SPLINE_CURVE_WITH_KNOTS('',3,(#13974,#13975,#13976,#13977,#13978,
#13979,#13980,#13981,#13982,#13983),.UNSPECIFIED.,.F.,.F.,(4,2,2,2,4),(-2.59355407369404,
-2.51442248314995,-2.39925109331439,-2.28776278019996,-2.23263552872137),
 .UNSPECIFIED.);
#172=CYLINDRICAL_SURFACE('',#9153,3.00000000000001);
#173=CYLINDRICAL_SURFACE('',#9156,1.);
#174=CYLINDRICAL_SURFACE('',#9157,1.);
#175=CYLINDRICAL_SURFACE('',#9160,3.00000000000001);
#176=CYLINDRICAL_SURFACE('',#9161,1.);
#177=CYLINDRICAL_SURFACE('',#9164,1.);
#178=CYLINDRICAL_SURFACE('',#9168,1.);
#179=CYLINDRICAL_SURFACE('',#9178,11.);
#180=CYLINDRICAL_SURFACE('',#9245,2.99999999999999);
#181=CYLINDRICAL_SURFACE('',#9247,2.99999999999993);
#182=CYLINDRICAL_SURFACE('',#9249,3.00000000000004);
#183=CYLINDRICAL_SURFACE('',#9285,3.00000000000002);
#184=CYLINDRICAL_SURFACE('',#9288,2.);
#185=CYLINDRICAL_SURFACE('',#9306,1.);
#186=CYLINDRICAL_SURFACE('',#9308,3.00000000000002);
#187=CYLINDRICAL_SURFACE('',#9335,2.);
#188=CYLINDRICAL_SURFACE('',#9339,2.);
#189=CYLINDRICAL_SURFACE('',#9344,2.);
#190=CYLINDRICAL_SURFACE('',#9349,2.);
#191=CYLINDRICAL_SURFACE('',#9383,1.);
#192=CYLINDRICAL_SURFACE('',#9385,1.);
#193=CYLINDRICAL_SURFACE('',#9393,3.);
#194=CYLINDRICAL_SURFACE('',#9395,3.00000000000002);
#195=CYLINDRICAL_SURFACE('',#9397,2.99999999999996);
#196=CYLINDRICAL_SURFACE('',#9406,3.);
#197=CYLINDRICAL_SURFACE('',#9409,3.00000000000001);
#198=CYLINDRICAL_SURFACE('',#9412,2.);
#199=CYLINDRICAL_SURFACE('',#9413,2.99999999999997);
#200=CYLINDRICAL_SURFACE('',#9415,2.99999999999996);
#201=CYLINDRICAL_SURFACE('',#9425,3.00000000000001);
#202=CYLINDRICAL_SURFACE('',#9428,2.);
#203=CYLINDRICAL_SURFACE('',#9435,3.);
#204=CYLINDRICAL_SURFACE('',#9438,3.00000000000002);
#205=CYLINDRICAL_SURFACE('',#9441,2.);
#206=CYLINDRICAL_SURFACE('',#9449,3.00000000000002);
#207=CYLINDRICAL_SURFACE('',#9451,3.);
#208=CYLINDRICAL_SURFACE('',#9453,3.00000000000002);
#209=CYLINDRICAL_SURFACE('',#9455,0.8);
#210=CYLINDRICAL_SURFACE('',#9461,0.8);
#211=CYLINDRICAL_SURFACE('',#9464,3.);
#212=CYLINDRICAL_SURFACE('',#9468,3.);
#213=CYLINDRICAL_SURFACE('',#9472,1.);
#214=CYLINDRICAL_SURFACE('',#9487,1.);
#215=CYLINDRICAL_SURFACE('',#9492,1.);
#216=CYLINDRICAL_SURFACE('',#9497,1.);
#217=CYLINDRICAL_SURFACE('',#9501,1.);
#218=CYLINDRICAL_SURFACE('',#9503,1.);
#219=CYLINDRICAL_SURFACE('',#9504,11.);
#220=CYLINDRICAL_SURFACE('',#9523,3.00000000000004);
#221=CYLINDRICAL_SURFACE('',#9525,1.99999999999998);
#222=CYLINDRICAL_SURFACE('',#9527,3.00000000000001);
#223=CYLINDRICAL_SURFACE('',#9528,6.00000000000014);
#224=CYLINDRICAL_SURFACE('',#9529,6.00000000000012);
#225=CYLINDRICAL_SURFACE('',#9533,2.);
#226=CYLINDRICAL_SURFACE('',#9538,3.00000000000003);
#227=CYLINDRICAL_SURFACE('',#9540,2.99999999999996);
#228=CYLINDRICAL_SURFACE('',#9544,3.00000000000001);
#229=CYLINDRICAL_SURFACE('',#9547,3.00000000000001);
#230=CYLINDRICAL_SURFACE('',#9549,2.);
#231=CYLINDRICAL_SURFACE('',#9550,3.);
#232=CYLINDRICAL_SURFACE('',#9552,1.);
#233=CYLINDRICAL_SURFACE('',#9553,3.00000000000013);
#234=CYLINDRICAL_SURFACE('',#9555,2.);
#235=CYLINDRICAL_SURFACE('',#9556,1.);
#236=CYLINDRICAL_SURFACE('',#9560,1.);
#237=CYLINDRICAL_SURFACE('',#9564,1.);
#238=CYLINDRICAL_SURFACE('',#9567,3.);
#239=CYLINDRICAL_SURFACE('',#9568,3.);
#240=CYLINDRICAL_SURFACE('',#9570,2.);
#241=CYLINDRICAL_SURFACE('',#9572,2.99999999999996);
#242=CYLINDRICAL_SURFACE('',#9574,1.);
#243=CYLINDRICAL_SURFACE('',#9576,3.);
#244=CYLINDRICAL_SURFACE('',#9578,3.);
#245=CYLINDRICAL_SURFACE('',#9580,3.);
#246=CYLINDRICAL_SURFACE('',#9581,3.00000000000002);
#247=CYLINDRICAL_SURFACE('',#9583,2.);
#248=CYLINDRICAL_SURFACE('',#9585,3.00000000000003);
#249=CYLINDRICAL_SURFACE('',#9586,3.00000000000002);
#250=CYLINDRICAL_SURFACE('',#9587,3.);
#251=CYLINDRICAL_SURFACE('',#9589,3.00000000000002);
#252=CYLINDRICAL_SURFACE('',#9591,3.00000000000003);
#253=CYLINDRICAL_SURFACE('',#9593,3.);
#254=CYLINDRICAL_SURFACE('',#9595,1.);
#255=CYLINDRICAL_SURFACE('',#9596,1.6);
#256=CYLINDRICAL_SURFACE('',#9597,1.6);
#257=CYLINDRICAL_SURFACE('',#9600,2.35);
#258=CYLINDRICAL_SURFACE('',#9602,1.);
#259=CYLINDRICAL_SURFACE('',#9633,2.40000000000007);
#260=CYLINDRICAL_SURFACE('',#9638,2.40000000000007);
#261=CYLINDRICAL_SURFACE('',#9656,2.39999999999799);
#262=CYLINDRICAL_SURFACE('',#9663,3.4);
#263=CYLINDRICAL_SURFACE('',#9694,1.40000000000001);
#264=CYLINDRICAL_SURFACE('',#9699,1.40000000000001);
#265=CYLINDRICAL_SURFACE('',#9723,1.40000000000001);
#266=CYLINDRICAL_SURFACE('',#9774,3.39999999999998);
#267=CYLINDRICAL_SURFACE('',#9790,3.40000000000002);
#268=FACE_OUTER_BOUND('',#737,.T.);
#269=FACE_OUTER_BOUND('',#738,.T.);
#270=FACE_OUTER_BOUND('',#739,.T.);
#271=FACE_OUTER_BOUND('',#740,.T.);
#272=FACE_OUTER_BOUND('',#741,.T.);
#273=FACE_OUTER_BOUND('',#742,.T.);
#274=FACE_OUTER_BOUND('',#743,.T.);
#275=FACE_OUTER_BOUND('',#744,.T.);
#276=FACE_OUTER_BOUND('',#745,.T.);
#277=FACE_OUTER_BOUND('',#746,.T.);
#278=FACE_OUTER_BOUND('',#747,.T.);
#279=FACE_OUTER_BOUND('',#748,.T.);
#280=FACE_OUTER_BOUND('',#749,.T.);
#281=FACE_OUTER_BOUND('',#750,.T.);
#282=FACE_OUTER_BOUND('',#751,.T.);
#283=FACE_OUTER_BOUND('',#752,.T.);
#284=FACE_OUTER_BOUND('',#753,.T.);
#285=FACE_OUTER_BOUND('',#754,.T.);
#286=FACE_OUTER_BOUND('',#755,.T.);
#287=FACE_OUTER_BOUND('',#756,.T.);
#288=FACE_OUTER_BOUND('',#759,.T.);
#289=FACE_OUTER_BOUND('',#760,.T.);
#290=FACE_OUTER_BOUND('',#761,.T.);
#291=FACE_OUTER_BOUND('',#762,.T.);
#292=FACE_OUTER_BOUND('',#763,.T.);
#293=FACE_OUTER_BOUND('',#764,.T.);
#294=FACE_OUTER_BOUND('',#765,.T.);
#295=FACE_OUTER_BOUND('',#766,.T.);
#296=FACE_OUTER_BOUND('',#767,.T.);
#297=FACE_OUTER_BOUND('',#768,.T.);
#298=FACE_OUTER_BOUND('',#769,.T.);
#299=FACE_OUTER_BOUND('',#770,.T.);
#300=FACE_OUTER_BOUND('',#771,.T.);
#301=FACE_OUTER_BOUND('',#772,.T.);
#302=FACE_OUTER_BOUND('',#773,.T.);
#303=FACE_OUTER_BOUND('',#774,.T.);
#304=FACE_OUTER_BOUND('',#775,.T.);
#305=FACE_OUTER_BOUND('',#776,.T.);
#306=FACE_OUTER_BOUND('',#777,.T.);
#307=FACE_OUTER_BOUND('',#778,.T.);
#308=FACE_OUTER_BOUND('',#784,.T.);
#309=FACE_OUTER_BOUND('',#785,.T.);
#310=FACE_OUTER_BOUND('',#786,.T.);
#311=FACE_OUTER_BOUND('',#787,.T.);
#312=FACE_OUTER_BOUND('',#788,.T.);
#313=FACE_OUTER_BOUND('',#789,.T.);
#314=FACE_OUTER_BOUND('',#790,.T.);
#315=FACE_OUTER_BOUND('',#791,.T.);
#316=FACE_OUTER_BOUND('',#792,.T.);
#317=FACE_OUTER_BOUND('',#793,.T.);
#318=FACE_OUTER_BOUND('',#794,.T.);
#319=FACE_OUTER_BOUND('',#795,.T.);
#320=FACE_OUTER_BOUND('',#796,.T.);
#321=FACE_OUTER_BOUND('',#797,.T.);
#322=FACE_OUTER_BOUND('',#798,.T.);
#323=FACE_OUTER_BOUND('',#801,.T.);
#324=FACE_OUTER_BOUND('',#802,.T.);
#325=FACE_OUTER_BOUND('',#803,.T.);
#326=FACE_OUTER_BOUND('',#804,.T.);
#327=FACE_OUTER_BOUND('',#805,.T.);
#328=FACE_OUTER_BOUND('',#806,.T.);
#329=FACE_OUTER_BOUND('',#807,.T.);
#330=FACE_OUTER_BOUND('',#808,.T.);
#331=FACE_OUTER_BOUND('',#809,.T.);
#332=FACE_OUTER_BOUND('',#810,.T.);
#333=FACE_OUTER_BOUND('',#811,.T.);
#334=FACE_OUTER_BOUND('',#812,.T.);
#335=FACE_OUTER_BOUND('',#813,.T.);
#336=FACE_OUTER_BOUND('',#814,.T.);
#337=FACE_OUTER_BOUND('',#815,.T.);
#338=FACE_OUTER_BOUND('',#816,.T.);
#339=FACE_OUTER_BOUND('',#817,.T.);
#340=FACE_OUTER_BOUND('',#818,.T.);
#341=FACE_OUTER_BOUND('',#819,.T.);
#342=FACE_OUTER_BOUND('',#820,.T.);
#343=FACE_OUTER_BOUND('',#821,.T.);
#344=FACE_OUTER_BOUND('',#822,.T.);
#345=FACE_OUTER_BOUND('',#823,.T.);
#346=FACE_OUTER_BOUND('',#824,.T.);
#347=FACE_OUTER_BOUND('',#825,.T.);
#348=FACE_OUTER_BOUND('',#826,.T.);
#349=FACE_OUTER_BOUND('',#827,.T.);
#350=FACE_OUTER_BOUND('',#828,.T.);
#351=FACE_OUTER_BOUND('',#829,.T.);
#352=FACE_OUTER_BOUND('',#830,.T.);
#353=FACE_OUTER_BOUND('',#831,.T.);
#354=FACE_OUTER_BOUND('',#833,.T.);
#355=FACE_OUTER_BOUND('',#834,.T.);
#356=FACE_OUTER_BOUND('',#835,.T.);
#357=FACE_OUTER_BOUND('',#836,.T.);
#358=FACE_OUTER_BOUND('',#840,.T.);
#359=FACE_OUTER_BOUND('',#841,.T.);
#360=FACE_OUTER_BOUND('',#842,.T.);
#361=FACE_OUTER_BOUND('',#843,.T.);
#362=FACE_OUTER_BOUND('',#844,.T.);
#363=FACE_OUTER_BOUND('',#845,.T.);
#364=FACE_OUTER_BOUND('',#846,.T.);
#365=FACE_OUTER_BOUND('',#847,.T.);
#366=FACE_OUTER_BOUND('',#848,.T.);
#367=FACE_OUTER_BOUND('',#849,.T.);
#368=FACE_OUTER_BOUND('',#850,.T.);
#369=FACE_OUTER_BOUND('',#851,.T.);
#370=FACE_OUTER_BOUND('',#852,.T.);
#371=FACE_OUTER_BOUND('',#853,.T.);
#372=FACE_OUTER_BOUND('',#854,.T.);
#373=FACE_OUTER_BOUND('',#855,.T.);
#374=FACE_OUTER_BOUND('',#856,.T.);
#375=FACE_OUTER_BOUND('',#857,.T.);
#376=FACE_OUTER_BOUND('',#858,.T.);
#377=FACE_OUTER_BOUND('',#859,.T.);
#378=FACE_OUTER_BOUND('',#860,.T.);
#379=FACE_OUTER_BOUND('',#861,.T.);
#380=FACE_OUTER_BOUND('',#862,.T.);
#381=FACE_OUTER_BOUND('',#863,.T.);
#382=FACE_OUTER_BOUND('',#864,.T.);
#383=FACE_OUTER_BOUND('',#865,.T.);
#384=FACE_OUTER_BOUND('',#866,.T.);
#385=FACE_OUTER_BOUND('',#867,.T.);
#386=FACE_OUTER_BOUND('',#868,.T.);
#387=FACE_OUTER_BOUND('',#869,.T.);
#388=FACE_OUTER_BOUND('',#870,.T.);
#389=FACE_OUTER_BOUND('',#871,.T.);
#390=FACE_OUTER_BOUND('',#872,.T.);
#391=FACE_OUTER_BOUND('',#873,.T.);
#392=FACE_OUTER_BOUND('',#874,.T.);
#393=FACE_OUTER_BOUND('',#875,.T.);
#394=FACE_OUTER_BOUND('',#876,.T.);
#395=FACE_OUTER_BOUND('',#877,.T.);
#396=FACE_OUTER_BOUND('',#878,.T.);
#397=FACE_OUTER_BOUND('',#879,.T.);
#398=FACE_OUTER_BOUND('',#880,.T.);
#399=FACE_OUTER_BOUND('',#881,.T.);
#400=FACE_OUTER_BOUND('',#882,.T.);
#401=FACE_OUTER_BOUND('',#883,.T.);
#402=FACE_OUTER_BOUND('',#884,.T.);
#403=FACE_OUTER_BOUND('',#885,.T.);
#404=FACE_OUTER_BOUND('',#886,.T.);
#405=FACE_OUTER_BOUND('',#887,.T.);
#406=FACE_OUTER_BOUND('',#888,.T.);
#407=FACE_OUTER_BOUND('',#889,.T.);
#408=FACE_OUTER_BOUND('',#890,.T.);
#409=FACE_OUTER_BOUND('',#891,.T.);
#410=FACE_OUTER_BOUND('',#892,.T.);
#411=FACE_OUTER_BOUND('',#893,.T.);
#412=FACE_OUTER_BOUND('',#894,.T.);
#413=FACE_OUTER_BOUND('',#895,.T.);
#414=FACE_OUTER_BOUND('',#896,.T.);
#415=FACE_OUTER_BOUND('',#897,.T.);
#416=FACE_OUTER_BOUND('',#898,.T.);
#417=FACE_OUTER_BOUND('',#899,.T.);
#418=FACE_OUTER_BOUND('',#900,.T.);
#419=FACE_OUTER_BOUND('',#901,.T.);
#420=FACE_OUTER_BOUND('',#902,.T.);
#421=FACE_OUTER_BOUND('',#903,.T.);
#422=FACE_OUTER_BOUND('',#904,.T.);
#423=FACE_OUTER_BOUND('',#905,.T.);
#424=FACE_OUTER_BOUND('',#906,.T.);
#425=FACE_OUTER_BOUND('',#907,.T.);
#426=FACE_OUTER_BOUND('',#908,.T.);
#427=FACE_OUTER_BOUND('',#909,.T.);
#428=FACE_OUTER_BOUND('',#910,.T.);
#429=FACE_OUTER_BOUND('',#911,.T.);
#430=FACE_OUTER_BOUND('',#912,.T.);
#431=FACE_OUTER_BOUND('',#913,.T.);
#432=FACE_OUTER_BOUND('',#914,.T.);
#433=FACE_OUTER_BOUND('',#915,.T.);
#434=FACE_OUTER_BOUND('',#916,.T.);
#435=FACE_OUTER_BOUND('',#917,.T.);
#436=FACE_OUTER_BOUND('',#919,.T.);
#437=FACE_OUTER_BOUND('',#920,.T.);
#438=FACE_OUTER_BOUND('',#922,.T.);
#439=FACE_OUTER_BOUND('',#923,.T.);
#440=FACE_OUTER_BOUND('',#924,.T.);
#441=FACE_OUTER_BOUND('',#925,.T.);
#442=FACE_OUTER_BOUND('',#926,.T.);
#443=FACE_OUTER_BOUND('',#927,.T.);
#444=FACE_OUTER_BOUND('',#928,.T.);
#445=FACE_OUTER_BOUND('',#929,.T.);
#446=FACE_OUTER_BOUND('',#930,.T.);
#447=FACE_OUTER_BOUND('',#931,.T.);
#448=FACE_OUTER_BOUND('',#932,.T.);
#449=FACE_OUTER_BOUND('',#933,.T.);
#450=FACE_OUTER_BOUND('',#934,.T.);
#451=FACE_OUTER_BOUND('',#935,.T.);
#452=FACE_OUTER_BOUND('',#936,.T.);
#453=FACE_OUTER_BOUND('',#937,.T.);
#454=FACE_OUTER_BOUND('',#938,.T.);
#455=FACE_OUTER_BOUND('',#939,.T.);
#456=FACE_OUTER_BOUND('',#940,.T.);
#457=FACE_OUTER_BOUND('',#941,.T.);
#458=FACE_OUTER_BOUND('',#942,.T.);
#459=FACE_OUTER_BOUND('',#943,.T.);
#460=FACE_OUTER_BOUND('',#944,.T.);
#461=FACE_OUTER_BOUND('',#945,.T.);
#462=FACE_OUTER_BOUND('',#946,.T.);
#463=FACE_OUTER_BOUND('',#947,.T.);
#464=FACE_OUTER_BOUND('',#948,.T.);
#465=FACE_OUTER_BOUND('',#949,.T.);
#466=FACE_OUTER_BOUND('',#950,.T.);
#467=FACE_OUTER_BOUND('',#951,.T.);
#468=FACE_OUTER_BOUND('',#952,.T.);
#469=FACE_OUTER_BOUND('',#953,.T.);
#470=FACE_OUTER_BOUND('',#954,.T.);
#471=FACE_OUTER_BOUND('',#955,.T.);
#472=FACE_OUTER_BOUND('',#956,.T.);
#473=FACE_OUTER_BOUND('',#957,.T.);
#474=FACE_OUTER_BOUND('',#958,.T.);
#475=FACE_OUTER_BOUND('',#959,.T.);
#476=FACE_OUTER_BOUND('',#960,.T.);
#477=FACE_OUTER_BOUND('',#961,.T.);
#478=FACE_OUTER_BOUND('',#962,.T.);
#479=FACE_OUTER_BOUND('',#963,.T.);
#480=FACE_OUTER_BOUND('',#964,.T.);
#481=FACE_OUTER_BOUND('',#965,.T.);
#482=FACE_OUTER_BOUND('',#966,.T.);
#483=FACE_OUTER_BOUND('',#967,.T.);
#484=FACE_OUTER_BOUND('',#968,.T.);
#485=FACE_OUTER_BOUND('',#969,.T.);
#486=FACE_OUTER_BOUND('',#970,.T.);
#487=FACE_OUTER_BOUND('',#971,.T.);
#488=FACE_OUTER_BOUND('',#972,.T.);
#489=FACE_OUTER_BOUND('',#973,.T.);
#490=FACE_OUTER_BOUND('',#974,.T.);
#491=FACE_OUTER_BOUND('',#975,.T.);
#492=FACE_OUTER_BOUND('',#976,.T.);
#493=FACE_OUTER_BOUND('',#977,.T.);
#494=FACE_OUTER_BOUND('',#978,.T.);
#495=FACE_OUTER_BOUND('',#979,.T.);
#496=FACE_OUTER_BOUND('',#980,.T.);
#497=FACE_OUTER_BOUND('',#981,.T.);
#498=FACE_OUTER_BOUND('',#982,.T.);
#499=FACE_OUTER_BOUND('',#983,.T.);
#500=FACE_OUTER_BOUND('',#984,.T.);
#501=FACE_OUTER_BOUND('',#985,.T.);
#502=FACE_OUTER_BOUND('',#986,.T.);
#503=FACE_OUTER_BOUND('',#987,.T.);
#504=FACE_OUTER_BOUND('',#988,.T.);
#505=FACE_OUTER_BOUND('',#989,.T.);
#506=FACE_OUTER_BOUND('',#990,.T.);
#507=FACE_OUTER_BOUND('',#991,.T.);
#508=FACE_OUTER_BOUND('',#992,.T.);
#509=FACE_OUTER_BOUND('',#993,.T.);
#510=FACE_OUTER_BOUND('',#994,.T.);
#511=FACE_OUTER_BOUND('',#995,.T.);
#512=FACE_OUTER_BOUND('',#996,.T.);
#513=FACE_OUTER_BOUND('',#997,.T.);
#514=FACE_OUTER_BOUND('',#998,.T.);
#515=FACE_OUTER_BOUND('',#999,.T.);
#516=FACE_OUTER_BOUND('',#1000,.T.);
#517=FACE_OUTER_BOUND('',#1001,.T.);
#518=FACE_OUTER_BOUND('',#1002,.T.);
#519=FACE_OUTER_BOUND('',#1003,.T.);
#520=FACE_OUTER_BOUND('',#1004,.T.);
#521=FACE_OUTER_BOUND('',#1005,.T.);
#522=FACE_OUTER_BOUND('',#1006,.T.);
#523=FACE_OUTER_BOUND('',#1007,.T.);
#524=FACE_OUTER_BOUND('',#1008,.T.);
#525=FACE_OUTER_BOUND('',#1009,.T.);
#526=FACE_OUTER_BOUND('',#1010,.T.);
#527=FACE_OUTER_BOUND('',#1011,.T.);
#528=FACE_OUTER_BOUND('',#1012,.T.);
#529=FACE_OUTER_BOUND('',#1013,.T.);
#530=FACE_OUTER_BOUND('',#1014,.T.);
#531=FACE_OUTER_BOUND('',#1015,.T.);
#532=FACE_OUTER_BOUND('',#1016,.T.);
#533=FACE_OUTER_BOUND('',#1017,.T.);
#534=FACE_OUTER_BOUND('',#1018,.T.);
#535=FACE_OUTER_BOUND('',#1019,.T.);
#536=FACE_OUTER_BOUND('',#1020,.T.);
#537=FACE_OUTER_BOUND('',#1021,.T.);
#538=FACE_OUTER_BOUND('',#1022,.T.);
#539=FACE_OUTER_BOUND('',#1023,.T.);
#540=FACE_OUTER_BOUND('',#1024,.T.);
#541=FACE_OUTER_BOUND('',#1025,.T.);
#542=FACE_OUTER_BOUND('',#1026,.T.);
#543=FACE_OUTER_BOUND('',#1027,.T.);
#544=FACE_OUTER_BOUND('',#1028,.T.);
#545=FACE_OUTER_BOUND('',#1029,.T.);
#546=FACE_OUTER_BOUND('',#1030,.T.);
#547=FACE_OUTER_BOUND('',#1031,.T.);
#548=FACE_OUTER_BOUND('',#1032,.T.);
#549=FACE_OUTER_BOUND('',#1033,.T.);
#550=FACE_OUTER_BOUND('',#1034,.T.);
#551=FACE_OUTER_BOUND('',#1035,.T.);
#552=FACE_OUTER_BOUND('',#1036,.T.);
#553=FACE_OUTER_BOUND('',#1037,.T.);
#554=FACE_OUTER_BOUND('',#1038,.T.);
#555=FACE_OUTER_BOUND('',#1039,.T.);
#556=FACE_OUTER_BOUND('',#1040,.T.);
#557=FACE_OUTER_BOUND('',#1041,.T.);
#558=FACE_OUTER_BOUND('',#1042,.T.);
#559=FACE_OUTER_BOUND('',#1043,.T.);
#560=FACE_OUTER_BOUND('',#1044,.T.);
#561=FACE_OUTER_BOUND('',#1045,.T.);
#562=FACE_OUTER_BOUND('',#1046,.T.);
#563=FACE_OUTER_BOUND('',#1047,.T.);
#564=FACE_OUTER_BOUND('',#1048,.T.);
#565=FACE_OUTER_BOUND('',#1049,.T.);
#566=FACE_OUTER_BOUND('',#1050,.T.);
#567=FACE_OUTER_BOUND('',#1051,.T.);
#568=FACE_OUTER_BOUND('',#1052,.T.);
#569=FACE_OUTER_BOUND('',#1053,.T.);
#570=FACE_OUTER_BOUND('',#1054,.T.);
#571=FACE_OUTER_BOUND('',#1055,.T.);
#572=FACE_OUTER_BOUND('',#1056,.T.);
#573=FACE_OUTER_BOUND('',#1057,.T.);
#574=FACE_OUTER_BOUND('',#1058,.T.);
#575=FACE_OUTER_BOUND('',#1059,.T.);
#576=FACE_OUTER_BOUND('',#1060,.T.);
#577=FACE_OUTER_BOUND('',#1061,.T.);
#578=FACE_OUTER_BOUND('',#1062,.T.);
#579=FACE_OUTER_BOUND('',#1063,.T.);
#580=FACE_OUTER_BOUND('',#1064,.T.);
#581=FACE_OUTER_BOUND('',#1065,.T.);
#582=FACE_OUTER_BOUND('',#1066,.T.);
#583=FACE_OUTER_BOUND('',#1069,.T.);
#584=FACE_OUTER_BOUND('',#1072,.T.);
#585=FACE_OUTER_BOUND('',#1073,.T.);
#586=FACE_OUTER_BOUND('',#1074,.T.);
#587=FACE_OUTER_BOUND('',#1075,.T.);
#588=FACE_OUTER_BOUND('',#1076,.T.);
#589=FACE_OUTER_BOUND('',#1077,.T.);
#590=FACE_OUTER_BOUND('',#1078,.T.);
#591=FACE_OUTER_BOUND('',#1079,.T.);
#592=FACE_OUTER_BOUND('',#1080,.T.);
#593=FACE_OUTER_BOUND('',#1081,.T.);
#594=FACE_OUTER_BOUND('',#1082,.T.);
#595=FACE_OUTER_BOUND('',#1083,.T.);
#596=FACE_OUTER_BOUND('',#1084,.T.);
#597=FACE_OUTER_BOUND('',#1085,.T.);
#598=FACE_OUTER_BOUND('',#1086,.T.);
#599=FACE_OUTER_BOUND('',#1087,.T.);
#600=FACE_OUTER_BOUND('',#1088,.T.);
#601=FACE_OUTER_BOUND('',#1089,.T.);
#602=FACE_OUTER_BOUND('',#1090,.T.);
#603=FACE_OUTER_BOUND('',#1091,.T.);
#604=FACE_OUTER_BOUND('',#1092,.T.);
#605=FACE_OUTER_BOUND('',#1093,.T.);
#606=FACE_OUTER_BOUND('',#1094,.T.);
#607=FACE_OUTER_BOUND('',#1095,.T.);
#608=FACE_OUTER_BOUND('',#1096,.T.);
#609=FACE_OUTER_BOUND('',#1097,.T.);
#610=FACE_OUTER_BOUND('',#1098,.T.);
#611=FACE_OUTER_BOUND('',#1099,.T.);
#612=FACE_OUTER_BOUND('',#1100,.T.);
#613=FACE_OUTER_BOUND('',#1101,.T.);
#614=FACE_OUTER_BOUND('',#1102,.T.);
#615=FACE_OUTER_BOUND('',#1103,.T.);
#616=FACE_OUTER_BOUND('',#1104,.T.);
#617=FACE_OUTER_BOUND('',#1105,.T.);
#618=FACE_OUTER_BOUND('',#1106,.T.);
#619=FACE_OUTER_BOUND('',#1107,.T.);
#620=FACE_OUTER_BOUND('',#1108,.T.);
#621=FACE_OUTER_BOUND('',#1109,.T.);
#622=FACE_OUTER_BOUND('',#1110,.T.);
#623=FACE_OUTER_BOUND('',#1111,.T.);
#624=FACE_OUTER_BOUND('',#1112,.T.);
#625=FACE_OUTER_BOUND('',#1113,.T.);
#626=FACE_OUTER_BOUND('',#1114,.T.);
#627=FACE_OUTER_BOUND('',#1115,.T.);
#628=FACE_OUTER_BOUND('',#1116,.T.);
#629=FACE_OUTER_BOUND('',#1117,.T.);
#630=FACE_OUTER_BOUND('',#1118,.T.);
#631=FACE_OUTER_BOUND('',#1119,.T.);
#632=FACE_OUTER_BOUND('',#1120,.T.);
#633=FACE_OUTER_BOUND('',#1121,.T.);
#634=FACE_OUTER_BOUND('',#1122,.T.);
#635=FACE_OUTER_BOUND('',#1123,.T.);
#636=FACE_OUTER_BOUND('',#1125,.T.);
#637=FACE_OUTER_BOUND('',#1127,.T.);
#638=FACE_OUTER_BOUND('',#1128,.T.);
#639=FACE_OUTER_BOUND('',#1129,.T.);
#640=FACE_OUTER_BOUND('',#1130,.T.);
#641=FACE_OUTER_BOUND('',#1131,.T.);
#642=FACE_OUTER_BOUND('',#1132,.T.);
#643=FACE_OUTER_BOUND('',#1133,.T.);
#644=FACE_OUTER_BOUND('',#1134,.T.);
#645=FACE_OUTER_BOUND('',#1135,.T.);
#646=FACE_OUTER_BOUND('',#1136,.T.);
#647=FACE_OUTER_BOUND('',#1137,.T.);
#648=FACE_OUTER_BOUND('',#1138,.T.);
#649=FACE_OUTER_BOUND('',#1139,.T.);
#650=FACE_OUTER_BOUND('',#1140,.T.);
#651=FACE_OUTER_BOUND('',#1141,.T.);
#652=FACE_OUTER_BOUND('',#1142,.T.);
#653=FACE_OUTER_BOUND('',#1143,.T.);
#654=FACE_OUTER_BOUND('',#1144,.T.);
#655=FACE_OUTER_BOUND('',#1145,.T.);
#656=FACE_OUTER_BOUND('',#1146,.T.);
#657=FACE_OUTER_BOUND('',#1147,.T.);
#658=FACE_OUTER_BOUND('',#1148,.T.);
#659=FACE_OUTER_BOUND('',#1149,.T.);
#660=FACE_OUTER_BOUND('',#1150,.T.);
#661=FACE_OUTER_BOUND('',#1151,.T.);
#662=FACE_OUTER_BOUND('',#1152,.T.);
#663=FACE_OUTER_BOUND('',#1153,.T.);
#664=FACE_OUTER_BOUND('',#1154,.T.);
#665=FACE_OUTER_BOUND('',#1155,.T.);
#666=FACE_OUTER_BOUND('',#1156,.T.);
#667=FACE_OUTER_BOUND('',#1157,.T.);
#668=FACE_OUTER_BOUND('',#1158,.T.);
#669=FACE_OUTER_BOUND('',#1159,.T.);
#670=FACE_OUTER_BOUND('',#1160,.T.);
#671=FACE_OUTER_BOUND('',#1161,.T.);
#672=FACE_OUTER_BOUND('',#1162,.T.);
#673=FACE_OUTER_BOUND('',#1163,.T.);
#674=FACE_OUTER_BOUND('',#1164,.T.);
#675=FACE_OUTER_BOUND('',#1165,.T.);
#676=FACE_OUTER_BOUND('',#1166,.T.);
#677=FACE_OUTER_BOUND('',#1167,.T.);
#678=FACE_OUTER_BOUND('',#1168,.T.);
#679=FACE_OUTER_BOUND('',#1169,.T.);
#680=FACE_OUTER_BOUND('',#1170,.T.);
#681=FACE_OUTER_BOUND('',#1171,.T.);
#682=FACE_OUTER_BOUND('',#1172,.T.);
#683=FACE_OUTER_BOUND('',#1173,.T.);
#684=FACE_OUTER_BOUND('',#1174,.T.);
#685=FACE_OUTER_BOUND('',#1175,.T.);
#686=FACE_OUTER_BOUND('',#1176,.T.);
#687=FACE_OUTER_BOUND('',#1177,.T.);
#688=FACE_OUTER_BOUND('',#1178,.T.);
#689=FACE_OUTER_BOUND('',#1179,.T.);
#690=FACE_OUTER_BOUND('',#1180,.T.);
#691=FACE_OUTER_BOUND('',#1181,.T.);
#692=FACE_OUTER_BOUND('',#1182,.T.);
#693=FACE_OUTER_BOUND('',#1183,.T.);
#694=FACE_OUTER_BOUND('',#1184,.T.);
#695=FACE_OUTER_BOUND('',#1185,.T.);
#696=FACE_OUTER_BOUND('',#1186,.T.);
#697=FACE_OUTER_BOUND('',#1187,.T.);
#698=FACE_OUTER_BOUND('',#1188,.T.);
#699=FACE_OUTER_BOUND('',#1189,.T.);
#700=FACE_OUTER_BOUND('',#1190,.T.);
#701=FACE_OUTER_BOUND('',#1191,.T.);
#702=FACE_OUTER_BOUND('',#1192,.T.);
#703=FACE_OUTER_BOUND('',#1193,.T.);
#704=FACE_OUTER_BOUND('',#1194,.T.);
#705=FACE_OUTER_BOUND('',#1195,.T.);
#706=FACE_OUTER_BOUND('',#1196,.T.);
#707=FACE_OUTER_BOUND('',#1197,.T.);
#708=FACE_OUTER_BOUND('',#1198,.T.);
#709=FACE_OUTER_BOUND('',#1199,.T.);
#710=FACE_OUTER_BOUND('',#1200,.T.);
#711=FACE_OUTER_BOUND('',#1201,.T.);
#712=FACE_OUTER_BOUND('',#1202,.T.);
#713=FACE_OUTER_BOUND('',#1203,.T.);
#714=FACE_OUTER_BOUND('',#1204,.T.);
#715=FACE_OUTER_BOUND('',#1205,.T.);
#716=FACE_OUTER_BOUND('',#1206,.T.);
#717=FACE_OUTER_BOUND('',#1207,.T.);
#718=FACE_OUTER_BOUND('',#1208,.T.);
#719=FACE_OUTER_BOUND('',#1209,.T.);
#720=FACE_OUTER_BOUND('',#1210,.T.);
#721=FACE_OUTER_BOUND('',#1211,.T.);
#722=FACE_OUTER_BOUND('',#1212,.T.);
#723=FACE_OUTER_BOUND('',#1213,.T.);
#724=FACE_OUTER_BOUND('',#1214,.T.);
#725=FACE_OUTER_BOUND('',#1215,.T.);
#726=FACE_OUTER_BOUND('',#1216,.T.);
#727=FACE_OUTER_BOUND('',#1217,.T.);
#728=FACE_OUTER_BOUND('',#1218,.T.);
#729=FACE_OUTER_BOUND('',#1219,.T.);
#730=FACE_OUTER_BOUND('',#1220,.T.);
#731=FACE_OUTER_BOUND('',#1221,.T.);
#732=FACE_OUTER_BOUND('',#1222,.T.);
#733=FACE_OUTER_BOUND('',#1223,.T.);
#734=FACE_OUTER_BOUND('',#1224,.T.);
#735=FACE_OUTER_BOUND('',#1225,.T.);
#736=FACE_OUTER_BOUND('',#1233,.T.);
#737=EDGE_LOOP('',(#5682,#5683,#5684,#5685,#5686,#5687));
#738=EDGE_LOOP('',(#5688,#5689,#5690,#5691,#5692,#5693));
#739=EDGE_LOOP('',(#5694,#5695,#5696,#5697,#5698,#5699));
#740=EDGE_LOOP('',(#5700,#5701,#5702,#5703));
#741=EDGE_LOOP('',(#5704,#5705,#5706,#5707));
#742=EDGE_LOOP('',(#5708,#5709,#5710,#5711));
#743=EDGE_LOOP('',(#5712,#5713,#5714,#5715));
#744=EDGE_LOOP('',(#5716,#5717,#5718,#5719));
#745=EDGE_LOOP('',(#5720,#5721,#5722,#5723));
#746=EDGE_LOOP('',(#5724,#5725,#5726,#5727));
#747=EDGE_LOOP('',(#5728,#5729,#5730,#5731));
#748=EDGE_LOOP('',(#5732,#5733,#5734,#5735));
#749=EDGE_LOOP('',(#5736,#5737,#5738,#5739));
#750=EDGE_LOOP('',(#5740,#5741,#5742,#5743));
#751=EDGE_LOOP('',(#5744,#5745,#5746,#5747,#5748,#5749,#5750,#5751));
#752=EDGE_LOOP('',(#5752,#5753,#5754,#5755,#5756));
#753=EDGE_LOOP('',(#5757,#5758,#5759,#5760,#5761));
#754=EDGE_LOOP('',(#5762,#5763,#5764,#5765,#5766,#5767,#5768,#5769,#5770,
#5771,#5772,#5773,#5774,#5775,#5776,#5777,#5778,#5779,#5780,#5781,#5782,
#5783,#5784,#5785,#5786,#5787,#5788,#5789,#5790,#5791,#5792,#5793,#5794,
#5795,#5796,#5797,#5798,#5799,#5800,#5801,#5802,#5803));
#755=EDGE_LOOP('',(#5804,#5805,#5806,#5807));
#756=EDGE_LOOP('',(#5808,#5809,#5810,#5811,#5812,#5813,#5814,#5815,#5816,
#5817,#5818,#5819,#5820,#5821,#5822,#5823,#5824,#5825,#5826,#5827,#5828,
#5829,#5830,#5831,#5832,#5833,#5834,#5835,#5836,#5837,#5838,#5839,#5840,
#5841,#5842,#5843,#5844,#5845,#5846,#5847,#5848,#5849,#5850,#5851,#5852,
#5853,#5854,#5855,#5856,#5857,#5858,#5859,#5860,#5861,#5862,#5863,#5864,
#5865,#5866,#5867,#5868,#5869));
#757=EDGE_LOOP('',(#5870,#5871,#5872,#5873));
#758=EDGE_LOOP('',(#5874,#5875,#5876,#5877));
#759=EDGE_LOOP('',(#5878,#5879,#5880,#5881,#5882,#5883,#5884,#5885));
#760=EDGE_LOOP('',(#5886,#5887,#5888,#5889));
#761=EDGE_LOOP('',(#5890,#5891,#5892,#5893));
#762=EDGE_LOOP('',(#5894,#5895,#5896,#5897));
#763=EDGE_LOOP('',(#5898,#5899,#5900,#5901));
#764=EDGE_LOOP('',(#5902,#5903,#5904,#5905));
#765=EDGE_LOOP('',(#5906,#5907,#5908,#5909));
#766=EDGE_LOOP('',(#5910,#5911,#5912,#5913));
#767=EDGE_LOOP('',(#5914,#5915,#5916,#5917));
#768=EDGE_LOOP('',(#5918,#5919,#5920,#5921));
#769=EDGE_LOOP('',(#5922,#5923,#5924,#5925));
#770=EDGE_LOOP('',(#5926,#5927,#5928,#5929));
#771=EDGE_LOOP('',(#5930,#5931,#5932,#5933));
#772=EDGE_LOOP('',(#5934,#5935,#5936,#5937));
#773=EDGE_LOOP('',(#5938,#5939,#5940,#5941));
#774=EDGE_LOOP('',(#5942,#5943,#5944,#5945,#5946));
#775=EDGE_LOOP('',(#5947,#5948,#5949,#5950));
#776=EDGE_LOOP('',(#5951,#5952,#5953,#5954));
#777=EDGE_LOOP('',(#5955,#5956,#5957,#5958));
#778=EDGE_LOOP('',(#5959,#5960,#5961,#5962,#5963,#5964,#5965,#5966,#5967,
#5968,#5969,#5970,#5971,#5972,#5973,#5974));
#779=EDGE_LOOP('',(#5975,#5976,#5977,#5978,#5979,#5980,#5981,#5982,#5983,
#5984));
#780=EDGE_LOOP('',(#5985,#5986,#5987,#5988));
#781=EDGE_LOOP('',(#5989,#5990,#5991,#5992));
#782=EDGE_LOOP('',(#5993,#5994,#5995,#5996,#5997,#5998,#5999,#6000));
#783=EDGE_LOOP('',(#6001,#6002,#6003,#6004,#6005,#6006,#6007,#6008,#6009,
#6010,#6011,#6012));
#784=EDGE_LOOP('',(#6013,#6014,#6015,#6016));
#785=EDGE_LOOP('',(#6017,#6018,#6019,#6020));
#786=EDGE_LOOP('',(#6021,#6022,#6023,#6024));
#787=EDGE_LOOP('',(#6025,#6026,#6027,#6028));
#788=EDGE_LOOP('',(#6029,#6030,#6031,#6032));
#789=EDGE_LOOP('',(#6033,#6034,#6035,#6036));
#790=EDGE_LOOP('',(#6037,#6038,#6039,#6040));
#791=EDGE_LOOP('',(#6041,#6042,#6043,#6044));
#792=EDGE_LOOP('',(#6045,#6046,#6047,#6048));
#793=EDGE_LOOP('',(#6049,#6050,#6051,#6052));
#794=EDGE_LOOP('',(#6053,#6054,#6055,#6056));
#795=EDGE_LOOP('',(#6057,#6058,#6059,#6060));
#796=EDGE_LOOP('',(#6061,#6062,#6063,#6064));
#797=EDGE_LOOP('',(#6065,#6066,#6067,#6068));
#798=EDGE_LOOP('',(#6069,#6070,#6071,#6072,#6073,#6074,#6075,#6076,#6077,
#6078,#6079,#6080,#6081,#6082,#6083,#6084,#6085,#6086,#6087,#6088));
#799=EDGE_LOOP('',(#6089));
#800=EDGE_LOOP('',(#6090));
#801=EDGE_LOOP('',(#6091,#6092,#6093,#6094));
#802=EDGE_LOOP('',(#6095,#6096,#6097,#6098));
#803=EDGE_LOOP('',(#6099,#6100,#6101,#6102));
#804=EDGE_LOOP('',(#6103,#6104,#6105,#6106));
#805=EDGE_LOOP('',(#6107,#6108,#6109,#6110));
#806=EDGE_LOOP('',(#6111,#6112,#6113,#6114));
#807=EDGE_LOOP('',(#6115,#6116,#6117,#6118));
#808=EDGE_LOOP('',(#6119,#6120,#6121,#6122));
#809=EDGE_LOOP('',(#6123,#6124,#6125,#6126,#6127));
#810=EDGE_LOOP('',(#6128,#6129,#6130,#6131));
#811=EDGE_LOOP('',(#6132,#6133,#6134,#6135));
#812=EDGE_LOOP('',(#6136,#6137,#6138,#6139));
#813=EDGE_LOOP('',(#6140,#6141,#6142,#6143));
#814=EDGE_LOOP('',(#6144,#6145,#6146,#6147));
#815=EDGE_LOOP('',(#6148,#6149,#6150,#6151));
#816=EDGE_LOOP('',(#6152,#6153,#6154,#6155));
#817=EDGE_LOOP('',(#6156,#6157,#6158,#6159));
#818=EDGE_LOOP('',(#6160,#6161,#6162,#6163));
#819=EDGE_LOOP('',(#6164,#6165,#6166,#6167));
#820=EDGE_LOOP('',(#6168,#6169,#6170,#6171));
#821=EDGE_LOOP('',(#6172,#6173,#6174,#6175));
#822=EDGE_LOOP('',(#6176,#6177,#6178,#6179));
#823=EDGE_LOOP('',(#6180,#6181,#6182,#6183));
#824=EDGE_LOOP('',(#6184,#6185,#6186,#6187));
#825=EDGE_LOOP('',(#6188,#6189,#6190,#6191));
#826=EDGE_LOOP('',(#6192,#6193,#6194,#6195));
#827=EDGE_LOOP('',(#6196,#6197,#6198,#6199));
#828=EDGE_LOOP('',(#6200,#6201,#6202,#6203));
#829=EDGE_LOOP('',(#6204,#6205,#6206,#6207,#6208,#6209,#6210,#6211,#6212));
#830=EDGE_LOOP('',(#6213,#6214,#6215,#6216));
#831=EDGE_LOOP('',(#6217,#6218,#6219,#6220));
#832=EDGE_LOOP('',(#6221));
#833=EDGE_LOOP('',(#6222,#6223,#6224,#6225));
#834=EDGE_LOOP('',(#6226,#6227,#6228,#6229,#6230,#6231,#6232,#6233,#6234,
#6235,#6236,#6237));
#835=EDGE_LOOP('',(#6238,#6239,#6240,#6241));
#836=EDGE_LOOP('',(#6242,#6243,#6244,#6245));
#837=EDGE_LOOP('',(#6246));
#838=EDGE_LOOP('',(#6247));
#839=EDGE_LOOP('',(#6248,#6249,#6250,#6251));
#840=EDGE_LOOP('',(#6252,#6253,#6254,#6255));
#841=EDGE_LOOP('',(#6256,#6257,#6258,#6259));
#842=EDGE_LOOP('',(#6260,#6261,#6262,#6263));
#843=EDGE_LOOP('',(#6264,#6265,#6266,#6267));
#844=EDGE_LOOP('',(#6268,#6269,#6270,#6271));
#845=EDGE_LOOP('',(#6272,#6273,#6274,#6275,#6276,#6277,#6278,#6279,#6280,
#6281,#6282,#6283));
#846=EDGE_LOOP('',(#6284,#6285,#6286,#6287));
#847=EDGE_LOOP('',(#6288,#6289,#6290,#6291));
#848=EDGE_LOOP('',(#6292,#6293,#6294,#6295));
#849=EDGE_LOOP('',(#6296,#6297,#6298,#6299));
#850=EDGE_LOOP('',(#6300,#6301,#6302,#6303));
#851=EDGE_LOOP('',(#6304,#6305,#6306,#6307,#6308,#6309,#6310,#6311,#6312,
#6313,#6314,#6315));
#852=EDGE_LOOP('',(#6316,#6317,#6318,#6319));
#853=EDGE_LOOP('',(#6320,#6321,#6322,#6323));
#854=EDGE_LOOP('',(#6324,#6325,#6326,#6327));
#855=EDGE_LOOP('',(#6328,#6329,#6330,#6331));
#856=EDGE_LOOP('',(#6332,#6333,#6334,#6335));
#857=EDGE_LOOP('',(#6336,#6337,#6338,#6339));
#858=EDGE_LOOP('',(#6340,#6341,#6342,#6343));
#859=EDGE_LOOP('',(#6344,#6345,#6346,#6347));
#860=EDGE_LOOP('',(#6348,#6349,#6350,#6351));
#861=EDGE_LOOP('',(#6352,#6353,#6354,#6355));
#862=EDGE_LOOP('',(#6356,#6357,#6358,#6359,#6360,#6361,#6362,#6363,#6364,
#6365,#6366,#6367));
#863=EDGE_LOOP('',(#6368,#6369,#6370,#6371));
#864=EDGE_LOOP('',(#6372,#6373,#6374,#6375));
#865=EDGE_LOOP('',(#6376,#6377,#6378,#6379));
#866=EDGE_LOOP('',(#6380,#6381,#6382,#6383));
#867=EDGE_LOOP('',(#6384,#6385,#6386,#6387));
#868=EDGE_LOOP('',(#6388,#6389,#6390,#6391));
#869=EDGE_LOOP('',(#6392,#6393,#6394,#6395));
#870=EDGE_LOOP('',(#6396,#6397,#6398,#6399));
#871=EDGE_LOOP('',(#6400,#6401,#6402,#6403));
#872=EDGE_LOOP('',(#6404,#6405,#6406,#6407,#6408,#6409,#6410,#6411,#6412,
#6413,#6414,#6415));
#873=EDGE_LOOP('',(#6416,#6417,#6418,#6419));
#874=EDGE_LOOP('',(#6420,#6421,#6422,#6423));
#875=EDGE_LOOP('',(#6424,#6425,#6426,#6427));
#876=EDGE_LOOP('',(#6428,#6429,#6430,#6431,#6432,#6433,#6434,#6435,#6436,
#6437,#6438,#6439));
#877=EDGE_LOOP('',(#6440,#6441,#6442,#6443));
#878=EDGE_LOOP('',(#6444,#6445,#6446,#6447));
#879=EDGE_LOOP('',(#6448,#6449,#6450,#6451));
#880=EDGE_LOOP('',(#6452,#6453,#6454,#6455));
#881=EDGE_LOOP('',(#6456,#6457,#6458,#6459));
#882=EDGE_LOOP('',(#6460,#6461,#6462,#6463,#6464));
#883=EDGE_LOOP('',(#6465,#6466,#6467,#6468,#6469,#6470,#6471,#6472,#6473,
#6474));
#884=EDGE_LOOP('',(#6475,#6476,#6477,#6478));
#885=EDGE_LOOP('',(#6479,#6480,#6481,#6482));
#886=EDGE_LOOP('',(#6483,#6484,#6485,#6486));
#887=EDGE_LOOP('',(#6487,#6488,#6489,#6490));
#888=EDGE_LOOP('',(#6491,#6492,#6493,#6494));
#889=EDGE_LOOP('',(#6495,#6496,#6497,#6498));
#890=EDGE_LOOP('',(#6499,#6500,#6501,#6502,#6503));
#891=EDGE_LOOP('',(#6504,#6505,#6506,#6507));
#892=EDGE_LOOP('',(#6508,#6509,#6510,#6511));
#893=EDGE_LOOP('',(#6512,#6513,#6514,#6515,#6516,#6517,#6518,#6519,#6520,
#6521));
#894=EDGE_LOOP('',(#6522,#6523,#6524,#6525));
#895=EDGE_LOOP('',(#6526,#6527,#6528,#6529));
#896=EDGE_LOOP('',(#6530,#6531,#6532,#6533));
#897=EDGE_LOOP('',(#6534,#6535,#6536,#6537));
#898=EDGE_LOOP('',(#6538,#6539,#6540,#6541,#6542,#6543,#6544,#6545,#6546,
#6547));
#899=EDGE_LOOP('',(#6548,#6549,#6550,#6551));
#900=EDGE_LOOP('',(#6552,#6553,#6554,#6555));
#901=EDGE_LOOP('',(#6556,#6557,#6558,#6559));
#902=EDGE_LOOP('',(#6560,#6561,#6562,#6563));
#903=EDGE_LOOP('',(#6564,#6565,#6566,#6567));
#904=EDGE_LOOP('',(#6568,#6569,#6570,#6571,#6572,#6573,#6574,#6575,#6576,
#6577,#6578,#6579));
#905=EDGE_LOOP('',(#6580,#6581,#6582,#6583));
#906=EDGE_LOOP('',(#6584,#6585,#6586,#6587));
#907=EDGE_LOOP('',(#6588,#6589,#6590,#6591));
#908=EDGE_LOOP('',(#6592,#6593,#6594,#6595));
#909=EDGE_LOOP('',(#6596,#6597,#6598,#6599));
#910=EDGE_LOOP('',(#6600,#6601,#6602,#6603));
#911=EDGE_LOOP('',(#6604,#6605,#6606,#6607));
#912=EDGE_LOOP('',(#6608,#6609,#6610,#6611));
#913=EDGE_LOOP('',(#6612,#6613,#6614,#6615));
#914=EDGE_LOOP('',(#6616,#6617,#6618,#6619));
#915=EDGE_LOOP('',(#6620,#6621,#6622,#6623));
#916=EDGE_LOOP('',(#6624,#6625,#6626,#6627));
#917=EDGE_LOOP('',(#6628));
#918=EDGE_LOOP('',(#6629));
#919=EDGE_LOOP('',(#6630,#6631,#6632,#6633));
#920=EDGE_LOOP('',(#6634));
#921=EDGE_LOOP('',(#6635));
#922=EDGE_LOOP('',(#6636,#6637,#6638,#6639));
#923=EDGE_LOOP('',(#6640,#6641,#6642,#6643));
#924=EDGE_LOOP('',(#6644,#6645,#6646,#6647));
#925=EDGE_LOOP('',(#6648,#6649,#6650,#6651));
#926=EDGE_LOOP('',(#6652,#6653,#6654,#6655));
#927=EDGE_LOOP('',(#6656,#6657,#6658,#6659));
#928=EDGE_LOOP('',(#6660,#6661,#6662,#6663));
#929=EDGE_LOOP('',(#6664,#6665,#6666,#6667));
#930=EDGE_LOOP('',(#6668,#6669,#6670,#6671));
#931=EDGE_LOOP('',(#6672,#6673,#6674,#6675));
#932=EDGE_LOOP('',(#6676,#6677,#6678,#6679));
#933=EDGE_LOOP('',(#6680,#6681,#6682,#6683));
#934=EDGE_LOOP('',(#6684,#6685,#6686,#6687));
#935=EDGE_LOOP('',(#6688,#6689,#6690,#6691,#6692,#6693,#6694,#6695,#6696,
#6697,#6698,#6699,#6700,#6701,#6702,#6703,#6704,#6705,#6706,#6707,#6708,
#6709,#6710,#6711,#6712,#6713,#6714,#6715,#6716,#6717,#6718,#6719,#6720,
#6721,#6722,#6723,#6724,#6725,#6726,#6727,#6728,#6729,#6730,#6731,#6732,
#6733,#6734,#6735,#6736,#6737,#6738,#6739,#6740,#6741,#6742,#6743,#6744,
#6745));
#936=EDGE_LOOP('',(#6746,#6747,#6748,#6749,#6750,#6751,#6752,#6753,#6754,
#6755,#6756,#6757,#6758,#6759,#6760,#6761));
#937=EDGE_LOOP('',(#6762,#6763,#6764,#6765,#6766,#6767,#6768,#6769));
#938=EDGE_LOOP('',(#6770,#6771,#6772,#6773));
#939=EDGE_LOOP('',(#6774,#6775,#6776,#6777));
#940=EDGE_LOOP('',(#6778,#6779,#6780,#6781));
#941=EDGE_LOOP('',(#6782,#6783,#6784,#6785));
#942=EDGE_LOOP('',(#6786,#6787,#6788,#6789));
#943=EDGE_LOOP('',(#6790,#6791,#6792,#6793));
#944=EDGE_LOOP('',(#6794,#6795,#6796,#6797));
#945=EDGE_LOOP('',(#6798,#6799,#6800,#6801,#6802,#6803,#6804,#6805));
#946=EDGE_LOOP('',(#6806,#6807,#6808,#6809));
#947=EDGE_LOOP('',(#6810,#6811,#6812,#6813));
#948=EDGE_LOOP('',(#6814,#6815,#6816,#6817,#6818,#6819,#6820,#6821));
#949=EDGE_LOOP('',(#6822,#6823,#6824,#6825));
#950=EDGE_LOOP('',(#6826,#6827,#6828,#6829));
#951=EDGE_LOOP('',(#6830,#6831,#6832,#6833,#6834));
#952=EDGE_LOOP('',(#6835,#6836,#6837,#6838));
#953=EDGE_LOOP('',(#6839,#6840,#6841,#6842,#6843));
#954=EDGE_LOOP('',(#6844,#6845,#6846,#6847));
#955=EDGE_LOOP('',(#6848,#6849,#6850,#6851,#6852));
#956=EDGE_LOOP('',(#6853,#6854,#6855,#6856));
#957=EDGE_LOOP('',(#6857,#6858,#6859,#6860,#6861,#6862));
#958=EDGE_LOOP('',(#6863,#6864,#6865,#6866));
#959=EDGE_LOOP('',(#6867,#6868,#6869,#6870));
#960=EDGE_LOOP('',(#6871,#6872,#6873,#6874));
#961=EDGE_LOOP('',(#6875,#6876,#6877,#6878));
#962=EDGE_LOOP('',(#6879,#6880,#6881,#6882));
#963=EDGE_LOOP('',(#6883,#6884,#6885,#6886));
#964=EDGE_LOOP('',(#6887,#6888,#6889,#6890));
#965=EDGE_LOOP('',(#6891,#6892,#6893,#6894));
#966=EDGE_LOOP('',(#6895,#6896,#6897,#6898));
#967=EDGE_LOOP('',(#6899,#6900,#6901,#6902));
#968=EDGE_LOOP('',(#6903,#6904,#6905,#6906));
#969=EDGE_LOOP('',(#6907,#6908,#6909,#6910));
#970=EDGE_LOOP('',(#6911,#6912,#6913,#6914));
#971=EDGE_LOOP('',(#6915,#6916,#6917,#6918));
#972=EDGE_LOOP('',(#6919,#6920,#6921,#6922));
#973=EDGE_LOOP('',(#6923,#6924,#6925,#6926,#6927));
#974=EDGE_LOOP('',(#6928,#6929,#6930,#6931));
#975=EDGE_LOOP('',(#6932,#6933,#6934,#6935));
#976=EDGE_LOOP('',(#6936,#6937,#6938,#6939));
#977=EDGE_LOOP('',(#6940,#6941,#6942,#6943));
#978=EDGE_LOOP('',(#6944,#6945,#6946,#6947));
#979=EDGE_LOOP('',(#6948,#6949,#6950,#6951));
#980=EDGE_LOOP('',(#6952,#6953,#6954,#6955));
#981=EDGE_LOOP('',(#6956,#6957,#6958,#6959,#6960));
#982=EDGE_LOOP('',(#6961,#6962,#6963,#6964));
#983=EDGE_LOOP('',(#6965,#6966,#6967,#6968));
#984=EDGE_LOOP('',(#6969,#6970,#6971,#6972));
#985=EDGE_LOOP('',(#6973,#6974,#6975,#6976));
#986=EDGE_LOOP('',(#6977,#6978,#6979,#6980));
#987=EDGE_LOOP('',(#6981,#6982,#6983,#6984,#6985));
#988=EDGE_LOOP('',(#6986,#6987,#6988,#6989));
#989=EDGE_LOOP('',(#6990,#6991,#6992,#6993));
#990=EDGE_LOOP('',(#6994,#6995,#6996,#6997));
#991=EDGE_LOOP('',(#6998,#6999,#7000,#7001));
#992=EDGE_LOOP('',(#7002,#7003,#7004,#7005));
#993=EDGE_LOOP('',(#7006,#7007,#7008,#7009));
#994=EDGE_LOOP('',(#7010,#7011,#7012,#7013));
#995=EDGE_LOOP('',(#7014,#7015,#7016,#7017));
#996=EDGE_LOOP('',(#7018,#7019,#7020,#7021));
#997=EDGE_LOOP('',(#7022,#7023,#7024,#7025));
#998=EDGE_LOOP('',(#7026,#7027,#7028,#7029));
#999=EDGE_LOOP('',(#7030,#7031,#7032,#7033));
#1000=EDGE_LOOP('',(#7034,#7035,#7036,#7037,#7038));
#1001=EDGE_LOOP('',(#7039,#7040,#7041,#7042));
#1002=EDGE_LOOP('',(#7043,#7044,#7045,#7046));
#1003=EDGE_LOOP('',(#7047,#7048,#7049,#7050));
#1004=EDGE_LOOP('',(#7051,#7052,#7053,#7054));
#1005=EDGE_LOOP('',(#7055,#7056,#7057,#7058));
#1006=EDGE_LOOP('',(#7059));
#1007=EDGE_LOOP('',(#7060,#7061,#7062,#7063));
#1008=EDGE_LOOP('',(#7064,#7065,#7066,#7067));
#1009=EDGE_LOOP('',(#7068,#7069,#7070,#7071));
#1010=EDGE_LOOP('',(#7072,#7073,#7074,#7075));
#1011=EDGE_LOOP('',(#7076,#7077,#7078,#7079));
#1012=EDGE_LOOP('',(#7080,#7081,#7082,#7083));
#1013=EDGE_LOOP('',(#7084,#7085,#7086,#7087));
#1014=EDGE_LOOP('',(#7088,#7089,#7090,#7091));
#1015=EDGE_LOOP('',(#7092,#7093,#7094,#7095));
#1016=EDGE_LOOP('',(#7096,#7097,#7098,#7099));
#1017=EDGE_LOOP('',(#7100,#7101,#7102,#7103));
#1018=EDGE_LOOP('',(#7104,#7105,#7106,#7107));
#1019=EDGE_LOOP('',(#7108,#7109,#7110,#7111));
#1020=EDGE_LOOP('',(#7112,#7113,#7114,#7115));
#1021=EDGE_LOOP('',(#7116,#7117,#7118,#7119));
#1022=EDGE_LOOP('',(#7120,#7121,#7122,#7123));
#1023=EDGE_LOOP('',(#7124,#7125,#7126,#7127));
#1024=EDGE_LOOP('',(#7128,#7129,#7130,#7131));
#1025=EDGE_LOOP('',(#7132,#7133,#7134,#7135));
#1026=EDGE_LOOP('',(#7136,#7137,#7138,#7139));
#1027=EDGE_LOOP('',(#7140,#7141,#7142,#7143));
#1028=EDGE_LOOP('',(#7144,#7145,#7146,#7147));
#1029=EDGE_LOOP('',(#7148,#7149,#7150,#7151));
#1030=EDGE_LOOP('',(#7152,#7153,#7154,#7155));
#1031=EDGE_LOOP('',(#7156,#7157,#7158,#7159));
#1032=EDGE_LOOP('',(#7160,#7161,#7162,#7163));
#1033=EDGE_LOOP('',(#7164,#7165,#7166,#7167));
#1034=EDGE_LOOP('',(#7168,#7169,#7170,#7171));
#1035=EDGE_LOOP('',(#7172,#7173,#7174,#7175));
#1036=EDGE_LOOP('',(#7176,#7177,#7178,#7179));
#1037=EDGE_LOOP('',(#7180,#7181,#7182,#7183));
#1038=EDGE_LOOP('',(#7184,#7185,#7186,#7187));
#1039=EDGE_LOOP('',(#7188,#7189,#7190,#7191));
#1040=EDGE_LOOP('',(#7192,#7193,#7194,#7195));
#1041=EDGE_LOOP('',(#7196,#7197,#7198,#7199));
#1042=EDGE_LOOP('',(#7200,#7201,#7202,#7203));
#1043=EDGE_LOOP('',(#7204,#7205,#7206,#7207));
#1044=EDGE_LOOP('',(#7208,#7209,#7210,#7211));
#1045=EDGE_LOOP('',(#7212,#7213,#7214,#7215));
#1046=EDGE_LOOP('',(#7216,#7217,#7218,#7219));
#1047=EDGE_LOOP('',(#7220,#7221,#7222,#7223));
#1048=EDGE_LOOP('',(#7224,#7225,#7226,#7227));
#1049=EDGE_LOOP('',(#7228,#7229,#7230,#7231));
#1050=EDGE_LOOP('',(#7232,#7233,#7234,#7235));
#1051=EDGE_LOOP('',(#7236,#7237,#7238,#7239));
#1052=EDGE_LOOP('',(#7240,#7241,#7242,#7243));
#1053=EDGE_LOOP('',(#7244,#7245,#7246,#7247));
#1054=EDGE_LOOP('',(#7248,#7249,#7250,#7251));
#1055=EDGE_LOOP('',(#7252,#7253,#7254,#7255));
#1056=EDGE_LOOP('',(#7256,#7257,#7258,#7259));
#1057=EDGE_LOOP('',(#7260,#7261,#7262,#7263));
#1058=EDGE_LOOP('',(#7264,#7265,#7266,#7267));
#1059=EDGE_LOOP('',(#7268,#7269,#7270,#7271));
#1060=EDGE_LOOP('',(#7272,#7273,#7274,#7275));
#1061=EDGE_LOOP('',(#7276,#7277,#7278,#7279));
#1062=EDGE_LOOP('',(#7280,#7281,#7282,#7283));
#1063=EDGE_LOOP('',(#7284,#7285,#7286,#7287));
#1064=EDGE_LOOP('',(#7288,#7289,#7290,#7291));
#1065=EDGE_LOOP('',(#7292,#7293,#7294,#7295));
#1066=EDGE_LOOP('',(#7296,#7297,#7298,#7299,#7300,#7301,#7302,#7303,#7304,
#7305,#7306,#7307,#7308,#7309,#7310,#7311,#7312,#7313,#7314,#7315,#7316,
#7317,#7318,#7319,#7320,#7321,#7322,#7323,#7324,#7325,#7326,#7327,#7328,
#7329,#7330,#7331,#7332,#7333,#7334,#7335,#7336,#7337,#7338,#7339));
#1067=EDGE_LOOP('',(#7340,#7341,#7342,#7343,#7344,#7345));
#1068=EDGE_LOOP('',(#7346,#7347,#7348,#7349,#7350,#7351));
#1069=EDGE_LOOP('',(#7352,#7353,#7354,#7355,#7356,#7357,#7358,#7359,#7360,
#7361,#7362,#7363,#7364,#7365,#7366,#7367,#7368,#7369,#7370,#7371,#7372,
#7373,#7374,#7375,#7376,#7377,#7378,#7379,#7380,#7381,#7382,#7383,#7384,
#7385,#7386,#7387,#7388,#7389,#7390,#7391,#7392,#7393,#7394,#7395));
#1070=EDGE_LOOP('',(#7396,#7397,#7398,#7399,#7400,#7401));
#1071=EDGE_LOOP('',(#7402,#7403,#7404,#7405,#7406,#7407));
#1072=EDGE_LOOP('',(#7408,#7409,#7410,#7411));
#1073=EDGE_LOOP('',(#7412,#7413,#7414,#7415));
#1074=EDGE_LOOP('',(#7416,#7417,#7418,#7419));
#1075=EDGE_LOOP('',(#7420,#7421,#7422,#7423));
#1076=EDGE_LOOP('',(#7424,#7425,#7426,#7427));
#1077=EDGE_LOOP('',(#7428,#7429,#7430,#7431));
#1078=EDGE_LOOP('',(#7432,#7433,#7434,#7435));
#1079=EDGE_LOOP('',(#7436,#7437,#7438,#7439));
#1080=EDGE_LOOP('',(#7440,#7441,#7442,#7443));
#1081=EDGE_LOOP('',(#7444,#7445,#7446,#7447));
#1082=EDGE_LOOP('',(#7448,#7449,#7450,#7451));
#1083=EDGE_LOOP('',(#7452,#7453,#7454,#7455));
#1084=EDGE_LOOP('',(#7456,#7457,#7458,#7459));
#1085=EDGE_LOOP('',(#7460,#7461,#7462,#7463));
#1086=EDGE_LOOP('',(#7464,#7465,#7466,#7467));
#1087=EDGE_LOOP('',(#7468,#7469,#7470,#7471));
#1088=EDGE_LOOP('',(#7472,#7473,#7474,#7475));
#1089=EDGE_LOOP('',(#7476,#7477,#7478,#7479));
#1090=EDGE_LOOP('',(#7480,#7481,#7482,#7483));
#1091=EDGE_LOOP('',(#7484,#7485,#7486,#7487));
#1092=EDGE_LOOP('',(#7488,#7489,#7490,#7491));
#1093=EDGE_LOOP('',(#7492,#7493,#7494,#7495));
#1094=EDGE_LOOP('',(#7496,#7497,#7498,#7499));
#1095=EDGE_LOOP('',(#7500,#7501,#7502,#7503));
#1096=EDGE_LOOP('',(#7504,#7505,#7506,#7507));
#1097=EDGE_LOOP('',(#7508,#7509,#7510,#7511));
#1098=EDGE_LOOP('',(#7512,#7513,#7514,#7515));
#1099=EDGE_LOOP('',(#7516,#7517,#7518,#7519));
#1100=EDGE_LOOP('',(#7520,#7521,#7522,#7523));
#1101=EDGE_LOOP('',(#7524,#7525,#7526,#7527));
#1102=EDGE_LOOP('',(#7528,#7529,#7530,#7531));
#1103=EDGE_LOOP('',(#7532,#7533,#7534,#7535));
#1104=EDGE_LOOP('',(#7536,#7537,#7538,#7539));
#1105=EDGE_LOOP('',(#7540,#7541,#7542,#7543));
#1106=EDGE_LOOP('',(#7544,#7545,#7546,#7547));
#1107=EDGE_LOOP('',(#7548,#7549,#7550,#7551));
#1108=EDGE_LOOP('',(#7552,#7553,#7554,#7555));
#1109=EDGE_LOOP('',(#7556,#7557,#7558,#7559));
#1110=EDGE_LOOP('',(#7560,#7561,#7562,#7563));
#1111=EDGE_LOOP('',(#7564,#7565,#7566,#7567));
#1112=EDGE_LOOP('',(#7568,#7569,#7570,#7571));
#1113=EDGE_LOOP('',(#7572,#7573,#7574,#7575));
#1114=EDGE_LOOP('',(#7576,#7577,#7578,#7579));
#1115=EDGE_LOOP('',(#7580,#7581,#7582,#7583));
#1116=EDGE_LOOP('',(#7584,#7585,#7586,#7587));
#1117=EDGE_LOOP('',(#7588,#7589,#7590,#7591));
#1118=EDGE_LOOP('',(#7592,#7593,#7594,#7595));
#1119=EDGE_LOOP('',(#7596,#7597,#7598,#7599));
#1120=EDGE_LOOP('',(#7600,#7601,#7602,#7603));
#1121=EDGE_LOOP('',(#7604,#7605,#7606,#7607));
#1122=EDGE_LOOP('',(#7608,#7609,#7610,#7611));
#1123=EDGE_LOOP('',(#7612,#7613,#7614,#7615,#7616,#7617,#7618,#7619,#7620,
#7621,#7622,#7623,#7624,#7625,#7626,#7627,#7628,#7629,#7630,#7631,#7632,
#7633,#7634,#7635,#7636,#7637,#7638,#7639,#7640,#7641,#7642,#7643,#7644,
#7645,#7646,#7647,#7648,#7649,#7650,#7651,#7652,#7653,#7654,#7655,#7656));
#1124=EDGE_LOOP('',(#7657,#7658,#7659,#7660,#7661,#7662));
#1125=EDGE_LOOP('',(#7663,#7664,#7665,#7666,#7667,#7668,#7669,#7670,#7671,
#7672,#7673,#7674,#7675,#7676,#7677,#7678,#7679,#7680,#7681,#7682,#7683,
#7684,#7685,#7686,#7687,#7688,#7689,#7690,#7691,#7692,#7693,#7694,#7695,
#7696,#7697,#7698,#7699,#7700,#7701,#7702,#7703,#7704,#7705,#7706,#7707));
#1126=EDGE_LOOP('',(#7708,#7709,#7710,#7711,#7712,#7713));
#1127=EDGE_LOOP('',(#7714,#7715,#7716,#7717));
#1128=EDGE_LOOP('',(#7718,#7719,#7720,#7721));
#1129=EDGE_LOOP('',(#7722,#7723,#7724,#7725));
#1130=EDGE_LOOP('',(#7726,#7727,#7728,#7729));
#1131=EDGE_LOOP('',(#7730,#7731,#7732,#7733));
#1132=EDGE_LOOP('',(#7734,#7735,#7736,#7737));
#1133=EDGE_LOOP('',(#7738,#7739,#7740,#7741));
#1134=EDGE_LOOP('',(#7742,#7743,#7744,#7745));
#1135=EDGE_LOOP('',(#7746,#7747,#7748,#7749));
#1136=EDGE_LOOP('',(#7750,#7751,#7752,#7753));
#1137=EDGE_LOOP('',(#7754,#7755,#7756,#7757));
#1138=EDGE_LOOP('',(#7758,#7759,#7760,#7761));
#1139=EDGE_LOOP('',(#7762,#7763,#7764,#7765));
#1140=EDGE_LOOP('',(#7766,#7767,#7768,#7769));
#1141=EDGE_LOOP('',(#7770,#7771,#7772,#7773));
#1142=EDGE_LOOP('',(#7774,#7775,#7776,#7777));
#1143=EDGE_LOOP('',(#7778,#7779,#7780,#7781));
#1144=EDGE_LOOP('',(#7782,#7783,#7784,#7785));
#1145=EDGE_LOOP('',(#7786,#7787,#7788,#7789));
#1146=EDGE_LOOP('',(#7790,#7791,#7792,#7793));
#1147=EDGE_LOOP('',(#7794,#7795,#7796,#7797));
#1148=EDGE_LOOP('',(#7798,#7799,#7800,#7801));
#1149=EDGE_LOOP('',(#7802,#7803,#7804,#7805));
#1150=EDGE_LOOP('',(#7806,#7807,#7808,#7809));
#1151=EDGE_LOOP('',(#7810,#7811,#7812,#7813));
#1152=EDGE_LOOP('',(#7814,#7815,#7816,#7817));
#1153=EDGE_LOOP('',(#7818,#7819,#7820,#7821));
#1154=EDGE_LOOP('',(#7822,#7823,#7824,#7825));
#1155=EDGE_LOOP('',(#7826,#7827,#7828,#7829));
#1156=EDGE_LOOP('',(#7830,#7831,#7832,#7833));
#1157=EDGE_LOOP('',(#7834,#7835,#7836,#7837));
#1158=EDGE_LOOP('',(#7838,#7839,#7840,#7841));
#1159=EDGE_LOOP('',(#7842,#7843,#7844,#7845));
#1160=EDGE_LOOP('',(#7846,#7847,#7848,#7849));
#1161=EDGE_LOOP('',(#7850,#7851,#7852,#7853));
#1162=EDGE_LOOP('',(#7854,#7855,#7856,#7857));
#1163=EDGE_LOOP('',(#7858,#7859,#7860,#7861));
#1164=EDGE_LOOP('',(#7862,#7863,#7864,#7865));
#1165=EDGE_LOOP('',(#7866,#7867,#7868,#7869));
#1166=EDGE_LOOP('',(#7870,#7871,#7872,#7873));
#1167=EDGE_LOOP('',(#7874,#7875,#7876,#7877));
#1168=EDGE_LOOP('',(#7878,#7879,#7880,#7881));
#1169=EDGE_LOOP('',(#7882,#7883,#7884,#7885));
#1170=EDGE_LOOP('',(#7886,#7887,#7888,#7889));
#1171=EDGE_LOOP('',(#7890,#7891,#7892,#7893));
#1172=EDGE_LOOP('',(#7894,#7895,#7896,#7897));
#1173=EDGE_LOOP('',(#7898,#7899,#7900,#7901));
#1174=EDGE_LOOP('',(#7902,#7903,#7904,#7905));
#1175=EDGE_LOOP('',(#7906,#7907,#7908,#7909));
#1176=EDGE_LOOP('',(#7910,#7911,#7912,#7913));
#1177=EDGE_LOOP('',(#7914,#7915,#7916,#7917));
#1178=EDGE_LOOP('',(#7918,#7919,#7920,#7921));
#1179=EDGE_LOOP('',(#7922,#7923,#7924,#7925));
#1180=EDGE_LOOP('',(#7926,#7927,#7928,#7929));
#1181=EDGE_LOOP('',(#7930,#7931,#7932,#7933));
#1182=EDGE_LOOP('',(#7934,#7935,#7936,#7937));
#1183=EDGE_LOOP('',(#7938,#7939,#7940,#7941));
#1184=EDGE_LOOP('',(#7942,#7943,#7944,#7945));
#1185=EDGE_LOOP('',(#7946,#7947,#7948,#7949));
#1186=EDGE_LOOP('',(#7950,#7951,#7952,#7953));
#1187=EDGE_LOOP('',(#7954,#7955,#7956,#7957));
#1188=EDGE_LOOP('',(#7958,#7959,#7960,#7961));
#1189=EDGE_LOOP('',(#7962,#7963,#7964,#7965));
#1190=EDGE_LOOP('',(#7966,#7967,#7968,#7969));
#1191=EDGE_LOOP('',(#7970,#7971,#7972,#7973));
#1192=EDGE_LOOP('',(#7974,#7975,#7976,#7977));
#1193=EDGE_LOOP('',(#7978,#7979,#7980,#7981));
#1194=EDGE_LOOP('',(#7982,#7983,#7984,#7985));
#1195=EDGE_LOOP('',(#7986,#7987,#7988,#7989));
#1196=EDGE_LOOP('',(#7990,#7991,#7992,#7993));
#1197=EDGE_LOOP('',(#7994,#7995,#7996,#7997));
#1198=EDGE_LOOP('',(#7998,#7999,#8000,#8001));
#1199=EDGE_LOOP('',(#8002,#8003,#8004,#8005));
#1200=EDGE_LOOP('',(#8006,#8007,#8008,#8009));
#1201=EDGE_LOOP('',(#8010,#8011,#8012,#8013));
#1202=EDGE_LOOP('',(#8014,#8015,#8016,#8017));
#1203=EDGE_LOOP('',(#8018,#8019,#8020,#8021));
#1204=EDGE_LOOP('',(#8022,#8023,#8024,#8025));
#1205=EDGE_LOOP('',(#8026,#8027,#8028,#8029));
#1206=EDGE_LOOP('',(#8030,#8031,#8032,#8033));
#1207=EDGE_LOOP('',(#8034,#8035,#8036,#8037));
#1208=EDGE_LOOP('',(#8038,#8039,#8040,#8041));
#1209=EDGE_LOOP('',(#8042,#8043,#8044,#8045));
#1210=EDGE_LOOP('',(#8046,#8047,#8048,#8049));
#1211=EDGE_LOOP('',(#8050,#8051,#8052,#8053));
#1212=EDGE_LOOP('',(#8054,#8055,#8056,#8057));
#1213=EDGE_LOOP('',(#8058,#8059,#8060,#8061));
#1214=EDGE_LOOP('',(#8062,#8063,#8064,#8065));
#1215=EDGE_LOOP('',(#8066,#8067,#8068,#8069));
#1216=EDGE_LOOP('',(#8070,#8071,#8072,#8073));
#1217=EDGE_LOOP('',(#8074,#8075,#8076,#8077));
#1218=EDGE_LOOP('',(#8078,#8079,#8080,#8081));
#1219=EDGE_LOOP('',(#8082,#8083,#8084,#8085));
#1220=EDGE_LOOP('',(#8086,#8087,#8088,#8089));
#1221=EDGE_LOOP('',(#8090,#8091,#8092,#8093));
#1222=EDGE_LOOP('',(#8094,#8095,#8096,#8097));
#1223=EDGE_LOOP('',(#8098,#8099,#8100,#8101));
#1224=EDGE_LOOP('',(#8102,#8103,#8104,#8105));
#1225=EDGE_LOOP('',(#8106,#8107,#8108,#8109,#8110,#8111,#8112,#8113,#8114,
#8115,#8116,#8117,#8118,#8119,#8120,#8121,#8122,#8123,#8124,#8125,#8126,
#8127,#8128,#8129,#8130,#8131,#8132,#8133,#8134,#8135,#8136,#8137,#8138,
#8139,#8140,#8141,#8142,#8143,#8144,#8145,#8146,#8147,#8148,#8149,#8150,
#8151,#8152,#8153,#8154,#8155,#8156,#8157,#8158,#8159,#8160,#8161));
#1226=EDGE_LOOP('',(#8162,#8163,#8164,#8165,#8166,#8167));
#1227=EDGE_LOOP('',(#8168,#8169,#8170,#8171,#8172,#8173));
#1228=EDGE_LOOP('',(#8174,#8175,#8176,#8177,#8178,#8179));
#1229=EDGE_LOOP('',(#8180,#8181,#8182,#8183,#8184,#8185));
#1230=EDGE_LOOP('',(#8186,#8187,#8188,#8189,#8190,#8191));
#1231=EDGE_LOOP('',(#8192,#8193,#8194,#8195,#8196,#8197));
#1232=EDGE_LOOP('',(#8198,#8199,#8200,#8201,#8202,#8203));
#1233=EDGE_LOOP('',(#8204,#8205,#8206,#8207,#8208,#8209,#8210,#8211,#8212,
#8213,#8214,#8215,#8216,#8217,#8218,#8219,#8220,#8221,#8222,#8223,#8224,
#8225,#8226,#8227,#8228,#8229,#8230,#8231,#8232,#8233,#8234,#8235,#8236,
#8237,#8238,#8239,#8240,#8241,#8242,#8243,#8244,#8245,#8246,#8247,#8248,
#8249,#8250,#8251,#8252,#8253,#8254,#8255,#8256,#8257,#8258,#8259));
#1234=EDGE_LOOP('',(#8260,#8261,#8262,#8263,#8264,#8265));
#1235=EDGE_LOOP('',(#8266,#8267,#8268,#8269,#8270,#8271));
#1236=EDGE_LOOP('',(#8272,#8273,#8274,#8275,#8276,#8277));
#1237=EDGE_LOOP('',(#8278,#8279,#8280,#8281,#8282,#8283));
#1238=EDGE_LOOP('',(#8284,#8285,#8286,#8287,#8288,#8289));
#1239=EDGE_LOOP('',(#8290,#8291,#8292,#8293,#8294,#8295));
#1240=EDGE_LOOP('',(#8296,#8297,#8298,#8299,#8300,#8301));
#1241=CIRCLE('',#9142,1.);
#1242=CIRCLE('',#9143,3.00000000000001);
#1243=CIRCLE('',#9144,1.);
#1244=CIRCLE('',#9146,1.);
#1245=CIRCLE('',#9147,3.00000000000001);
#1246=CIRCLE('',#9148,1.);
#1247=CIRCLE('',#9150,3.);
#1248=CIRCLE('',#9151,1.);
#1249=CIRCLE('',#9152,1.);
#1250=CIRCLE('',#9165,1.);
#1251=CIRCLE('',#9169,1.);
#1252=CIRCLE('',#9171,1.);
#1253=CIRCLE('',#9172,2.99999999999996);
#1254=CIRCLE('',#9173,2.99999999999997);
#1255=CIRCLE('',#9175,11.);
#1256=CIRCLE('',#9177,11.);
#1257=CIRCLE('',#9179,11.);
#1258=CIRCLE('',#9180,11.);
#1259=CIRCLE('',#9183,11.);
#1260=CIRCLE('',#9184,11.);
#1261=CIRCLE('',#9186,11.);
#1262=CIRCLE('',#9187,11.);
#1263=CIRCLE('',#9193,1.);
#1264=CIRCLE('',#9194,3.00000000000003);
#1265=CIRCLE('',#9195,2.99999999999993);
#1266=CIRCLE('',#9196,3.00000000000004);
#1267=CIRCLE('',#9197,3.);
#1268=CIRCLE('',#9198,1.);
#1269=CIRCLE('',#9199,3.00000000000002);
#1270=CIRCLE('',#9200,2.99999999999996);
#1271=CIRCLE('',#9201,3.00000000000003);
#1272=CIRCLE('',#9202,3.00000000000002);
#1273=CIRCLE('',#9203,3.);
#1274=CIRCLE('',#9204,3.00000000000002);
#1275=CIRCLE('',#9205,2.99999999999996);
#1276=CIRCLE('',#9206,3.00000000000003);
#1277=CIRCLE('',#9207,3.00000000000002);
#1278=CIRCLE('',#9208,3.);
#1279=CIRCLE('',#9209,3.00000000000002);
#1280=CIRCLE('',#9210,3.00000000000013);
#1281=CIRCLE('',#9211,5.00000000000014);
#1282=CIRCLE('',#9212,5.00000000000012);
#1283=CIRCLE('',#9213,4.00000000000004);
#1284=CIRCLE('',#9214,2.99999999999996);
#1285=CIRCLE('',#9215,1.);
#1286=CIRCLE('',#9217,3.00000000000002);
#1287=CIRCLE('',#9218,3.00000000000003);
#1288=CIRCLE('',#9219,1.);
#1289=CIRCLE('',#9221,3.40000000000001);
#1290=CIRCLE('',#9222,3.00000000000004);
#1291=CIRCLE('',#9225,3.39999999999992);
#1292=CIRCLE('',#9226,2.99999999999993);
#1293=CIRCLE('',#9229,3.39999999999999);
#1294=CIRCLE('',#9230,2.99999999999999);
#1295=CIRCLE('',#9233,3.);
#1296=CIRCLE('',#9234,3.4);
#1297=CIRCLE('',#9237,3.40000000000001);
#1298=CIRCLE('',#9238,3.);
#1299=CIRCLE('',#9241,3.39999999999999);
#1300=CIRCLE('',#9242,3.);
#1301=CIRCLE('',#9251,1.59999999999999);
#1302=CIRCLE('',#9252,1.6);
#1303=CIRCLE('',#9253,1.6);
#1304=CIRCLE('',#9254,1.59999999999999);
#1305=CIRCLE('',#9255,3.4000000000001);
#1306=CIRCLE('',#9256,5.60000000000012);
#1307=CIRCLE('',#9257,5.60000000000014);
#1308=CIRCLE('',#9258,3.39999999999996);
#1309=CIRCLE('',#9259,2.40000000000007);
#1310=CIRCLE('',#9260,3.40000000000001);
#1311=CIRCLE('',#9261,3.4);
#1312=CIRCLE('',#9262,3.39999999999999);
#1313=CIRCLE('',#9263,2.40000000000007);
#1314=CIRCLE('',#9264,3.40000000000002);
#1315=CIRCLE('',#9265,1.40000000000001);
#1316=CIRCLE('',#9266,1.40000000000001);
#1317=CIRCLE('',#9267,3.39999999999997);
#1318=CIRCLE('',#9270,2.);
#1319=CIRCLE('',#9273,3.00000000000002);
#1320=CIRCLE('',#9276,3.);
#1321=CIRCLE('',#9279,3.);
#1322=CIRCLE('',#9282,2.);
#1323=CIRCLE('',#9287,11.);
#1324=CIRCLE('',#9290,3.);
#1325=CIRCLE('',#9291,3.);
#1326=CIRCLE('',#9293,3.00000000000002);
#1327=CIRCLE('',#9296,1.);
#1328=CIRCLE('',#9299,1.);
#1329=CIRCLE('',#9302,2.99999999999996);
#1330=CIRCLE('',#9305,11.);
#1331=CIRCLE('',#9310,2.);
#1332=CIRCLE('',#9313,3.00000000000001);
#1333=CIRCLE('',#9316,6.00000000000014);
#1334=CIRCLE('',#9319,6.00000000000012);
#1335=CIRCLE('',#9322,3.00000000000004);
#1336=CIRCLE('',#9325,2.);
#1337=CIRCLE('',#9328,2.);
#1338=CIRCLE('',#9331,2.);
#1339=CIRCLE('',#9334,12.);
#1340=CIRCLE('',#9338,2.35);
#1341=CIRCLE('',#9342,12.);
#1342=CIRCLE('',#9343,12.);
#1343=CIRCLE('',#9345,2.);
#1344=CIRCLE('',#9347,1.6);
#1345=CIRCLE('',#9348,1.6);
#1346=CIRCLE('',#9350,2.);
#1347=CIRCLE('',#9387,2.99999999999996);
#1348=CIRCLE('',#9388,3.00000000000002);
#1349=CIRCLE('',#9389,3.);
#1350=CIRCLE('',#9390,3.00000000000002);
#1351=CIRCLE('',#9391,3.00000000000003);
#1352=CIRCLE('',#9392,3.);
#1353=CIRCLE('',#9401,2.);
#1354=CIRCLE('',#9402,2.);
#1355=CIRCLE('',#9403,3.00000000000001);
#1356=CIRCLE('',#9404,3.);
#1357=CIRCLE('',#9405,3.00000000000001);
#1358=CIRCLE('',#9411,11.);
#1359=CIRCLE('',#9418,2.);
#1360=CIRCLE('',#9419,3.00000000000001);
#1361=CIRCLE('',#9420,3.);
#1362=CIRCLE('',#9421,3.00000000000001);
#1363=CIRCLE('',#9422,1.99999999999998);
#1364=CIRCLE('',#9427,11.);
#1365=CIRCLE('',#9430,3.);
#1366=CIRCLE('',#9431,3.00000000000002);
#1367=CIRCLE('',#9432,2.);
#1368=CIRCLE('',#9433,2.);
#1369=CIRCLE('',#9434,3.00000000000002);
#1370=CIRCLE('',#9440,11.);
#1371=CIRCLE('',#9443,3.00000000000002);
#1372=CIRCLE('',#9444,3.);
#1373=CIRCLE('',#9445,3.00000000000002);
#1374=CIRCLE('',#9446,3.00000000000003);
#1375=CIRCLE('',#9447,2.99999999999996);
#1376=CIRCLE('',#9448,3.00000000000013);
#1377=CIRCLE('',#9465,3.);
#1378=CIRCLE('',#9467,1.6);
#1379=CIRCLE('',#9469,3.);
#1380=CIRCLE('',#9471,1.6);
#1381=CIRCLE('',#9473,1.);
#1382=CIRCLE('',#9474,1.00000000000001);
#1383=CIRCLE('',#9476,0.999999999999921);
#1384=CIRCLE('',#9477,11.);
#1385=CIRCLE('',#9478,12.);
#1386=CIRCLE('',#9479,1.);
#1387=CIRCLE('',#9480,0.999999999999995);
#1388=CIRCLE('',#9484,0.99999999999584);
#1389=CIRCLE('',#9485,6.00000000000014);
#1390=CIRCLE('',#9486,1.00000000000021);
#1391=CIRCLE('',#9488,0.999999999999837);
#1392=CIRCLE('',#9490,0.999999999999927);
#1393=CIRCLE('',#9491,6.00000000000012);
#1394=CIRCLE('',#9493,1.00000000000001);
#1395=CIRCLE('',#9495,1.);
#1396=CIRCLE('',#9496,3.00000000000004);
#1397=CIRCLE('',#9498,1.00000000000001);
#1398=CIRCLE('',#9500,0.999999999999983);
#1399=CIRCLE('',#9502,1.);
#1400=CIRCLE('',#9509,11.);
#1401=CIRCLE('',#9510,11.);
#1402=CIRCLE('',#9512,11.);
#1403=CIRCLE('',#9514,11.);
#1404=CIRCLE('',#9516,11.);
#1405=CIRCLE('',#9520,2.);
#1406=CIRCLE('',#9521,2.);
#1407=CIRCLE('',#9522,1.);
#1408=CIRCLE('',#9531,1.);
#1409=CIRCLE('',#9557,0.999999999999996);
#1410=CIRCLE('',#9559,1.);
#1411=CIRCLE('',#9561,1.00000000000001);
#1412=CIRCLE('',#9563,1.00000000000001);
#1413=CIRCLE('',#9599,2.35);
#1414=CIRCLE('',#9634,2.40000000000007);
#1415=CIRCLE('',#9635,2.40000000000007);
#1416=CIRCLE('',#9639,2.40000000000007);
#1417=CIRCLE('',#9640,2.40000000000007);
#1418=CIRCLE('',#9657,2.39999999999799);
#1419=CIRCLE('',#9658,2.39999999999799);
#1420=CIRCLE('',#9664,3.4);
#1421=CIRCLE('',#9665,3.4);
#1422=CIRCLE('',#9695,1.40000000000001);
#1423=CIRCLE('',#9696,1.40000000000001);
#1424=CIRCLE('',#9700,1.40000000000001);
#1425=CIRCLE('',#9701,1.40000000000001);
#1426=CIRCLE('',#9724,1.40000000000001);
#1427=CIRCLE('',#9725,1.40000000000001);
#1428=CIRCLE('',#9775,3.39999999999998);
#1429=CIRCLE('',#9776,3.39999999999998);
#1430=CIRCLE('',#9791,3.40000000000002);
#1431=CIRCLE('',#9792,3.40000000000002);
#1432=LINE('',#12277,#2477);
#1433=LINE('',#12281,#2478);
#1434=LINE('',#12285,#2479);
#1435=LINE('',#12292,#2480);
#1436=LINE('',#12296,#2481);
#1437=LINE('',#12299,#2482);
#1438=LINE('',#12305,#2483);
#1439=LINE('',#12309,#2484);
#1440=LINE('',#12312,#2485);
#1441=LINE('',#12315,#2486);
#1442=LINE('',#12327,#2487);
#1443=LINE('',#12330,#2488);
#1444=LINE('',#12334,#2489);
#1445=LINE('',#12349,#2490);
#1446=LINE('',#12363,#2491);
#1447=LINE('',#12366,#2492);
#1448=LINE('',#12370,#2493);
#1449=LINE('',#12383,#2494);
#1450=LINE('',#12397,#2495);
#1451=LINE('',#12400,#2496);
#1452=LINE('',#12407,#2497);
#1453=LINE('',#12425,#2498);
#1454=LINE('',#12430,#2499);
#1455=LINE('',#12431,#2500);
#1456=LINE('',#12437,#2501);
#1457=LINE('',#12456,#2502);
#1458=LINE('',#12459,#2503);
#1459=LINE('',#12463,#2504);
#1460=LINE('',#12467,#2505);
#1461=LINE('',#12470,#2506);
#1462=LINE('',#12475,#2507);
#1463=LINE('',#12476,#2508);
#1464=LINE('',#12479,#2509);
#1465=LINE('',#12481,#2510);
#1466=LINE('',#12483,#2511);
#1467=LINE('',#12501,#2512);
#1468=LINE('',#12505,#2513);
#1469=LINE('',#12549,#2514);
#1470=LINE('',#12560,#2515);
#1471=LINE('',#12575,#2516);
#1472=LINE('',#12579,#2517);
#1473=LINE('',#12594,#2518);
#1474=LINE('',#12610,#2519);
#1475=LINE('',#12625,#2520);
#1476=LINE('',#12630,#2521);
#1477=LINE('',#12633,#2522);
#1478=LINE('',#12635,#2523);
#1479=LINE('',#12639,#2524);
#1480=LINE('',#12643,#2525);
#1481=LINE('',#12646,#2526);
#1482=LINE('',#12648,#2527);
#1483=LINE('',#12650,#2528);
#1484=LINE('',#12652,#2529);
#1485=LINE('',#12656,#2530);
#1486=LINE('',#12660,#2531);
#1487=LINE('',#12664,#2532);
#1488=LINE('',#12666,#2533);
#1489=LINE('',#12668,#2534);
#1490=LINE('',#12672,#2535);
#1491=LINE('',#12676,#2536);
#1492=LINE('',#12680,#2537);
#1493=LINE('',#12684,#2538);
#1494=LINE('',#12688,#2539);
#1495=LINE('',#12690,#2540);
#1496=LINE('',#12692,#2541);
#1497=LINE('',#12696,#2542);
#1498=LINE('',#12700,#2543);
#1499=LINE('',#12704,#2544);
#1500=LINE('',#12708,#2545);
#1501=LINE('',#12712,#2546);
#1502=LINE('',#12714,#2547);
#1503=LINE('',#12716,#2548);
#1504=LINE('',#12720,#2549);
#1505=LINE('',#12724,#2550);
#1506=LINE('',#12727,#2551);
#1507=LINE('',#12729,#2552);
#1508=LINE('',#12733,#2553);
#1509=LINE('',#12737,#2554);
#1510=LINE('',#12739,#2555);
#1511=LINE('',#12741,#2556);
#1512=LINE('',#12742,#2557);
#1513=LINE('',#12745,#2558);
#1514=LINE('',#12747,#2559);
#1515=LINE('',#12749,#2560);
#1516=LINE('',#12750,#2561);
#1517=LINE('',#12755,#2562);
#1518=LINE('',#12759,#2563);
#1519=LINE('',#12764,#2564);
#1520=LINE('',#12768,#2565);
#1521=LINE('',#12773,#2566);
#1522=LINE('',#12774,#2567);
#1523=LINE('',#12775,#2568);
#1524=LINE('',#12779,#2569);
#1525=LINE('',#12785,#2570);
#1526=LINE('',#12786,#2571);
#1527=LINE('',#12787,#2572);
#1528=LINE('',#12791,#2573);
#1529=LINE('',#12797,#2574);
#1530=LINE('',#12798,#2575);
#1531=LINE('',#12799,#2576);
#1532=LINE('',#12804,#2577);
#1533=LINE('',#12809,#2578);
#1534=LINE('',#12810,#2579);
#1535=LINE('',#12811,#2580);
#1536=LINE('',#12815,#2581);
#1537=LINE('',#12821,#2582);
#1538=LINE('',#12822,#2583);
#1539=LINE('',#12823,#2584);
#1540=LINE('',#12827,#2585);
#1541=LINE('',#12831,#2586);
#1542=LINE('',#12832,#2587);
#1543=LINE('',#12834,#2588);
#1544=LINE('',#12835,#2589);
#1545=LINE('',#12837,#2590);
#1546=LINE('',#12839,#2591);
#1547=LINE('',#12841,#2592);
#1548=LINE('',#12843,#2593);
#1549=LINE('',#12845,#2594);
#1550=LINE('',#12851,#2595);
#1551=LINE('',#12855,#2596);
#1552=LINE('',#12859,#2597);
#1553=LINE('',#12863,#2598);
#1554=LINE('',#12867,#2599);
#1555=LINE('',#12871,#2600);
#1556=LINE('',#12875,#2601);
#1557=LINE('',#12878,#2602);
#1558=LINE('',#12881,#2603);
#1559=LINE('',#12885,#2604);
#1560=LINE('',#12889,#2605);
#1561=LINE('',#12893,#2606);
#1562=LINE('',#12897,#2607);
#1563=LINE('',#12901,#2608);
#1564=LINE('',#12903,#2609);
#1565=LINE('',#12905,#2610);
#1566=LINE('',#12906,#2611);
#1567=LINE('',#12909,#2612);
#1568=LINE('',#12911,#2613);
#1569=LINE('',#12913,#2614);
#1570=LINE('',#12914,#2615);
#1571=LINE('',#12919,#2616);
#1572=LINE('',#12923,#2617);
#1573=LINE('',#12927,#2618);
#1574=LINE('',#12930,#2619);
#1575=LINE('',#12933,#2620);
#1576=LINE('',#12935,#2621);
#1577=LINE('',#12936,#2622);
#1578=LINE('',#12940,#2623);
#1579=LINE('',#12943,#2624);
#1580=LINE('',#12944,#2625);
#1581=LINE('',#12947,#2626);
#1582=LINE('',#12951,#2627);
#1583=LINE('',#12952,#2628);
#1584=LINE('',#12955,#2629);
#1585=LINE('',#12959,#2630);
#1586=LINE('',#12960,#2631);
#1587=LINE('',#12964,#2632);
#1588=LINE('',#12967,#2633);
#1589=LINE('',#12968,#2634);
#1590=LINE('',#12973,#2635);
#1591=LINE('',#12976,#2636);
#1592=LINE('',#12979,#2637);
#1593=LINE('',#12992,#2638);
#1594=LINE('',#12996,#2639);
#1595=LINE('',#13005,#2640);
#1596=LINE('',#13007,#2641);
#1597=LINE('',#13009,#2642);
#1598=LINE('',#13011,#2643);
#1599=LINE('',#13013,#2644);
#1600=LINE('',#13015,#2645);
#1601=LINE('',#13017,#2646);
#1602=LINE('',#13019,#2647);
#1603=LINE('',#13021,#2648);
#1604=LINE('',#13023,#2649);
#1605=LINE('',#13025,#2650);
#1606=LINE('',#13027,#2651);
#1607=LINE('',#13029,#2652);
#1608=LINE('',#13031,#2653);
#1609=LINE('',#13033,#2654);
#1610=LINE('',#13035,#2655);
#1611=LINE('',#13037,#2656);
#1612=LINE('',#13038,#2657);
#1613=LINE('',#13045,#2658);
#1614=LINE('',#13047,#2659);
#1615=LINE('',#13051,#2660);
#1616=LINE('',#13052,#2661);
#1617=LINE('',#13056,#2662);
#1618=LINE('',#13059,#2663);
#1619=LINE('',#13060,#2664);
#1620=LINE('',#13064,#2665);
#1621=LINE('',#13067,#2666);
#1622=LINE('',#13068,#2667);
#1623=LINE('',#13071,#2668);
#1624=LINE('',#13074,#2669);
#1625=LINE('',#13076,#2670);
#1626=LINE('',#13079,#2671);
#1627=LINE('',#13081,#2672);
#1628=LINE('',#13083,#2673);
#1629=LINE('',#13085,#2674);
#1630=LINE('',#13088,#2675);
#1631=LINE('',#13091,#2676);
#1632=LINE('',#13094,#2677);
#1633=LINE('',#13095,#2678);
#1634=LINE('',#13098,#2679);
#1635=LINE('',#13102,#2680);
#1636=LINE('',#13103,#2681);
#1637=LINE('',#13106,#2682);
#1638=LINE('',#13110,#2683);
#1639=LINE('',#13111,#2684);
#1640=LINE('',#13114,#2685);
#1641=LINE('',#13118,#2686);
#1642=LINE('',#13119,#2687);
#1643=LINE('',#13122,#2688);
#1644=LINE('',#13126,#2689);
#1645=LINE('',#13127,#2690);
#1646=LINE('',#13130,#2691);
#1647=LINE('',#13134,#2692);
#1648=LINE('',#13135,#2693);
#1649=LINE('',#13138,#2694);
#1650=LINE('',#13142,#2695);
#1651=LINE('',#13143,#2696);
#1652=LINE('',#13146,#2697);
#1653=LINE('',#13149,#2698);
#1654=LINE('',#13152,#2699);
#1655=LINE('',#13154,#2700);
#1656=LINE('',#13156,#2701);
#1657=LINE('',#13158,#2702);
#1658=LINE('',#13160,#2703);
#1659=LINE('',#13164,#2704);
#1660=LINE('',#13165,#2705);
#1661=LINE('',#13168,#2706);
#1662=LINE('',#13172,#2707);
#1663=LINE('',#13173,#2708);
#1664=LINE('',#13178,#2709);
#1665=LINE('',#13182,#2710);
#1666=LINE('',#13184,#2711);
#1667=LINE('',#13186,#2712);
#1668=LINE('',#13190,#2713);
#1669=LINE('',#13194,#2714);
#1670=LINE('',#13196,#2715);
#1671=LINE('',#13198,#2716);
#1672=LINE('',#13199,#2717);
#1673=LINE('',#13202,#2718);
#1674=LINE('',#13206,#2719);
#1675=LINE('',#13207,#2720);
#1676=LINE('',#13214,#2721);
#1677=LINE('',#13216,#2722);
#1678=LINE('',#13218,#2723);
#1679=LINE('',#13219,#2724);
#1680=LINE('',#13222,#2725);
#1681=LINE('',#13226,#2726);
#1682=LINE('',#13228,#2727);
#1683=LINE('',#13229,#2728);
#1684=LINE('',#13232,#2729);
#1685=LINE('',#13234,#2730);
#1686=LINE('',#13235,#2731);
#1687=LINE('',#13237,#2732);
#1688=LINE('',#13239,#2733);
#1689=LINE('',#13242,#2734);
#1690=LINE('',#13244,#2735);
#1691=LINE('',#13246,#2736);
#1692=LINE('',#13248,#2737);
#1693=LINE('',#13249,#2738);
#1694=LINE('',#13251,#2739);
#1695=LINE('',#13253,#2740);
#1696=LINE('',#13255,#2741);
#1697=LINE('',#13257,#2742);
#1698=LINE('',#13258,#2743);
#1699=LINE('',#13261,#2744);
#1700=LINE('',#13262,#2745);
#1701=LINE('',#13265,#2746);
#1702=LINE('',#13267,#2747);
#1703=LINE('',#13268,#2748);
#1704=LINE('',#13271,#2749);
#1705=LINE('',#13273,#2750);
#1706=LINE('',#13274,#2751);
#1707=LINE('',#13276,#2752);
#1708=LINE('',#13278,#2753);
#1709=LINE('',#13281,#2754);
#1710=LINE('',#13283,#2755);
#1711=LINE('',#13285,#2756);
#1712=LINE('',#13287,#2757);
#1713=LINE('',#13288,#2758);
#1714=LINE('',#13290,#2759);
#1715=LINE('',#13292,#2760);
#1716=LINE('',#13294,#2761);
#1717=LINE('',#13296,#2762);
#1718=LINE('',#13297,#2763);
#1719=LINE('',#13300,#2764);
#1720=LINE('',#13301,#2765);
#1721=LINE('',#13305,#2766);
#1722=LINE('',#13306,#2767);
#1723=LINE('',#13307,#2768);
#1724=LINE('',#13310,#2769);
#1725=LINE('',#13311,#2770);
#1726=LINE('',#13314,#2771);
#1727=LINE('',#13315,#2772);
#1728=LINE('',#13317,#2773);
#1729=LINE('',#13320,#2774);
#1730=LINE('',#13321,#2775);
#1731=LINE('',#13324,#2776);
#1732=LINE('',#13325,#2777);
#1733=LINE('',#13328,#2778);
#1734=LINE('',#13329,#2779);
#1735=LINE('',#13331,#2780);
#1736=LINE('',#13333,#2781);
#1737=LINE('',#13337,#2782);
#1738=LINE('',#13338,#2783);
#1739=LINE('',#13341,#2784);
#1740=LINE('',#13342,#2785);
#1741=LINE('',#13345,#2786);
#1742=LINE('',#13346,#2787);
#1743=LINE('',#13349,#2788);
#1744=LINE('',#13350,#2789);
#1745=LINE('',#13352,#2790);
#1746=LINE('',#13355,#2791);
#1747=LINE('',#13356,#2792);
#1748=LINE('',#13359,#2793);
#1749=LINE('',#13360,#2794);
#1750=LINE('',#13363,#2795);
#1751=LINE('',#13364,#2796);
#1752=LINE('',#13366,#2797);
#1753=LINE('',#13369,#2798);
#1754=LINE('',#13371,#2799);
#1755=LINE('',#13373,#2800);
#1756=LINE('',#13379,#2801);
#1757=LINE('',#13383,#2802);
#1758=LINE('',#13387,#2803);
#1759=LINE('',#13391,#2804);
#1760=LINE('',#13395,#2805);
#1761=LINE('',#13398,#2806);
#1762=LINE('',#13400,#2807);
#1763=LINE('',#13401,#2808);
#1764=LINE('',#13403,#2809);
#1765=LINE('',#13405,#2810);
#1766=LINE('',#13407,#2811);
#1767=LINE('',#13409,#2812);
#1768=LINE('',#13412,#2813);
#1769=LINE('',#13420,#2814);
#1770=LINE('',#13424,#2815);
#1771=LINE('',#13428,#2816);
#1772=LINE('',#13431,#2817);
#1773=LINE('',#13434,#2818);
#1774=LINE('',#13446,#2819);
#1775=LINE('',#13449,#2820);
#1776=LINE('',#13453,#2821);
#1777=LINE('',#13466,#2822);
#1778=LINE('',#13480,#2823);
#1779=LINE('',#13482,#2824);
#1780=LINE('',#13484,#2825);
#1781=LINE('',#13490,#2826);
#1782=LINE('',#13494,#2827);
#1783=LINE('',#13498,#2828);
#1784=LINE('',#13502,#2829);
#1785=LINE('',#13506,#2830);
#1786=LINE('',#13509,#2831);
#1787=LINE('',#13512,#2832);
#1788=LINE('',#13525,#2833);
#1789=LINE('',#13543,#2834);
#1790=LINE('',#13547,#2835);
#1791=LINE('',#13552,#2836);
#1792=LINE('',#13555,#2837);
#1793=LINE('',#13558,#2838);
#1794=LINE('',#13570,#2839);
#1795=LINE('',#13573,#2840);
#1796=LINE('',#13577,#2841);
#1797=LINE('',#13590,#2842);
#1798=LINE('',#13608,#2843);
#1799=LINE('',#13612,#2844);
#1800=LINE('',#13616,#2845);
#1801=LINE('',#13620,#2846);
#1802=LINE('',#13624,#2847);
#1803=LINE('',#13627,#2848);
#1804=LINE('',#13629,#2849);
#1805=LINE('',#13630,#2850);
#1806=LINE('',#13632,#2851);
#1807=LINE('',#13634,#2852);
#1808=LINE('',#13636,#2853);
#1809=LINE('',#13638,#2854);
#1810=LINE('',#13640,#2855);
#1811=LINE('',#13645,#2856);
#1812=LINE('',#13649,#2857);
#1813=LINE('',#13651,#2858);
#1814=LINE('',#13652,#2859);
#1815=LINE('',#13661,#2860);
#1816=LINE('',#13668,#2861);
#1817=LINE('',#13676,#2862);
#1818=LINE('',#13764,#2863);
#1819=LINE('',#13772,#2864);
#1820=LINE('',#13783,#2865);
#1821=LINE('',#13785,#2866);
#1822=LINE('',#13986,#2867);
#1823=LINE('',#13988,#2868);
#1824=LINE('',#13989,#2869);
#1825=LINE('',#13990,#2870);
#1826=LINE('',#13991,#2871);
#1827=LINE('',#13996,#2872);
#1828=LINE('',#14000,#2873);
#1829=LINE('',#14002,#2874);
#1830=LINE('',#14004,#2875);
#1831=LINE('',#14006,#2876);
#1832=LINE('',#14008,#2877);
#1833=LINE('',#14010,#2878);
#1834=LINE('',#14011,#2879);
#1835=LINE('',#14013,#2880);
#1836=LINE('',#14016,#2881);
#1837=LINE('',#14021,#2882);
#1838=LINE('',#14025,#2883);
#1839=LINE('',#14027,#2884);
#1840=LINE('',#14029,#2885);
#1841=LINE('',#14031,#2886);
#1842=LINE('',#14033,#2887);
#1843=LINE('',#14035,#2888);
#1844=LINE('',#14037,#2889);
#1845=LINE('',#14039,#2890);
#1846=LINE('',#14041,#2891);
#1847=LINE('',#14044,#2892);
#1848=LINE('',#14046,#2893);
#1849=LINE('',#14048,#2894);
#1850=LINE('',#14051,#2895);
#1851=LINE('',#14056,#2896);
#1852=LINE('',#14068,#2897);
#1853=LINE('',#14069,#2898);
#1854=LINE('',#14071,#2899);
#1855=LINE('',#14072,#2900);
#1856=LINE('',#14075,#2901);
#1857=LINE('',#14076,#2902);
#1858=LINE('',#14078,#2903);
#1859=LINE('',#14080,#2904);
#1860=LINE('',#14083,#2905);
#1861=LINE('',#14084,#2906);
#1862=LINE('',#14086,#2907);
#1863=LINE('',#14089,#2908);
#1864=LINE('',#14093,#2909);
#1865=LINE('',#14095,#2910);
#1866=LINE('',#14096,#2911);
#1867=LINE('',#14098,#2912);
#1868=LINE('',#14100,#2913);
#1869=LINE('',#14101,#2914);
#1870=LINE('',#14104,#2915);
#1871=LINE('',#14110,#2916);
#1872=LINE('',#14112,#2917);
#1873=LINE('',#14114,#2918);
#1874=LINE('',#14116,#2919);
#1875=LINE('',#14120,#2920);
#1876=LINE('',#14123,#2921);
#1877=LINE('',#14125,#2922);
#1878=LINE('',#14130,#2923);
#1879=LINE('',#14132,#2924);
#1880=LINE('',#14138,#2925);
#1881=LINE('',#14140,#2926);
#1882=LINE('',#14142,#2927);
#1883=LINE('',#14143,#2928);
#1884=LINE('',#14146,#2929);
#1885=LINE('',#14148,#2930);
#1886=LINE('',#14149,#2931);
#1887=LINE('',#14152,#2932);
#1888=LINE('',#14154,#2933);
#1889=LINE('',#14155,#2934);
#1890=LINE('',#14158,#2935);
#1891=LINE('',#14160,#2936);
#1892=LINE('',#14161,#2937);
#1893=LINE('',#14164,#2938);
#1894=LINE('',#14166,#2939);
#1895=LINE('',#14167,#2940);
#1896=LINE('',#14169,#2941);
#1897=LINE('',#14170,#2942);
#1898=LINE('',#14174,#2943);
#1899=LINE('',#14176,#2944);
#1900=LINE('',#14178,#2945);
#1901=LINE('',#14179,#2946);
#1902=LINE('',#14182,#2947);
#1903=LINE('',#14184,#2948);
#1904=LINE('',#14185,#2949);
#1905=LINE('',#14188,#2950);
#1906=LINE('',#14190,#2951);
#1907=LINE('',#14191,#2952);
#1908=LINE('',#14194,#2953);
#1909=LINE('',#14196,#2954);
#1910=LINE('',#14197,#2955);
#1911=LINE('',#14200,#2956);
#1912=LINE('',#14202,#2957);
#1913=LINE('',#14203,#2958);
#1914=LINE('',#14205,#2959);
#1915=LINE('',#14206,#2960);
#1916=LINE('',#14210,#2961);
#1917=LINE('',#14212,#2962);
#1918=LINE('',#14214,#2963);
#1919=LINE('',#14215,#2964);
#1920=LINE('',#14218,#2965);
#1921=LINE('',#14220,#2966);
#1922=LINE('',#14221,#2967);
#1923=LINE('',#14224,#2968);
#1924=LINE('',#14226,#2969);
#1925=LINE('',#14227,#2970);
#1926=LINE('',#14230,#2971);
#1927=LINE('',#14232,#2972);
#1928=LINE('',#14233,#2973);
#1929=LINE('',#14236,#2974);
#1930=LINE('',#14238,#2975);
#1931=LINE('',#14239,#2976);
#1932=LINE('',#14242,#2977);
#1933=LINE('',#14244,#2978);
#1934=LINE('',#14245,#2979);
#1935=LINE('',#14248,#2980);
#1936=LINE('',#14250,#2981);
#1937=LINE('',#14251,#2982);
#1938=LINE('',#14254,#2983);
#1939=LINE('',#14256,#2984);
#1940=LINE('',#14257,#2985);
#1941=LINE('',#14260,#2986);
#1942=LINE('',#14262,#2987);
#1943=LINE('',#14263,#2988);
#1944=LINE('',#14266,#2989);
#1945=LINE('',#14268,#2990);
#1946=LINE('',#14269,#2991);
#1947=LINE('',#14272,#2992);
#1948=LINE('',#14274,#2993);
#1949=LINE('',#14275,#2994);
#1950=LINE('',#14278,#2995);
#1951=LINE('',#14280,#2996);
#1952=LINE('',#14281,#2997);
#1953=LINE('',#14284,#2998);
#1954=LINE('',#14286,#2999);
#1955=LINE('',#14287,#3000);
#1956=LINE('',#14290,#3001);
#1957=LINE('',#14292,#3002);
#1958=LINE('',#14293,#3003);
#1959=LINE('',#14296,#3004);
#1960=LINE('',#14298,#3005);
#1961=LINE('',#14299,#3006);
#1962=LINE('',#14302,#3007);
#1963=LINE('',#14304,#3008);
#1964=LINE('',#14305,#3009);
#1965=LINE('',#14308,#3010);
#1966=LINE('',#14310,#3011);
#1967=LINE('',#14311,#3012);
#1968=LINE('',#14317,#3013);
#1969=LINE('',#14320,#3014);
#1970=LINE('',#14322,#3015);
#1971=LINE('',#14323,#3016);
#1972=LINE('',#14326,#3017);
#1973=LINE('',#14328,#3018);
#1974=LINE('',#14329,#3019);
#1975=LINE('',#14335,#3020);
#1976=LINE('',#14338,#3021);
#1977=LINE('',#14340,#3022);
#1978=LINE('',#14341,#3023);
#1979=LINE('',#14344,#3024);
#1980=LINE('',#14346,#3025);
#1981=LINE('',#14347,#3026);
#1982=LINE('',#14350,#3027);
#1983=LINE('',#14352,#3028);
#1984=LINE('',#14353,#3029);
#1985=LINE('',#14356,#3030);
#1986=LINE('',#14358,#3031);
#1987=LINE('',#14359,#3032);
#1988=LINE('',#14362,#3033);
#1989=LINE('',#14364,#3034);
#1990=LINE('',#14365,#3035);
#1991=LINE('',#14368,#3036);
#1992=LINE('',#14370,#3037);
#1993=LINE('',#14371,#3038);
#1994=LINE('',#14374,#3039);
#1995=LINE('',#14376,#3040);
#1996=LINE('',#14377,#3041);
#1997=LINE('',#14380,#3042);
#1998=LINE('',#14382,#3043);
#1999=LINE('',#14383,#3044);
#2000=LINE('',#14386,#3045);
#2001=LINE('',#14388,#3046);
#2002=LINE('',#14389,#3047);
#2003=LINE('',#14392,#3048);
#2004=LINE('',#14394,#3049);
#2005=LINE('',#14395,#3050);
#2006=LINE('',#14398,#3051);
#2007=LINE('',#14400,#3052);
#2008=LINE('',#14401,#3053);
#2009=LINE('',#14404,#3054);
#2010=LINE('',#14406,#3055);
#2011=LINE('',#14407,#3056);
#2012=LINE('',#14410,#3057);
#2013=LINE('',#14412,#3058);
#2014=LINE('',#14413,#3059);
#2015=LINE('',#14416,#3060);
#2016=LINE('',#14418,#3061);
#2017=LINE('',#14419,#3062);
#2018=LINE('',#14422,#3063);
#2019=LINE('',#14424,#3064);
#2020=LINE('',#14425,#3065);
#2021=LINE('',#14431,#3066);
#2022=LINE('',#14434,#3067);
#2023=LINE('',#14436,#3068);
#2024=LINE('',#14437,#3069);
#2025=LINE('',#14440,#3070);
#2026=LINE('',#14442,#3071);
#2027=LINE('',#14443,#3072);
#2028=LINE('',#14446,#3073);
#2029=LINE('',#14448,#3074);
#2030=LINE('',#14449,#3075);
#2031=LINE('',#14452,#3076);
#2032=LINE('',#14454,#3077);
#2033=LINE('',#14455,#3078);
#2034=LINE('',#14461,#3079);
#2035=LINE('',#14464,#3080);
#2036=LINE('',#14466,#3081);
#2037=LINE('',#14467,#3082);
#2038=LINE('',#14469,#3083);
#2039=LINE('',#14470,#3084);
#2040=LINE('',#14476,#3085);
#2041=LINE('',#14478,#3086);
#2042=LINE('',#14480,#3087);
#2043=LINE('',#14481,#3088);
#2044=LINE('',#14484,#3089);
#2045=LINE('',#14486,#3090);
#2046=LINE('',#14487,#3091);
#2047=LINE('',#14490,#3092);
#2048=LINE('',#14492,#3093);
#2049=LINE('',#14493,#3094);
#2050=LINE('',#14496,#3095);
#2051=LINE('',#14498,#3096);
#2052=LINE('',#14499,#3097);
#2053=LINE('',#14502,#3098);
#2054=LINE('',#14504,#3099);
#2055=LINE('',#14505,#3100);
#2056=LINE('',#14507,#3101);
#2057=LINE('',#14508,#3102);
#2058=LINE('',#14512,#3103);
#2059=LINE('',#14514,#3104);
#2060=LINE('',#14516,#3105);
#2061=LINE('',#14517,#3106);
#2062=LINE('',#14520,#3107);
#2063=LINE('',#14522,#3108);
#2064=LINE('',#14523,#3109);
#2065=LINE('',#14526,#3110);
#2066=LINE('',#14528,#3111);
#2067=LINE('',#14529,#3112);
#2068=LINE('',#14532,#3113);
#2069=LINE('',#14534,#3114);
#2070=LINE('',#14535,#3115);
#2071=LINE('',#14538,#3116);
#2072=LINE('',#14540,#3117);
#2073=LINE('',#14541,#3118);
#2074=LINE('',#14544,#3119);
#2075=LINE('',#14546,#3120);
#2076=LINE('',#14547,#3121);
#2077=LINE('',#14550,#3122);
#2078=LINE('',#14552,#3123);
#2079=LINE('',#14553,#3124);
#2080=LINE('',#14556,#3125);
#2081=LINE('',#14558,#3126);
#2082=LINE('',#14559,#3127);
#2083=LINE('',#14562,#3128);
#2084=LINE('',#14564,#3129);
#2085=LINE('',#14565,#3130);
#2086=LINE('',#14568,#3131);
#2087=LINE('',#14570,#3132);
#2088=LINE('',#14571,#3133);
#2089=LINE('',#14574,#3134);
#2090=LINE('',#14576,#3135);
#2091=LINE('',#14577,#3136);
#2092=LINE('',#14580,#3137);
#2093=LINE('',#14582,#3138);
#2094=LINE('',#14583,#3139);
#2095=LINE('',#14586,#3140);
#2096=LINE('',#14588,#3141);
#2097=LINE('',#14589,#3142);
#2098=LINE('',#14592,#3143);
#2099=LINE('',#14594,#3144);
#2100=LINE('',#14595,#3145);
#2101=LINE('',#14598,#3146);
#2102=LINE('',#14600,#3147);
#2103=LINE('',#14601,#3148);
#2104=LINE('',#14604,#3149);
#2105=LINE('',#14606,#3150);
#2106=LINE('',#14607,#3151);
#2107=LINE('',#14610,#3152);
#2108=LINE('',#14612,#3153);
#2109=LINE('',#14613,#3154);
#2110=LINE('',#14616,#3155);
#2111=LINE('',#14618,#3156);
#2112=LINE('',#14619,#3157);
#2113=LINE('',#14625,#3158);
#2114=LINE('',#14628,#3159);
#2115=LINE('',#14630,#3160);
#2116=LINE('',#14631,#3161);
#2117=LINE('',#14634,#3162);
#2118=LINE('',#14636,#3163);
#2119=LINE('',#14637,#3164);
#2120=LINE('',#14643,#3165);
#2121=LINE('',#14646,#3166);
#2122=LINE('',#14648,#3167);
#2123=LINE('',#14649,#3168);
#2124=LINE('',#14652,#3169);
#2125=LINE('',#14654,#3170);
#2126=LINE('',#14655,#3171);
#2127=LINE('',#14658,#3172);
#2128=LINE('',#14660,#3173);
#2129=LINE('',#14661,#3174);
#2130=LINE('',#14664,#3175);
#2131=LINE('',#14666,#3176);
#2132=LINE('',#14667,#3177);
#2133=LINE('',#14670,#3178);
#2134=LINE('',#14672,#3179);
#2135=LINE('',#14673,#3180);
#2136=LINE('',#14676,#3181);
#2137=LINE('',#14678,#3182);
#2138=LINE('',#14679,#3183);
#2139=LINE('',#14682,#3184);
#2140=LINE('',#14684,#3185);
#2141=LINE('',#14685,#3186);
#2142=LINE('',#14688,#3187);
#2143=LINE('',#14690,#3188);
#2144=LINE('',#14691,#3189);
#2145=LINE('',#14694,#3190);
#2146=LINE('',#14696,#3191);
#2147=LINE('',#14697,#3192);
#2148=LINE('',#14700,#3193);
#2149=LINE('',#14702,#3194);
#2150=LINE('',#14703,#3195);
#2151=LINE('',#14706,#3196);
#2152=LINE('',#14708,#3197);
#2153=LINE('',#14709,#3198);
#2154=LINE('',#14712,#3199);
#2155=LINE('',#14714,#3200);
#2156=LINE('',#14715,#3201);
#2157=LINE('',#14718,#3202);
#2158=LINE('',#14720,#3203);
#2159=LINE('',#14721,#3204);
#2160=LINE('',#14724,#3205);
#2161=LINE('',#14726,#3206);
#2162=LINE('',#14727,#3207);
#2163=LINE('',#14730,#3208);
#2164=LINE('',#14732,#3209);
#2165=LINE('',#14733,#3210);
#2166=LINE('',#14736,#3211);
#2167=LINE('',#14738,#3212);
#2168=LINE('',#14739,#3213);
#2169=LINE('',#14742,#3214);
#2170=LINE('',#14744,#3215);
#2171=LINE('',#14745,#3216);
#2172=LINE('',#14748,#3217);
#2173=LINE('',#14750,#3218);
#2174=LINE('',#14751,#3219);
#2175=LINE('',#14754,#3220);
#2176=LINE('',#14756,#3221);
#2177=LINE('',#14757,#3222);
#2178=LINE('',#14760,#3223);
#2179=LINE('',#14762,#3224);
#2180=LINE('',#14763,#3225);
#2181=LINE('',#14766,#3226);
#2182=LINE('',#14768,#3227);
#2183=LINE('',#14769,#3228);
#2184=LINE('',#14775,#3229);
#2185=LINE('',#14777,#3230);
#2186=LINE('',#14778,#3231);
#2187=LINE('',#14784,#3232);
#2188=LINE('',#14786,#3233);
#2189=LINE('',#14788,#3234);
#2190=LINE('',#14789,#3235);
#2191=LINE('',#14792,#3236);
#2192=LINE('',#14794,#3237);
#2193=LINE('',#14795,#3238);
#2194=LINE('',#14798,#3239);
#2195=LINE('',#14800,#3240);
#2196=LINE('',#14801,#3241);
#2197=LINE('',#14804,#3242);
#2198=LINE('',#14806,#3243);
#2199=LINE('',#14807,#3244);
#2200=LINE('',#14810,#3245);
#2201=LINE('',#14812,#3246);
#2202=LINE('',#14813,#3247);
#2203=LINE('',#14815,#3248);
#2204=LINE('',#14816,#3249);
#2205=LINE('',#14820,#3250);
#2206=LINE('',#14822,#3251);
#2207=LINE('',#14824,#3252);
#2208=LINE('',#14825,#3253);
#2209=LINE('',#14828,#3254);
#2210=LINE('',#14830,#3255);
#2211=LINE('',#14831,#3256);
#2212=LINE('',#14834,#3257);
#2213=LINE('',#14836,#3258);
#2214=LINE('',#14837,#3259);
#2215=LINE('',#14840,#3260);
#2216=LINE('',#14842,#3261);
#2217=LINE('',#14843,#3262);
#2218=LINE('',#14846,#3263);
#2219=LINE('',#14848,#3264);
#2220=LINE('',#14849,#3265);
#2221=LINE('',#14851,#3266);
#2222=LINE('',#14852,#3267);
#2223=LINE('',#14856,#3268);
#2224=LINE('',#14858,#3269);
#2225=LINE('',#14860,#3270);
#2226=LINE('',#14861,#3271);
#2227=LINE('',#14864,#3272);
#2228=LINE('',#14866,#3273);
#2229=LINE('',#14867,#3274);
#2230=LINE('',#14870,#3275);
#2231=LINE('',#14872,#3276);
#2232=LINE('',#14873,#3277);
#2233=LINE('',#14876,#3278);
#2234=LINE('',#14878,#3279);
#2235=LINE('',#14879,#3280);
#2236=LINE('',#14882,#3281);
#2237=LINE('',#14884,#3282);
#2238=LINE('',#14885,#3283);
#2239=LINE('',#14887,#3284);
#2240=LINE('',#14888,#3285);
#2241=LINE('',#14892,#3286);
#2242=LINE('',#14894,#3287);
#2243=LINE('',#14896,#3288);
#2244=LINE('',#14897,#3289);
#2245=LINE('',#14900,#3290);
#2246=LINE('',#14902,#3291);
#2247=LINE('',#14903,#3292);
#2248=LINE('',#14906,#3293);
#2249=LINE('',#14908,#3294);
#2250=LINE('',#14909,#3295);
#2251=LINE('',#14912,#3296);
#2252=LINE('',#14914,#3297);
#2253=LINE('',#14915,#3298);
#2254=LINE('',#14918,#3299);
#2255=LINE('',#14920,#3300);
#2256=LINE('',#14921,#3301);
#2257=LINE('',#14923,#3302);
#2258=LINE('',#14924,#3303);
#2259=LINE('',#14928,#3304);
#2260=LINE('',#14930,#3305);
#2261=LINE('',#14932,#3306);
#2262=LINE('',#14933,#3307);
#2263=LINE('',#14936,#3308);
#2264=LINE('',#14938,#3309);
#2265=LINE('',#14939,#3310);
#2266=LINE('',#14942,#3311);
#2267=LINE('',#14944,#3312);
#2268=LINE('',#14945,#3313);
#2269=LINE('',#14948,#3314);
#2270=LINE('',#14950,#3315);
#2271=LINE('',#14951,#3316);
#2272=LINE('',#14954,#3317);
#2273=LINE('',#14956,#3318);
#2274=LINE('',#14957,#3319);
#2275=LINE('',#14959,#3320);
#2276=LINE('',#14960,#3321);
#2277=LINE('',#14964,#3322);
#2278=LINE('',#14966,#3323);
#2279=LINE('',#14968,#3324);
#2280=LINE('',#14969,#3325);
#2281=LINE('',#14972,#3326);
#2282=LINE('',#14974,#3327);
#2283=LINE('',#14975,#3328);
#2284=LINE('',#14978,#3329);
#2285=LINE('',#14980,#3330);
#2286=LINE('',#14981,#3331);
#2287=LINE('',#14984,#3332);
#2288=LINE('',#14986,#3333);
#2289=LINE('',#14987,#3334);
#2290=LINE('',#14990,#3335);
#2291=LINE('',#14992,#3336);
#2292=LINE('',#14993,#3337);
#2293=LINE('',#14995,#3338);
#2294=LINE('',#14996,#3339);
#2295=LINE('',#15000,#3340);
#2296=LINE('',#15002,#3341);
#2297=LINE('',#15004,#3342);
#2298=LINE('',#15005,#3343);
#2299=LINE('',#15008,#3344);
#2300=LINE('',#15010,#3345);
#2301=LINE('',#15011,#3346);
#2302=LINE('',#15014,#3347);
#2303=LINE('',#15016,#3348);
#2304=LINE('',#15017,#3349);
#2305=LINE('',#15020,#3350);
#2306=LINE('',#15022,#3351);
#2307=LINE('',#15023,#3352);
#2308=LINE('',#15026,#3353);
#2309=LINE('',#15028,#3354);
#2310=LINE('',#15029,#3355);
#2311=LINE('',#15031,#3356);
#2312=LINE('',#15032,#3357);
#2313=LINE('',#15036,#3358);
#2314=LINE('',#15038,#3359);
#2315=LINE('',#15040,#3360);
#2316=LINE('',#15041,#3361);
#2317=LINE('',#15044,#3362);
#2318=LINE('',#15046,#3363);
#2319=LINE('',#15047,#3364);
#2320=LINE('',#15050,#3365);
#2321=LINE('',#15052,#3366);
#2322=LINE('',#15053,#3367);
#2323=LINE('',#15059,#3368);
#2324=LINE('',#15062,#3369);
#2325=LINE('',#15064,#3370);
#2326=LINE('',#15065,#3371);
#2327=LINE('',#15068,#3372);
#2328=LINE('',#15070,#3373);
#2329=LINE('',#15071,#3374);
#2330=LINE('',#15074,#3375);
#2331=LINE('',#15076,#3376);
#2332=LINE('',#15077,#3377);
#2333=LINE('',#15080,#3378);
#2334=LINE('',#15082,#3379);
#2335=LINE('',#15083,#3380);
#2336=LINE('',#15086,#3381);
#2337=LINE('',#15088,#3382);
#2338=LINE('',#15089,#3383);
#2339=LINE('',#15092,#3384);
#2340=LINE('',#15094,#3385);
#2341=LINE('',#15095,#3386);
#2342=LINE('',#15098,#3387);
#2343=LINE('',#15100,#3388);
#2344=LINE('',#15101,#3389);
#2345=LINE('',#15104,#3390);
#2346=LINE('',#15106,#3391);
#2347=LINE('',#15107,#3392);
#2348=LINE('',#15110,#3393);
#2349=LINE('',#15112,#3394);
#2350=LINE('',#15113,#3395);
#2351=LINE('',#15116,#3396);
#2352=LINE('',#15118,#3397);
#2353=LINE('',#15119,#3398);
#2354=LINE('',#15122,#3399);
#2355=LINE('',#15124,#3400);
#2356=LINE('',#15125,#3401);
#2357=LINE('',#15128,#3402);
#2358=LINE('',#15130,#3403);
#2359=LINE('',#15131,#3404);
#2360=LINE('',#15134,#3405);
#2361=LINE('',#15136,#3406);
#2362=LINE('',#15137,#3407);
#2363=LINE('',#15143,#3408);
#2364=LINE('',#15146,#3409);
#2365=LINE('',#15148,#3410);
#2366=LINE('',#15149,#3411);
#2367=LINE('',#15152,#3412);
#2368=LINE('',#15154,#3413);
#2369=LINE('',#15155,#3414);
#2370=LINE('',#15158,#3415);
#2371=LINE('',#15160,#3416);
#2372=LINE('',#15161,#3417);
#2373=LINE('',#15164,#3418);
#2374=LINE('',#15166,#3419);
#2375=LINE('',#15167,#3420);
#2376=LINE('',#15170,#3421);
#2377=LINE('',#15172,#3422);
#2378=LINE('',#15173,#3423);
#2379=LINE('',#15176,#3424);
#2380=LINE('',#15178,#3425);
#2381=LINE('',#15179,#3426);
#2382=LINE('',#15182,#3427);
#2383=LINE('',#15184,#3428);
#2384=LINE('',#15185,#3429);
#2385=LINE('',#15188,#3430);
#2386=LINE('',#15190,#3431);
#2387=LINE('',#15191,#3432);
#2388=LINE('',#15194,#3433);
#2389=LINE('',#15196,#3434);
#2390=LINE('',#15197,#3435);
#2391=LINE('',#15200,#3436);
#2392=LINE('',#15202,#3437);
#2393=LINE('',#15203,#3438);
#2394=LINE('',#15206,#3439);
#2395=LINE('',#15208,#3440);
#2396=LINE('',#15209,#3441);
#2397=LINE('',#15212,#3442);
#2398=LINE('',#15214,#3443);
#2399=LINE('',#15215,#3444);
#2400=LINE('',#15218,#3445);
#2401=LINE('',#15220,#3446);
#2402=LINE('',#15221,#3447);
#2403=LINE('',#15224,#3448);
#2404=LINE('',#15226,#3449);
#2405=LINE('',#15227,#3450);
#2406=LINE('',#15230,#3451);
#2407=LINE('',#15232,#3452);
#2408=LINE('',#15233,#3453);
#2409=LINE('',#15236,#3454);
#2410=LINE('',#15238,#3455);
#2411=LINE('',#15239,#3456);
#2412=LINE('',#15242,#3457);
#2413=LINE('',#15244,#3458);
#2414=LINE('',#15245,#3459);
#2415=LINE('',#15248,#3460);
#2416=LINE('',#15250,#3461);
#2417=LINE('',#15251,#3462);
#2418=LINE('',#15254,#3463);
#2419=LINE('',#15256,#3464);
#2420=LINE('',#15257,#3465);
#2421=LINE('',#15260,#3466);
#2422=LINE('',#15262,#3467);
#2423=LINE('',#15263,#3468);
#2424=LINE('',#15266,#3469);
#2425=LINE('',#15268,#3470);
#2426=LINE('',#15269,#3471);
#2427=LINE('',#15272,#3472);
#2428=LINE('',#15274,#3473);
#2429=LINE('',#15275,#3474);
#2430=LINE('',#15278,#3475);
#2431=LINE('',#15280,#3476);
#2432=LINE('',#15281,#3477);
#2433=LINE('',#15284,#3478);
#2434=LINE('',#15286,#3479);
#2435=LINE('',#15287,#3480);
#2436=LINE('',#15290,#3481);
#2437=LINE('',#15292,#3482);
#2438=LINE('',#15293,#3483);
#2439=LINE('',#15296,#3484);
#2440=LINE('',#15298,#3485);
#2441=LINE('',#15299,#3486);
#2442=LINE('',#15302,#3487);
#2443=LINE('',#15304,#3488);
#2444=LINE('',#15305,#3489);
#2445=LINE('',#15308,#3490);
#2446=LINE('',#15310,#3491);
#2447=LINE('',#15311,#3492);
#2448=LINE('',#15314,#3493);
#2449=LINE('',#15316,#3494);
#2450=LINE('',#15317,#3495);
#2451=LINE('',#15320,#3496);
#2452=LINE('',#15322,#3497);
#2453=LINE('',#15323,#3498);
#2454=LINE('',#15326,#3499);
#2455=LINE('',#15328,#3500);
#2456=LINE('',#15329,#3501);
#2457=LINE('',#15332,#3502);
#2458=LINE('',#15334,#3503);
#2459=LINE('',#15335,#3504);
#2460=LINE('',#15338,#3505);
#2461=LINE('',#15340,#3506);
#2462=LINE('',#15341,#3507);
#2463=LINE('',#15344,#3508);
#2464=LINE('',#15346,#3509);
#2465=LINE('',#15347,#3510);
#2466=LINE('',#15350,#3511);
#2467=LINE('',#15352,#3512);
#2468=LINE('',#15353,#3513);
#2469=LINE('',#15356,#3514);
#2470=LINE('',#15358,#3515);
#2471=LINE('',#15359,#3516);
#2472=LINE('',#15362,#3517);
#2473=LINE('',#15364,#3518);
#2474=LINE('',#15365,#3519);
#2475=LINE('',#15367,#3520);
#2476=LINE('',#15368,#3521);
#2477=VECTOR('',#9841,10.);
#2478=VECTOR('',#9844,10.);
#2479=VECTOR('',#9847,10.);
#2480=VECTOR('',#9854,10.);
#2481=VECTOR('',#9857,10.);
#2482=VECTOR('',#9860,10.);
#2483=VECTOR('',#9865,10.);
#2484=VECTOR('',#9868,10.);
#2485=VECTOR('',#9871,10.);
#2486=VECTOR('',#9874,10.);
#2487=VECTOR('',#9875,10.);
#2488=VECTOR('',#9878,10.);
#2489=VECTOR('',#9883,10.);
#2490=VECTOR('',#9886,10.);
#2491=VECTOR('',#9887,10.);
#2492=VECTOR('',#9890,10.);
#2493=VECTOR('',#9895,10.);
#2494=VECTOR('',#9898,10.);
#2495=VECTOR('',#9899,10.);
#2496=VECTOR('',#9902,10.);
#2497=VECTOR('',#9909,10.);
#2498=VECTOR('',#9910,10.);
#2499=VECTOR('',#9915,10.);
#2500=VECTOR('',#9916,10.);
#2501=VECTOR('',#9921,10.);
#2502=VECTOR('',#9922,10.);
#2503=VECTOR('',#9925,10.);
#2504=VECTOR('',#9928,10.);
#2505=VECTOR('',#9931,10.);
#2506=VECTOR('',#9934,10.);
#2507=VECTOR('',#9939,10.);
#2508=VECTOR('',#9940,10.);
#2509=VECTOR('',#9943,10.);
#2510=VECTOR('',#9944,10.);
#2511=VECTOR('',#9945,10.);
#2512=VECTOR('',#9950,10.);
#2513=VECTOR('',#9953,10.);
#2514=VECTOR('',#9962,10.);
#2515=VECTOR('',#9965,10.);
#2516=VECTOR('',#9970,10.);
#2517=VECTOR('',#9973,10.);
#2518=VECTOR('',#9976,10.);
#2519=VECTOR('',#9979,10.);
#2520=VECTOR('',#9984,10.);
#2521=VECTOR('',#9989,10.);
#2522=VECTOR('',#9992,10.);
#2523=VECTOR('',#9993,10.);
#2524=VECTOR('',#9996,10.);
#2525=VECTOR('',#9999,10.);
#2526=VECTOR('',#10002,10.);
#2527=VECTOR('',#10003,10.);
#2528=VECTOR('',#10004,10.);
#2529=VECTOR('',#10005,10.);
#2530=VECTOR('',#10008,10.);
#2531=VECTOR('',#10011,10.);
#2532=VECTOR('',#10014,10.);
#2533=VECTOR('',#10015,10.);
#2534=VECTOR('',#10016,10.);
#2535=VECTOR('',#10019,10.);
#2536=VECTOR('',#10022,10.);
#2537=VECTOR('',#10025,10.);
#2538=VECTOR('',#10028,10.);
#2539=VECTOR('',#10031,10.);
#2540=VECTOR('',#10032,10.);
#2541=VECTOR('',#10033,10.);
#2542=VECTOR('',#10036,10.);
#2543=VECTOR('',#10039,10.);
#2544=VECTOR('',#10042,10.);
#2545=VECTOR('',#10045,10.);
#2546=VECTOR('',#10048,10.);
#2547=VECTOR('',#10049,10.);
#2548=VECTOR('',#10050,10.);
#2549=VECTOR('',#10053,10.);
#2550=VECTOR('',#10056,10.);
#2551=VECTOR('',#10059,10.);
#2552=VECTOR('',#10060,10.);
#2553=VECTOR('',#10063,10.);
#2554=VECTOR('',#10066,10.);
#2555=VECTOR('',#10067,10.);
#2556=VECTOR('',#10068,10.);
#2557=VECTOR('',#10069,10.);
#2558=VECTOR('',#10070,10.);
#2559=VECTOR('',#10071,10.);
#2560=VECTOR('',#10072,10.);
#2561=VECTOR('',#10073,10.);
#2562=VECTOR('',#10078,10.);
#2563=VECTOR('',#10081,10.);
#2564=VECTOR('',#10086,10.);
#2565=VECTOR('',#10089,10.);
#2566=VECTOR('',#10094,10.);
#2567=VECTOR('',#10095,10.);
#2568=VECTOR('',#10096,10.);
#2569=VECTOR('',#10099,10.);
#2570=VECTOR('',#10106,10.);
#2571=VECTOR('',#10107,10.);
#2572=VECTOR('',#10108,10.);
#2573=VECTOR('',#10111,10.);
#2574=VECTOR('',#10118,10.);
#2575=VECTOR('',#10119,10.);
#2576=VECTOR('',#10120,10.);
#2577=VECTOR('',#10125,10.);
#2578=VECTOR('',#10130,10.);
#2579=VECTOR('',#10131,10.);
#2580=VECTOR('',#10132,10.);
#2581=VECTOR('',#10135,10.);
#2582=VECTOR('',#10142,10.);
#2583=VECTOR('',#10143,10.);
#2584=VECTOR('',#10144,10.);
#2585=VECTOR('',#10147,10.);
#2586=VECTOR('',#10154,10.);
#2587=VECTOR('',#10155,10.);
#2588=VECTOR('',#10158,10.);
#2589=VECTOR('',#10159,10.);
#2590=VECTOR('',#10162,10.);
#2591=VECTOR('',#10165,10.);
#2592=VECTOR('',#10168,10.);
#2593=VECTOR('',#10171,10.);
#2594=VECTOR('',#10174,10.);
#2595=VECTOR('',#10179,10.);
#2596=VECTOR('',#10182,10.);
#2597=VECTOR('',#10185,10.);
#2598=VECTOR('',#10188,10.);
#2599=VECTOR('',#10191,10.);
#2600=VECTOR('',#10194,10.);
#2601=VECTOR('',#10197,10.);
#2602=VECTOR('',#10200,10.);
#2603=VECTOR('',#10201,10.);
#2604=VECTOR('',#10204,10.);
#2605=VECTOR('',#10207,10.);
#2606=VECTOR('',#10210,10.);
#2607=VECTOR('',#10213,10.);
#2608=VECTOR('',#10216,10.);
#2609=VECTOR('',#10217,10.);
#2610=VECTOR('',#10218,10.);
#2611=VECTOR('',#10219,10.);
#2612=VECTOR('',#10220,10.);
#2613=VECTOR('',#10221,10.);
#2614=VECTOR('',#10222,10.);
#2615=VECTOR('',#10223,10.);
#2616=VECTOR('',#10226,10.);
#2617=VECTOR('',#10229,10.);
#2618=VECTOR('',#10232,10.);
#2619=VECTOR('',#10235,10.);
#2620=VECTOR('',#10238,10.);
#2621=VECTOR('',#10239,10.);
#2622=VECTOR('',#10240,10.);
#2623=VECTOR('',#10245,10.);
#2624=VECTOR('',#10248,10.);
#2625=VECTOR('',#10249,10.);
#2626=VECTOR('',#10252,10.);
#2627=VECTOR('',#10257,10.);
#2628=VECTOR('',#10258,10.);
#2629=VECTOR('',#10261,10.);
#2630=VECTOR('',#10266,10.);
#2631=VECTOR('',#10267,10.);
#2632=VECTOR('',#10272,10.);
#2633=VECTOR('',#10275,10.);
#2634=VECTOR('',#10276,10.);
#2635=VECTOR('',#10283,10.);
#2636=VECTOR('',#10286,10.);
#2637=VECTOR('',#10289,10.);
#2638=VECTOR('',#10292,10.);
#2639=VECTOR('',#10297,10.);
#2640=VECTOR('',#10300,10.);
#2641=VECTOR('',#10301,10.);
#2642=VECTOR('',#10302,10.);
#2643=VECTOR('',#10303,10.);
#2644=VECTOR('',#10304,10.);
#2645=VECTOR('',#10305,10.);
#2646=VECTOR('',#10306,10.);
#2647=VECTOR('',#10307,10.);
#2648=VECTOR('',#10308,10.);
#2649=VECTOR('',#10309,10.);
#2650=VECTOR('',#10310,10.);
#2651=VECTOR('',#10311,10.);
#2652=VECTOR('',#10312,10.);
#2653=VECTOR('',#10313,10.);
#2654=VECTOR('',#10314,10.);
#2655=VECTOR('',#10315,10.);
#2656=VECTOR('',#10316,10.);
#2657=VECTOR('',#10317,10.);
#2658=VECTOR('',#10324,10.);
#2659=VECTOR('',#10325,10.);
#2660=VECTOR('',#10330,10.);
#2661=VECTOR('',#10331,10.);
#2662=VECTOR('',#10336,10.);
#2663=VECTOR('',#10339,10.);
#2664=VECTOR('',#10340,10.);
#2665=VECTOR('',#10345,9.99999999999998);
#2666=VECTOR('',#10348,10.);
#2667=VECTOR('',#10349,10.);
#2668=VECTOR('',#10352,10.);
#2669=VECTOR('',#10357,10.);
#2670=VECTOR('',#10360,10.);
#2671=VECTOR('',#10363,10.);
#2672=VECTOR('',#10366,10.);
#2673=VECTOR('',#10369,10.);
#2674=VECTOR('',#10372,10.);
#2675=VECTOR('',#10375,10.);
#2676=VECTOR('',#10378,10.);
#2677=VECTOR('',#10381,10.);
#2678=VECTOR('',#10382,10.);
#2679=VECTOR('',#10385,10.);
#2680=VECTOR('',#10390,10.);
#2681=VECTOR('',#10391,10.);
#2682=VECTOR('',#10394,10.);
#2683=VECTOR('',#10399,10.);
#2684=VECTOR('',#10400,10.);
#2685=VECTOR('',#10403,10.);
#2686=VECTOR('',#10408,10.);
#2687=VECTOR('',#10409,10.);
#2688=VECTOR('',#10412,10.);
#2689=VECTOR('',#10417,10.);
#2690=VECTOR('',#10418,10.);
#2691=VECTOR('',#10421,10.);
#2692=VECTOR('',#10426,10.);
#2693=VECTOR('',#10427,10.);
#2694=VECTOR('',#10430,10.);
#2695=VECTOR('',#10435,9.99999999999999);
#2696=VECTOR('',#10436,10.);
#2697=VECTOR('',#10439,10.);
#2698=VECTOR('',#10444,10.);
#2699=VECTOR('',#10447,10.);
#2700=VECTOR('',#10448,10.);
#2701=VECTOR('',#10449,10.);
#2702=VECTOR('',#10450,10.);
#2703=VECTOR('',#10451,10.);
#2704=VECTOR('',#10454,10.);
#2705=VECTOR('',#10455,3.00000000000004);
#2706=VECTOR('',#10458,10.);
#2707=VECTOR('',#10463,10.);
#2708=VECTOR('',#10464,10.);
#2709=VECTOR('',#10469,10.);
#2710=VECTOR('',#10474,10.);
#2711=VECTOR('',#10475,10.);
#2712=VECTOR('',#10476,10.);
#2713=VECTOR('',#10479,10.);
#2714=VECTOR('',#10482,10.);
#2715=VECTOR('',#10483,10.);
#2716=VECTOR('',#10484,10.);
#2717=VECTOR('',#10485,10.);
#2718=VECTOR('',#10488,10.);
#2719=VECTOR('',#10493,10.);
#2720=VECTOR('',#10494,10.);
#2721=VECTOR('',#10499,10.);
#2722=VECTOR('',#10500,10.);
#2723=VECTOR('',#10501,10.);
#2724=VECTOR('',#10502,10.);
#2725=VECTOR('',#10505,10.);
#2726=VECTOR('',#10510,10.);
#2727=VECTOR('',#10511,10.);
#2728=VECTOR('',#10512,10.);
#2729=VECTOR('',#10515,10.);
#2730=VECTOR('',#10516,10.);
#2731=VECTOR('',#10517,10.);
#2732=VECTOR('',#10520,10.);
#2733=VECTOR('',#10523,10.);
#2734=VECTOR('',#10526,10.);
#2735=VECTOR('',#10527,10.);
#2736=VECTOR('',#10528,10.);
#2737=VECTOR('',#10529,10.);
#2738=VECTOR('',#10530,10.);
#2739=VECTOR('',#10531,10.);
#2740=VECTOR('',#10532,10.);
#2741=VECTOR('',#10533,10.);
#2742=VECTOR('',#10534,10.);
#2743=VECTOR('',#10535,10.);
#2744=VECTOR('',#10538,10.);
#2745=VECTOR('',#10539,10.);
#2746=VECTOR('',#10542,10.);
#2747=VECTOR('',#10543,10.);
#2748=VECTOR('',#10544,10.);
#2749=VECTOR('',#10547,10.);
#2750=VECTOR('',#10548,10.);
#2751=VECTOR('',#10549,10.);
#2752=VECTOR('',#10552,10.);
#2753=VECTOR('',#10555,10.);
#2754=VECTOR('',#10558,10.);
#2755=VECTOR('',#10559,10.);
#2756=VECTOR('',#10560,10.);
#2757=VECTOR('',#10561,10.);
#2758=VECTOR('',#10562,10.);
#2759=VECTOR('',#10563,10.);
#2760=VECTOR('',#10564,10.);
#2761=VECTOR('',#10565,10.);
#2762=VECTOR('',#10566,10.);
#2763=VECTOR('',#10567,10.);
#2764=VECTOR('',#10570,10.);
#2765=VECTOR('',#10571,10.);
#2766=VECTOR('',#10574,10.);
#2767=VECTOR('',#10575,10.);
#2768=VECTOR('',#10576,10.);
#2769=VECTOR('',#10579,10.);
#2770=VECTOR('',#10580,10.);
#2771=VECTOR('',#10583,10.);
#2772=VECTOR('',#10584,10.);
#2773=VECTOR('',#10587,10.);
#2774=VECTOR('',#10590,10.);
#2775=VECTOR('',#10591,10.);
#2776=VECTOR('',#10594,10.);
#2777=VECTOR('',#10595,10.);
#2778=VECTOR('',#10598,10.);
#2779=VECTOR('',#10599,10.);
#2780=VECTOR('',#10602,10.);
#2781=VECTOR('',#10605,10.);
#2782=VECTOR('',#10610,10.);
#2783=VECTOR('',#10611,10.);
#2784=VECTOR('',#10614,10.);
#2785=VECTOR('',#10615,10.);
#2786=VECTOR('',#10618,10.);
#2787=VECTOR('',#10619,10.);
#2788=VECTOR('',#10622,10.);
#2789=VECTOR('',#10623,10.);
#2790=VECTOR('',#10626,10.);
#2791=VECTOR('',#10629,10.);
#2792=VECTOR('',#10630,10.);
#2793=VECTOR('',#10633,10.);
#2794=VECTOR('',#10634,10.);
#2795=VECTOR('',#10637,10.);
#2796=VECTOR('',#10638,10.);
#2797=VECTOR('',#10641,10.);
#2798=VECTOR('',#10646,10.);
#2799=VECTOR('',#10649,10.);
#2800=VECTOR('',#10652,10.);
#2801=VECTOR('',#10657,10.);
#2802=VECTOR('',#10660,10.);
#2803=VECTOR('',#10663,10.);
#2804=VECTOR('',#10666,10.);
#2805=VECTOR('',#10669,10.);
#2806=VECTOR('',#10672,10.);
#2807=VECTOR('',#10675,10.);
#2808=VECTOR('',#10676,10.);
#2809=VECTOR('',#10679,10.);
#2810=VECTOR('',#10682,10.);
#2811=VECTOR('',#10685,10.);
#2812=VECTOR('',#10688,10.);
#2813=VECTOR('',#10691,10.);
#2814=VECTOR('',#10700,10.);
#2815=VECTOR('',#10703,10.);
#2816=VECTOR('',#10706,10.);
#2817=VECTOR('',#10709,10.);
#2818=VECTOR('',#10712,10.);
#2819=VECTOR('',#10713,10.);
#2820=VECTOR('',#10716,10.);
#2821=VECTOR('',#10721,10.);
#2822=VECTOR('',#10724,10.);
#2823=VECTOR('',#10731,10.);
#2824=VECTOR('',#10734,10.);
#2825=VECTOR('',#10737,10.);
#2826=VECTOR('',#10744,10.);
#2827=VECTOR('',#10747,10.);
#2828=VECTOR('',#10750,10.);
#2829=VECTOR('',#10753,10.);
#2830=VECTOR('',#10758,10.);
#2831=VECTOR('',#10761,10.);
#2832=VECTOR('',#10764,10.);
#2833=VECTOR('',#10767,10.);
#2834=VECTOR('',#10776,10.);
#2835=VECTOR('',#10779,10.);
#2836=VECTOR('',#10784,10.);
#2837=VECTOR('',#10787,10.);
#2838=VECTOR('',#10790,10.);
#2839=VECTOR('',#10791,10.);
#2840=VECTOR('',#10794,10.);
#2841=VECTOR('',#10799,10.);
#2842=VECTOR('',#10802,10.);
#2843=VECTOR('',#10811,10.);
#2844=VECTOR('',#10814,10.);
#2845=VECTOR('',#10817,10.);
#2846=VECTOR('',#10820,10.);
#2847=VECTOR('',#10823,10.);
#2848=VECTOR('',#10826,10.);
#2849=VECTOR('',#10829,10.);
#2850=VECTOR('',#10830,10.);
#2851=VECTOR('',#10833,10.);
#2852=VECTOR('',#10836,10.);
#2853=VECTOR('',#10839,10.);
#2854=VECTOR('',#10842,10.);
#2855=VECTOR('',#10845,10.);
#2856=VECTOR('',#10850,10.);
#2857=VECTOR('',#10855,10.);
#2858=VECTOR('',#10856,10.);
#2859=VECTOR('',#10857,10.);
#2860=VECTOR('',#10872,3.);
#2861=VECTOR('',#10881,3.);
#2862=VECTOR('',#10890,10.);
#2863=VECTOR('',#10921,10.);
#2864=VECTOR('',#10932,10.);
#2865=VECTOR('',#10951,10.);
#2866=VECTOR('',#10954,10.);
#2867=VECTOR('',#10985,10.);
#2868=VECTOR('',#10986,10.);
#2869=VECTOR('',#10987,10.);
#2870=VECTOR('',#10988,10.);
#2871=VECTOR('',#10989,10.);
#2872=VECTOR('',#10994,10.);
#2873=VECTOR('',#11001,10.);
#2874=VECTOR('',#11004,10.);
#2875=VECTOR('',#11007,10.);
#2876=VECTOR('',#11010,10.);
#2877=VECTOR('',#11013,10.);
#2878=VECTOR('',#11016,10.);
#2879=VECTOR('',#11017,10.);
#2880=VECTOR('',#11020,10.);
#2881=VECTOR('',#11025,10.);
#2882=VECTOR('',#11032,10.);
#2883=VECTOR('',#11037,10.);
#2884=VECTOR('',#11040,10.);
#2885=VECTOR('',#11043,10.);
#2886=VECTOR('',#11046,10.);
#2887=VECTOR('',#11049,10.);
#2888=VECTOR('',#11052,10.);
#2889=VECTOR('',#11055,10.);
#2890=VECTOR('',#11058,10.);
#2891=VECTOR('',#11061,10.);
#2892=VECTOR('',#11066,10.);
#2893=VECTOR('',#11069,10.);
#2894=VECTOR('',#11072,10.);
#2895=VECTOR('',#11077,10.);
#2896=VECTOR('',#11086,10.);
#2897=VECTOR('',#11109,10.);
#2898=VECTOR('',#11110,10.);
#2899=VECTOR('',#11113,10.);
#2900=VECTOR('',#11114,10.);
#2901=VECTOR('',#11119,10.);
#2902=VECTOR('',#11120,10.);
#2903=VECTOR('',#11123,10.);
#2904=VECTOR('',#11126,10.);
#2905=VECTOR('',#11131,10.);
#2906=VECTOR('',#11132,10.);
#2907=VECTOR('',#11135,10.);
#2908=VECTOR('',#11140,10.);
#2909=VECTOR('',#11147,10.);
#2910=VECTOR('',#11150,10.);
#2911=VECTOR('',#11151,10.);
#2912=VECTOR('',#11154,10.);
#2913=VECTOR('',#11157,10.);
#2914=VECTOR('',#11158,10.);
#2915=VECTOR('',#11163,10.);
#2916=VECTOR('',#11174,10.);
#2917=VECTOR('',#11177,10.);
#2918=VECTOR('',#11180,10.);
#2919=VECTOR('',#11183,10.);
#2920=VECTOR('',#11190,10.);
#2921=VECTOR('',#11195,1.6);
#2922=VECTOR('',#11198,1.6);
#2923=VECTOR('',#11205,2.35);
#2924=VECTOR('',#11208,10.);
#2925=VECTOR('',#11215,10.);
#2926=VECTOR('',#11216,10.);
#2927=VECTOR('',#11217,10.);
#2928=VECTOR('',#11218,10.);
#2929=VECTOR('',#11221,10.);
#2930=VECTOR('',#11222,10.);
#2931=VECTOR('',#11223,10.);
#2932=VECTOR('',#11226,10.);
#2933=VECTOR('',#11227,10.);
#2934=VECTOR('',#11228,10.);
#2935=VECTOR('',#11231,10.);
#2936=VECTOR('',#11232,10.);
#2937=VECTOR('',#11233,10.);
#2938=VECTOR('',#11236,10.);
#2939=VECTOR('',#11237,10.);
#2940=VECTOR('',#11238,10.);
#2941=VECTOR('',#11241,10.);
#2942=VECTOR('',#11242,10.);
#2943=VECTOR('',#11245,10.);
#2944=VECTOR('',#11246,10.);
#2945=VECTOR('',#11247,10.);
#2946=VECTOR('',#11248,10.);
#2947=VECTOR('',#11251,10.);
#2948=VECTOR('',#11252,10.);
#2949=VECTOR('',#11253,10.);
#2950=VECTOR('',#11256,10.);
#2951=VECTOR('',#11257,10.);
#2952=VECTOR('',#11258,10.);
#2953=VECTOR('',#11261,10.);
#2954=VECTOR('',#11262,10.);
#2955=VECTOR('',#11263,10.);
#2956=VECTOR('',#11266,10.);
#2957=VECTOR('',#11267,10.);
#2958=VECTOR('',#11268,10.);
#2959=VECTOR('',#11271,10.);
#2960=VECTOR('',#11272,10.);
#2961=VECTOR('',#11275,10.);
#2962=VECTOR('',#11276,10.);
#2963=VECTOR('',#11277,10.);
#2964=VECTOR('',#11278,10.);
#2965=VECTOR('',#11281,10.);
#2966=VECTOR('',#11282,10.);
#2967=VECTOR('',#11283,10.);
#2968=VECTOR('',#11286,10.);
#2969=VECTOR('',#11287,10.);
#2970=VECTOR('',#11288,10.);
#2971=VECTOR('',#11291,10.);
#2972=VECTOR('',#11292,10.);
#2973=VECTOR('',#11293,10.);
#2974=VECTOR('',#11296,10.);
#2975=VECTOR('',#11297,10.);
#2976=VECTOR('',#11298,10.);
#2977=VECTOR('',#11301,10.);
#2978=VECTOR('',#11302,10.);
#2979=VECTOR('',#11303,10.);
#2980=VECTOR('',#11306,10.);
#2981=VECTOR('',#11307,10.);
#2982=VECTOR('',#11308,10.);
#2983=VECTOR('',#11311,10.);
#2984=VECTOR('',#11312,10.);
#2985=VECTOR('',#11313,10.);
#2986=VECTOR('',#11316,10.);
#2987=VECTOR('',#11317,10.);
#2988=VECTOR('',#11318,10.);
#2989=VECTOR('',#11321,10.);
#2990=VECTOR('',#11322,10.);
#2991=VECTOR('',#11323,10.);
#2992=VECTOR('',#11326,10.);
#2993=VECTOR('',#11327,10.);
#2994=VECTOR('',#11328,10.);
#2995=VECTOR('',#11331,10.);
#2996=VECTOR('',#11332,10.);
#2997=VECTOR('',#11333,10.);
#2998=VECTOR('',#11336,10.);
#2999=VECTOR('',#11337,10.);
#3000=VECTOR('',#11338,10.);
#3001=VECTOR('',#11341,10.);
#3002=VECTOR('',#11342,10.);
#3003=VECTOR('',#11343,10.);
#3004=VECTOR('',#11346,10.);
#3005=VECTOR('',#11347,10.);
#3006=VECTOR('',#11348,10.);
#3007=VECTOR('',#11351,10.);
#3008=VECTOR('',#11352,10.);
#3009=VECTOR('',#11353,10.);
#3010=VECTOR('',#11356,10.);
#3011=VECTOR('',#11357,10.);
#3012=VECTOR('',#11358,10.);
#3013=VECTOR('',#11365,10.);
#3014=VECTOR('',#11368,10.);
#3015=VECTOR('',#11369,10.);
#3016=VECTOR('',#11370,10.);
#3017=VECTOR('',#11373,10.);
#3018=VECTOR('',#11374,10.);
#3019=VECTOR('',#11375,10.);
#3020=VECTOR('',#11382,10.);
#3021=VECTOR('',#11385,10.);
#3022=VECTOR('',#11386,10.);
#3023=VECTOR('',#11387,10.);
#3024=VECTOR('',#11390,10.);
#3025=VECTOR('',#11391,10.);
#3026=VECTOR('',#11392,10.);
#3027=VECTOR('',#11395,10.);
#3028=VECTOR('',#11396,10.);
#3029=VECTOR('',#11397,10.);
#3030=VECTOR('',#11400,10.);
#3031=VECTOR('',#11401,10.);
#3032=VECTOR('',#11402,10.);
#3033=VECTOR('',#11405,10.);
#3034=VECTOR('',#11406,10.);
#3035=VECTOR('',#11407,10.);
#3036=VECTOR('',#11410,10.);
#3037=VECTOR('',#11411,10.);
#3038=VECTOR('',#11412,10.);
#3039=VECTOR('',#11415,10.);
#3040=VECTOR('',#11416,10.);
#3041=VECTOR('',#11417,10.);
#3042=VECTOR('',#11420,10.);
#3043=VECTOR('',#11421,10.);
#3044=VECTOR('',#11422,10.);
#3045=VECTOR('',#11425,10.);
#3046=VECTOR('',#11426,10.);
#3047=VECTOR('',#11427,10.);
#3048=VECTOR('',#11430,10.);
#3049=VECTOR('',#11431,10.);
#3050=VECTOR('',#11432,10.);
#3051=VECTOR('',#11435,10.);
#3052=VECTOR('',#11436,10.);
#3053=VECTOR('',#11437,10.);
#3054=VECTOR('',#11440,10.);
#3055=VECTOR('',#11441,10.);
#3056=VECTOR('',#11442,10.);
#3057=VECTOR('',#11445,10.);
#3058=VECTOR('',#11446,10.);
#3059=VECTOR('',#11447,10.);
#3060=VECTOR('',#11450,10.);
#3061=VECTOR('',#11451,10.);
#3062=VECTOR('',#11452,10.);
#3063=VECTOR('',#11455,10.);
#3064=VECTOR('',#11456,10.);
#3065=VECTOR('',#11457,10.);
#3066=VECTOR('',#11464,10.);
#3067=VECTOR('',#11467,10.);
#3068=VECTOR('',#11468,10.);
#3069=VECTOR('',#11469,10.);
#3070=VECTOR('',#11472,10.);
#3071=VECTOR('',#11473,10.);
#3072=VECTOR('',#11474,10.);
#3073=VECTOR('',#11477,10.);
#3074=VECTOR('',#11478,10.);
#3075=VECTOR('',#11479,10.);
#3076=VECTOR('',#11482,10.);
#3077=VECTOR('',#11483,10.);
#3078=VECTOR('',#11484,10.);
#3079=VECTOR('',#11491,10.);
#3080=VECTOR('',#11494,10.);
#3081=VECTOR('',#11495,10.);
#3082=VECTOR('',#11496,10.);
#3083=VECTOR('',#11499,10.);
#3084=VECTOR('',#11500,10.);
#3085=VECTOR('',#11507,10.);
#3086=VECTOR('',#11508,10.);
#3087=VECTOR('',#11509,10.);
#3088=VECTOR('',#11510,10.);
#3089=VECTOR('',#11513,10.);
#3090=VECTOR('',#11514,10.);
#3091=VECTOR('',#11515,10.);
#3092=VECTOR('',#11518,10.);
#3093=VECTOR('',#11519,10.);
#3094=VECTOR('',#11520,10.);
#3095=VECTOR('',#11523,10.);
#3096=VECTOR('',#11524,10.);
#3097=VECTOR('',#11525,10.);
#3098=VECTOR('',#11528,10.);
#3099=VECTOR('',#11529,10.);
#3100=VECTOR('',#11530,10.);
#3101=VECTOR('',#11533,10.);
#3102=VECTOR('',#11534,10.);
#3103=VECTOR('',#11537,10.);
#3104=VECTOR('',#11538,10.);
#3105=VECTOR('',#11539,10.);
#3106=VECTOR('',#11540,10.);
#3107=VECTOR('',#11543,10.);
#3108=VECTOR('',#11544,10.);
#3109=VECTOR('',#11545,10.);
#3110=VECTOR('',#11548,10.);
#3111=VECTOR('',#11549,10.);
#3112=VECTOR('',#11550,10.);
#3113=VECTOR('',#11553,10.);
#3114=VECTOR('',#11554,10.);
#3115=VECTOR('',#11555,10.);
#3116=VECTOR('',#11558,10.);
#3117=VECTOR('',#11559,10.);
#3118=VECTOR('',#11560,10.);
#3119=VECTOR('',#11563,10.);
#3120=VECTOR('',#11564,10.);
#3121=VECTOR('',#11565,10.);
#3122=VECTOR('',#11568,10.);
#3123=VECTOR('',#11569,10.);
#3124=VECTOR('',#11570,10.);
#3125=VECTOR('',#11573,10.);
#3126=VECTOR('',#11574,10.);
#3127=VECTOR('',#11575,10.);
#3128=VECTOR('',#11578,10.);
#3129=VECTOR('',#11579,10.);
#3130=VECTOR('',#11580,10.);
#3131=VECTOR('',#11583,10.);
#3132=VECTOR('',#11584,10.);
#3133=VECTOR('',#11585,10.);
#3134=VECTOR('',#11588,10.);
#3135=VECTOR('',#11589,10.);
#3136=VECTOR('',#11590,10.);
#3137=VECTOR('',#11593,10.);
#3138=VECTOR('',#11594,10.);
#3139=VECTOR('',#11595,10.);
#3140=VECTOR('',#11598,10.);
#3141=VECTOR('',#11599,10.);
#3142=VECTOR('',#11600,10.);
#3143=VECTOR('',#11603,10.);
#3144=VECTOR('',#11604,10.);
#3145=VECTOR('',#11605,10.);
#3146=VECTOR('',#11608,10.);
#3147=VECTOR('',#11609,10.);
#3148=VECTOR('',#11610,10.);
#3149=VECTOR('',#11613,10.);
#3150=VECTOR('',#11614,10.);
#3151=VECTOR('',#11615,10.);
#3152=VECTOR('',#11618,10.);
#3153=VECTOR('',#11619,10.);
#3154=VECTOR('',#11620,10.);
#3155=VECTOR('',#11623,10.);
#3156=VECTOR('',#11624,10.);
#3157=VECTOR('',#11625,10.);
#3158=VECTOR('',#11632,10.);
#3159=VECTOR('',#11635,10.);
#3160=VECTOR('',#11636,10.);
#3161=VECTOR('',#11637,10.);
#3162=VECTOR('',#11640,10.);
#3163=VECTOR('',#11641,10.);
#3164=VECTOR('',#11642,10.);
#3165=VECTOR('',#11649,10.);
#3166=VECTOR('',#11652,10.);
#3167=VECTOR('',#11653,10.);
#3168=VECTOR('',#11654,10.);
#3169=VECTOR('',#11657,10.);
#3170=VECTOR('',#11658,10.);
#3171=VECTOR('',#11659,10.);
#3172=VECTOR('',#11662,10.);
#3173=VECTOR('',#11663,10.);
#3174=VECTOR('',#11664,10.);
#3175=VECTOR('',#11667,10.);
#3176=VECTOR('',#11668,10.);
#3177=VECTOR('',#11669,10.);
#3178=VECTOR('',#11672,10.);
#3179=VECTOR('',#11673,10.);
#3180=VECTOR('',#11674,10.);
#3181=VECTOR('',#11677,10.);
#3182=VECTOR('',#11678,10.);
#3183=VECTOR('',#11679,10.);
#3184=VECTOR('',#11682,10.);
#3185=VECTOR('',#11683,10.);
#3186=VECTOR('',#11684,10.);
#3187=VECTOR('',#11687,10.);
#3188=VECTOR('',#11688,10.);
#3189=VECTOR('',#11689,10.);
#3190=VECTOR('',#11692,10.);
#3191=VECTOR('',#11693,10.);
#3192=VECTOR('',#11694,10.);
#3193=VECTOR('',#11697,10.);
#3194=VECTOR('',#11698,10.);
#3195=VECTOR('',#11699,10.);
#3196=VECTOR('',#11702,10.);
#3197=VECTOR('',#11703,10.);
#3198=VECTOR('',#11704,10.);
#3199=VECTOR('',#11707,10.);
#3200=VECTOR('',#11708,10.);
#3201=VECTOR('',#11709,10.);
#3202=VECTOR('',#11712,10.);
#3203=VECTOR('',#11713,10.);
#3204=VECTOR('',#11714,10.);
#3205=VECTOR('',#11717,10.);
#3206=VECTOR('',#11718,10.);
#3207=VECTOR('',#11719,10.);
#3208=VECTOR('',#11722,10.);
#3209=VECTOR('',#11723,10.);
#3210=VECTOR('',#11724,10.);
#3211=VECTOR('',#11727,10.);
#3212=VECTOR('',#11728,10.);
#3213=VECTOR('',#11729,10.);
#3214=VECTOR('',#11732,10.);
#3215=VECTOR('',#11733,10.);
#3216=VECTOR('',#11734,10.);
#3217=VECTOR('',#11737,10.);
#3218=VECTOR('',#11738,10.);
#3219=VECTOR('',#11739,10.);
#3220=VECTOR('',#11742,10.);
#3221=VECTOR('',#11743,10.);
#3222=VECTOR('',#11744,10.);
#3223=VECTOR('',#11747,10.);
#3224=VECTOR('',#11748,10.);
#3225=VECTOR('',#11749,10.);
#3226=VECTOR('',#11752,10.);
#3227=VECTOR('',#11753,10.);
#3228=VECTOR('',#11754,10.);
#3229=VECTOR('',#11761,10.);
#3230=VECTOR('',#11764,10.);
#3231=VECTOR('',#11765,10.);
#3232=VECTOR('',#11772,10.);
#3233=VECTOR('',#11773,10.);
#3234=VECTOR('',#11774,10.);
#3235=VECTOR('',#11775,10.);
#3236=VECTOR('',#11778,10.);
#3237=VECTOR('',#11779,10.);
#3238=VECTOR('',#11780,10.);
#3239=VECTOR('',#11783,10.);
#3240=VECTOR('',#11784,10.);
#3241=VECTOR('',#11785,10.);
#3242=VECTOR('',#11788,10.);
#3243=VECTOR('',#11789,10.);
#3244=VECTOR('',#11790,10.);
#3245=VECTOR('',#11793,10.);
#3246=VECTOR('',#11794,10.);
#3247=VECTOR('',#11795,10.);
#3248=VECTOR('',#11798,10.);
#3249=VECTOR('',#11799,10.);
#3250=VECTOR('',#11802,10.);
#3251=VECTOR('',#11803,10.);
#3252=VECTOR('',#11804,10.);
#3253=VECTOR('',#11805,10.);
#3254=VECTOR('',#11808,10.);
#3255=VECTOR('',#11809,10.);
#3256=VECTOR('',#11810,10.);
#3257=VECTOR('',#11813,10.);
#3258=VECTOR('',#11814,10.);
#3259=VECTOR('',#11815,10.);
#3260=VECTOR('',#11818,10.);
#3261=VECTOR('',#11819,10.);
#3262=VECTOR('',#11820,10.);
#3263=VECTOR('',#11823,10.);
#3264=VECTOR('',#11824,10.);
#3265=VECTOR('',#11825,10.);
#3266=VECTOR('',#11828,10.);
#3267=VECTOR('',#11829,10.);
#3268=VECTOR('',#11832,10.);
#3269=VECTOR('',#11833,10.);
#3270=VECTOR('',#11834,10.);
#3271=VECTOR('',#11835,10.);
#3272=VECTOR('',#11838,10.);
#3273=VECTOR('',#11839,10.);
#3274=VECTOR('',#11840,10.);
#3275=VECTOR('',#11843,10.);
#3276=VECTOR('',#11844,10.);
#3277=VECTOR('',#11845,10.);
#3278=VECTOR('',#11848,10.);
#3279=VECTOR('',#11849,10.);
#3280=VECTOR('',#11850,10.);
#3281=VECTOR('',#11853,10.);
#3282=VECTOR('',#11854,10.);
#3283=VECTOR('',#11855,10.);
#3284=VECTOR('',#11858,10.);
#3285=VECTOR('',#11859,10.);
#3286=VECTOR('',#11862,10.);
#3287=VECTOR('',#11863,10.);
#3288=VECTOR('',#11864,10.);
#3289=VECTOR('',#11865,10.);
#3290=VECTOR('',#11868,10.);
#3291=VECTOR('',#11869,10.);
#3292=VECTOR('',#11870,10.);
#3293=VECTOR('',#11873,10.);
#3294=VECTOR('',#11874,10.);
#3295=VECTOR('',#11875,10.);
#3296=VECTOR('',#11878,10.);
#3297=VECTOR('',#11879,10.);
#3298=VECTOR('',#11880,10.);
#3299=VECTOR('',#11883,10.);
#3300=VECTOR('',#11884,10.);
#3301=VECTOR('',#11885,10.);
#3302=VECTOR('',#11888,10.);
#3303=VECTOR('',#11889,10.);
#3304=VECTOR('',#11892,10.);
#3305=VECTOR('',#11893,10.);
#3306=VECTOR('',#11894,10.);
#3307=VECTOR('',#11895,10.);
#3308=VECTOR('',#11898,10.);
#3309=VECTOR('',#11899,10.);
#3310=VECTOR('',#11900,10.);
#3311=VECTOR('',#11903,10.);
#3312=VECTOR('',#11904,10.);
#3313=VECTOR('',#11905,10.);
#3314=VECTOR('',#11908,10.);
#3315=VECTOR('',#11909,10.);
#3316=VECTOR('',#11910,10.);
#3317=VECTOR('',#11913,10.);
#3318=VECTOR('',#11914,10.);
#3319=VECTOR('',#11915,10.);
#3320=VECTOR('',#11918,10.);
#3321=VECTOR('',#11919,10.);
#3322=VECTOR('',#11922,10.);
#3323=VECTOR('',#11923,10.);
#3324=VECTOR('',#11924,10.);
#3325=VECTOR('',#11925,10.);
#3326=VECTOR('',#11928,10.);
#3327=VECTOR('',#11929,10.);
#3328=VECTOR('',#11930,10.);
#3329=VECTOR('',#11933,10.);
#3330=VECTOR('',#11934,10.);
#3331=VECTOR('',#11935,10.);
#3332=VECTOR('',#11938,10.);
#3333=VECTOR('',#11939,10.);
#3334=VECTOR('',#11940,10.);
#3335=VECTOR('',#11943,10.);
#3336=VECTOR('',#11944,10.);
#3337=VECTOR('',#11945,10.);
#3338=VECTOR('',#11948,10.);
#3339=VECTOR('',#11949,10.);
#3340=VECTOR('',#11952,10.);
#3341=VECTOR('',#11953,10.);
#3342=VECTOR('',#11954,10.);
#3343=VECTOR('',#11955,10.);
#3344=VECTOR('',#11958,10.);
#3345=VECTOR('',#11959,10.);
#3346=VECTOR('',#11960,10.);
#3347=VECTOR('',#11963,10.);
#3348=VECTOR('',#11964,10.);
#3349=VECTOR('',#11965,10.);
#3350=VECTOR('',#11968,10.);
#3351=VECTOR('',#11969,10.);
#3352=VECTOR('',#11970,10.);
#3353=VECTOR('',#11973,10.);
#3354=VECTOR('',#11974,10.);
#3355=VECTOR('',#11975,10.);
#3356=VECTOR('',#11978,10.);
#3357=VECTOR('',#11979,10.);
#3358=VECTOR('',#11982,10.);
#3359=VECTOR('',#11983,10.);
#3360=VECTOR('',#11984,10.);
#3361=VECTOR('',#11985,10.);
#3362=VECTOR('',#11988,10.);
#3363=VECTOR('',#11989,10.);
#3364=VECTOR('',#11990,10.);
#3365=VECTOR('',#11993,10.);
#3366=VECTOR('',#11994,10.);
#3367=VECTOR('',#11995,10.);
#3368=VECTOR('',#12002,10.);
#3369=VECTOR('',#12005,10.);
#3370=VECTOR('',#12006,10.);
#3371=VECTOR('',#12007,10.);
#3372=VECTOR('',#12010,10.);
#3373=VECTOR('',#12011,10.);
#3374=VECTOR('',#12012,10.);
#3375=VECTOR('',#12015,10.);
#3376=VECTOR('',#12016,10.);
#3377=VECTOR('',#12017,10.);
#3378=VECTOR('',#12020,10.);
#3379=VECTOR('',#12021,10.);
#3380=VECTOR('',#12022,10.);
#3381=VECTOR('',#12025,10.);
#3382=VECTOR('',#12026,10.);
#3383=VECTOR('',#12027,10.);
#3384=VECTOR('',#12030,10.);
#3385=VECTOR('',#12031,10.);
#3386=VECTOR('',#12032,10.);
#3387=VECTOR('',#12035,10.);
#3388=VECTOR('',#12036,10.);
#3389=VECTOR('',#12037,10.);
#3390=VECTOR('',#12040,10.);
#3391=VECTOR('',#12041,10.);
#3392=VECTOR('',#12042,10.);
#3393=VECTOR('',#12045,10.);
#3394=VECTOR('',#12046,10.);
#3395=VECTOR('',#12047,10.);
#3396=VECTOR('',#12050,10.);
#3397=VECTOR('',#12051,10.);
#3398=VECTOR('',#12052,10.);
#3399=VECTOR('',#12055,10.);
#3400=VECTOR('',#12056,10.);
#3401=VECTOR('',#12057,10.);
#3402=VECTOR('',#12060,10.);
#3403=VECTOR('',#12061,10.);
#3404=VECTOR('',#12062,10.);
#3405=VECTOR('',#12065,10.);
#3406=VECTOR('',#12066,10.);
#3407=VECTOR('',#12067,10.);
#3408=VECTOR('',#12074,10.);
#3409=VECTOR('',#12077,10.);
#3410=VECTOR('',#12078,10.);
#3411=VECTOR('',#12079,10.);
#3412=VECTOR('',#12082,10.);
#3413=VECTOR('',#12083,10.);
#3414=VECTOR('',#12084,10.);
#3415=VECTOR('',#12087,10.);
#3416=VECTOR('',#12088,10.);
#3417=VECTOR('',#12089,10.);
#3418=VECTOR('',#12092,10.);
#3419=VECTOR('',#12093,10.);
#3420=VECTOR('',#12094,10.);
#3421=VECTOR('',#12097,10.);
#3422=VECTOR('',#12098,10.);
#3423=VECTOR('',#12099,10.);
#3424=VECTOR('',#12102,10.);
#3425=VECTOR('',#12103,10.);
#3426=VECTOR('',#12104,10.);
#3427=VECTOR('',#12107,10.);
#3428=VECTOR('',#12108,10.);
#3429=VECTOR('',#12109,10.);
#3430=VECTOR('',#12112,10.);
#3431=VECTOR('',#12113,10.);
#3432=VECTOR('',#12114,10.);
#3433=VECTOR('',#12117,10.);
#3434=VECTOR('',#12118,10.);
#3435=VECTOR('',#12119,10.);
#3436=VECTOR('',#12122,10.);
#3437=VECTOR('',#12123,10.);
#3438=VECTOR('',#12124,10.);
#3439=VECTOR('',#12127,10.);
#3440=VECTOR('',#12128,10.);
#3441=VECTOR('',#12129,10.);
#3442=VECTOR('',#12132,10.);
#3443=VECTOR('',#12133,10.);
#3444=VECTOR('',#12134,10.);
#3445=VECTOR('',#12137,10.);
#3446=VECTOR('',#12138,10.);
#3447=VECTOR('',#12139,10.);
#3448=VECTOR('',#12142,10.);
#3449=VECTOR('',#12143,10.);
#3450=VECTOR('',#12144,10.);
#3451=VECTOR('',#12147,10.);
#3452=VECTOR('',#12148,10.);
#3453=VECTOR('',#12149,10.);
#3454=VECTOR('',#12152,10.);
#3455=VECTOR('',#12153,10.);
#3456=VECTOR('',#12154,10.);
#3457=VECTOR('',#12157,10.);
#3458=VECTOR('',#12158,10.);
#3459=VECTOR('',#12159,10.);
#3460=VECTOR('',#12162,10.);
#3461=VECTOR('',#12163,10.);
#3462=VECTOR('',#12164,10.);
#3463=VECTOR('',#12167,10.);
#3464=VECTOR('',#12168,10.);
#3465=VECTOR('',#12169,10.);
#3466=VECTOR('',#12172,10.);
#3467=VECTOR('',#12173,10.);
#3468=VECTOR('',#12174,10.);
#3469=VECTOR('',#12177,10.);
#3470=VECTOR('',#12178,10.);
#3471=VECTOR('',#12179,10.);
#3472=VECTOR('',#12182,10.);
#3473=VECTOR('',#12183,10.);
#3474=VECTOR('',#12184,10.);
#3475=VECTOR('',#12187,10.);
#3476=VECTOR('',#12188,10.);
#3477=VECTOR('',#12189,10.);
#3478=VECTOR('',#12192,10.);
#3479=VECTOR('',#12193,10.);
#3480=VECTOR('',#12194,10.);
#3481=VECTOR('',#12197,10.);
#3482=VECTOR('',#12198,10.);
#3483=VECTOR('',#12199,10.);
#3484=VECTOR('',#12202,10.);
#3485=VECTOR('',#12203,10.);
#3486=VECTOR('',#12204,10.);
#3487=VECTOR('',#12207,10.);
#3488=VECTOR('',#12208,10.);
#3489=VECTOR('',#12209,10.);
#3490=VECTOR('',#12212,10.);
#3491=VECTOR('',#12213,10.);
#3492=VECTOR('',#12214,10.);
#3493=VECTOR('',#12217,10.);
#3494=VECTOR('',#12218,10.);
#3495=VECTOR('',#12219,10.);
#3496=VECTOR('',#12222,10.);
#3497=VECTOR('',#12223,10.);
#3498=VECTOR('',#12224,10.);
#3499=VECTOR('',#12227,10.);
#3500=VECTOR('',#12228,10.);
#3501=VECTOR('',#12229,10.);
#3502=VECTOR('',#12232,10.);
#3503=VECTOR('',#12233,10.);
#3504=VECTOR('',#12234,10.);
#3505=VECTOR('',#12237,10.);
#3506=VECTOR('',#12238,10.);
#3507=VECTOR('',#12239,10.);
#3508=VECTOR('',#12242,10.);
#3509=VECTOR('',#12243,10.);
#3510=VECTOR('',#12244,10.);
#3511=VECTOR('',#12247,10.);
#3512=VECTOR('',#12248,10.);
#3513=VECTOR('',#12249,10.);
#3514=VECTOR('',#12252,10.);
#3515=VECTOR('',#12253,10.);
#3516=VECTOR('',#12254,10.);
#3517=VECTOR('',#12257,10.);
#3518=VECTOR('',#12258,10.);
#3519=VECTOR('',#12259,10.);
#3520=VECTOR('',#12262,10.);
#3521=VECTOR('',#12263,10.);
#3522=VERTEX_POINT('',#12275);
#3523=VERTEX_POINT('',#12276);
#3524=VERTEX_POINT('',#12278);
#3525=VERTEX_POINT('',#12280);
#3526=VERTEX_POINT('',#12282);
#3527=VERTEX_POINT('',#12284);
#3528=VERTEX_POINT('',#12288);
#3529=VERTEX_POINT('',#12289);
#3530=VERTEX_POINT('',#12291);
#3531=VERTEX_POINT('',#12293);
#3532=VERTEX_POINT('',#12295);
#3533=VERTEX_POINT('',#12297);
#3534=VERTEX_POINT('',#12301);
#3535=VERTEX_POINT('',#12302);
#3536=VERTEX_POINT('',#12304);
#3537=VERTEX_POINT('',#12306);
#3538=VERTEX_POINT('',#12308);
#3539=VERTEX_POINT('',#12310);
#3540=VERTEX_POINT('',#12314);
#3541=VERTEX_POINT('',#12316);
#3542=VERTEX_POINT('',#12329);
#3543=VERTEX_POINT('',#12333);
#3544=VERTEX_POINT('',#12348);
#3545=VERTEX_POINT('',#12350);
#3546=VERTEX_POINT('',#12365);
#3547=VERTEX_POINT('',#12369);
#3548=VERTEX_POINT('',#12382);
#3549=VERTEX_POINT('',#12384);
#3550=VERTEX_POINT('',#12399);
#3551=VERTEX_POINT('',#12403);
#3552=VERTEX_POINT('',#12404);
#3553=VERTEX_POINT('',#12406);
#3554=VERTEX_POINT('',#12408);
#3555=VERTEX_POINT('',#12427);
#3556=VERTEX_POINT('',#12429);
#3557=VERTEX_POINT('',#12433);
#3558=VERTEX_POINT('',#12434);
#3559=VERTEX_POINT('',#12436);
#3560=VERTEX_POINT('',#12438);
#3561=VERTEX_POINT('',#12458);
#3562=VERTEX_POINT('',#12460);
#3563=VERTEX_POINT('',#12462);
#3564=VERTEX_POINT('',#12464);
#3565=VERTEX_POINT('',#12466);
#3566=VERTEX_POINT('',#12468);
#3567=VERTEX_POINT('',#12472);
#3568=VERTEX_POINT('',#12474);
#3569=VERTEX_POINT('',#12478);
#3570=VERTEX_POINT('',#12480);
#3571=VERTEX_POINT('',#12482);
#3572=VERTEX_POINT('',#12486);
#3573=VERTEX_POINT('',#12487);
#3574=VERTEX_POINT('',#12500);
#3575=VERTEX_POINT('',#12502);
#3576=VERTEX_POINT('',#12504);
#3577=VERTEX_POINT('',#12506);
#3578=VERTEX_POINT('',#12508);
#3579=VERTEX_POINT('',#12517);
#3580=VERTEX_POINT('',#12519);
#3581=VERTEX_POINT('',#12535);
#3582=VERTEX_POINT('',#12537);
#3583=VERTEX_POINT('',#12546);
#3584=VERTEX_POINT('',#12548);
#3585=VERTEX_POINT('',#12550);
#3586=VERTEX_POINT('',#12561);
#3587=VERTEX_POINT('',#12563);
#3588=VERTEX_POINT('',#12572);
#3589=VERTEX_POINT('',#12574);
#3590=VERTEX_POINT('',#12576);
#3591=VERTEX_POINT('',#12578);
#3592=VERTEX_POINT('',#12580);
#3593=VERTEX_POINT('',#12595);
#3594=VERTEX_POINT('',#12597);
#3595=VERTEX_POINT('',#12611);
#3596=VERTEX_POINT('',#12627);
#3597=VERTEX_POINT('',#12629);
#3598=VERTEX_POINT('',#12631);
#3599=VERTEX_POINT('',#12634);
#3600=VERTEX_POINT('',#12636);
#3601=VERTEX_POINT('',#12638);
#3602=VERTEX_POINT('',#12640);
#3603=VERTEX_POINT('',#12642);
#3604=VERTEX_POINT('',#12644);
#3605=VERTEX_POINT('',#12647);
#3606=VERTEX_POINT('',#12649);
#3607=VERTEX_POINT('',#12651);
#3608=VERTEX_POINT('',#12653);
#3609=VERTEX_POINT('',#12655);
#3610=VERTEX_POINT('',#12657);
#3611=VERTEX_POINT('',#12659);
#3612=VERTEX_POINT('',#12661);
#3613=VERTEX_POINT('',#12663);
#3614=VERTEX_POINT('',#12665);
#3615=VERTEX_POINT('',#12667);
#3616=VERTEX_POINT('',#12669);
#3617=VERTEX_POINT('',#12671);
#3618=VERTEX_POINT('',#12673);
#3619=VERTEX_POINT('',#12675);
#3620=VERTEX_POINT('',#12677);
#3621=VERTEX_POINT('',#12679);
#3622=VERTEX_POINT('',#12681);
#3623=VERTEX_POINT('',#12683);
#3624=VERTEX_POINT('',#12685);
#3625=VERTEX_POINT('',#12687);
#3626=VERTEX_POINT('',#12689);
#3627=VERTEX_POINT('',#12691);
#3628=VERTEX_POINT('',#12693);
#3629=VERTEX_POINT('',#12695);
#3630=VERTEX_POINT('',#12697);
#3631=VERTEX_POINT('',#12699);
#3632=VERTEX_POINT('',#12701);
#3633=VERTEX_POINT('',#12703);
#3634=VERTEX_POINT('',#12705);
#3635=VERTEX_POINT('',#12707);
#3636=VERTEX_POINT('',#12709);
#3637=VERTEX_POINT('',#12711);
#3638=VERTEX_POINT('',#12713);
#3639=VERTEX_POINT('',#12715);
#3640=VERTEX_POINT('',#12717);
#3641=VERTEX_POINT('',#12719);
#3642=VERTEX_POINT('',#12721);
#3643=VERTEX_POINT('',#12723);
#3644=VERTEX_POINT('',#12725);
#3645=VERTEX_POINT('',#12728);
#3646=VERTEX_POINT('',#12730);
#3647=VERTEX_POINT('',#12732);
#3648=VERTEX_POINT('',#12735);
#3649=VERTEX_POINT('',#12736);
#3650=VERTEX_POINT('',#12738);
#3651=VERTEX_POINT('',#12740);
#3652=VERTEX_POINT('',#12743);
#3653=VERTEX_POINT('',#12744);
#3654=VERTEX_POINT('',#12746);
#3655=VERTEX_POINT('',#12748);
#3656=VERTEX_POINT('',#12752);
#3657=VERTEX_POINT('',#12754);
#3658=VERTEX_POINT('',#12756);
#3659=VERTEX_POINT('',#12758);
#3660=VERTEX_POINT('',#12762);
#3661=VERTEX_POINT('',#12763);
#3662=VERTEX_POINT('',#12765);
#3663=VERTEX_POINT('',#12767);
#3664=VERTEX_POINT('',#12771);
#3665=VERTEX_POINT('',#12772);
#3666=VERTEX_POINT('',#12777);
#3667=VERTEX_POINT('',#12778);
#3668=VERTEX_POINT('',#12783);
#3669=VERTEX_POINT('',#12784);
#3670=VERTEX_POINT('',#12789);
#3671=VERTEX_POINT('',#12790);
#3672=VERTEX_POINT('',#12795);
#3673=VERTEX_POINT('',#12796);
#3674=VERTEX_POINT('',#12801);
#3675=VERTEX_POINT('',#12803);
#3676=VERTEX_POINT('',#12807);
#3677=VERTEX_POINT('',#12808);
#3678=VERTEX_POINT('',#12813);
#3679=VERTEX_POINT('',#12814);
#3680=VERTEX_POINT('',#12819);
#3681=VERTEX_POINT('',#12820);
#3682=VERTEX_POINT('',#12825);
#3683=VERTEX_POINT('',#12826);
#3684=VERTEX_POINT('',#12847);
#3685=VERTEX_POINT('',#12848);
#3686=VERTEX_POINT('',#12850);
#3687=VERTEX_POINT('',#12852);
#3688=VERTEX_POINT('',#12854);
#3689=VERTEX_POINT('',#12856);
#3690=VERTEX_POINT('',#12858);
#3691=VERTEX_POINT('',#12860);
#3692=VERTEX_POINT('',#12862);
#3693=VERTEX_POINT('',#12864);
#3694=VERTEX_POINT('',#12866);
#3695=VERTEX_POINT('',#12868);
#3696=VERTEX_POINT('',#12870);
#3697=VERTEX_POINT('',#12872);
#3698=VERTEX_POINT('',#12874);
#3699=VERTEX_POINT('',#12876);
#3700=VERTEX_POINT('',#12879);
#3701=VERTEX_POINT('',#12880);
#3702=VERTEX_POINT('',#12882);
#3703=VERTEX_POINT('',#12884);
#3704=VERTEX_POINT('',#12886);
#3705=VERTEX_POINT('',#12888);
#3706=VERTEX_POINT('',#12890);
#3707=VERTEX_POINT('',#12892);
#3708=VERTEX_POINT('',#12894);
#3709=VERTEX_POINT('',#12896);
#3710=VERTEX_POINT('',#12899);
#3711=VERTEX_POINT('',#12900);
#3712=VERTEX_POINT('',#12902);
#3713=VERTEX_POINT('',#12904);
#3714=VERTEX_POINT('',#12907);
#3715=VERTEX_POINT('',#12908);
#3716=VERTEX_POINT('',#12910);
#3717=VERTEX_POINT('',#12912);
#3718=VERTEX_POINT('',#12915);
#3719=VERTEX_POINT('',#12916);
#3720=VERTEX_POINT('',#12918);
#3721=VERTEX_POINT('',#12920);
#3722=VERTEX_POINT('',#12922);
#3723=VERTEX_POINT('',#12924);
#3724=VERTEX_POINT('',#12926);
#3725=VERTEX_POINT('',#12928);
#3726=VERTEX_POINT('',#12932);
#3727=VERTEX_POINT('',#12934);
#3728=VERTEX_POINT('',#12938);
#3729=VERTEX_POINT('',#12942);
#3730=VERTEX_POINT('',#12946);
#3731=VERTEX_POINT('',#12950);
#3732=VERTEX_POINT('',#12954);
#3733=VERTEX_POINT('',#12958);
#3734=VERTEX_POINT('',#12962);
#3735=VERTEX_POINT('',#12966);
#3736=VERTEX_POINT('',#12972);
#3737=VERTEX_POINT('',#12974);
#3738=VERTEX_POINT('',#12978);
#3739=VERTEX_POINT('',#12991);
#3740=VERTEX_POINT('',#12995);
#3741=VERTEX_POINT('',#13004);
#3742=VERTEX_POINT('',#13006);
#3743=VERTEX_POINT('',#13008);
#3744=VERTEX_POINT('',#13010);
#3745=VERTEX_POINT('',#13012);
#3746=VERTEX_POINT('',#13014);
#3747=VERTEX_POINT('',#13016);
#3748=VERTEX_POINT('',#13018);
#3749=VERTEX_POINT('',#13020);
#3750=VERTEX_POINT('',#13022);
#3751=VERTEX_POINT('',#13024);
#3752=VERTEX_POINT('',#13026);
#3753=VERTEX_POINT('',#13028);
#3754=VERTEX_POINT('',#13030);
#3755=VERTEX_POINT('',#13032);
#3756=VERTEX_POINT('',#13034);
#3757=VERTEX_POINT('',#13036);
#3758=VERTEX_POINT('',#13039);
#3759=VERTEX_POINT('',#13041);
#3760=VERTEX_POINT('',#13044);
#3761=VERTEX_POINT('',#13046);
#3762=VERTEX_POINT('',#13050);
#3763=VERTEX_POINT('',#13054);
#3764=VERTEX_POINT('',#13058);
#3765=VERTEX_POINT('',#13062);
#3766=VERTEX_POINT('',#13066);
#3767=VERTEX_POINT('',#13070);
#3768=VERTEX_POINT('',#13077);
#3769=VERTEX_POINT('',#13087);
#3770=VERTEX_POINT('',#13089);
#3771=VERTEX_POINT('',#13093);
#3772=VERTEX_POINT('',#13097);
#3773=VERTEX_POINT('',#13101);
#3774=VERTEX_POINT('',#13105);
#3775=VERTEX_POINT('',#13109);
#3776=VERTEX_POINT('',#13113);
#3777=VERTEX_POINT('',#13117);
#3778=VERTEX_POINT('',#13121);
#3779=VERTEX_POINT('',#13125);
#3780=VERTEX_POINT('',#13129);
#3781=VERTEX_POINT('',#13133);
#3782=VERTEX_POINT('',#13137);
#3783=VERTEX_POINT('',#13141);
#3784=VERTEX_POINT('',#13145);
#3785=VERTEX_POINT('',#13151);
#3786=VERTEX_POINT('',#13153);
#3787=VERTEX_POINT('',#13155);
#3788=VERTEX_POINT('',#13157);
#3789=VERTEX_POINT('',#13159);
#3790=VERTEX_POINT('',#13161);
#3791=VERTEX_POINT('',#13163);
#3792=VERTEX_POINT('',#13167);
#3793=VERTEX_POINT('',#13171);
#3794=VERTEX_POINT('',#13174);
#3795=VERTEX_POINT('',#13177);
#3796=VERTEX_POINT('',#13181);
#3797=VERTEX_POINT('',#13183);
#3798=VERTEX_POINT('',#13185);
#3799=VERTEX_POINT('',#13187);
#3800=VERTEX_POINT('',#13189);
#3801=VERTEX_POINT('',#13191);
#3802=VERTEX_POINT('',#13193);
#3803=VERTEX_POINT('',#13195);
#3804=VERTEX_POINT('',#13197);
#3805=VERTEX_POINT('',#13201);
#3806=VERTEX_POINT('',#13205);
#3807=VERTEX_POINT('',#13208);
#3808=VERTEX_POINT('',#13210);
#3809=VERTEX_POINT('',#13212);
#3810=VERTEX_POINT('',#13213);
#3811=VERTEX_POINT('',#13215);
#3812=VERTEX_POINT('',#13217);
#3813=VERTEX_POINT('',#13221);
#3814=VERTEX_POINT('',#13225);
#3815=VERTEX_POINT('',#13227);
#3816=VERTEX_POINT('',#13231);
#3817=VERTEX_POINT('',#13233);
#3818=VERTEX_POINT('',#13241);
#3819=VERTEX_POINT('',#13243);
#3820=VERTEX_POINT('',#13245);
#3821=VERTEX_POINT('',#13247);
#3822=VERTEX_POINT('',#13250);
#3823=VERTEX_POINT('',#13252);
#3824=VERTEX_POINT('',#13254);
#3825=VERTEX_POINT('',#13256);
#3826=VERTEX_POINT('',#13260);
#3827=VERTEX_POINT('',#13264);
#3828=VERTEX_POINT('',#13266);
#3829=VERTEX_POINT('',#13270);
#3830=VERTEX_POINT('',#13272);
#3831=VERTEX_POINT('',#13280);
#3832=VERTEX_POINT('',#13282);
#3833=VERTEX_POINT('',#13284);
#3834=VERTEX_POINT('',#13286);
#3835=VERTEX_POINT('',#13289);
#3836=VERTEX_POINT('',#13291);
#3837=VERTEX_POINT('',#13293);
#3838=VERTEX_POINT('',#13295);
#3839=VERTEX_POINT('',#13299);
#3840=VERTEX_POINT('',#13303);
#3841=VERTEX_POINT('',#13304);
#3842=VERTEX_POINT('',#13309);
#3843=VERTEX_POINT('',#13313);
#3844=VERTEX_POINT('',#13319);
#3845=VERTEX_POINT('',#13323);
#3846=VERTEX_POINT('',#13327);
#3847=VERTEX_POINT('',#13336);
#3848=VERTEX_POINT('',#13340);
#3849=VERTEX_POINT('',#13344);
#3850=VERTEX_POINT('',#13348);
#3851=VERTEX_POINT('',#13354);
#3852=VERTEX_POINT('',#13358);
#3853=VERTEX_POINT('',#13362);
#3854=VERTEX_POINT('',#13375);
#3855=VERTEX_POINT('',#13376);
#3856=VERTEX_POINT('',#13378);
#3857=VERTEX_POINT('',#13380);
#3858=VERTEX_POINT('',#13382);
#3859=VERTEX_POINT('',#13384);
#3860=VERTEX_POINT('',#13386);
#3861=VERTEX_POINT('',#13388);
#3862=VERTEX_POINT('',#13390);
#3863=VERTEX_POINT('',#13392);
#3864=VERTEX_POINT('',#13394);
#3865=VERTEX_POINT('',#13396);
#3866=VERTEX_POINT('',#13411);
#3867=VERTEX_POINT('',#13415);
#3868=VERTEX_POINT('',#13417);
#3869=VERTEX_POINT('',#13419);
#3870=VERTEX_POINT('',#13421);
#3871=VERTEX_POINT('',#13423);
#3872=VERTEX_POINT('',#13425);
#3873=VERTEX_POINT('',#13427);
#3874=VERTEX_POINT('',#13429);
#3875=VERTEX_POINT('',#13433);
#3876=VERTEX_POINT('',#13435);
#3877=VERTEX_POINT('',#13448);
#3878=VERTEX_POINT('',#13452);
#3879=VERTEX_POINT('',#13465);
#3880=VERTEX_POINT('',#13487);
#3881=VERTEX_POINT('',#13489);
#3882=VERTEX_POINT('',#13491);
#3883=VERTEX_POINT('',#13493);
#3884=VERTEX_POINT('',#13495);
#3885=VERTEX_POINT('',#13497);
#3886=VERTEX_POINT('',#13499);
#3887=VERTEX_POINT('',#13501);
#3888=VERTEX_POINT('',#13505);
#3889=VERTEX_POINT('',#13507);
#3890=VERTEX_POINT('',#13511);
#3891=VERTEX_POINT('',#13524);
#3892=VERTEX_POINT('',#13539);
#3893=VERTEX_POINT('',#13540);
#3894=VERTEX_POINT('',#13542);
#3895=VERTEX_POINT('',#13544);
#3896=VERTEX_POINT('',#13546);
#3897=VERTEX_POINT('',#13549);
#3898=VERTEX_POINT('',#13551);
#3899=VERTEX_POINT('',#13553);
#3900=VERTEX_POINT('',#13557);
#3901=VERTEX_POINT('',#13559);
#3902=VERTEX_POINT('',#13572);
#3903=VERTEX_POINT('',#13576);
#3904=VERTEX_POINT('',#13589);
#3905=VERTEX_POINT('',#13604);
#3906=VERTEX_POINT('',#13605);
#3907=VERTEX_POINT('',#13607);
#3908=VERTEX_POINT('',#13609);
#3909=VERTEX_POINT('',#13611);
#3910=VERTEX_POINT('',#13613);
#3911=VERTEX_POINT('',#13615);
#3912=VERTEX_POINT('',#13617);
#3913=VERTEX_POINT('',#13619);
#3914=VERTEX_POINT('',#13621);
#3915=VERTEX_POINT('',#13623);
#3916=VERTEX_POINT('',#13625);
#3917=VERTEX_POINT('',#13642);
#3918=VERTEX_POINT('',#13644);
#3919=VERTEX_POINT('',#13648);
#3920=VERTEX_POINT('',#13650);
#3921=VERTEX_POINT('',#13659);
#3922=VERTEX_POINT('',#13663);
#3923=VERTEX_POINT('',#13666);
#3924=VERTEX_POINT('',#13670);
#3925=VERTEX_POINT('',#13673);
#3926=VERTEX_POINT('',#13675);
#3927=VERTEX_POINT('',#13679);
#3928=VERTEX_POINT('',#13680);
#3929=VERTEX_POINT('',#13714);
#3930=VERTEX_POINT('',#13720);
#3931=VERTEX_POINT('',#13751);
#3932=VERTEX_POINT('',#13756);
#3933=VERTEX_POINT('',#13758);
#3934=VERTEX_POINT('',#13762);
#3935=VERTEX_POINT('',#13766);
#3936=VERTEX_POINT('',#13770);
#3937=VERTEX_POINT('',#13781);
#3938=VERTEX_POINT('',#13787);
#3939=VERTEX_POINT('',#13789);
#3940=VERTEX_POINT('',#13802);
#3941=VERTEX_POINT('',#13859);
#3942=VERTEX_POINT('',#13877);
#3943=VERTEX_POINT('',#13888);
#3944=VERTEX_POINT('',#13890);
#3945=VERTEX_POINT('',#13899);
#3946=VERTEX_POINT('',#13911);
#3947=VERTEX_POINT('',#13918);
#3948=VERTEX_POINT('',#13920);
#3949=VERTEX_POINT('',#13932);
#3950=VERTEX_POINT('',#13939);
#3951=VERTEX_POINT('',#13941);
#3952=VERTEX_POINT('',#13952);
#3953=VERTEX_POINT('',#13964);
#3954=VERTEX_POINT('',#13971);
#3955=VERTEX_POINT('',#13973);
#3956=VERTEX_POINT('',#13987);
#3957=VERTEX_POINT('',#13993);
#3958=VERTEX_POINT('',#13995);
#3959=VERTEX_POINT('',#14019);
#3960=VERTEX_POINT('',#14023);
#3961=VERTEX_POINT('',#14127);
#3962=VERTEX_POINT('',#14136);
#3963=VERTEX_POINT('',#14137);
#3964=VERTEX_POINT('',#14139);
#3965=VERTEX_POINT('',#14141);
#3966=VERTEX_POINT('',#14145);
#3967=VERTEX_POINT('',#14147);
#3968=VERTEX_POINT('',#14151);
#3969=VERTEX_POINT('',#14153);
#3970=VERTEX_POINT('',#14157);
#3971=VERTEX_POINT('',#14159);
#3972=VERTEX_POINT('',#14163);
#3973=VERTEX_POINT('',#14165);
#3974=VERTEX_POINT('',#14172);
#3975=VERTEX_POINT('',#14173);
#3976=VERTEX_POINT('',#14175);
#3977=VERTEX_POINT('',#14177);
#3978=VERTEX_POINT('',#14181);
#3979=VERTEX_POINT('',#14183);
#3980=VERTEX_POINT('',#14187);
#3981=VERTEX_POINT('',#14189);
#3982=VERTEX_POINT('',#14193);
#3983=VERTEX_POINT('',#14195);
#3984=VERTEX_POINT('',#14199);
#3985=VERTEX_POINT('',#14201);
#3986=VERTEX_POINT('',#14208);
#3987=VERTEX_POINT('',#14209);
#3988=VERTEX_POINT('',#14211);
#3989=VERTEX_POINT('',#14213);
#3990=VERTEX_POINT('',#14217);
#3991=VERTEX_POINT('',#14219);
#3992=VERTEX_POINT('',#14223);
#3993=VERTEX_POINT('',#14225);
#3994=VERTEX_POINT('',#14229);
#3995=VERTEX_POINT('',#14231);
#3996=VERTEX_POINT('',#14235);
#3997=VERTEX_POINT('',#14237);
#3998=VERTEX_POINT('',#14241);
#3999=VERTEX_POINT('',#14243);
#4000=VERTEX_POINT('',#14247);
#4001=VERTEX_POINT('',#14249);
#4002=VERTEX_POINT('',#14253);
#4003=VERTEX_POINT('',#14255);
#4004=VERTEX_POINT('',#14259);
#4005=VERTEX_POINT('',#14261);
#4006=VERTEX_POINT('',#14265);
#4007=VERTEX_POINT('',#14267);
#4008=VERTEX_POINT('',#14271);
#4009=VERTEX_POINT('',#14273);
#4010=VERTEX_POINT('',#14277);
#4011=VERTEX_POINT('',#14279);
#4012=VERTEX_POINT('',#14283);
#4013=VERTEX_POINT('',#14285);
#4014=VERTEX_POINT('',#14289);
#4015=VERTEX_POINT('',#14291);
#4016=VERTEX_POINT('',#14295);
#4017=VERTEX_POINT('',#14297);
#4018=VERTEX_POINT('',#14301);
#4019=VERTEX_POINT('',#14303);
#4020=VERTEX_POINT('',#14307);
#4021=VERTEX_POINT('',#14309);
#4022=VERTEX_POINT('',#14313);
#4023=VERTEX_POINT('',#14315);
#4024=VERTEX_POINT('',#14319);
#4025=VERTEX_POINT('',#14321);
#4026=VERTEX_POINT('',#14325);
#4027=VERTEX_POINT('',#14327);
#4028=VERTEX_POINT('',#14331);
#4029=VERTEX_POINT('',#14333);
#4030=VERTEX_POINT('',#14337);
#4031=VERTEX_POINT('',#14339);
#4032=VERTEX_POINT('',#14343);
#4033=VERTEX_POINT('',#14345);
#4034=VERTEX_POINT('',#14349);
#4035=VERTEX_POINT('',#14351);
#4036=VERTEX_POINT('',#14355);
#4037=VERTEX_POINT('',#14357);
#4038=VERTEX_POINT('',#14361);
#4039=VERTEX_POINT('',#14363);
#4040=VERTEX_POINT('',#14367);
#4041=VERTEX_POINT('',#14369);
#4042=VERTEX_POINT('',#14373);
#4043=VERTEX_POINT('',#14375);
#4044=VERTEX_POINT('',#14379);
#4045=VERTEX_POINT('',#14381);
#4046=VERTEX_POINT('',#14385);
#4047=VERTEX_POINT('',#14387);
#4048=VERTEX_POINT('',#14391);
#4049=VERTEX_POINT('',#14393);
#4050=VERTEX_POINT('',#14397);
#4051=VERTEX_POINT('',#14399);
#4052=VERTEX_POINT('',#14403);
#4053=VERTEX_POINT('',#14405);
#4054=VERTEX_POINT('',#14409);
#4055=VERTEX_POINT('',#14411);
#4056=VERTEX_POINT('',#14415);
#4057=VERTEX_POINT('',#14417);
#4058=VERTEX_POINT('',#14421);
#4059=VERTEX_POINT('',#14423);
#4060=VERTEX_POINT('',#14427);
#4061=VERTEX_POINT('',#14429);
#4062=VERTEX_POINT('',#14433);
#4063=VERTEX_POINT('',#14435);
#4064=VERTEX_POINT('',#14439);
#4065=VERTEX_POINT('',#14441);
#4066=VERTEX_POINT('',#14445);
#4067=VERTEX_POINT('',#14447);
#4068=VERTEX_POINT('',#14451);
#4069=VERTEX_POINT('',#14453);
#4070=VERTEX_POINT('',#14457);
#4071=VERTEX_POINT('',#14459);
#4072=VERTEX_POINT('',#14463);
#4073=VERTEX_POINT('',#14465);
#4074=VERTEX_POINT('',#14474);
#4075=VERTEX_POINT('',#14475);
#4076=VERTEX_POINT('',#14477);
#4077=VERTEX_POINT('',#14479);
#4078=VERTEX_POINT('',#14483);
#4079=VERTEX_POINT('',#14485);
#4080=VERTEX_POINT('',#14489);
#4081=VERTEX_POINT('',#14491);
#4082=VERTEX_POINT('',#14495);
#4083=VERTEX_POINT('',#14497);
#4084=VERTEX_POINT('',#14501);
#4085=VERTEX_POINT('',#14503);
#4086=VERTEX_POINT('',#14510);
#4087=VERTEX_POINT('',#14511);
#4088=VERTEX_POINT('',#14513);
#4089=VERTEX_POINT('',#14515);
#4090=VERTEX_POINT('',#14519);
#4091=VERTEX_POINT('',#14521);
#4092=VERTEX_POINT('',#14525);
#4093=VERTEX_POINT('',#14527);
#4094=VERTEX_POINT('',#14531);
#4095=VERTEX_POINT('',#14533);
#4096=VERTEX_POINT('',#14537);
#4097=VERTEX_POINT('',#14539);
#4098=VERTEX_POINT('',#14543);
#4099=VERTEX_POINT('',#14545);
#4100=VERTEX_POINT('',#14549);
#4101=VERTEX_POINT('',#14551);
#4102=VERTEX_POINT('',#14555);
#4103=VERTEX_POINT('',#14557);
#4104=VERTEX_POINT('',#14561);
#4105=VERTEX_POINT('',#14563);
#4106=VERTEX_POINT('',#14567);
#4107=VERTEX_POINT('',#14569);
#4108=VERTEX_POINT('',#14573);
#4109=VERTEX_POINT('',#14575);
#4110=VERTEX_POINT('',#14579);
#4111=VERTEX_POINT('',#14581);
#4112=VERTEX_POINT('',#14585);
#4113=VERTEX_POINT('',#14587);
#4114=VERTEX_POINT('',#14591);
#4115=VERTEX_POINT('',#14593);
#4116=VERTEX_POINT('',#14597);
#4117=VERTEX_POINT('',#14599);
#4118=VERTEX_POINT('',#14603);
#4119=VERTEX_POINT('',#14605);
#4120=VERTEX_POINT('',#14609);
#4121=VERTEX_POINT('',#14611);
#4122=VERTEX_POINT('',#14615);
#4123=VERTEX_POINT('',#14617);
#4124=VERTEX_POINT('',#14621);
#4125=VERTEX_POINT('',#14623);
#4126=VERTEX_POINT('',#14627);
#4127=VERTEX_POINT('',#14629);
#4128=VERTEX_POINT('',#14633);
#4129=VERTEX_POINT('',#14635);
#4130=VERTEX_POINT('',#14639);
#4131=VERTEX_POINT('',#14641);
#4132=VERTEX_POINT('',#14645);
#4133=VERTEX_POINT('',#14647);
#4134=VERTEX_POINT('',#14651);
#4135=VERTEX_POINT('',#14653);
#4136=VERTEX_POINT('',#14657);
#4137=VERTEX_POINT('',#14659);
#4138=VERTEX_POINT('',#14663);
#4139=VERTEX_POINT('',#14665);
#4140=VERTEX_POINT('',#14669);
#4141=VERTEX_POINT('',#14671);
#4142=VERTEX_POINT('',#14675);
#4143=VERTEX_POINT('',#14677);
#4144=VERTEX_POINT('',#14681);
#4145=VERTEX_POINT('',#14683);
#4146=VERTEX_POINT('',#14687);
#4147=VERTEX_POINT('',#14689);
#4148=VERTEX_POINT('',#14693);
#4149=VERTEX_POINT('',#14695);
#4150=VERTEX_POINT('',#14699);
#4151=VERTEX_POINT('',#14701);
#4152=VERTEX_POINT('',#14705);
#4153=VERTEX_POINT('',#14707);
#4154=VERTEX_POINT('',#14711);
#4155=VERTEX_POINT('',#14713);
#4156=VERTEX_POINT('',#14717);
#4157=VERTEX_POINT('',#14719);
#4158=VERTEX_POINT('',#14723);
#4159=VERTEX_POINT('',#14725);
#4160=VERTEX_POINT('',#14729);
#4161=VERTEX_POINT('',#14731);
#4162=VERTEX_POINT('',#14735);
#4163=VERTEX_POINT('',#14737);
#4164=VERTEX_POINT('',#14741);
#4165=VERTEX_POINT('',#14743);
#4166=VERTEX_POINT('',#14747);
#4167=VERTEX_POINT('',#14749);
#4168=VERTEX_POINT('',#14753);
#4169=VERTEX_POINT('',#14755);
#4170=VERTEX_POINT('',#14759);
#4171=VERTEX_POINT('',#14761);
#4172=VERTEX_POINT('',#14765);
#4173=VERTEX_POINT('',#14767);
#4174=VERTEX_POINT('',#14771);
#4175=VERTEX_POINT('',#14773);
#4176=VERTEX_POINT('',#14782);
#4177=VERTEX_POINT('',#14783);
#4178=VERTEX_POINT('',#14785);
#4179=VERTEX_POINT('',#14787);
#4180=VERTEX_POINT('',#14791);
#4181=VERTEX_POINT('',#14793);
#4182=VERTEX_POINT('',#14797);
#4183=VERTEX_POINT('',#14799);
#4184=VERTEX_POINT('',#14803);
#4185=VERTEX_POINT('',#14805);
#4186=VERTEX_POINT('',#14809);
#4187=VERTEX_POINT('',#14811);
#4188=VERTEX_POINT('',#14818);
#4189=VERTEX_POINT('',#14819);
#4190=VERTEX_POINT('',#14821);
#4191=VERTEX_POINT('',#14823);
#4192=VERTEX_POINT('',#14827);
#4193=VERTEX_POINT('',#14829);
#4194=VERTEX_POINT('',#14833);
#4195=VERTEX_POINT('',#14835);
#4196=VERTEX_POINT('',#14839);
#4197=VERTEX_POINT('',#14841);
#4198=VERTEX_POINT('',#14845);
#4199=VERTEX_POINT('',#14847);
#4200=VERTEX_POINT('',#14854);
#4201=VERTEX_POINT('',#14855);
#4202=VERTEX_POINT('',#14857);
#4203=VERTEX_POINT('',#14859);
#4204=VERTEX_POINT('',#14863);
#4205=VERTEX_POINT('',#14865);
#4206=VERTEX_POINT('',#14869);
#4207=VERTEX_POINT('',#14871);
#4208=VERTEX_POINT('',#14875);
#4209=VERTEX_POINT('',#14877);
#4210=VERTEX_POINT('',#14881);
#4211=VERTEX_POINT('',#14883);
#4212=VERTEX_POINT('',#14890);
#4213=VERTEX_POINT('',#14891);
#4214=VERTEX_POINT('',#14893);
#4215=VERTEX_POINT('',#14895);
#4216=VERTEX_POINT('',#14899);
#4217=VERTEX_POINT('',#14901);
#4218=VERTEX_POINT('',#14905);
#4219=VERTEX_POINT('',#14907);
#4220=VERTEX_POINT('',#14911);
#4221=VERTEX_POINT('',#14913);
#4222=VERTEX_POINT('',#14917);
#4223=VERTEX_POINT('',#14919);
#4224=VERTEX_POINT('',#14926);
#4225=VERTEX_POINT('',#14927);
#4226=VERTEX_POINT('',#14929);
#4227=VERTEX_POINT('',#14931);
#4228=VERTEX_POINT('',#14935);
#4229=VERTEX_POINT('',#14937);
#4230=VERTEX_POINT('',#14941);
#4231=VERTEX_POINT('',#14943);
#4232=VERTEX_POINT('',#14947);
#4233=VERTEX_POINT('',#14949);
#4234=VERTEX_POINT('',#14953);
#4235=VERTEX_POINT('',#14955);
#4236=VERTEX_POINT('',#14962);
#4237=VERTEX_POINT('',#14963);
#4238=VERTEX_POINT('',#14965);
#4239=VERTEX_POINT('',#14967);
#4240=VERTEX_POINT('',#14971);
#4241=VERTEX_POINT('',#14973);
#4242=VERTEX_POINT('',#14977);
#4243=VERTEX_POINT('',#14979);
#4244=VERTEX_POINT('',#14983);
#4245=VERTEX_POINT('',#14985);
#4246=VERTEX_POINT('',#14989);
#4247=VERTEX_POINT('',#14991);
#4248=VERTEX_POINT('',#14998);
#4249=VERTEX_POINT('',#14999);
#4250=VERTEX_POINT('',#15001);
#4251=VERTEX_POINT('',#15003);
#4252=VERTEX_POINT('',#15007);
#4253=VERTEX_POINT('',#15009);
#4254=VERTEX_POINT('',#15013);
#4255=VERTEX_POINT('',#15015);
#4256=VERTEX_POINT('',#15019);
#4257=VERTEX_POINT('',#15021);
#4258=VERTEX_POINT('',#15025);
#4259=VERTEX_POINT('',#15027);
#4260=VERTEX_POINT('',#15034);
#4261=VERTEX_POINT('',#15035);
#4262=VERTEX_POINT('',#15037);
#4263=VERTEX_POINT('',#15039);
#4264=VERTEX_POINT('',#15043);
#4265=VERTEX_POINT('',#15045);
#4266=VERTEX_POINT('',#15049);
#4267=VERTEX_POINT('',#15051);
#4268=VERTEX_POINT('',#15055);
#4269=VERTEX_POINT('',#15057);
#4270=VERTEX_POINT('',#15061);
#4271=VERTEX_POINT('',#15063);
#4272=VERTEX_POINT('',#15067);
#4273=VERTEX_POINT('',#15069);
#4274=VERTEX_POINT('',#15073);
#4275=VERTEX_POINT('',#15075);
#4276=VERTEX_POINT('',#15079);
#4277=VERTEX_POINT('',#15081);
#4278=VERTEX_POINT('',#15085);
#4279=VERTEX_POINT('',#15087);
#4280=VERTEX_POINT('',#15091);
#4281=VERTEX_POINT('',#15093);
#4282=VERTEX_POINT('',#15097);
#4283=VERTEX_POINT('',#15099);
#4284=VERTEX_POINT('',#15103);
#4285=VERTEX_POINT('',#15105);
#4286=VERTEX_POINT('',#15109);
#4287=VERTEX_POINT('',#15111);
#4288=VERTEX_POINT('',#15115);
#4289=VERTEX_POINT('',#15117);
#4290=VERTEX_POINT('',#15121);
#4291=VERTEX_POINT('',#15123);
#4292=VERTEX_POINT('',#15127);
#4293=VERTEX_POINT('',#15129);
#4294=VERTEX_POINT('',#15133);
#4295=VERTEX_POINT('',#15135);
#4296=VERTEX_POINT('',#15139);
#4297=VERTEX_POINT('',#15141);
#4298=VERTEX_POINT('',#15145);
#4299=VERTEX_POINT('',#15147);
#4300=VERTEX_POINT('',#15151);
#4301=VERTEX_POINT('',#15153);
#4302=VERTEX_POINT('',#15157);
#4303=VERTEX_POINT('',#15159);
#4304=VERTEX_POINT('',#15163);
#4305=VERTEX_POINT('',#15165);
#4306=VERTEX_POINT('',#15169);
#4307=VERTEX_POINT('',#15171);
#4308=VERTEX_POINT('',#15175);
#4309=VERTEX_POINT('',#15177);
#4310=VERTEX_POINT('',#15181);
#4311=VERTEX_POINT('',#15183);
#4312=VERTEX_POINT('',#15187);
#4313=VERTEX_POINT('',#15189);
#4314=VERTEX_POINT('',#15193);
#4315=VERTEX_POINT('',#15195);
#4316=VERTEX_POINT('',#15199);
#4317=VERTEX_POINT('',#15201);
#4318=VERTEX_POINT('',#15205);
#4319=VERTEX_POINT('',#15207);
#4320=VERTEX_POINT('',#15211);
#4321=VERTEX_POINT('',#15213);
#4322=VERTEX_POINT('',#15217);
#4323=VERTEX_POINT('',#15219);
#4324=VERTEX_POINT('',#15223);
#4325=VERTEX_POINT('',#15225);
#4326=VERTEX_POINT('',#15229);
#4327=VERTEX_POINT('',#15231);
#4328=VERTEX_POINT('',#15235);
#4329=VERTEX_POINT('',#15237);
#4330=VERTEX_POINT('',#15241);
#4331=VERTEX_POINT('',#15243);
#4332=VERTEX_POINT('',#15247);
#4333=VERTEX_POINT('',#15249);
#4334=VERTEX_POINT('',#15253);
#4335=VERTEX_POINT('',#15255);
#4336=VERTEX_POINT('',#15259);
#4337=VERTEX_POINT('',#15261);
#4338=VERTEX_POINT('',#15265);
#4339=VERTEX_POINT('',#15267);
#4340=VERTEX_POINT('',#15271);
#4341=VERTEX_POINT('',#15273);
#4342=VERTEX_POINT('',#15277);
#4343=VERTEX_POINT('',#15279);
#4344=VERTEX_POINT('',#15283);
#4345=VERTEX_POINT('',#15285);
#4346=VERTEX_POINT('',#15289);
#4347=VERTEX_POINT('',#15291);
#4348=VERTEX_POINT('',#15295);
#4349=VERTEX_POINT('',#15297);
#4350=VERTEX_POINT('',#15301);
#4351=VERTEX_POINT('',#15303);
#4352=VERTEX_POINT('',#15307);
#4353=VERTEX_POINT('',#15309);
#4354=VERTEX_POINT('',#15313);
#4355=VERTEX_POINT('',#15315);
#4356=VERTEX_POINT('',#15319);
#4357=VERTEX_POINT('',#15321);
#4358=VERTEX_POINT('',#15325);
#4359=VERTEX_POINT('',#15327);
#4360=VERTEX_POINT('',#15331);
#4361=VERTEX_POINT('',#15333);
#4362=VERTEX_POINT('',#15337);
#4363=VERTEX_POINT('',#15339);
#4364=VERTEX_POINT('',#15343);
#4365=VERTEX_POINT('',#15345);
#4366=VERTEX_POINT('',#15349);
#4367=VERTEX_POINT('',#15351);
#4368=VERTEX_POINT('',#15355);
#4369=VERTEX_POINT('',#15357);
#4370=VERTEX_POINT('',#15361);
#4371=VERTEX_POINT('',#15363);
#4372=EDGE_CURVE('',#3522,#3523,#1432,.T.);
#4373=EDGE_CURVE('',#3524,#3522,#1241,.T.);
#4374=EDGE_CURVE('',#3525,#3524,#1433,.T.);
#4375=EDGE_CURVE('',#3526,#3525,#1242,.T.);
#4376=EDGE_CURVE('',#3527,#3526,#1434,.T.);
#4377=EDGE_CURVE('',#3523,#3527,#1243,.T.);
#4378=EDGE_CURVE('',#3528,#3529,#1244,.T.);
#4379=EDGE_CURVE('',#3530,#3528,#1435,.T.);
#4380=EDGE_CURVE('',#3531,#3530,#1245,.T.);
#4381=EDGE_CURVE('',#3532,#3531,#1436,.T.);
#4382=EDGE_CURVE('',#3533,#3532,#1246,.T.);
#4383=EDGE_CURVE('',#3529,#3533,#1437,.T.);
#4384=EDGE_CURVE('',#3534,#3535,#1247,.T.);
#4385=EDGE_CURVE('',#3536,#3534,#1438,.T.);
#4386=EDGE_CURVE('',#3537,#3536,#1248,.T.);
#4387=EDGE_CURVE('',#3538,#3537,#1439,.T.);
#4388=EDGE_CURVE('',#3539,#3538,#1249,.T.);
#4389=EDGE_CURVE('',#3535,#3539,#1440,.T.);
#4390=EDGE_CURVE('',#3525,#3540,#1441,.T.);
#4391=EDGE_CURVE('',#3540,#3541,#131,.T.);
#4392=EDGE_CURVE('',#3526,#3541,#1442,.T.);
#4393=EDGE_CURVE('',#3524,#3542,#1443,.T.);
#4394=EDGE_CURVE('',#3540,#3542,#98,.T.);
#4395=EDGE_CURVE('',#3522,#3543,#1444,.T.);
#4396=EDGE_CURVE('',#3542,#3543,#132,.T.);
#4397=EDGE_CURVE('',#3532,#3544,#1445,.T.);
#4398=EDGE_CURVE('',#3544,#3545,#133,.T.);
#4399=EDGE_CURVE('',#3545,#3533,#1446,.T.);
#4400=EDGE_CURVE('',#3546,#3531,#1447,.T.);
#4401=EDGE_CURVE('',#3544,#3546,#99,.T.);
#4402=EDGE_CURVE('',#3547,#3530,#1448,.T.);
#4403=EDGE_CURVE('',#3546,#3547,#134,.T.);
#4404=EDGE_CURVE('',#3536,#3548,#1449,.T.);
#4405=EDGE_CURVE('',#3548,#3549,#135,.T.);
#4406=EDGE_CURVE('',#3549,#3537,#1450,.T.);
#4407=EDGE_CURVE('',#3550,#3534,#1451,.T.);
#4408=EDGE_CURVE('',#3548,#3550,#100,.T.);
#4409=EDGE_CURVE('',#3551,#3552,#1250,.T.);
#4410=EDGE_CURVE('',#3551,#3553,#1452,.T.);
#4411=EDGE_CURVE('',#3553,#3554,#136,.T.);
#4412=EDGE_CURVE('',#3554,#3552,#1453,.T.);
#4413=EDGE_CURVE('',#3554,#3555,#101,.F.);
#4414=EDGE_CURVE('',#3555,#3556,#1454,.T.);
#4415=EDGE_CURVE('',#3556,#3552,#1455,.T.);
#4416=EDGE_CURVE('',#3557,#3558,#1251,.T.);
#4417=EDGE_CURVE('',#3557,#3559,#1456,.T.);
#4418=EDGE_CURVE('',#3559,#3560,#137,.T.);
#4419=EDGE_CURVE('',#3560,#3558,#1457,.T.);
#4420=EDGE_CURVE('',#3561,#3558,#1458,.T.);
#4421=EDGE_CURVE('',#3561,#3562,#1252,.T.);
#4422=EDGE_CURVE('',#3563,#3562,#1459,.T.);
#4423=EDGE_CURVE('',#3564,#3563,#1253,.T.);
#4424=EDGE_CURVE('',#3565,#3564,#1460,.T.);
#4425=EDGE_CURVE('',#3566,#3565,#1254,.T.);
#4426=EDGE_CURVE('',#3557,#3566,#1461,.T.);
#4427=EDGE_CURVE('',#3567,#3560,#1255,.T.);
#4428=EDGE_CURVE('',#3568,#3567,#1462,.T.);
#4429=EDGE_CURVE('',#3561,#3568,#1463,.T.);
#4430=EDGE_CURVE('',#3551,#3569,#1464,.T.);
#4431=EDGE_CURVE('',#3570,#3569,#1465,.T.);
#4432=EDGE_CURVE('',#3571,#3570,#1466,.T.);
#4433=EDGE_CURVE('',#3553,#3571,#1256,.T.);
#4434=EDGE_CURVE('',#3572,#3573,#138,.T.);
#4435=EDGE_CURVE('',#3574,#3572,#1467,.T.);
#4436=EDGE_CURVE('',#3575,#3574,#1257,.T.);
#4437=EDGE_CURVE('',#3575,#3576,#1468,.T.);
#4438=EDGE_CURVE('',#3577,#3576,#1258,.F.);
#4439=EDGE_CURVE('',#3577,#3578,#139,.T.);
#4440=EDGE_CURVE('',#3579,#3578,#102,.F.);
#4441=EDGE_CURVE('',#3579,#3580,#140,.T.);
#4442=EDGE_CURVE('',#3580,#3581,#103,.T.);
#4443=EDGE_CURVE('',#3581,#3582,#141,.T.);
#4444=EDGE_CURVE('',#3583,#3582,#1259,.F.);
#4445=EDGE_CURVE('',#3583,#3584,#1469,.T.);
#4446=EDGE_CURVE('',#3585,#3584,#1260,.F.);
#4447=EDGE_CURVE('',#3585,#3555,#142,.T.);
#4448=EDGE_CURVE('',#3571,#3567,#1470,.T.);
#4449=EDGE_CURVE('',#3586,#3559,#104,.T.);
#4450=EDGE_CURVE('',#3587,#3586,#143,.T.);
#4451=EDGE_CURVE('',#3588,#3587,#1261,.T.);
#4452=EDGE_CURVE('',#3588,#3589,#1471,.T.);
#4453=EDGE_CURVE('',#3590,#3589,#1262,.T.);
#4454=EDGE_CURVE('',#3591,#3590,#1472,.T.);
#4455=EDGE_CURVE('',#3591,#3592,#144,.T.);
#4456=EDGE_CURVE('',#3541,#3592,#105,.T.);
#4457=EDGE_CURVE('',#3545,#3543,#1473,.T.);
#4458=EDGE_CURVE('',#3547,#3593,#106,.T.);
#4459=EDGE_CURVE('',#3594,#3593,#145,.T.);
#4460=EDGE_CURVE('',#3549,#3594,#1474,.T.);
#4461=EDGE_CURVE('',#3550,#3595,#146,.T.);
#4462=EDGE_CURVE('',#3595,#3573,#107,.T.);
#4463=EDGE_CURVE('',#3566,#3586,#1475,.T.);
#4464=EDGE_CURVE('',#3596,#3570,#1263,.T.);
#4465=EDGE_CURVE('',#3596,#3597,#1476,.T.);
#4466=EDGE_CURVE('',#3598,#3597,#1264,.T.);
#4467=EDGE_CURVE('',#3584,#3598,#1477,.T.);
#4468=EDGE_CURVE('',#3583,#3599,#1478,.T.);
#4469=EDGE_CURVE('',#3599,#3600,#1265,.T.);
#4470=EDGE_CURVE('',#3600,#3601,#1479,.T.);
#4471=EDGE_CURVE('',#3601,#3602,#1266,.T.);
#4472=EDGE_CURVE('',#3602,#3603,#1480,.T.);
#4473=EDGE_CURVE('',#3603,#3604,#1267,.T.);
#4474=EDGE_CURVE('',#3604,#3576,#1481,.T.);
#4475=EDGE_CURVE('',#3605,#3575,#1482,.T.);
#4476=EDGE_CURVE('',#3605,#3606,#1483,.T.);
#4477=EDGE_CURVE('',#3606,#3607,#1484,.T.);
#4478=EDGE_CURVE('',#3608,#3607,#1268,.T.);
#4479=EDGE_CURVE('',#3608,#3609,#1485,.T.);
#4480=EDGE_CURVE('',#3609,#3610,#1269,.T.);
#4481=EDGE_CURVE('',#3611,#3610,#1486,.T.);
#4482=EDGE_CURVE('',#3611,#3612,#1270,.T.);
#4483=EDGE_CURVE('',#3612,#3613,#1487,.T.);
#4484=EDGE_CURVE('',#3613,#3614,#1488,.T.);
#4485=EDGE_CURVE('',#3614,#3615,#1489,.T.);
#4486=EDGE_CURVE('',#3615,#3616,#1271,.T.);
#4487=EDGE_CURVE('',#3616,#3617,#1490,.T.);
#4488=EDGE_CURVE('',#3617,#3618,#1272,.T.);
#4489=EDGE_CURVE('',#3618,#3619,#1491,.T.);
#4490=EDGE_CURVE('',#3619,#3620,#1273,.T.);
#4491=EDGE_CURVE('',#3620,#3621,#1492,.T.);
#4492=EDGE_CURVE('',#3621,#3622,#1274,.T.);
#4493=EDGE_CURVE('',#3622,#3623,#1493,.T.);
#4494=EDGE_CURVE('',#3623,#3624,#1275,.T.);
#4495=EDGE_CURVE('',#3624,#3625,#1494,.T.);
#4496=EDGE_CURVE('',#3625,#3626,#1495,.T.);
#4497=EDGE_CURVE('',#3627,#3626,#1496,.T.);
#4498=EDGE_CURVE('',#3628,#3627,#1276,.T.);
#4499=EDGE_CURVE('',#3629,#3628,#1497,.T.);
#4500=EDGE_CURVE('',#3630,#3629,#1277,.T.);
#4501=EDGE_CURVE('',#3631,#3630,#1498,.T.);
#4502=EDGE_CURVE('',#3632,#3631,#1278,.T.);
#4503=EDGE_CURVE('',#3633,#3632,#1499,.T.);
#4504=EDGE_CURVE('',#3634,#3633,#1279,.T.);
#4505=EDGE_CURVE('',#3635,#3634,#1500,.T.);
#4506=EDGE_CURVE('',#3636,#3635,#1280,.T.);
#4507=EDGE_CURVE('',#3637,#3636,#1501,.T.);
#4508=EDGE_CURVE('',#3637,#3638,#1502,.T.);
#4509=EDGE_CURVE('',#3639,#3638,#1503,.T.);
#4510=EDGE_CURVE('',#3640,#3639,#1281,.T.);
#4511=EDGE_CURVE('',#3641,#3640,#1504,.T.);
#4512=EDGE_CURVE('',#3642,#3641,#1282,.T.);
#4513=EDGE_CURVE('',#3643,#3642,#1505,.T.);
#4514=EDGE_CURVE('',#3644,#3643,#1283,.T.);
#4515=EDGE_CURVE('',#3589,#3644,#1506,.T.);
#4516=EDGE_CURVE('',#3645,#3588,#1507,.T.);
#4517=EDGE_CURVE('',#3646,#3645,#1284,.T.);
#4518=EDGE_CURVE('',#3647,#3646,#1508,.T.);
#4519=EDGE_CURVE('',#3568,#3647,#1285,.T.);
#4520=EDGE_CURVE('',#3648,#3649,#1509,.T.);
#4521=EDGE_CURVE('',#3649,#3650,#1510,.T.);
#4522=EDGE_CURVE('',#3650,#3651,#1511,.T.);
#4523=EDGE_CURVE('',#3651,#3648,#1512,.T.);
#4524=EDGE_CURVE('',#3652,#3653,#1513,.T.);
#4525=EDGE_CURVE('',#3653,#3654,#1514,.T.);
#4526=EDGE_CURVE('',#3654,#3655,#1515,.T.);
#4527=EDGE_CURVE('',#3655,#3652,#1516,.T.);
#4528=EDGE_CURVE('',#3656,#3556,#1286,.T.);
#4529=EDGE_CURVE('',#3657,#3656,#1517,.T.);
#4530=EDGE_CURVE('',#3658,#3657,#1287,.T.);
#4531=EDGE_CURVE('',#3659,#3658,#1518,.T.);
#4532=EDGE_CURVE('',#3659,#3569,#1288,.T.);
#4533=EDGE_CURVE('',#3660,#3661,#1519,.T.);
#4534=EDGE_CURVE('',#3661,#3662,#1289,.T.);
#4535=EDGE_CURVE('',#3662,#3663,#1520,.T.);
#4536=EDGE_CURVE('',#3663,#3660,#1290,.T.);
#4537=EDGE_CURVE('',#3664,#3665,#1521,.T.);
#4538=EDGE_CURVE('',#3665,#3661,#1522,.T.);
#4539=EDGE_CURVE('',#3660,#3664,#1523,.T.);
#4540=EDGE_CURVE('',#3666,#3667,#1524,.T.);
#4541=EDGE_CURVE('',#3667,#3665,#1291,.T.);
#4542=EDGE_CURVE('',#3664,#3666,#1292,.T.);
#4543=EDGE_CURVE('',#3668,#3669,#1525,.T.);
#4544=EDGE_CURVE('',#3669,#3667,#1526,.T.);
#4545=EDGE_CURVE('',#3666,#3668,#1527,.T.);
#4546=EDGE_CURVE('',#3670,#3671,#1528,.T.);
#4547=EDGE_CURVE('',#3671,#3669,#1293,.T.);
#4548=EDGE_CURVE('',#3668,#3670,#1294,.T.);
#4549=EDGE_CURVE('',#3672,#3673,#1529,.T.);
#4550=EDGE_CURVE('',#3673,#3671,#1530,.T.);
#4551=EDGE_CURVE('',#3670,#3672,#1531,.T.);
#4552=EDGE_CURVE('',#3672,#3674,#1295,.T.);
#4553=EDGE_CURVE('',#3674,#3675,#1532,.T.);
#4554=EDGE_CURVE('',#3675,#3673,#1296,.T.);
#4555=EDGE_CURVE('',#3676,#3677,#1533,.T.);
#4556=EDGE_CURVE('',#3677,#3675,#1534,.T.);
#4557=EDGE_CURVE('',#3674,#3676,#1535,.T.);
#4558=EDGE_CURVE('',#3678,#3679,#1536,.T.);
#4559=EDGE_CURVE('',#3679,#3677,#1297,.T.);
#4560=EDGE_CURVE('',#3676,#3678,#1298,.T.);
#4561=EDGE_CURVE('',#3680,#3681,#1537,.T.);
#4562=EDGE_CURVE('',#3681,#3679,#1538,.T.);
#4563=EDGE_CURVE('',#3678,#3680,#1539,.T.);
#4564=EDGE_CURVE('',#3682,#3683,#1540,.T.);
#4565=EDGE_CURVE('',#3683,#3681,#1299,.T.);
#4566=EDGE_CURVE('',#3680,#3682,#1300,.T.);
#4567=EDGE_CURVE('',#3662,#3683,#1541,.T.);
#4568=EDGE_CURVE('',#3682,#3663,#1542,.T.);
#4569=EDGE_CURVE('',#3581,#3670,#1543,.T.);
#4570=EDGE_CURVE('',#3672,#3580,#1544,.T.);
#4571=EDGE_CURVE('',#3582,#3668,#1545,.T.);
#4572=EDGE_CURVE('',#3666,#3599,#1546,.T.);
#4573=EDGE_CURVE('',#3664,#3600,#1547,.T.);
#4574=EDGE_CURVE('',#3660,#3601,#1548,.T.);
#4575=EDGE_CURVE('',#3663,#3602,#1549,.T.);
#4576=EDGE_CURVE('',#3684,#3685,#1301,.T.);
#4577=EDGE_CURVE('',#3686,#3684,#1550,.T.);
#4578=EDGE_CURVE('',#3687,#3686,#1302,.T.);
#4579=EDGE_CURVE('',#3688,#3687,#1551,.T.);
#4580=EDGE_CURVE('',#3689,#3688,#1303,.T.);
#4581=EDGE_CURVE('',#3690,#3689,#1552,.T.);
#4582=EDGE_CURVE('',#3691,#3690,#1304,.T.);
#4583=EDGE_CURVE('',#3692,#3691,#1553,.T.);
#4584=EDGE_CURVE('',#3693,#3692,#1305,.T.);
#4585=EDGE_CURVE('',#3694,#3693,#1554,.T.);
#4586=EDGE_CURVE('',#3695,#3694,#1306,.T.);
#4587=EDGE_CURVE('',#3696,#3695,#1555,.T.);
#4588=EDGE_CURVE('',#3697,#3696,#1307,.T.);
#4589=EDGE_CURVE('',#3698,#3697,#1556,.T.);
#4590=EDGE_CURVE('',#3699,#3698,#1308,.T.);
#4591=EDGE_CURVE('',#3685,#3699,#1557,.T.);
#4592=EDGE_CURVE('',#3700,#3701,#1558,.T.);
#4593=EDGE_CURVE('',#3702,#3700,#1309,.T.);
#4594=EDGE_CURVE('',#3703,#3702,#1559,.T.);
#4595=EDGE_CURVE('',#3704,#3703,#1310,.T.);
#4596=EDGE_CURVE('',#3705,#3704,#1560,.T.);
#4597=EDGE_CURVE('',#3706,#3705,#1311,.T.);
#4598=EDGE_CURVE('',#3707,#3706,#1561,.T.);
#4599=EDGE_CURVE('',#3708,#3707,#1312,.T.);
#4600=EDGE_CURVE('',#3709,#3708,#1562,.T.);
#4601=EDGE_CURVE('',#3701,#3709,#1313,.T.);
#4602=EDGE_CURVE('',#3710,#3711,#1563,.T.);
#4603=EDGE_CURVE('',#3712,#3710,#1564,.T.);
#4604=EDGE_CURVE('',#3713,#3712,#1565,.T.);
#4605=EDGE_CURVE('',#3711,#3713,#1566,.T.);
#4606=EDGE_CURVE('',#3714,#3715,#1567,.T.);
#4607=EDGE_CURVE('',#3716,#3714,#1568,.T.);
#4608=EDGE_CURVE('',#3717,#3716,#1569,.T.);
#4609=EDGE_CURVE('',#3715,#3717,#1570,.T.);
#4610=EDGE_CURVE('',#3718,#3719,#1314,.T.);
#4611=EDGE_CURVE('',#3720,#3718,#1571,.T.);
#4612=EDGE_CURVE('',#3721,#3720,#1315,.T.);
#4613=EDGE_CURVE('',#3722,#3721,#1572,.T.);
#4614=EDGE_CURVE('',#3723,#3722,#1316,.T.);
#4615=EDGE_CURVE('',#3724,#3723,#1573,.T.);
#4616=EDGE_CURVE('',#3725,#3724,#1317,.T.);
#4617=EDGE_CURVE('',#3719,#3725,#1574,.T.);
#4618=EDGE_CURVE('',#3726,#3700,#1575,.T.);
#4619=EDGE_CURVE('',#3701,#3727,#1576,.T.);
#4620=EDGE_CURVE('',#3727,#3726,#1577,.T.);
#4621=EDGE_CURVE('',#3726,#3728,#1318,.T.);
#4622=EDGE_CURVE('',#3728,#3702,#1578,.T.);
#4623=EDGE_CURVE('',#3729,#3703,#1579,.T.);
#4624=EDGE_CURVE('',#3728,#3729,#1580,.T.);
#4625=EDGE_CURVE('',#3730,#3704,#1581,.T.);
#4626=EDGE_CURVE('',#3729,#3730,#1319,.T.);
#4627=EDGE_CURVE('',#3731,#3705,#1582,.T.);
#4628=EDGE_CURVE('',#3730,#3731,#1583,.T.);
#4629=EDGE_CURVE('',#3732,#3706,#1584,.T.);
#4630=EDGE_CURVE('',#3731,#3732,#1320,.T.);
#4631=EDGE_CURVE('',#3733,#3707,#1585,.T.);
#4632=EDGE_CURVE('',#3732,#3733,#1586,.T.);
#4633=EDGE_CURVE('',#3733,#3734,#1321,.T.);
#4634=EDGE_CURVE('',#3734,#3708,#1587,.T.);
#4635=EDGE_CURVE('',#3735,#3709,#1588,.T.);
#4636=EDGE_CURVE('',#3734,#3735,#1589,.T.);
#4637=EDGE_CURVE('',#3735,#3727,#1322,.T.);
#4638=EDGE_CURVE('',#3730,#3736,#1590,.T.);
#4639=EDGE_CURVE('',#3737,#3736,#108,.T.);
#4640=EDGE_CURVE('',#3731,#3737,#1591,.T.);
#4641=EDGE_CURVE('',#3729,#3738,#1592,.T.);
#4642=EDGE_CURVE('',#3736,#3738,#147,.T.);
#4643=EDGE_CURVE('',#3739,#3728,#1593,.T.);
#4644=EDGE_CURVE('',#3738,#3739,#1323,.T.);
#4645=EDGE_CURVE('',#3726,#3740,#1594,.T.);
#4646=EDGE_CURVE('',#3740,#3739,#148,.T.);
#4647=EDGE_CURVE('',#3741,#3727,#1595,.T.);
#4648=EDGE_CURVE('',#3742,#3741,#1596,.T.);
#4649=EDGE_CURVE('',#3743,#3742,#1597,.T.);
#4650=EDGE_CURVE('',#3744,#3743,#1598,.T.);
#4651=EDGE_CURVE('',#3745,#3744,#1599,.T.);
#4652=EDGE_CURVE('',#3746,#3745,#1600,.T.);
#4653=EDGE_CURVE('',#3747,#3746,#1601,.T.);
#4654=EDGE_CURVE('',#3747,#3748,#1602,.T.);
#4655=EDGE_CURVE('',#3748,#3749,#1603,.T.);
#4656=EDGE_CURVE('',#3750,#3749,#1604,.T.);
#4657=EDGE_CURVE('',#3751,#3750,#1605,.T.);
#4658=EDGE_CURVE('',#3751,#3752,#1606,.T.);
#4659=EDGE_CURVE('',#3752,#3753,#1607,.T.);
#4660=EDGE_CURVE('',#3754,#3753,#1608,.T.);
#4661=EDGE_CURVE('',#3755,#3754,#1609,.T.);
#4662=EDGE_CURVE('',#3755,#3756,#1610,.T.);
#4663=EDGE_CURVE('',#3757,#3756,#1611,.T.);
#4664=EDGE_CURVE('',#3740,#3757,#1612,.T.);
#4665=EDGE_CURVE('',#3758,#3758,#1324,.T.);
#4666=EDGE_CURVE('',#3759,#3759,#1325,.T.);
#4667=EDGE_CURVE('',#3760,#3718,#1613,.T.);
#4668=EDGE_CURVE('',#3719,#3761,#1614,.T.);
#4669=EDGE_CURVE('',#3761,#3760,#1326,.T.);
#4670=EDGE_CURVE('',#3762,#3720,#1615,.T.);
#4671=EDGE_CURVE('',#3760,#3762,#1616,.T.);
#4672=EDGE_CURVE('',#3762,#3763,#1327,.T.);
#4673=EDGE_CURVE('',#3763,#3721,#1617,.T.);
#4674=EDGE_CURVE('',#3764,#3722,#1618,.T.);
#4675=EDGE_CURVE('',#3763,#3764,#1619,.T.);
#4676=EDGE_CURVE('',#3764,#3765,#1328,.T.);
#4677=EDGE_CURVE('',#3765,#3723,#1620,.T.);
#4678=EDGE_CURVE('',#3766,#3724,#1621,.T.);
#4679=EDGE_CURVE('',#3765,#3766,#1622,.T.);
#4680=EDGE_CURVE('',#3767,#3725,#1623,.T.);
#4681=EDGE_CURVE('',#3766,#3767,#1329,.T.);
#4682=EDGE_CURVE('',#3767,#3761,#1624,.T.);
#4683=EDGE_CURVE('',#3607,#3763,#1625,.T.);
#4684=EDGE_CURVE('',#3768,#3606,#1330,.T.);
#4685=EDGE_CURVE('',#3764,#3768,#1626,.T.);
#4686=EDGE_CURVE('',#3762,#3608,#1627,.T.);
#4687=EDGE_CURVE('',#3760,#3609,#1628,.T.);
#4688=EDGE_CURVE('',#3610,#3761,#1629,.T.);
#4689=EDGE_CURVE('',#3685,#3769,#1630,.T.);
#4690=EDGE_CURVE('',#3769,#3770,#1331,.T.);
#4691=EDGE_CURVE('',#3770,#3684,#1631,.T.);
#4692=EDGE_CURVE('',#3699,#3771,#1632,.T.);
#4693=EDGE_CURVE('',#3771,#3769,#1633,.T.);
#4694=EDGE_CURVE('',#3698,#3772,#1634,.T.);
#4695=EDGE_CURVE('',#3772,#3771,#1332,.T.);
#4696=EDGE_CURVE('',#3697,#3773,#1635,.T.);
#4697=EDGE_CURVE('',#3773,#3772,#1636,.T.);
#4698=EDGE_CURVE('',#3696,#3774,#1637,.T.);
#4699=EDGE_CURVE('',#3774,#3773,#1333,.T.);
#4700=EDGE_CURVE('',#3695,#3775,#1638,.T.);
#4701=EDGE_CURVE('',#3775,#3774,#1639,.T.);
#4702=EDGE_CURVE('',#3694,#3776,#1640,.T.);
#4703=EDGE_CURVE('',#3776,#3775,#1334,.T.);
#4704=EDGE_CURVE('',#3693,#3777,#1641,.T.);
#4705=EDGE_CURVE('',#3777,#3776,#1642,.T.);
#4706=EDGE_CURVE('',#3692,#3778,#1643,.T.);
#4707=EDGE_CURVE('',#3778,#3777,#1335,.T.);
#4708=EDGE_CURVE('',#3691,#3779,#1644,.T.);
#4709=EDGE_CURVE('',#3779,#3778,#1645,.T.);
#4710=EDGE_CURVE('',#3690,#3780,#1646,.T.);
#4711=EDGE_CURVE('',#3780,#3779,#1336,.T.);
#4712=EDGE_CURVE('',#3689,#3781,#1647,.T.);
#4713=EDGE_CURVE('',#3781,#3780,#1648,.T.);
#4714=EDGE_CURVE('',#3688,#3782,#1649,.T.);
#4715=EDGE_CURVE('',#3782,#3781,#1337,.T.);
#4716=EDGE_CURVE('',#3687,#3783,#1650,.T.);
#4717=EDGE_CURVE('',#3783,#3782,#1651,.T.);
#4718=EDGE_CURVE('',#3686,#3784,#1652,.T.);
#4719=EDGE_CURVE('',#3784,#3783,#1338,.T.);
#4720=EDGE_CURVE('',#3770,#3784,#1653,.T.);
#4721=EDGE_CURVE('',#3785,#3779,#1654,.T.);
#4722=EDGE_CURVE('',#3786,#3785,#1655,.T.);
#4723=EDGE_CURVE('',#3787,#3786,#1656,.T.);
#4724=EDGE_CURVE('',#3788,#3787,#1657,.T.);
#4725=EDGE_CURVE('',#3789,#3788,#1658,.T.);
#4726=EDGE_CURVE('',#3790,#3789,#1339,.T.);
#4727=EDGE_CURVE('',#3791,#3790,#1659,.T.);
#4728=EDGE_CURVE('',#3778,#3791,#1660,.T.);
#4729=EDGE_CURVE('',#3780,#3792,#1661,.T.);
#4730=EDGE_CURVE('',#3792,#3785,#109,.F.);
#4731=EDGE_CURVE('',#3793,#3781,#1662,.T.);
#4732=EDGE_CURVE('',#3793,#3792,#1663,.T.);
#4733=EDGE_CURVE('',#3794,#3794,#1340,.T.);
#4734=EDGE_CURVE('',#3782,#3795,#1664,.T.);
#4735=EDGE_CURVE('',#3795,#3793,#110,.F.);
#4736=EDGE_CURVE('',#3796,#3783,#1665,.T.);
#4737=EDGE_CURVE('',#3796,#3797,#1666,.T.);
#4738=EDGE_CURVE('',#3798,#3797,#1667,.T.);
#4739=EDGE_CURVE('',#3799,#3798,#1341,.T.);
#4740=EDGE_CURVE('',#3800,#3799,#1668,.T.);
#4741=EDGE_CURVE('',#3801,#3800,#1342,.T.);
#4742=EDGE_CURVE('',#3802,#3801,#1669,.T.);
#4743=EDGE_CURVE('',#3802,#3803,#1670,.T.);
#4744=EDGE_CURVE('',#3804,#3803,#1671,.T.);
#4745=EDGE_CURVE('',#3804,#3795,#1672,.T.);
#4746=EDGE_CURVE('',#3784,#3805,#1673,.T.);
#4747=EDGE_CURVE('',#3805,#3796,#1343,.T.);
#4748=EDGE_CURVE('',#3806,#3770,#1674,.T.);
#4749=EDGE_CURVE('',#3806,#3805,#1675,.T.);
#4750=EDGE_CURVE('',#3807,#3807,#1344,.T.);
#4751=EDGE_CURVE('',#3808,#3808,#1345,.T.);
#4752=EDGE_CURVE('',#3809,#3810,#1676,.T.);
#4753=EDGE_CURVE('',#3810,#3811,#1677,.T.);
#4754=EDGE_CURVE('',#3811,#3812,#1678,.T.);
#4755=EDGE_CURVE('',#3812,#3809,#1679,.T.);
#4756=EDGE_CURVE('',#3769,#3813,#1680,.T.);
#4757=EDGE_CURVE('',#3813,#3806,#1346,.T.);
#4758=EDGE_CURVE('',#3716,#3814,#1681,.T.);
#4759=EDGE_CURVE('',#3814,#3815,#1682,.T.);
#4760=EDGE_CURVE('',#3815,#3717,#1683,.T.);
#4761=EDGE_CURVE('',#3715,#3816,#1684,.T.);
#4762=EDGE_CURVE('',#3816,#3817,#1685,.T.);
#4763=EDGE_CURVE('',#3817,#3714,#1686,.T.);
#4764=EDGE_CURVE('',#3815,#3816,#1687,.T.);
#4765=EDGE_CURVE('',#3817,#3814,#1688,.T.);
#4766=EDGE_CURVE('',#3818,#3817,#1689,.T.);
#4767=EDGE_CURVE('',#3819,#3818,#1690,.T.);
#4768=EDGE_CURVE('',#3820,#3819,#1691,.T.);
#4769=EDGE_CURVE('',#3821,#3820,#1692,.T.);
#4770=EDGE_CURVE('',#3648,#3821,#1693,.T.);
#4771=EDGE_CURVE('',#3822,#3651,#1694,.T.);
#4772=EDGE_CURVE('',#3823,#3822,#1695,.T.);
#4773=EDGE_CURVE('',#3824,#3823,#1696,.T.);
#4774=EDGE_CURVE('',#3825,#3824,#1697,.T.);
#4775=EDGE_CURVE('',#3814,#3825,#1698,.T.);
#4776=EDGE_CURVE('',#3826,#3816,#1699,.T.);
#4777=EDGE_CURVE('',#3826,#3818,#1700,.T.);
#4778=EDGE_CURVE('',#3712,#3827,#1701,.T.);
#4779=EDGE_CURVE('',#3827,#3828,#1702,.T.);
#4780=EDGE_CURVE('',#3828,#3713,#1703,.T.);
#4781=EDGE_CURVE('',#3711,#3829,#1704,.T.);
#4782=EDGE_CURVE('',#3829,#3830,#1705,.T.);
#4783=EDGE_CURVE('',#3830,#3710,#1706,.T.);
#4784=EDGE_CURVE('',#3828,#3829,#1707,.T.);
#4785=EDGE_CURVE('',#3830,#3827,#1708,.T.);
#4786=EDGE_CURVE('',#3831,#3830,#1709,.T.);
#4787=EDGE_CURVE('',#3832,#3831,#1710,.T.);
#4788=EDGE_CURVE('',#3833,#3832,#1711,.T.);
#4789=EDGE_CURVE('',#3834,#3833,#1712,.T.);
#4790=EDGE_CURVE('',#3654,#3834,#1713,.T.);
#4791=EDGE_CURVE('',#3835,#3653,#1714,.T.);
#4792=EDGE_CURVE('',#3836,#3835,#1715,.T.);
#4793=EDGE_CURVE('',#3837,#3836,#1716,.T.);
#4794=EDGE_CURVE('',#3838,#3837,#1717,.T.);
#4795=EDGE_CURVE('',#3827,#3838,#1718,.T.);
#4796=EDGE_CURVE('',#3839,#3829,#1719,.T.);
#4797=EDGE_CURVE('',#3839,#3831,#1720,.T.);
#4798=EDGE_CURVE('',#3840,#3841,#1721,.T.);
#4799=EDGE_CURVE('',#3841,#3836,#1722,.T.);
#4800=EDGE_CURVE('',#3840,#3835,#1723,.T.);
#4801=EDGE_CURVE('',#3841,#3842,#1724,.T.);
#4802=EDGE_CURVE('',#3842,#3837,#1725,.T.);
#4803=EDGE_CURVE('',#3842,#3843,#1726,.T.);
#4804=EDGE_CURVE('',#3843,#3838,#1727,.T.);
#4805=EDGE_CURVE('',#3843,#3828,#1728,.T.);
#4806=EDGE_CURVE('',#3844,#3839,#1729,.T.);
#4807=EDGE_CURVE('',#3844,#3832,#1730,.T.);
#4808=EDGE_CURVE('',#3845,#3844,#1731,.T.);
#4809=EDGE_CURVE('',#3845,#3833,#1732,.T.);
#4810=EDGE_CURVE('',#3846,#3845,#1733,.T.);
#4811=EDGE_CURVE('',#3846,#3834,#1734,.T.);
#4812=EDGE_CURVE('',#3655,#3846,#1735,.T.);
#4813=EDGE_CURVE('',#3652,#3840,#1736,.T.);
#4814=EDGE_CURVE('',#3650,#3847,#1737,.T.);
#4815=EDGE_CURVE('',#3847,#3822,#1738,.T.);
#4816=EDGE_CURVE('',#3847,#3848,#1739,.T.);
#4817=EDGE_CURVE('',#3848,#3823,#1740,.T.);
#4818=EDGE_CURVE('',#3848,#3849,#1741,.T.);
#4819=EDGE_CURVE('',#3849,#3824,#1742,.T.);
#4820=EDGE_CURVE('',#3849,#3850,#1743,.T.);
#4821=EDGE_CURVE('',#3850,#3825,#1744,.T.);
#4822=EDGE_CURVE('',#3850,#3815,#1745,.T.);
#4823=EDGE_CURVE('',#3851,#3826,#1746,.T.);
#4824=EDGE_CURVE('',#3851,#3819,#1747,.T.);
#4825=EDGE_CURVE('',#3852,#3851,#1748,.T.);
#4826=EDGE_CURVE('',#3852,#3820,#1749,.T.);
#4827=EDGE_CURVE('',#3853,#3852,#1750,.T.);
#4828=EDGE_CURVE('',#3853,#3821,#1751,.T.);
#4829=EDGE_CURVE('',#3649,#3853,#1752,.T.);
#4830=EDGE_CURVE('',#3659,#3596,#1753,.T.);
#4831=EDGE_CURVE('',#3597,#3658,#1754,.T.);
#4832=EDGE_CURVE('',#3647,#3562,#1755,.T.);
#4833=EDGE_CURVE('',#3854,#3855,#1347,.T.);
#4834=EDGE_CURVE('',#3856,#3854,#1756,.T.);
#4835=EDGE_CURVE('',#3857,#3856,#1348,.T.);
#4836=EDGE_CURVE('',#3858,#3857,#1757,.T.);
#4837=EDGE_CURVE('',#3859,#3858,#1349,.T.);
#4838=EDGE_CURVE('',#3860,#3859,#1758,.T.);
#4839=EDGE_CURVE('',#3861,#3860,#1350,.T.);
#4840=EDGE_CURVE('',#3862,#3861,#1759,.T.);
#4841=EDGE_CURVE('',#3863,#3862,#1351,.T.);
#4842=EDGE_CURVE('',#3864,#3863,#1760,.T.);
#4843=EDGE_CURVE('',#3865,#3864,#1352,.T.);
#4844=EDGE_CURVE('',#3855,#3865,#1761,.T.);
#4845=EDGE_CURVE('',#3858,#3620,#1762,.T.);
#4846=EDGE_CURVE('',#3859,#3619,#1763,.T.);
#4847=EDGE_CURVE('',#3857,#3621,#1764,.T.);
#4848=EDGE_CURVE('',#3856,#3622,#1765,.T.);
#4849=EDGE_CURVE('',#3854,#3623,#1766,.T.);
#4850=EDGE_CURVE('',#3855,#3624,#1767,.T.);
#4851=EDGE_CURVE('',#3865,#3866,#1768,.T.);
#4852=EDGE_CURVE('',#3625,#3866,#111,.T.);
#4853=EDGE_CURVE('',#3748,#3867,#1353,.T.);
#4854=EDGE_CURVE('',#3868,#3747,#1354,.T.);
#4855=EDGE_CURVE('',#3869,#3868,#1769,.T.);
#4856=EDGE_CURVE('',#3870,#3869,#1355,.T.);
#4857=EDGE_CURVE('',#3871,#3870,#1770,.T.);
#4858=EDGE_CURVE('',#3872,#3871,#1356,.T.);
#4859=EDGE_CURVE('',#3873,#3872,#1771,.T.);
#4860=EDGE_CURVE('',#3874,#3873,#1357,.T.);
#4861=EDGE_CURVE('',#3867,#3874,#1772,.T.);
#4862=EDGE_CURVE('',#3871,#3875,#1773,.T.);
#4863=EDGE_CURVE('',#3875,#3876,#149,.T.);
#4864=EDGE_CURVE('',#3872,#3876,#1774,.T.);
#4865=EDGE_CURVE('',#3870,#3877,#1775,.T.);
#4866=EDGE_CURVE('',#3877,#3875,#112,.T.);
#4867=EDGE_CURVE('',#3869,#3878,#1776,.T.);
#4868=EDGE_CURVE('',#3878,#3877,#150,.T.);
#4869=EDGE_CURVE('',#3868,#3879,#1777,.T.);
#4870=EDGE_CURVE('',#3879,#3878,#1358,.T.);
#4871=EDGE_CURVE('',#3746,#3879,#151,.T.);
#4872=EDGE_CURVE('',#3565,#3587,#1778,.T.);
#4873=EDGE_CURVE('',#3564,#3645,#1779,.T.);
#4874=EDGE_CURVE('',#3563,#3646,#1780,.T.);
#4875=EDGE_CURVE('',#3880,#3751,#1359,.T.);
#4876=EDGE_CURVE('',#3881,#3880,#1781,.T.);
#4877=EDGE_CURVE('',#3882,#3881,#1360,.T.);
#4878=EDGE_CURVE('',#3883,#3882,#1782,.T.);
#4879=EDGE_CURVE('',#3884,#3883,#1361,.T.);
#4880=EDGE_CURVE('',#3885,#3884,#1783,.T.);
#4881=EDGE_CURVE('',#3886,#3885,#1362,.T.);
#4882=EDGE_CURVE('',#3887,#3886,#1784,.T.);
#4883=EDGE_CURVE('',#3752,#3887,#1363,.T.);
#4884=EDGE_CURVE('',#3882,#3888,#1785,.T.);
#4885=EDGE_CURVE('',#3888,#3889,#113,.T.);
#4886=EDGE_CURVE('',#3883,#3889,#1786,.T.);
#4887=EDGE_CURVE('',#3881,#3890,#1787,.T.);
#4888=EDGE_CURVE('',#3890,#3888,#152,.T.);
#4889=EDGE_CURVE('',#3880,#3891,#1788,.T.);
#4890=EDGE_CURVE('',#3891,#3890,#1364,.T.);
#4891=EDGE_CURVE('',#3750,#3891,#153,.T.);
#4892=EDGE_CURVE('',#3892,#3893,#1365,.T.);
#4893=EDGE_CURVE('',#3894,#3892,#1789,.T.);
#4894=EDGE_CURVE('',#3895,#3894,#1366,.T.);
#4895=EDGE_CURVE('',#3896,#3895,#1790,.T.);
#4896=EDGE_CURVE('',#3756,#3896,#1367,.T.);
#4897=EDGE_CURVE('',#3897,#3755,#1368,.T.);
#4898=EDGE_CURVE('',#3898,#3897,#1791,.T.);
#4899=EDGE_CURVE('',#3899,#3898,#1369,.T.);
#4900=EDGE_CURVE('',#3893,#3899,#1792,.T.);
#4901=EDGE_CURVE('',#3893,#3900,#1793,.T.);
#4902=EDGE_CURVE('',#3901,#3900,#154,.T.);
#4903=EDGE_CURVE('',#3892,#3901,#1794,.T.);
#4904=EDGE_CURVE('',#3899,#3902,#1795,.T.);
#4905=EDGE_CURVE('',#3900,#3902,#114,.T.);
#4906=EDGE_CURVE('',#3898,#3903,#1796,.T.);
#4907=EDGE_CURVE('',#3902,#3903,#155,.T.);
#4908=EDGE_CURVE('',#3904,#3897,#1797,.T.);
#4909=EDGE_CURVE('',#3903,#3904,#1370,.T.);
#4910=EDGE_CURVE('',#3754,#3904,#156,.T.);
#4911=EDGE_CURVE('',#3905,#3906,#1371,.T.);
#4912=EDGE_CURVE('',#3907,#3905,#1798,.T.);
#4913=EDGE_CURVE('',#3908,#3907,#1372,.T.);
#4914=EDGE_CURVE('',#3909,#3908,#1799,.T.);
#4915=EDGE_CURVE('',#3910,#3909,#1373,.T.);
#4916=EDGE_CURVE('',#3911,#3910,#1800,.T.);
#4917=EDGE_CURVE('',#3912,#3911,#1374,.T.);
#4918=EDGE_CURVE('',#3913,#3912,#1801,.T.);
#4919=EDGE_CURVE('',#3914,#3913,#1375,.T.);
#4920=EDGE_CURVE('',#3915,#3914,#1802,.T.);
#4921=EDGE_CURVE('',#3916,#3915,#1376,.T.);
#4922=EDGE_CURVE('',#3906,#3916,#1803,.T.);
#4923=EDGE_CURVE('',#3909,#3630,#1804,.T.);
#4924=EDGE_CURVE('',#3910,#3629,#1805,.T.);
#4925=EDGE_CURVE('',#3908,#3631,#1806,.T.);
#4926=EDGE_CURVE('',#3907,#3632,#1807,.T.);
#4927=EDGE_CURVE('',#3905,#3633,#1808,.T.);
#4928=EDGE_CURVE('',#3906,#3634,#1809,.T.);
#4929=EDGE_CURVE('',#3916,#3635,#1810,.T.);
#4930=EDGE_CURVE('',#3811,#3917,#115,.T.);
#4931=EDGE_CURVE('',#3917,#3918,#1811,.T.);
#4932=EDGE_CURVE('',#3918,#3812,#116,.T.);
#4933=EDGE_CURVE('',#3919,#3917,#1812,.T.);
#4934=EDGE_CURVE('',#3920,#3919,#1813,.T.);
#4935=EDGE_CURVE('',#3918,#3920,#1814,.T.);
#4936=EDGE_CURVE('',#3919,#3810,#117,.T.);
#4937=EDGE_CURVE('',#3809,#3920,#118,.T.);
#4938=EDGE_CURVE('',#3921,#3921,#1377,.T.);
#4939=EDGE_CURVE('',#3921,#3758,#1815,.T.);
#4940=EDGE_CURVE('',#3922,#3922,#1378,.T.);
#4941=EDGE_CURVE('',#3923,#3923,#1379,.T.);
#4942=EDGE_CURVE('',#3923,#3759,#1816,.T.);
#4943=EDGE_CURVE('',#3924,#3924,#1380,.T.);
#4944=EDGE_CURVE('',#3744,#3925,#1381,.T.);
#4945=EDGE_CURVE('',#3925,#3926,#1817,.T.);
#4946=EDGE_CURVE('',#3926,#3745,#1382,.T.);
#4947=EDGE_CURVE('',#3927,#3928,#1383,.T.);
#4948=EDGE_CURVE('',#3928,#3745,#1384,.T.);
#4949=EDGE_CURVE('',#3926,#3927,#1385,.T.);
#4950=EDGE_CURVE('',#3927,#3929,#157,.T.);
#4951=EDGE_CURVE('',#3929,#3930,#1386,.T.);
#4952=EDGE_CURVE('',#3930,#3928,#158,.T.);
#4953=EDGE_CURVE('',#3931,#3638,#1387,.T.);
#4954=EDGE_CURVE('',#3638,#3930,#119,.T.);
#4955=EDGE_CURVE('',#3929,#3931,#120,.T.);
#4956=EDGE_CURVE('',#3639,#3932,#1388,.T.);
#4957=EDGE_CURVE('',#3932,#3933,#1389,.T.);
#4958=EDGE_CURVE('',#3933,#3640,#1390,.T.);
#4959=EDGE_CURVE('',#3934,#3641,#1391,.T.);
#4960=EDGE_CURVE('',#3933,#3934,#1818,.T.);
#4961=EDGE_CURVE('',#3935,#3642,#1392,.T.);
#4962=EDGE_CURVE('',#3934,#3935,#1393,.T.);
#4963=EDGE_CURVE('',#3936,#3643,#1394,.T.);
#4964=EDGE_CURVE('',#3935,#3936,#1819,.T.);
#4965=EDGE_CURVE('',#3791,#3644,#1395,.T.);
#4966=EDGE_CURVE('',#3936,#3791,#1396,.T.);
#4967=EDGE_CURVE('',#3790,#3589,#1397,.T.);
#4968=EDGE_CURVE('',#3789,#3590,#1398,.T.);
#4969=EDGE_CURVE('',#3788,#3937,#1399,.T.);
#4970=EDGE_CURVE('',#3937,#3590,#1820,.T.);
#4971=EDGE_CURVE('',#3931,#3932,#1821,.T.);
#4972=EDGE_CURVE('',#3938,#3637,#121,.T.);
#4973=EDGE_CURVE('',#3939,#3938,#159,.T.);
#4974=EDGE_CURVE('',#3626,#3939,#122,.T.);
#4975=EDGE_CURVE('',#3866,#3940,#160,.T.);
#4976=EDGE_CURVE('',#3940,#3614,#123,.T.);
#4977=EDGE_CURVE('',#3613,#3941,#124,.T.);
#4978=EDGE_CURVE('',#3768,#3941,#161,.T.);
#4979=EDGE_CURVE('',#3742,#3605,#1400,.T.);
#4980=EDGE_CURVE('',#3942,#3741,#162,.T.);
#4981=EDGE_CURVE('',#3942,#3943,#1401,.T.);
#4982=EDGE_CURVE('',#3944,#3943,#163,.T.);
#4983=EDGE_CURVE('',#3944,#3945,#125,.T.);
#4984=EDGE_CURVE('',#3945,#3737,#164,.T.);
#4985=EDGE_CURVE('',#3946,#3757,#165,.T.);
#4986=EDGE_CURVE('',#3946,#3947,#1402,.T.);
#4987=EDGE_CURVE('',#3947,#3948,#166,.T.);
#4988=EDGE_CURVE('',#3948,#3901,#126,.T.);
#4989=EDGE_CURVE('',#3753,#3949,#167,.T.);
#4990=EDGE_CURVE('',#3949,#3950,#1403,.T.);
#4991=EDGE_CURVE('',#3950,#3951,#168,.T.);
#4992=EDGE_CURVE('',#3952,#3951,#127,.T.);
#4993=EDGE_CURVE('',#3889,#3952,#169,.T.);
#4994=EDGE_CURVE('',#3953,#3749,#170,.T.);
#4995=EDGE_CURVE('',#3954,#3953,#1404,.T.);
#4996=EDGE_CURVE('',#3955,#3954,#171,.T.);
#4997=EDGE_CURVE('',#3876,#3955,#128,.T.);
#4998=EDGE_CURVE('',#3523,#3591,#1822,.T.);
#4999=EDGE_CURVE('',#3956,#3937,#1823,.T.);
#5000=EDGE_CURVE('',#3574,#3956,#1824,.T.);
#5001=EDGE_CURVE('',#3538,#3572,#1825,.T.);
#5002=EDGE_CURVE('',#3529,#3594,#1826,.T.);
#5003=EDGE_CURVE('',#3957,#3787,#1405,.T.);
#5004=EDGE_CURVE('',#3958,#3957,#1827,.T.);
#5005=EDGE_CURVE('',#3803,#3958,#1406,.T.);
#5006=EDGE_CURVE('',#3956,#3802,#1407,.T.);
#5007=EDGE_CURVE('',#3777,#3936,#1828,.T.);
#5008=EDGE_CURVE('',#3935,#3776,#1829,.T.);
#5009=EDGE_CURVE('',#3887,#3949,#1830,.T.);
#5010=EDGE_CURVE('',#3886,#3950,#1831,.T.);
#5011=EDGE_CURVE('',#3885,#3951,#1832,.T.);
#5012=EDGE_CURVE('',#3933,#3774,#1833,.T.);
#5013=EDGE_CURVE('',#3773,#3932,#1834,.T.);
#5014=EDGE_CURVE('',#3934,#3775,#1835,.T.);
#5015=EDGE_CURVE('',#3797,#3743,#1408,.T.);
#5016=EDGE_CURVE('',#3813,#3925,#1836,.T.);
#5017=EDGE_CURVE('',#3786,#3959,#129,.T.);
#5018=EDGE_CURVE('',#3959,#3957,#1837,.T.);
#5019=EDGE_CURVE('',#3960,#3804,#130,.T.);
#5020=EDGE_CURVE('',#3959,#3960,#1838,.T.);
#5021=EDGE_CURVE('',#3911,#3628,#1839,.T.);
#5022=EDGE_CURVE('',#3912,#3627,#1840,.T.);
#5023=EDGE_CURVE('',#3913,#3939,#1841,.T.);
#5024=EDGE_CURVE('',#3914,#3938,#1842,.T.);
#5025=EDGE_CURVE('',#3915,#3636,#1843,.T.);
#5026=EDGE_CURVE('',#3527,#3592,#1844,.T.);
#5027=EDGE_CURVE('',#3772,#3929,#1845,.T.);
#5028=EDGE_CURVE('',#3771,#3927,#1846,.T.);
#5029=EDGE_CURVE('',#3873,#3955,#1847,.T.);
#5030=EDGE_CURVE('',#3874,#3954,#1848,.T.);
#5031=EDGE_CURVE('',#3867,#3953,#1849,.T.);
#5032=EDGE_CURVE('',#3884,#3952,#1850,.T.);
#5033=EDGE_CURVE('',#3958,#3960,#1851,.T.);
#5034=EDGE_CURVE('',#3742,#3798,#1409,.T.);
#5035=EDGE_CURVE('',#3605,#3799,#1410,.T.);
#5036=EDGE_CURVE('',#3575,#3800,#1411,.T.);
#5037=EDGE_CURVE('',#3574,#3801,#1412,.T.);
#5038=EDGE_CURVE('',#3678,#3577,#1852,.F.);
#5039=EDGE_CURVE('',#3680,#3604,#1853,.T.);
#5040=EDGE_CURVE('',#3579,#3674,#1854,.T.);
#5041=EDGE_CURVE('',#3578,#3676,#1855,.T.);
#5042=EDGE_CURVE('',#3733,#3944,#1856,.T.);
#5043=EDGE_CURVE('',#3943,#3734,#1857,.T.);
#5044=EDGE_CURVE('',#3732,#3945,#1858,.T.);
#5045=EDGE_CURVE('',#3735,#3942,#1859,.T.);
#5046=EDGE_CURVE('',#3766,#3612,#1860,.T.);
#5047=EDGE_CURVE('',#3611,#3767,#1861,.T.);
#5048=EDGE_CURVE('',#3941,#3765,#1862,.T.);
#5049=EDGE_CURVE('',#3682,#3603,#1863,.T.);
#5050=EDGE_CURVE('',#3595,#3535,#1864,.T.);
#5051=EDGE_CURVE('',#3585,#3656,#1865,.T.);
#5052=EDGE_CURVE('',#3598,#3657,#1866,.T.);
#5053=EDGE_CURVE('',#3864,#3940,#1867,.T.);
#5054=EDGE_CURVE('',#3894,#3948,#1868,.T.);
#5055=EDGE_CURVE('',#3895,#3947,#1869,.T.);
#5056=EDGE_CURVE('',#3896,#3946,#1870,.T.);
#5057=EDGE_CURVE('',#3860,#3618,#1871,.T.);
#5058=EDGE_CURVE('',#3861,#3617,#1872,.T.);
#5059=EDGE_CURVE('',#3862,#3616,#1873,.T.);
#5060=EDGE_CURVE('',#3863,#3615,#1874,.T.);
#5061=EDGE_CURVE('',#3573,#3539,#1875,.T.);
#5062=EDGE_CURVE('',#3808,#3924,#1876,.T.);
#5063=EDGE_CURVE('',#3807,#3922,#1877,.T.);
#5064=EDGE_CURVE('',#3961,#3961,#1413,.T.);
#5065=EDGE_CURVE('',#3794,#3961,#1878,.T.);
#5066=EDGE_CURVE('',#3593,#3528,#1879,.T.);
#5067=EDGE_CURVE('',#3962,#3963,#1880,.T.);
#5068=EDGE_CURVE('',#3963,#3964,#1881,.T.);
#5069=EDGE_CURVE('',#3965,#3964,#1882,.T.);
#5070=EDGE_CURVE('',#3962,#3965,#1883,.T.);
#5071=EDGE_CURVE('',#3966,#3962,#1884,.T.);
#5072=EDGE_CURVE('',#3967,#3965,#1885,.T.);
#5073=EDGE_CURVE('',#3966,#3967,#1886,.T.);
#5074=EDGE_CURVE('',#3968,#3966,#1887,.T.);
#5075=EDGE_CURVE('',#3969,#3967,#1888,.T.);
#5076=EDGE_CURVE('',#3968,#3969,#1889,.T.);
#5077=EDGE_CURVE('',#3970,#3968,#1890,.T.);
#5078=EDGE_CURVE('',#3971,#3969,#1891,.T.);
#5079=EDGE_CURVE('',#3970,#3971,#1892,.T.);
#5080=EDGE_CURVE('',#3972,#3970,#1893,.T.);
#5081=EDGE_CURVE('',#3973,#3971,#1894,.T.);
#5082=EDGE_CURVE('',#3972,#3973,#1895,.T.);
#5083=EDGE_CURVE('',#3963,#3972,#1896,.T.);
#5084=EDGE_CURVE('',#3964,#3973,#1897,.T.);
#5085=EDGE_CURVE('',#3974,#3975,#1898,.T.);
#5086=EDGE_CURVE('',#3975,#3976,#1899,.T.);
#5087=EDGE_CURVE('',#3977,#3976,#1900,.T.);
#5088=EDGE_CURVE('',#3974,#3977,#1901,.T.);
#5089=EDGE_CURVE('',#3978,#3974,#1902,.T.);
#5090=EDGE_CURVE('',#3979,#3977,#1903,.T.);
#5091=EDGE_CURVE('',#3978,#3979,#1904,.T.);
#5092=EDGE_CURVE('',#3980,#3978,#1905,.T.);
#5093=EDGE_CURVE('',#3981,#3979,#1906,.T.);
#5094=EDGE_CURVE('',#3980,#3981,#1907,.T.);
#5095=EDGE_CURVE('',#3982,#3980,#1908,.T.);
#5096=EDGE_CURVE('',#3983,#3981,#1909,.T.);
#5097=EDGE_CURVE('',#3982,#3983,#1910,.T.);
#5098=EDGE_CURVE('',#3984,#3982,#1911,.T.);
#5099=EDGE_CURVE('',#3985,#3983,#1912,.T.);
#5100=EDGE_CURVE('',#3984,#3985,#1913,.T.);
#5101=EDGE_CURVE('',#3975,#3984,#1914,.T.);
#5102=EDGE_CURVE('',#3976,#3985,#1915,.T.);
#5103=EDGE_CURVE('',#3986,#3987,#1916,.T.);
#5104=EDGE_CURVE('',#3987,#3988,#1917,.T.);
#5105=EDGE_CURVE('',#3989,#3988,#1918,.T.);
#5106=EDGE_CURVE('',#3986,#3989,#1919,.T.);
#5107=EDGE_CURVE('',#3990,#3986,#1920,.T.);
#5108=EDGE_CURVE('',#3991,#3989,#1921,.T.);
#5109=EDGE_CURVE('',#3990,#3991,#1922,.T.);
#5110=EDGE_CURVE('',#3992,#3990,#1923,.T.);
#5111=EDGE_CURVE('',#3993,#3991,#1924,.T.);
#5112=EDGE_CURVE('',#3992,#3993,#1925,.T.);
#5113=EDGE_CURVE('',#3994,#3992,#1926,.T.);
#5114=EDGE_CURVE('',#3995,#3993,#1927,.T.);
#5115=EDGE_CURVE('',#3994,#3995,#1928,.T.);
#5116=EDGE_CURVE('',#3996,#3994,#1929,.T.);
#5117=EDGE_CURVE('',#3997,#3995,#1930,.T.);
#5118=EDGE_CURVE('',#3996,#3997,#1931,.T.);
#5119=EDGE_CURVE('',#3998,#3996,#1932,.T.);
#5120=EDGE_CURVE('',#3999,#3997,#1933,.T.);
#5121=EDGE_CURVE('',#3998,#3999,#1934,.T.);
#5122=EDGE_CURVE('',#4000,#3998,#1935,.T.);
#5123=EDGE_CURVE('',#4001,#3999,#1936,.T.);
#5124=EDGE_CURVE('',#4000,#4001,#1937,.T.);
#5125=EDGE_CURVE('',#4002,#4000,#1938,.T.);
#5126=EDGE_CURVE('',#4003,#4001,#1939,.T.);
#5127=EDGE_CURVE('',#4002,#4003,#1940,.T.);
#5128=EDGE_CURVE('',#4004,#4002,#1941,.T.);
#5129=EDGE_CURVE('',#4005,#4003,#1942,.T.);
#5130=EDGE_CURVE('',#4004,#4005,#1943,.T.);
#5131=EDGE_CURVE('',#4006,#4004,#1944,.T.);
#5132=EDGE_CURVE('',#4007,#4005,#1945,.T.);
#5133=EDGE_CURVE('',#4006,#4007,#1946,.T.);
#5134=EDGE_CURVE('',#4008,#4006,#1947,.T.);
#5135=EDGE_CURVE('',#4009,#4007,#1948,.T.);
#5136=EDGE_CURVE('',#4008,#4009,#1949,.T.);
#5137=EDGE_CURVE('',#4010,#4008,#1950,.T.);
#5138=EDGE_CURVE('',#4011,#4009,#1951,.T.);
#5139=EDGE_CURVE('',#4010,#4011,#1952,.T.);
#5140=EDGE_CURVE('',#4012,#4010,#1953,.T.);
#5141=EDGE_CURVE('',#4013,#4011,#1954,.T.);
#5142=EDGE_CURVE('',#4012,#4013,#1955,.T.);
#5143=EDGE_CURVE('',#4014,#4012,#1956,.T.);
#5144=EDGE_CURVE('',#4015,#4013,#1957,.T.);
#5145=EDGE_CURVE('',#4014,#4015,#1958,.T.);
#5146=EDGE_CURVE('',#4016,#4014,#1959,.T.);
#5147=EDGE_CURVE('',#4017,#4015,#1960,.T.);
#5148=EDGE_CURVE('',#4016,#4017,#1961,.T.);
#5149=EDGE_CURVE('',#4018,#4016,#1962,.T.);
#5150=EDGE_CURVE('',#4019,#4017,#1963,.T.);
#5151=EDGE_CURVE('',#4018,#4019,#1964,.T.);
#5152=EDGE_CURVE('',#4020,#4018,#1965,.T.);
#5153=EDGE_CURVE('',#4021,#4019,#1966,.T.);
#5154=EDGE_CURVE('',#4020,#4021,#1967,.T.);
#5155=EDGE_CURVE('',#4020,#4022,#1414,.T.);
#5156=EDGE_CURVE('',#4023,#4021,#1415,.T.);
#5157=EDGE_CURVE('',#4022,#4023,#1968,.T.);
#5158=EDGE_CURVE('',#4024,#4022,#1969,.T.);
#5159=EDGE_CURVE('',#4025,#4023,#1970,.T.);
#5160=EDGE_CURVE('',#4024,#4025,#1971,.T.);
#5161=EDGE_CURVE('',#4026,#4024,#1972,.T.);
#5162=EDGE_CURVE('',#4027,#4025,#1973,.T.);
#5163=EDGE_CURVE('',#4026,#4027,#1974,.T.);
#5164=EDGE_CURVE('',#4026,#4028,#1416,.T.);
#5165=EDGE_CURVE('',#4029,#4027,#1417,.T.);
#5166=EDGE_CURVE('',#4028,#4029,#1975,.T.);
#5167=EDGE_CURVE('',#4030,#4028,#1976,.T.);
#5168=EDGE_CURVE('',#4031,#4029,#1977,.T.);
#5169=EDGE_CURVE('',#4030,#4031,#1978,.T.);
#5170=EDGE_CURVE('',#4032,#4030,#1979,.T.);
#5171=EDGE_CURVE('',#4033,#4031,#1980,.T.);
#5172=EDGE_CURVE('',#4032,#4033,#1981,.T.);
#5173=EDGE_CURVE('',#4034,#4032,#1982,.T.);
#5174=EDGE_CURVE('',#4035,#4033,#1983,.T.);
#5175=EDGE_CURVE('',#4034,#4035,#1984,.T.);
#5176=EDGE_CURVE('',#4036,#4034,#1985,.T.);
#5177=EDGE_CURVE('',#4037,#4035,#1986,.T.);
#5178=EDGE_CURVE('',#4036,#4037,#1987,.T.);
#5179=EDGE_CURVE('',#4038,#4036,#1988,.T.);
#5180=EDGE_CURVE('',#4039,#4037,#1989,.T.);
#5181=EDGE_CURVE('',#4038,#4039,#1990,.T.);
#5182=EDGE_CURVE('',#4040,#4038,#1991,.T.);
#5183=EDGE_CURVE('',#4041,#4039,#1992,.T.);
#5184=EDGE_CURVE('',#4040,#4041,#1993,.T.);
#5185=EDGE_CURVE('',#4042,#4040,#1994,.T.);
#5186=EDGE_CURVE('',#4043,#4041,#1995,.T.);
#5187=EDGE_CURVE('',#4042,#4043,#1996,.T.);
#5188=EDGE_CURVE('',#4044,#4042,#1997,.T.);
#5189=EDGE_CURVE('',#4045,#4043,#1998,.T.);
#5190=EDGE_CURVE('',#4044,#4045,#1999,.T.);
#5191=EDGE_CURVE('',#4046,#4044,#2000,.T.);
#5192=EDGE_CURVE('',#4047,#4045,#2001,.T.);
#5193=EDGE_CURVE('',#4046,#4047,#2002,.T.);
#5194=EDGE_CURVE('',#4048,#4046,#2003,.T.);
#5195=EDGE_CURVE('',#4049,#4047,#2004,.T.);
#5196=EDGE_CURVE('',#4048,#4049,#2005,.T.);
#5197=EDGE_CURVE('',#4050,#4048,#2006,.T.);
#5198=EDGE_CURVE('',#4051,#4049,#2007,.T.);
#5199=EDGE_CURVE('',#4050,#4051,#2008,.T.);
#5200=EDGE_CURVE('',#4052,#4050,#2009,.T.);
#5201=EDGE_CURVE('',#4053,#4051,#2010,.T.);
#5202=EDGE_CURVE('',#4052,#4053,#2011,.T.);
#5203=EDGE_CURVE('',#4054,#4052,#2012,.T.);
#5204=EDGE_CURVE('',#4055,#4053,#2013,.T.);
#5205=EDGE_CURVE('',#4054,#4055,#2014,.T.);
#5206=EDGE_CURVE('',#4056,#4054,#2015,.T.);
#5207=EDGE_CURVE('',#4057,#4055,#2016,.T.);
#5208=EDGE_CURVE('',#4056,#4057,#2017,.T.);
#5209=EDGE_CURVE('',#4058,#4056,#2018,.T.);
#5210=EDGE_CURVE('',#4059,#4057,#2019,.T.);
#5211=EDGE_CURVE('',#4058,#4059,#2020,.T.);
#5212=EDGE_CURVE('',#4058,#4060,#1418,.T.);
#5213=EDGE_CURVE('',#4061,#4059,#1419,.T.);
#5214=EDGE_CURVE('',#4060,#4061,#2021,.T.);
#5215=EDGE_CURVE('',#4062,#4060,#2022,.T.);
#5216=EDGE_CURVE('',#4063,#4061,#2023,.T.);
#5217=EDGE_CURVE('',#4062,#4063,#2024,.T.);
#5218=EDGE_CURVE('',#4064,#4062,#2025,.T.);
#5219=EDGE_CURVE('',#4065,#4063,#2026,.T.);
#5220=EDGE_CURVE('',#4064,#4065,#2027,.T.);
#5221=EDGE_CURVE('',#4066,#4064,#2028,.T.);
#5222=EDGE_CURVE('',#4067,#4065,#2029,.T.);
#5223=EDGE_CURVE('',#4066,#4067,#2030,.T.);
#5224=EDGE_CURVE('',#4068,#4066,#2031,.T.);
#5225=EDGE_CURVE('',#4069,#4067,#2032,.T.);
#5226=EDGE_CURVE('',#4068,#4069,#2033,.T.);
#5227=EDGE_CURVE('',#4068,#4070,#1420,.T.);
#5228=EDGE_CURVE('',#4071,#4069,#1421,.T.);
#5229=EDGE_CURVE('',#4070,#4071,#2034,.T.);
#5230=EDGE_CURVE('',#4072,#4070,#2035,.T.);
#5231=EDGE_CURVE('',#4073,#4071,#2036,.T.);
#5232=EDGE_CURVE('',#4072,#4073,#2037,.T.);
#5233=EDGE_CURVE('',#3987,#4072,#2038,.T.);
#5234=EDGE_CURVE('',#3988,#4073,#2039,.T.);
#5235=EDGE_CURVE('',#4074,#4075,#2040,.T.);
#5236=EDGE_CURVE('',#4075,#4076,#2041,.T.);
#5237=EDGE_CURVE('',#4077,#4076,#2042,.T.);
#5238=EDGE_CURVE('',#4074,#4077,#2043,.T.);
#5239=EDGE_CURVE('',#4078,#4074,#2044,.T.);
#5240=EDGE_CURVE('',#4079,#4077,#2045,.T.);
#5241=EDGE_CURVE('',#4078,#4079,#2046,.T.);
#5242=EDGE_CURVE('',#4080,#4078,#2047,.T.);
#5243=EDGE_CURVE('',#4081,#4079,#2048,.T.);
#5244=EDGE_CURVE('',#4080,#4081,#2049,.T.);
#5245=EDGE_CURVE('',#4082,#4080,#2050,.T.);
#5246=EDGE_CURVE('',#4083,#4081,#2051,.T.);
#5247=EDGE_CURVE('',#4082,#4083,#2052,.T.);
#5248=EDGE_CURVE('',#4084,#4082,#2053,.T.);
#5249=EDGE_CURVE('',#4085,#4083,#2054,.T.);
#5250=EDGE_CURVE('',#4084,#4085,#2055,.T.);
#5251=EDGE_CURVE('',#4075,#4084,#2056,.T.);
#5252=EDGE_CURVE('',#4076,#4085,#2057,.T.);
#5253=EDGE_CURVE('',#4086,#4087,#2058,.T.);
#5254=EDGE_CURVE('',#4087,#4088,#2059,.T.);
#5255=EDGE_CURVE('',#4089,#4088,#2060,.T.);
#5256=EDGE_CURVE('',#4086,#4089,#2061,.T.);
#5257=EDGE_CURVE('',#4090,#4086,#2062,.T.);
#5258=EDGE_CURVE('',#4091,#4089,#2063,.T.);
#5259=EDGE_CURVE('',#4090,#4091,#2064,.T.);
#5260=EDGE_CURVE('',#4092,#4090,#2065,.T.);
#5261=EDGE_CURVE('',#4093,#4091,#2066,.T.);
#5262=EDGE_CURVE('',#4092,#4093,#2067,.T.);
#5263=EDGE_CURVE('',#4094,#4092,#2068,.T.);
#5264=EDGE_CURVE('',#4095,#4093,#2069,.T.);
#5265=EDGE_CURVE('',#4094,#4095,#2070,.T.);
#5266=EDGE_CURVE('',#4096,#4094,#2071,.T.);
#5267=EDGE_CURVE('',#4097,#4095,#2072,.T.);
#5268=EDGE_CURVE('',#4096,#4097,#2073,.T.);
#5269=EDGE_CURVE('',#4098,#4096,#2074,.T.);
#5270=EDGE_CURVE('',#4099,#4097,#2075,.T.);
#5271=EDGE_CURVE('',#4098,#4099,#2076,.T.);
#5272=EDGE_CURVE('',#4100,#4098,#2077,.T.);
#5273=EDGE_CURVE('',#4101,#4099,#2078,.T.);
#5274=EDGE_CURVE('',#4100,#4101,#2079,.T.);
#5275=EDGE_CURVE('',#4102,#4100,#2080,.T.);
#5276=EDGE_CURVE('',#4103,#4101,#2081,.T.);
#5277=EDGE_CURVE('',#4102,#4103,#2082,.T.);
#5278=EDGE_CURVE('',#4104,#4102,#2083,.T.);
#5279=EDGE_CURVE('',#4105,#4103,#2084,.T.);
#5280=EDGE_CURVE('',#4104,#4105,#2085,.T.);
#5281=EDGE_CURVE('',#4106,#4104,#2086,.T.);
#5282=EDGE_CURVE('',#4107,#4105,#2087,.T.);
#5283=EDGE_CURVE('',#4106,#4107,#2088,.T.);
#5284=EDGE_CURVE('',#4108,#4106,#2089,.T.);
#5285=EDGE_CURVE('',#4109,#4107,#2090,.T.);
#5286=EDGE_CURVE('',#4108,#4109,#2091,.T.);
#5287=EDGE_CURVE('',#4110,#4108,#2092,.T.);
#5288=EDGE_CURVE('',#4111,#4109,#2093,.T.);
#5289=EDGE_CURVE('',#4110,#4111,#2094,.T.);
#5290=EDGE_CURVE('',#4112,#4110,#2095,.T.);
#5291=EDGE_CURVE('',#4113,#4111,#2096,.T.);
#5292=EDGE_CURVE('',#4112,#4113,#2097,.T.);
#5293=EDGE_CURVE('',#4114,#4112,#2098,.T.);
#5294=EDGE_CURVE('',#4115,#4113,#2099,.T.);
#5295=EDGE_CURVE('',#4114,#4115,#2100,.T.);
#5296=EDGE_CURVE('',#4116,#4114,#2101,.T.);
#5297=EDGE_CURVE('',#4117,#4115,#2102,.T.);
#5298=EDGE_CURVE('',#4116,#4117,#2103,.T.);
#5299=EDGE_CURVE('',#4118,#4116,#2104,.T.);
#5300=EDGE_CURVE('',#4119,#4117,#2105,.T.);
#5301=EDGE_CURVE('',#4118,#4119,#2106,.T.);
#5302=EDGE_CURVE('',#4120,#4118,#2107,.T.);
#5303=EDGE_CURVE('',#4121,#4119,#2108,.T.);
#5304=EDGE_CURVE('',#4120,#4121,#2109,.T.);
#5305=EDGE_CURVE('',#4122,#4120,#2110,.T.);
#5306=EDGE_CURVE('',#4123,#4121,#2111,.T.);
#5307=EDGE_CURVE('',#4122,#4123,#2112,.T.);
#5308=EDGE_CURVE('',#4122,#4124,#1422,.T.);
#5309=EDGE_CURVE('',#4125,#4123,#1423,.T.);
#5310=EDGE_CURVE('',#4124,#4125,#2113,.T.);
#5311=EDGE_CURVE('',#4126,#4124,#2114,.T.);
#5312=EDGE_CURVE('',#4127,#4125,#2115,.T.);
#5313=EDGE_CURVE('',#4126,#4127,#2116,.T.);
#5314=EDGE_CURVE('',#4128,#4126,#2117,.T.);
#5315=EDGE_CURVE('',#4129,#4127,#2118,.T.);
#5316=EDGE_CURVE('',#4128,#4129,#2119,.T.);
#5317=EDGE_CURVE('',#4128,#4130,#1424,.T.);
#5318=EDGE_CURVE('',#4131,#4129,#1425,.T.);
#5319=EDGE_CURVE('',#4130,#4131,#2120,.T.);
#5320=EDGE_CURVE('',#4132,#4130,#2121,.T.);
#5321=EDGE_CURVE('',#4133,#4131,#2122,.T.);
#5322=EDGE_CURVE('',#4132,#4133,#2123,.T.);
#5323=EDGE_CURVE('',#4134,#4132,#2124,.T.);
#5324=EDGE_CURVE('',#4135,#4133,#2125,.T.);
#5325=EDGE_CURVE('',#4134,#4135,#2126,.T.);
#5326=EDGE_CURVE('',#4136,#4134,#2127,.T.);
#5327=EDGE_CURVE('',#4137,#4135,#2128,.T.);
#5328=EDGE_CURVE('',#4136,#4137,#2129,.T.);
#5329=EDGE_CURVE('',#4138,#4136,#2130,.T.);
#5330=EDGE_CURVE('',#4139,#4137,#2131,.T.);
#5331=EDGE_CURVE('',#4138,#4139,#2132,.T.);
#5332=EDGE_CURVE('',#4140,#4138,#2133,.T.);
#5333=EDGE_CURVE('',#4141,#4139,#2134,.T.);
#5334=EDGE_CURVE('',#4140,#4141,#2135,.T.);
#5335=EDGE_CURVE('',#4142,#4140,#2136,.T.);
#5336=EDGE_CURVE('',#4143,#4141,#2137,.T.);
#5337=EDGE_CURVE('',#4142,#4143,#2138,.T.);
#5338=EDGE_CURVE('',#4144,#4142,#2139,.T.);
#5339=EDGE_CURVE('',#4145,#4143,#2140,.T.);
#5340=EDGE_CURVE('',#4144,#4145,#2141,.T.);
#5341=EDGE_CURVE('',#4146,#4144,#2142,.T.);
#5342=EDGE_CURVE('',#4147,#4145,#2143,.T.);
#5343=EDGE_CURVE('',#4146,#4147,#2144,.T.);
#5344=EDGE_CURVE('',#4148,#4146,#2145,.T.);
#5345=EDGE_CURVE('',#4149,#4147,#2146,.T.);
#5346=EDGE_CURVE('',#4148,#4149,#2147,.T.);
#5347=EDGE_CURVE('',#4150,#4148,#2148,.T.);
#5348=EDGE_CURVE('',#4151,#4149,#2149,.T.);
#5349=EDGE_CURVE('',#4150,#4151,#2150,.T.);
#5350=EDGE_CURVE('',#4152,#4150,#2151,.T.);
#5351=EDGE_CURVE('',#4153,#4151,#2152,.T.);
#5352=EDGE_CURVE('',#4152,#4153,#2153,.T.);
#5353=EDGE_CURVE('',#4154,#4152,#2154,.T.);
#5354=EDGE_CURVE('',#4155,#4153,#2155,.T.);
#5355=EDGE_CURVE('',#4154,#4155,#2156,.T.);
#5356=EDGE_CURVE('',#4156,#4154,#2157,.T.);
#5357=EDGE_CURVE('',#4157,#4155,#2158,.T.);
#5358=EDGE_CURVE('',#4156,#4157,#2159,.T.);
#5359=EDGE_CURVE('',#4158,#4156,#2160,.T.);
#5360=EDGE_CURVE('',#4159,#4157,#2161,.T.);
#5361=EDGE_CURVE('',#4158,#4159,#2162,.T.);
#5362=EDGE_CURVE('',#4160,#4158,#2163,.T.);
#5363=EDGE_CURVE('',#4161,#4159,#2164,.T.);
#5364=EDGE_CURVE('',#4160,#4161,#2165,.T.);
#5365=EDGE_CURVE('',#4162,#4160,#2166,.T.);
#5366=EDGE_CURVE('',#4163,#4161,#2167,.T.);
#5367=EDGE_CURVE('',#4162,#4163,#2168,.T.);
#5368=EDGE_CURVE('',#4164,#4162,#2169,.T.);
#5369=EDGE_CURVE('',#4165,#4163,#2170,.T.);
#5370=EDGE_CURVE('',#4164,#4165,#2171,.T.);
#5371=EDGE_CURVE('',#4166,#4164,#2172,.T.);
#5372=EDGE_CURVE('',#4167,#4165,#2173,.T.);
#5373=EDGE_CURVE('',#4166,#4167,#2174,.T.);
#5374=EDGE_CURVE('',#4168,#4166,#2175,.T.);
#5375=EDGE_CURVE('',#4169,#4167,#2176,.T.);
#5376=EDGE_CURVE('',#4168,#4169,#2177,.T.);
#5377=EDGE_CURVE('',#4170,#4168,#2178,.T.);
#5378=EDGE_CURVE('',#4171,#4169,#2179,.T.);
#5379=EDGE_CURVE('',#4170,#4171,#2180,.T.);
#5380=EDGE_CURVE('',#4172,#4170,#2181,.T.);
#5381=EDGE_CURVE('',#4173,#4171,#2182,.T.);
#5382=EDGE_CURVE('',#4172,#4173,#2183,.T.);
#5383=EDGE_CURVE('',#4172,#4174,#1426,.T.);
#5384=EDGE_CURVE('',#4175,#4173,#1427,.T.);
#5385=EDGE_CURVE('',#4174,#4175,#2184,.T.);
#5386=EDGE_CURVE('',#4087,#4174,#2185,.T.);
#5387=EDGE_CURVE('',#4088,#4175,#2186,.T.);
#5388=EDGE_CURVE('',#4176,#4177,#2187,.T.);
#5389=EDGE_CURVE('',#4177,#4178,#2188,.T.);
#5390=EDGE_CURVE('',#4179,#4178,#2189,.T.);
#5391=EDGE_CURVE('',#4176,#4179,#2190,.T.);
#5392=EDGE_CURVE('',#4180,#4176,#2191,.T.);
#5393=EDGE_CURVE('',#4181,#4179,#2192,.T.);
#5394=EDGE_CURVE('',#4180,#4181,#2193,.T.);
#5395=EDGE_CURVE('',#4182,#4180,#2194,.T.);
#5396=EDGE_CURVE('',#4183,#4181,#2195,.T.);
#5397=EDGE_CURVE('',#4182,#4183,#2196,.T.);
#5398=EDGE_CURVE('',#4184,#4182,#2197,.T.);
#5399=EDGE_CURVE('',#4185,#4183,#2198,.T.);
#5400=EDGE_CURVE('',#4184,#4185,#2199,.T.);
#5401=EDGE_CURVE('',#4186,#4184,#2200,.T.);
#5402=EDGE_CURVE('',#4187,#4185,#2201,.T.);
#5403=EDGE_CURVE('',#4186,#4187,#2202,.T.);
#5404=EDGE_CURVE('',#4177,#4186,#2203,.T.);
#5405=EDGE_CURVE('',#4178,#4187,#2204,.T.);
#5406=EDGE_CURVE('',#4188,#4189,#2205,.T.);
#5407=EDGE_CURVE('',#4189,#4190,#2206,.T.);
#5408=EDGE_CURVE('',#4191,#4190,#2207,.T.);
#5409=EDGE_CURVE('',#4188,#4191,#2208,.T.);
#5410=EDGE_CURVE('',#4192,#4188,#2209,.T.);
#5411=EDGE_CURVE('',#4193,#4191,#2210,.T.);
#5412=EDGE_CURVE('',#4192,#4193,#2211,.T.);
#5413=EDGE_CURVE('',#4194,#4192,#2212,.T.);
#5414=EDGE_CURVE('',#4195,#4193,#2213,.T.);
#5415=EDGE_CURVE('',#4194,#4195,#2214,.T.);
#5416=EDGE_CURVE('',#4196,#4194,#2215,.T.);
#5417=EDGE_CURVE('',#4197,#4195,#2216,.T.);
#5418=EDGE_CURVE('',#4196,#4197,#2217,.T.);
#5419=EDGE_CURVE('',#4198,#4196,#2218,.T.);
#5420=EDGE_CURVE('',#4199,#4197,#2219,.T.);
#5421=EDGE_CURVE('',#4198,#4199,#2220,.T.);
#5422=EDGE_CURVE('',#4189,#4198,#2221,.T.);
#5423=EDGE_CURVE('',#4190,#4199,#2222,.T.);
#5424=EDGE_CURVE('',#4200,#4201,#2223,.T.);
#5425=EDGE_CURVE('',#4201,#4202,#2224,.T.);
#5426=EDGE_CURVE('',#4203,#4202,#2225,.T.);
#5427=EDGE_CURVE('',#4200,#4203,#2226,.T.);
#5428=EDGE_CURVE('',#4204,#4200,#2227,.T.);
#5429=EDGE_CURVE('',#4205,#4203,#2228,.T.);
#5430=EDGE_CURVE('',#4204,#4205,#2229,.T.);
#5431=EDGE_CURVE('',#4206,#4204,#2230,.T.);
#5432=EDGE_CURVE('',#4207,#4205,#2231,.T.);
#5433=EDGE_CURVE('',#4206,#4207,#2232,.T.);
#5434=EDGE_CURVE('',#4208,#4206,#2233,.T.);
#5435=EDGE_CURVE('',#4209,#4207,#2234,.T.);
#5436=EDGE_CURVE('',#4208,#4209,#2235,.T.);
#5437=EDGE_CURVE('',#4210,#4208,#2236,.T.);
#5438=EDGE_CURVE('',#4211,#4209,#2237,.T.);
#5439=EDGE_CURVE('',#4210,#4211,#2238,.T.);
#5440=EDGE_CURVE('',#4201,#4210,#2239,.T.);
#5441=EDGE_CURVE('',#4202,#4211,#2240,.T.);
#5442=EDGE_CURVE('',#4212,#4213,#2241,.T.);
#5443=EDGE_CURVE('',#4213,#4214,#2242,.T.);
#5444=EDGE_CURVE('',#4215,#4214,#2243,.T.);
#5445=EDGE_CURVE('',#4212,#4215,#2244,.T.);
#5446=EDGE_CURVE('',#4216,#4212,#2245,.T.);
#5447=EDGE_CURVE('',#4217,#4215,#2246,.T.);
#5448=EDGE_CURVE('',#4216,#4217,#2247,.T.);
#5449=EDGE_CURVE('',#4218,#4216,#2248,.T.);
#5450=EDGE_CURVE('',#4219,#4217,#2249,.T.);
#5451=EDGE_CURVE('',#4218,#4219,#2250,.T.);
#5452=EDGE_CURVE('',#4220,#4218,#2251,.T.);
#5453=EDGE_CURVE('',#4221,#4219,#2252,.T.);
#5454=EDGE_CURVE('',#4220,#4221,#2253,.T.);
#5455=EDGE_CURVE('',#4222,#4220,#2254,.T.);
#5456=EDGE_CURVE('',#4223,#4221,#2255,.T.);
#5457=EDGE_CURVE('',#4222,#4223,#2256,.T.);
#5458=EDGE_CURVE('',#4213,#4222,#2257,.T.);
#5459=EDGE_CURVE('',#4214,#4223,#2258,.T.);
#5460=EDGE_CURVE('',#4224,#4225,#2259,.T.);
#5461=EDGE_CURVE('',#4225,#4226,#2260,.T.);
#5462=EDGE_CURVE('',#4227,#4226,#2261,.T.);
#5463=EDGE_CURVE('',#4224,#4227,#2262,.T.);
#5464=EDGE_CURVE('',#4228,#4224,#2263,.T.);
#5465=EDGE_CURVE('',#4229,#4227,#2264,.T.);
#5466=EDGE_CURVE('',#4228,#4229,#2265,.T.);
#5467=EDGE_CURVE('',#4230,#4228,#2266,.T.);
#5468=EDGE_CURVE('',#4231,#4229,#2267,.T.);
#5469=EDGE_CURVE('',#4230,#4231,#2268,.T.);
#5470=EDGE_CURVE('',#4232,#4230,#2269,.T.);
#5471=EDGE_CURVE('',#4233,#4231,#2270,.T.);
#5472=EDGE_CURVE('',#4232,#4233,#2271,.T.);
#5473=EDGE_CURVE('',#4234,#4232,#2272,.T.);
#5474=EDGE_CURVE('',#4235,#4233,#2273,.T.);
#5475=EDGE_CURVE('',#4234,#4235,#2274,.T.);
#5476=EDGE_CURVE('',#4225,#4234,#2275,.T.);
#5477=EDGE_CURVE('',#4226,#4235,#2276,.T.);
#5478=EDGE_CURVE('',#4236,#4237,#2277,.T.);
#5479=EDGE_CURVE('',#4237,#4238,#2278,.T.);
#5480=EDGE_CURVE('',#4239,#4238,#2279,.T.);
#5481=EDGE_CURVE('',#4236,#4239,#2280,.T.);
#5482=EDGE_CURVE('',#4240,#4236,#2281,.T.);
#5483=EDGE_CURVE('',#4241,#4239,#2282,.T.);
#5484=EDGE_CURVE('',#4240,#4241,#2283,.T.);
#5485=EDGE_CURVE('',#4242,#4240,#2284,.T.);
#5486=EDGE_CURVE('',#4243,#4241,#2285,.T.);
#5487=EDGE_CURVE('',#4242,#4243,#2286,.T.);
#5488=EDGE_CURVE('',#4244,#4242,#2287,.T.);
#5489=EDGE_CURVE('',#4245,#4243,#2288,.T.);
#5490=EDGE_CURVE('',#4244,#4245,#2289,.T.);
#5491=EDGE_CURVE('',#4246,#4244,#2290,.T.);
#5492=EDGE_CURVE('',#4247,#4245,#2291,.T.);
#5493=EDGE_CURVE('',#4246,#4247,#2292,.T.);
#5494=EDGE_CURVE('',#4237,#4246,#2293,.T.);
#5495=EDGE_CURVE('',#4238,#4247,#2294,.T.);
#5496=EDGE_CURVE('',#4248,#4249,#2295,.T.);
#5497=EDGE_CURVE('',#4249,#4250,#2296,.T.);
#5498=EDGE_CURVE('',#4251,#4250,#2297,.T.);
#5499=EDGE_CURVE('',#4248,#4251,#2298,.T.);
#5500=EDGE_CURVE('',#4252,#4248,#2299,.T.);
#5501=EDGE_CURVE('',#4253,#4251,#2300,.T.);
#5502=EDGE_CURVE('',#4252,#4253,#2301,.T.);
#5503=EDGE_CURVE('',#4254,#4252,#2302,.T.);
#5504=EDGE_CURVE('',#4255,#4253,#2303,.T.);
#5505=EDGE_CURVE('',#4254,#4255,#2304,.T.);
#5506=EDGE_CURVE('',#4256,#4254,#2305,.T.);
#5507=EDGE_CURVE('',#4257,#4255,#2306,.T.);
#5508=EDGE_CURVE('',#4256,#4257,#2307,.T.);
#5509=EDGE_CURVE('',#4258,#4256,#2308,.T.);
#5510=EDGE_CURVE('',#4259,#4257,#2309,.T.);
#5511=EDGE_CURVE('',#4258,#4259,#2310,.T.);
#5512=EDGE_CURVE('',#4249,#4258,#2311,.T.);
#5513=EDGE_CURVE('',#4250,#4259,#2312,.T.);
#5514=EDGE_CURVE('',#4260,#4261,#2313,.T.);
#5515=EDGE_CURVE('',#4261,#4262,#2314,.T.);
#5516=EDGE_CURVE('',#4263,#4262,#2315,.T.);
#5517=EDGE_CURVE('',#4260,#4263,#2316,.T.);
#5518=EDGE_CURVE('',#4264,#4260,#2317,.T.);
#5519=EDGE_CURVE('',#4265,#4263,#2318,.T.);
#5520=EDGE_CURVE('',#4264,#4265,#2319,.T.);
#5521=EDGE_CURVE('',#4266,#4264,#2320,.T.);
#5522=EDGE_CURVE('',#4267,#4265,#2321,.T.);
#5523=EDGE_CURVE('',#4266,#4267,#2322,.T.);
#5524=EDGE_CURVE('',#4266,#4268,#1428,.T.);
#5525=EDGE_CURVE('',#4269,#4267,#1429,.T.);
#5526=EDGE_CURVE('',#4268,#4269,#2323,.T.);
#5527=EDGE_CURVE('',#4270,#4268,#2324,.T.);
#5528=EDGE_CURVE('',#4271,#4269,#2325,.T.);
#5529=EDGE_CURVE('',#4270,#4271,#2326,.T.);
#5530=EDGE_CURVE('',#4272,#4270,#2327,.T.);
#5531=EDGE_CURVE('',#4273,#4271,#2328,.T.);
#5532=EDGE_CURVE('',#4272,#4273,#2329,.T.);
#5533=EDGE_CURVE('',#4274,#4272,#2330,.T.);
#5534=EDGE_CURVE('',#4275,#4273,#2331,.T.);
#5535=EDGE_CURVE('',#4274,#4275,#2332,.T.);
#5536=EDGE_CURVE('',#4276,#4274,#2333,.T.);
#5537=EDGE_CURVE('',#4277,#4275,#2334,.T.);
#5538=EDGE_CURVE('',#4276,#4277,#2335,.T.);
#5539=EDGE_CURVE('',#4278,#4276,#2336,.T.);
#5540=EDGE_CURVE('',#4279,#4277,#2337,.T.);
#5541=EDGE_CURVE('',#4278,#4279,#2338,.T.);
#5542=EDGE_CURVE('',#4280,#4278,#2339,.T.);
#5543=EDGE_CURVE('',#4281,#4279,#2340,.T.);
#5544=EDGE_CURVE('',#4280,#4281,#2341,.T.);
#5545=EDGE_CURVE('',#4282,#4280,#2342,.T.);
#5546=EDGE_CURVE('',#4283,#4281,#2343,.T.);
#5547=EDGE_CURVE('',#4282,#4283,#2344,.T.);
#5548=EDGE_CURVE('',#4284,#4282,#2345,.T.);
#5549=EDGE_CURVE('',#4285,#4283,#2346,.T.);
#5550=EDGE_CURVE('',#4284,#4285,#2347,.T.);
#5551=EDGE_CURVE('',#4286,#4284,#2348,.T.);
#5552=EDGE_CURVE('',#4287,#4285,#2349,.T.);
#5553=EDGE_CURVE('',#4286,#4287,#2350,.T.);
#5554=EDGE_CURVE('',#4288,#4286,#2351,.T.);
#5555=EDGE_CURVE('',#4289,#4287,#2352,.T.);
#5556=EDGE_CURVE('',#4288,#4289,#2353,.T.);
#5557=EDGE_CURVE('',#4290,#4288,#2354,.T.);
#5558=EDGE_CURVE('',#4291,#4289,#2355,.T.);
#5559=EDGE_CURVE('',#4290,#4291,#2356,.T.);
#5560=EDGE_CURVE('',#4292,#4290,#2357,.T.);
#5561=EDGE_CURVE('',#4293,#4291,#2358,.T.);
#5562=EDGE_CURVE('',#4292,#4293,#2359,.T.);
#5563=EDGE_CURVE('',#4294,#4292,#2360,.T.);
#5564=EDGE_CURVE('',#4295,#4293,#2361,.T.);
#5565=EDGE_CURVE('',#4294,#4295,#2362,.T.);
#5566=EDGE_CURVE('',#4294,#4296,#1430,.T.);
#5567=EDGE_CURVE('',#4297,#4295,#1431,.T.);
#5568=EDGE_CURVE('',#4296,#4297,#2363,.T.);
#5569=EDGE_CURVE('',#4298,#4296,#2364,.T.);
#5570=EDGE_CURVE('',#4299,#4297,#2365,.T.);
#5571=EDGE_CURVE('',#4298,#4299,#2366,.T.);
#5572=EDGE_CURVE('',#4300,#4298,#2367,.T.);
#5573=EDGE_CURVE('',#4301,#4299,#2368,.T.);
#5574=EDGE_CURVE('',#4300,#4301,#2369,.T.);
#5575=EDGE_CURVE('',#4302,#4300,#2370,.T.);
#5576=EDGE_CURVE('',#4303,#4301,#2371,.T.);
#5577=EDGE_CURVE('',#4302,#4303,#2372,.T.);
#5578=EDGE_CURVE('',#4304,#4302,#2373,.T.);
#5579=EDGE_CURVE('',#4305,#4303,#2374,.T.);
#5580=EDGE_CURVE('',#4304,#4305,#2375,.T.);
#5581=EDGE_CURVE('',#4306,#4304,#2376,.T.);
#5582=EDGE_CURVE('',#4307,#4305,#2377,.T.);
#5583=EDGE_CURVE('',#4306,#4307,#2378,.T.);
#5584=EDGE_CURVE('',#4308,#4306,#2379,.T.);
#5585=EDGE_CURVE('',#4309,#4307,#2380,.T.);
#5586=EDGE_CURVE('',#4308,#4309,#2381,.T.);
#5587=EDGE_CURVE('',#4310,#4308,#2382,.T.);
#5588=EDGE_CURVE('',#4311,#4309,#2383,.T.);
#5589=EDGE_CURVE('',#4310,#4311,#2384,.T.);
#5590=EDGE_CURVE('',#4312,#4310,#2385,.T.);
#5591=EDGE_CURVE('',#4313,#4311,#2386,.T.);
#5592=EDGE_CURVE('',#4312,#4313,#2387,.T.);
#5593=EDGE_CURVE('',#4314,#4312,#2388,.T.);
#5594=EDGE_CURVE('',#4315,#4313,#2389,.T.);
#5595=EDGE_CURVE('',#4314,#4315,#2390,.T.);
#5596=EDGE_CURVE('',#4316,#4314,#2391,.T.);
#5597=EDGE_CURVE('',#4317,#4315,#2392,.T.);
#5598=EDGE_CURVE('',#4316,#4317,#2393,.T.);
#5599=EDGE_CURVE('',#4318,#4316,#2394,.T.);
#5600=EDGE_CURVE('',#4319,#4317,#2395,.T.);
#5601=EDGE_CURVE('',#4318,#4319,#2396,.T.);
#5602=EDGE_CURVE('',#4320,#4318,#2397,.T.);
#5603=EDGE_CURVE('',#4321,#4319,#2398,.T.);
#5604=EDGE_CURVE('',#4320,#4321,#2399,.T.);
#5605=EDGE_CURVE('',#4322,#4320,#2400,.T.);
#5606=EDGE_CURVE('',#4323,#4321,#2401,.T.);
#5607=EDGE_CURVE('',#4322,#4323,#2402,.T.);
#5608=EDGE_CURVE('',#4324,#4322,#2403,.T.);
#5609=EDGE_CURVE('',#4325,#4323,#2404,.T.);
#5610=EDGE_CURVE('',#4324,#4325,#2405,.T.);
#5611=EDGE_CURVE('',#4326,#4324,#2406,.T.);
#5612=EDGE_CURVE('',#4327,#4325,#2407,.T.);
#5613=EDGE_CURVE('',#4326,#4327,#2408,.T.);
#5614=EDGE_CURVE('',#4328,#4326,#2409,.T.);
#5615=EDGE_CURVE('',#4329,#4327,#2410,.T.);
#5616=EDGE_CURVE('',#4328,#4329,#2411,.T.);
#5617=EDGE_CURVE('',#4330,#4328,#2412,.T.);
#5618=EDGE_CURVE('',#4331,#4329,#2413,.T.);
#5619=EDGE_CURVE('',#4330,#4331,#2414,.T.);
#5620=EDGE_CURVE('',#4332,#4330,#2415,.T.);
#5621=EDGE_CURVE('',#4333,#4331,#2416,.T.);
#5622=EDGE_CURVE('',#4332,#4333,#2417,.T.);
#5623=EDGE_CURVE('',#4334,#4332,#2418,.T.);
#5624=EDGE_CURVE('',#4335,#4333,#2419,.T.);
#5625=EDGE_CURVE('',#4334,#4335,#2420,.T.);
#5626=EDGE_CURVE('',#4336,#4334,#2421,.T.);
#5627=EDGE_CURVE('',#4337,#4335,#2422,.T.);
#5628=EDGE_CURVE('',#4336,#4337,#2423,.T.);
#5629=EDGE_CURVE('',#4338,#4336,#2424,.T.);
#5630=EDGE_CURVE('',#4339,#4337,#2425,.T.);
#5631=EDGE_CURVE('',#4338,#4339,#2426,.T.);
#5632=EDGE_CURVE('',#4340,#4338,#2427,.T.);
#5633=EDGE_CURVE('',#4341,#4339,#2428,.T.);
#5634=EDGE_CURVE('',#4340,#4341,#2429,.T.);
#5635=EDGE_CURVE('',#4342,#4340,#2430,.T.);
#5636=EDGE_CURVE('',#4343,#4341,#2431,.T.);
#5637=EDGE_CURVE('',#4342,#4343,#2432,.T.);
#5638=EDGE_CURVE('',#4344,#4342,#2433,.T.);
#5639=EDGE_CURVE('',#4345,#4343,#2434,.T.);
#5640=EDGE_CURVE('',#4344,#4345,#2435,.T.);
#5641=EDGE_CURVE('',#4346,#4344,#2436,.T.);
#5642=EDGE_CURVE('',#4347,#4345,#2437,.T.);
#5643=EDGE_CURVE('',#4346,#4347,#2438,.T.);
#5644=EDGE_CURVE('',#4348,#4346,#2439,.T.);
#5645=EDGE_CURVE('',#4349,#4347,#2440,.T.);
#5646=EDGE_CURVE('',#4348,#4349,#2441,.T.);
#5647=EDGE_CURVE('',#4350,#4348,#2442,.T.);
#5648=EDGE_CURVE('',#4351,#4349,#2443,.T.);
#5649=EDGE_CURVE('',#4350,#4351,#2444,.T.);
#5650=EDGE_CURVE('',#4352,#4350,#2445,.T.);
#5651=EDGE_CURVE('',#4353,#4351,#2446,.T.);
#5652=EDGE_CURVE('',#4352,#4353,#2447,.T.);
#5653=EDGE_CURVE('',#4354,#4352,#2448,.T.);
#5654=EDGE_CURVE('',#4355,#4353,#2449,.T.);
#5655=EDGE_CURVE('',#4354,#4355,#2450,.T.);
#5656=EDGE_CURVE('',#4356,#4354,#2451,.T.);
#5657=EDGE_CURVE('',#4357,#4355,#2452,.T.);
#5658=EDGE_CURVE('',#4356,#4357,#2453,.T.);
#5659=EDGE_CURVE('',#4358,#4356,#2454,.T.);
#5660=EDGE_CURVE('',#4359,#4357,#2455,.T.);
#5661=EDGE_CURVE('',#4358,#4359,#2456,.T.);
#5662=EDGE_CURVE('',#4360,#4358,#2457,.T.);
#5663=EDGE_CURVE('',#4361,#4359,#2458,.T.);
#5664=EDGE_CURVE('',#4360,#4361,#2459,.T.);
#5665=EDGE_CURVE('',#4362,#4360,#2460,.T.);
#5666=EDGE_CURVE('',#4363,#4361,#2461,.T.);
#5667=EDGE_CURVE('',#4362,#4363,#2462,.T.);
#5668=EDGE_CURVE('',#4364,#4362,#2463,.T.);
#5669=EDGE_CURVE('',#4365,#4363,#2464,.T.);
#5670=EDGE_CURVE('',#4364,#4365,#2465,.T.);
#5671=EDGE_CURVE('',#4366,#4364,#2466,.T.);
#5672=EDGE_CURVE('',#4367,#4365,#2467,.T.);
#5673=EDGE_CURVE('',#4366,#4367,#2468,.T.);
#5674=EDGE_CURVE('',#4368,#4366,#2469,.T.);
#5675=EDGE_CURVE('',#4369,#4367,#2470,.T.);
#5676=EDGE_CURVE('',#4368,#4369,#2471,.T.);
#5677=EDGE_CURVE('',#4370,#4368,#2472,.T.);
#5678=EDGE_CURVE('',#4371,#4369,#2473,.T.);
#5679=EDGE_CURVE('',#4370,#4371,#2474,.T.);
#5680=EDGE_CURVE('',#4261,#4370,#2475,.T.);
#5681=EDGE_CURVE('',#4262,#4371,#2476,.T.);
#5682=ORIENTED_EDGE('',*,*,#4372,.F.);
#5683=ORIENTED_EDGE('',*,*,#4373,.F.);
#5684=ORIENTED_EDGE('',*,*,#4374,.F.);
#5685=ORIENTED_EDGE('',*,*,#4375,.F.);
#5686=ORIENTED_EDGE('',*,*,#4376,.F.);
#5687=ORIENTED_EDGE('',*,*,#4377,.F.);
#5688=ORIENTED_EDGE('',*,*,#4378,.F.);
#5689=ORIENTED_EDGE('',*,*,#4379,.F.);
#5690=ORIENTED_EDGE('',*,*,#4380,.F.);
#5691=ORIENTED_EDGE('',*,*,#4381,.F.);
#5692=ORIENTED_EDGE('',*,*,#4382,.F.);
#5693=ORIENTED_EDGE('',*,*,#4383,.F.);
#5694=ORIENTED_EDGE('',*,*,#4384,.F.);
#5695=ORIENTED_EDGE('',*,*,#4385,.F.);
#5696=ORIENTED_EDGE('',*,*,#4386,.F.);
#5697=ORIENTED_EDGE('',*,*,#4387,.F.);
#5698=ORIENTED_EDGE('',*,*,#4388,.F.);
#5699=ORIENTED_EDGE('',*,*,#4389,.F.);
#5700=ORIENTED_EDGE('',*,*,#4375,.T.);
#5701=ORIENTED_EDGE('',*,*,#4390,.T.);
#5702=ORIENTED_EDGE('',*,*,#4391,.T.);
#5703=ORIENTED_EDGE('',*,*,#4392,.F.);
#5704=ORIENTED_EDGE('',*,*,#4374,.T.);
#5705=ORIENTED_EDGE('',*,*,#4393,.T.);
#5706=ORIENTED_EDGE('',*,*,#4394,.F.);
#5707=ORIENTED_EDGE('',*,*,#4390,.F.);
#5708=ORIENTED_EDGE('',*,*,#4373,.T.);
#5709=ORIENTED_EDGE('',*,*,#4395,.T.);
#5710=ORIENTED_EDGE('',*,*,#4396,.F.);
#5711=ORIENTED_EDGE('',*,*,#4393,.F.);
#5712=ORIENTED_EDGE('',*,*,#4382,.T.);
#5713=ORIENTED_EDGE('',*,*,#4397,.T.);
#5714=ORIENTED_EDGE('',*,*,#4398,.T.);
#5715=ORIENTED_EDGE('',*,*,#4399,.T.);
#5716=ORIENTED_EDGE('',*,*,#4381,.T.);
#5717=ORIENTED_EDGE('',*,*,#4400,.F.);
#5718=ORIENTED_EDGE('',*,*,#4401,.F.);
#5719=ORIENTED_EDGE('',*,*,#4397,.F.);
#5720=ORIENTED_EDGE('',*,*,#4380,.T.);
#5721=ORIENTED_EDGE('',*,*,#4402,.F.);
#5722=ORIENTED_EDGE('',*,*,#4403,.F.);
#5723=ORIENTED_EDGE('',*,*,#4400,.T.);
#5724=ORIENTED_EDGE('',*,*,#4386,.T.);
#5725=ORIENTED_EDGE('',*,*,#4404,.T.);
#5726=ORIENTED_EDGE('',*,*,#4405,.T.);
#5727=ORIENTED_EDGE('',*,*,#4406,.T.);
#5728=ORIENTED_EDGE('',*,*,#4385,.T.);
#5729=ORIENTED_EDGE('',*,*,#4407,.F.);
#5730=ORIENTED_EDGE('',*,*,#4408,.F.);
#5731=ORIENTED_EDGE('',*,*,#4404,.F.);
#5732=ORIENTED_EDGE('',*,*,#4409,.F.);
#5733=ORIENTED_EDGE('',*,*,#4410,.T.);
#5734=ORIENTED_EDGE('',*,*,#4411,.T.);
#5735=ORIENTED_EDGE('',*,*,#4412,.T.);
#5736=ORIENTED_EDGE('',*,*,#4412,.F.);
#5737=ORIENTED_EDGE('',*,*,#4413,.T.);
#5738=ORIENTED_EDGE('',*,*,#4414,.T.);
#5739=ORIENTED_EDGE('',*,*,#4415,.T.);
#5740=ORIENTED_EDGE('',*,*,#4416,.F.);
#5741=ORIENTED_EDGE('',*,*,#4417,.T.);
#5742=ORIENTED_EDGE('',*,*,#4418,.T.);
#5743=ORIENTED_EDGE('',*,*,#4419,.T.);
#5744=ORIENTED_EDGE('',*,*,#4416,.T.);
#5745=ORIENTED_EDGE('',*,*,#4420,.F.);
#5746=ORIENTED_EDGE('',*,*,#4421,.T.);
#5747=ORIENTED_EDGE('',*,*,#4422,.F.);
#5748=ORIENTED_EDGE('',*,*,#4423,.F.);
#5749=ORIENTED_EDGE('',*,*,#4424,.F.);
#5750=ORIENTED_EDGE('',*,*,#4425,.F.);
#5751=ORIENTED_EDGE('',*,*,#4426,.F.);
#5752=ORIENTED_EDGE('',*,*,#4419,.F.);
#5753=ORIENTED_EDGE('',*,*,#4427,.F.);
#5754=ORIENTED_EDGE('',*,*,#4428,.F.);
#5755=ORIENTED_EDGE('',*,*,#4429,.F.);
#5756=ORIENTED_EDGE('',*,*,#4420,.T.);
#5757=ORIENTED_EDGE('',*,*,#4410,.F.);
#5758=ORIENTED_EDGE('',*,*,#4430,.T.);
#5759=ORIENTED_EDGE('',*,*,#4431,.F.);
#5760=ORIENTED_EDGE('',*,*,#4432,.F.);
#5761=ORIENTED_EDGE('',*,*,#4433,.F.);
#5762=ORIENTED_EDGE('',*,*,#4434,.F.);
#5763=ORIENTED_EDGE('',*,*,#4435,.F.);
#5764=ORIENTED_EDGE('',*,*,#4436,.F.);
#5765=ORIENTED_EDGE('',*,*,#4437,.T.);
#5766=ORIENTED_EDGE('',*,*,#4438,.F.);
#5767=ORIENTED_EDGE('',*,*,#4439,.T.);
#5768=ORIENTED_EDGE('',*,*,#4440,.F.);
#5769=ORIENTED_EDGE('',*,*,#4441,.T.);
#5770=ORIENTED_EDGE('',*,*,#4442,.T.);
#5771=ORIENTED_EDGE('',*,*,#4443,.T.);
#5772=ORIENTED_EDGE('',*,*,#4444,.F.);
#5773=ORIENTED_EDGE('',*,*,#4445,.T.);
#5774=ORIENTED_EDGE('',*,*,#4446,.F.);
#5775=ORIENTED_EDGE('',*,*,#4447,.T.);
#5776=ORIENTED_EDGE('',*,*,#4413,.F.);
#5777=ORIENTED_EDGE('',*,*,#4411,.F.);
#5778=ORIENTED_EDGE('',*,*,#4433,.T.);
#5779=ORIENTED_EDGE('',*,*,#4448,.T.);
#5780=ORIENTED_EDGE('',*,*,#4427,.T.);
#5781=ORIENTED_EDGE('',*,*,#4418,.F.);
#5782=ORIENTED_EDGE('',*,*,#4449,.F.);
#5783=ORIENTED_EDGE('',*,*,#4450,.F.);
#5784=ORIENTED_EDGE('',*,*,#4451,.F.);
#5785=ORIENTED_EDGE('',*,*,#4452,.T.);
#5786=ORIENTED_EDGE('',*,*,#4453,.F.);
#5787=ORIENTED_EDGE('',*,*,#4454,.F.);
#5788=ORIENTED_EDGE('',*,*,#4455,.T.);
#5789=ORIENTED_EDGE('',*,*,#4456,.F.);
#5790=ORIENTED_EDGE('',*,*,#4391,.F.);
#5791=ORIENTED_EDGE('',*,*,#4394,.T.);
#5792=ORIENTED_EDGE('',*,*,#4396,.T.);
#5793=ORIENTED_EDGE('',*,*,#4457,.F.);
#5794=ORIENTED_EDGE('',*,*,#4398,.F.);
#5795=ORIENTED_EDGE('',*,*,#4401,.T.);
#5796=ORIENTED_EDGE('',*,*,#4403,.T.);
#5797=ORIENTED_EDGE('',*,*,#4458,.T.);
#5798=ORIENTED_EDGE('',*,*,#4459,.F.);
#5799=ORIENTED_EDGE('',*,*,#4460,.F.);
#5800=ORIENTED_EDGE('',*,*,#4405,.F.);
#5801=ORIENTED_EDGE('',*,*,#4408,.T.);
#5802=ORIENTED_EDGE('',*,*,#4461,.T.);
#5803=ORIENTED_EDGE('',*,*,#4462,.T.);
#5804=ORIENTED_EDGE('',*,*,#4417,.F.);
#5805=ORIENTED_EDGE('',*,*,#4426,.T.);
#5806=ORIENTED_EDGE('',*,*,#4463,.T.);
#5807=ORIENTED_EDGE('',*,*,#4449,.T.);
#5808=ORIENTED_EDGE('',*,*,#4448,.F.);
#5809=ORIENTED_EDGE('',*,*,#4432,.T.);
#5810=ORIENTED_EDGE('',*,*,#4464,.F.);
#5811=ORIENTED_EDGE('',*,*,#4465,.T.);
#5812=ORIENTED_EDGE('',*,*,#4466,.F.);
#5813=ORIENTED_EDGE('',*,*,#4467,.F.);
#5814=ORIENTED_EDGE('',*,*,#4445,.F.);
#5815=ORIENTED_EDGE('',*,*,#4468,.T.);
#5816=ORIENTED_EDGE('',*,*,#4469,.T.);
#5817=ORIENTED_EDGE('',*,*,#4470,.T.);
#5818=ORIENTED_EDGE('',*,*,#4471,.T.);
#5819=ORIENTED_EDGE('',*,*,#4472,.T.);
#5820=ORIENTED_EDGE('',*,*,#4473,.T.);
#5821=ORIENTED_EDGE('',*,*,#4474,.T.);
#5822=ORIENTED_EDGE('',*,*,#4437,.F.);
#5823=ORIENTED_EDGE('',*,*,#4475,.F.);
#5824=ORIENTED_EDGE('',*,*,#4476,.T.);
#5825=ORIENTED_EDGE('',*,*,#4477,.T.);
#5826=ORIENTED_EDGE('',*,*,#4478,.F.);
#5827=ORIENTED_EDGE('',*,*,#4479,.T.);
#5828=ORIENTED_EDGE('',*,*,#4480,.T.);
#5829=ORIENTED_EDGE('',*,*,#4481,.F.);
#5830=ORIENTED_EDGE('',*,*,#4482,.T.);
#5831=ORIENTED_EDGE('',*,*,#4483,.T.);
#5832=ORIENTED_EDGE('',*,*,#4484,.T.);
#5833=ORIENTED_EDGE('',*,*,#4485,.T.);
#5834=ORIENTED_EDGE('',*,*,#4486,.T.);
#5835=ORIENTED_EDGE('',*,*,#4487,.T.);
#5836=ORIENTED_EDGE('',*,*,#4488,.T.);
#5837=ORIENTED_EDGE('',*,*,#4489,.T.);
#5838=ORIENTED_EDGE('',*,*,#4490,.T.);
#5839=ORIENTED_EDGE('',*,*,#4491,.T.);
#5840=ORIENTED_EDGE('',*,*,#4492,.T.);
#5841=ORIENTED_EDGE('',*,*,#4493,.T.);
#5842=ORIENTED_EDGE('',*,*,#4494,.T.);
#5843=ORIENTED_EDGE('',*,*,#4495,.T.);
#5844=ORIENTED_EDGE('',*,*,#4496,.T.);
#5845=ORIENTED_EDGE('',*,*,#4497,.F.);
#5846=ORIENTED_EDGE('',*,*,#4498,.F.);
#5847=ORIENTED_EDGE('',*,*,#4499,.F.);
#5848=ORIENTED_EDGE('',*,*,#4500,.F.);
#5849=ORIENTED_EDGE('',*,*,#4501,.F.);
#5850=ORIENTED_EDGE('',*,*,#4502,.F.);
#5851=ORIENTED_EDGE('',*,*,#4503,.F.);
#5852=ORIENTED_EDGE('',*,*,#4504,.F.);
#5853=ORIENTED_EDGE('',*,*,#4505,.F.);
#5854=ORIENTED_EDGE('',*,*,#4506,.F.);
#5855=ORIENTED_EDGE('',*,*,#4507,.F.);
#5856=ORIENTED_EDGE('',*,*,#4508,.T.);
#5857=ORIENTED_EDGE('',*,*,#4509,.F.);
#5858=ORIENTED_EDGE('',*,*,#4510,.F.);
#5859=ORIENTED_EDGE('',*,*,#4511,.F.);
#5860=ORIENTED_EDGE('',*,*,#4512,.F.);
#5861=ORIENTED_EDGE('',*,*,#4513,.F.);
#5862=ORIENTED_EDGE('',*,*,#4514,.F.);
#5863=ORIENTED_EDGE('',*,*,#4515,.F.);
#5864=ORIENTED_EDGE('',*,*,#4452,.F.);
#5865=ORIENTED_EDGE('',*,*,#4516,.F.);
#5866=ORIENTED_EDGE('',*,*,#4517,.F.);
#5867=ORIENTED_EDGE('',*,*,#4518,.F.);
#5868=ORIENTED_EDGE('',*,*,#4519,.F.);
#5869=ORIENTED_EDGE('',*,*,#4428,.T.);
#5870=ORIENTED_EDGE('',*,*,#4520,.T.);
#5871=ORIENTED_EDGE('',*,*,#4521,.T.);
#5872=ORIENTED_EDGE('',*,*,#4522,.T.);
#5873=ORIENTED_EDGE('',*,*,#4523,.T.);
#5874=ORIENTED_EDGE('',*,*,#4524,.T.);
#5875=ORIENTED_EDGE('',*,*,#4525,.T.);
#5876=ORIENTED_EDGE('',*,*,#4526,.T.);
#5877=ORIENTED_EDGE('',*,*,#4527,.T.);
#5878=ORIENTED_EDGE('',*,*,#4409,.T.);
#5879=ORIENTED_EDGE('',*,*,#4415,.F.);
#5880=ORIENTED_EDGE('',*,*,#4528,.F.);
#5881=ORIENTED_EDGE('',*,*,#4529,.F.);
#5882=ORIENTED_EDGE('',*,*,#4530,.F.);
#5883=ORIENTED_EDGE('',*,*,#4531,.F.);
#5884=ORIENTED_EDGE('',*,*,#4532,.T.);
#5885=ORIENTED_EDGE('',*,*,#4430,.F.);
#5886=ORIENTED_EDGE('',*,*,#4533,.T.);
#5887=ORIENTED_EDGE('',*,*,#4534,.T.);
#5888=ORIENTED_EDGE('',*,*,#4535,.T.);
#5889=ORIENTED_EDGE('',*,*,#4536,.T.);
#5890=ORIENTED_EDGE('',*,*,#4537,.T.);
#5891=ORIENTED_EDGE('',*,*,#4538,.T.);
#5892=ORIENTED_EDGE('',*,*,#4533,.F.);
#5893=ORIENTED_EDGE('',*,*,#4539,.T.);
#5894=ORIENTED_EDGE('',*,*,#4540,.T.);
#5895=ORIENTED_EDGE('',*,*,#4541,.T.);
#5896=ORIENTED_EDGE('',*,*,#4537,.F.);
#5897=ORIENTED_EDGE('',*,*,#4542,.T.);
#5898=ORIENTED_EDGE('',*,*,#4543,.T.);
#5899=ORIENTED_EDGE('',*,*,#4544,.T.);
#5900=ORIENTED_EDGE('',*,*,#4540,.F.);
#5901=ORIENTED_EDGE('',*,*,#4545,.T.);
#5902=ORIENTED_EDGE('',*,*,#4546,.T.);
#5903=ORIENTED_EDGE('',*,*,#4547,.T.);
#5904=ORIENTED_EDGE('',*,*,#4543,.F.);
#5905=ORIENTED_EDGE('',*,*,#4548,.T.);
#5906=ORIENTED_EDGE('',*,*,#4549,.T.);
#5907=ORIENTED_EDGE('',*,*,#4550,.T.);
#5908=ORIENTED_EDGE('',*,*,#4546,.F.);
#5909=ORIENTED_EDGE('',*,*,#4551,.T.);
#5910=ORIENTED_EDGE('',*,*,#4549,.F.);
#5911=ORIENTED_EDGE('',*,*,#4552,.T.);
#5912=ORIENTED_EDGE('',*,*,#4553,.T.);
#5913=ORIENTED_EDGE('',*,*,#4554,.T.);
#5914=ORIENTED_EDGE('',*,*,#4555,.T.);
#5915=ORIENTED_EDGE('',*,*,#4556,.T.);
#5916=ORIENTED_EDGE('',*,*,#4553,.F.);
#5917=ORIENTED_EDGE('',*,*,#4557,.T.);
#5918=ORIENTED_EDGE('',*,*,#4558,.T.);
#5919=ORIENTED_EDGE('',*,*,#4559,.T.);
#5920=ORIENTED_EDGE('',*,*,#4555,.F.);
#5921=ORIENTED_EDGE('',*,*,#4560,.T.);
#5922=ORIENTED_EDGE('',*,*,#4561,.T.);
#5923=ORIENTED_EDGE('',*,*,#4562,.T.);
#5924=ORIENTED_EDGE('',*,*,#4558,.F.);
#5925=ORIENTED_EDGE('',*,*,#4563,.T.);
#5926=ORIENTED_EDGE('',*,*,#4564,.T.);
#5927=ORIENTED_EDGE('',*,*,#4565,.T.);
#5928=ORIENTED_EDGE('',*,*,#4561,.F.);
#5929=ORIENTED_EDGE('',*,*,#4566,.T.);
#5930=ORIENTED_EDGE('',*,*,#4535,.F.);
#5931=ORIENTED_EDGE('',*,*,#4567,.T.);
#5932=ORIENTED_EDGE('',*,*,#4564,.F.);
#5933=ORIENTED_EDGE('',*,*,#4568,.T.);
#5934=ORIENTED_EDGE('',*,*,#4551,.F.);
#5935=ORIENTED_EDGE('',*,*,#4569,.F.);
#5936=ORIENTED_EDGE('',*,*,#4442,.F.);
#5937=ORIENTED_EDGE('',*,*,#4570,.F.);
#5938=ORIENTED_EDGE('',*,*,#4548,.F.);
#5939=ORIENTED_EDGE('',*,*,#4571,.F.);
#5940=ORIENTED_EDGE('',*,*,#4443,.F.);
#5941=ORIENTED_EDGE('',*,*,#4569,.T.);
#5942=ORIENTED_EDGE('',*,*,#4545,.F.);
#5943=ORIENTED_EDGE('',*,*,#4572,.T.);
#5944=ORIENTED_EDGE('',*,*,#4468,.F.);
#5945=ORIENTED_EDGE('',*,*,#4444,.T.);
#5946=ORIENTED_EDGE('',*,*,#4571,.T.);
#5947=ORIENTED_EDGE('',*,*,#4542,.F.);
#5948=ORIENTED_EDGE('',*,*,#4573,.T.);
#5949=ORIENTED_EDGE('',*,*,#4469,.F.);
#5950=ORIENTED_EDGE('',*,*,#4572,.F.);
#5951=ORIENTED_EDGE('',*,*,#4539,.F.);
#5952=ORIENTED_EDGE('',*,*,#4574,.T.);
#5953=ORIENTED_EDGE('',*,*,#4470,.F.);
#5954=ORIENTED_EDGE('',*,*,#4573,.F.);
#5955=ORIENTED_EDGE('',*,*,#4536,.F.);
#5956=ORIENTED_EDGE('',*,*,#4575,.T.);
#5957=ORIENTED_EDGE('',*,*,#4471,.F.);
#5958=ORIENTED_EDGE('',*,*,#4574,.F.);
#5959=ORIENTED_EDGE('',*,*,#4576,.F.);
#5960=ORIENTED_EDGE('',*,*,#4577,.F.);
#5961=ORIENTED_EDGE('',*,*,#4578,.F.);
#5962=ORIENTED_EDGE('',*,*,#4579,.F.);
#5963=ORIENTED_EDGE('',*,*,#4580,.F.);
#5964=ORIENTED_EDGE('',*,*,#4581,.F.);
#5965=ORIENTED_EDGE('',*,*,#4582,.F.);
#5966=ORIENTED_EDGE('',*,*,#4583,.F.);
#5967=ORIENTED_EDGE('',*,*,#4584,.F.);
#5968=ORIENTED_EDGE('',*,*,#4585,.F.);
#5969=ORIENTED_EDGE('',*,*,#4586,.F.);
#5970=ORIENTED_EDGE('',*,*,#4587,.F.);
#5971=ORIENTED_EDGE('',*,*,#4588,.F.);
#5972=ORIENTED_EDGE('',*,*,#4589,.F.);
#5973=ORIENTED_EDGE('',*,*,#4590,.F.);
#5974=ORIENTED_EDGE('',*,*,#4591,.F.);
#5975=ORIENTED_EDGE('',*,*,#4592,.F.);
#5976=ORIENTED_EDGE('',*,*,#4593,.F.);
#5977=ORIENTED_EDGE('',*,*,#4594,.F.);
#5978=ORIENTED_EDGE('',*,*,#4595,.F.);
#5979=ORIENTED_EDGE('',*,*,#4596,.F.);
#5980=ORIENTED_EDGE('',*,*,#4597,.F.);
#5981=ORIENTED_EDGE('',*,*,#4598,.F.);
#5982=ORIENTED_EDGE('',*,*,#4599,.F.);
#5983=ORIENTED_EDGE('',*,*,#4600,.F.);
#5984=ORIENTED_EDGE('',*,*,#4601,.F.);
#5985=ORIENTED_EDGE('',*,*,#4602,.F.);
#5986=ORIENTED_EDGE('',*,*,#4603,.F.);
#5987=ORIENTED_EDGE('',*,*,#4604,.F.);
#5988=ORIENTED_EDGE('',*,*,#4605,.F.);
#5989=ORIENTED_EDGE('',*,*,#4606,.F.);
#5990=ORIENTED_EDGE('',*,*,#4607,.F.);
#5991=ORIENTED_EDGE('',*,*,#4608,.F.);
#5992=ORIENTED_EDGE('',*,*,#4609,.F.);
#5993=ORIENTED_EDGE('',*,*,#4610,.F.);
#5994=ORIENTED_EDGE('',*,*,#4611,.F.);
#5995=ORIENTED_EDGE('',*,*,#4612,.F.);
#5996=ORIENTED_EDGE('',*,*,#4613,.F.);
#5997=ORIENTED_EDGE('',*,*,#4614,.F.);
#5998=ORIENTED_EDGE('',*,*,#4615,.F.);
#5999=ORIENTED_EDGE('',*,*,#4616,.F.);
#6000=ORIENTED_EDGE('',*,*,#4617,.F.);
#6001=ORIENTED_EDGE('',*,*,#4534,.F.);
#6002=ORIENTED_EDGE('',*,*,#4538,.F.);
#6003=ORIENTED_EDGE('',*,*,#4541,.F.);
#6004=ORIENTED_EDGE('',*,*,#4544,.F.);
#6005=ORIENTED_EDGE('',*,*,#4547,.F.);
#6006=ORIENTED_EDGE('',*,*,#4550,.F.);
#6007=ORIENTED_EDGE('',*,*,#4554,.F.);
#6008=ORIENTED_EDGE('',*,*,#4556,.F.);
#6009=ORIENTED_EDGE('',*,*,#4559,.F.);
#6010=ORIENTED_EDGE('',*,*,#4562,.F.);
#6011=ORIENTED_EDGE('',*,*,#4565,.F.);
#6012=ORIENTED_EDGE('',*,*,#4567,.F.);
#6013=ORIENTED_EDGE('',*,*,#4618,.T.);
#6014=ORIENTED_EDGE('',*,*,#4592,.T.);
#6015=ORIENTED_EDGE('',*,*,#4619,.T.);
#6016=ORIENTED_EDGE('',*,*,#4620,.T.);
#6017=ORIENTED_EDGE('',*,*,#4618,.F.);
#6018=ORIENTED_EDGE('',*,*,#4621,.T.);
#6019=ORIENTED_EDGE('',*,*,#4622,.T.);
#6020=ORIENTED_EDGE('',*,*,#4593,.T.);
#6021=ORIENTED_EDGE('',*,*,#4623,.T.);
#6022=ORIENTED_EDGE('',*,*,#4594,.T.);
#6023=ORIENTED_EDGE('',*,*,#4622,.F.);
#6024=ORIENTED_EDGE('',*,*,#4624,.T.);
#6025=ORIENTED_EDGE('',*,*,#4625,.T.);
#6026=ORIENTED_EDGE('',*,*,#4595,.T.);
#6027=ORIENTED_EDGE('',*,*,#4623,.F.);
#6028=ORIENTED_EDGE('',*,*,#4626,.T.);
#6029=ORIENTED_EDGE('',*,*,#4627,.T.);
#6030=ORIENTED_EDGE('',*,*,#4596,.T.);
#6031=ORIENTED_EDGE('',*,*,#4625,.F.);
#6032=ORIENTED_EDGE('',*,*,#4628,.T.);
#6033=ORIENTED_EDGE('',*,*,#4629,.T.);
#6034=ORIENTED_EDGE('',*,*,#4597,.T.);
#6035=ORIENTED_EDGE('',*,*,#4627,.F.);
#6036=ORIENTED_EDGE('',*,*,#4630,.T.);
#6037=ORIENTED_EDGE('',*,*,#4631,.T.);
#6038=ORIENTED_EDGE('',*,*,#4598,.T.);
#6039=ORIENTED_EDGE('',*,*,#4629,.F.);
#6040=ORIENTED_EDGE('',*,*,#4632,.T.);
#6041=ORIENTED_EDGE('',*,*,#4631,.F.);
#6042=ORIENTED_EDGE('',*,*,#4633,.T.);
#6043=ORIENTED_EDGE('',*,*,#4634,.T.);
#6044=ORIENTED_EDGE('',*,*,#4599,.T.);
#6045=ORIENTED_EDGE('',*,*,#4635,.T.);
#6046=ORIENTED_EDGE('',*,*,#4600,.T.);
#6047=ORIENTED_EDGE('',*,*,#4634,.F.);
#6048=ORIENTED_EDGE('',*,*,#4636,.T.);
#6049=ORIENTED_EDGE('',*,*,#4635,.F.);
#6050=ORIENTED_EDGE('',*,*,#4637,.T.);
#6051=ORIENTED_EDGE('',*,*,#4619,.F.);
#6052=ORIENTED_EDGE('',*,*,#4601,.T.);
#6053=ORIENTED_EDGE('',*,*,#4628,.F.);
#6054=ORIENTED_EDGE('',*,*,#4638,.T.);
#6055=ORIENTED_EDGE('',*,*,#4639,.F.);
#6056=ORIENTED_EDGE('',*,*,#4640,.F.);
#6057=ORIENTED_EDGE('',*,*,#4626,.F.);
#6058=ORIENTED_EDGE('',*,*,#4641,.T.);
#6059=ORIENTED_EDGE('',*,*,#4642,.F.);
#6060=ORIENTED_EDGE('',*,*,#4638,.F.);
#6061=ORIENTED_EDGE('',*,*,#4624,.F.);
#6062=ORIENTED_EDGE('',*,*,#4643,.F.);
#6063=ORIENTED_EDGE('',*,*,#4644,.F.);
#6064=ORIENTED_EDGE('',*,*,#4641,.F.);
#6065=ORIENTED_EDGE('',*,*,#4621,.F.);
#6066=ORIENTED_EDGE('',*,*,#4645,.T.);
#6067=ORIENTED_EDGE('',*,*,#4646,.T.);
#6068=ORIENTED_EDGE('',*,*,#4643,.T.);
#6069=ORIENTED_EDGE('',*,*,#4620,.F.);
#6070=ORIENTED_EDGE('',*,*,#4647,.F.);
#6071=ORIENTED_EDGE('',*,*,#4648,.F.);
#6072=ORIENTED_EDGE('',*,*,#4649,.F.);
#6073=ORIENTED_EDGE('',*,*,#4650,.F.);
#6074=ORIENTED_EDGE('',*,*,#4651,.F.);
#6075=ORIENTED_EDGE('',*,*,#4652,.F.);
#6076=ORIENTED_EDGE('',*,*,#4653,.F.);
#6077=ORIENTED_EDGE('',*,*,#4654,.T.);
#6078=ORIENTED_EDGE('',*,*,#4655,.T.);
#6079=ORIENTED_EDGE('',*,*,#4656,.F.);
#6080=ORIENTED_EDGE('',*,*,#4657,.F.);
#6081=ORIENTED_EDGE('',*,*,#4658,.T.);
#6082=ORIENTED_EDGE('',*,*,#4659,.T.);
#6083=ORIENTED_EDGE('',*,*,#4660,.F.);
#6084=ORIENTED_EDGE('',*,*,#4661,.F.);
#6085=ORIENTED_EDGE('',*,*,#4662,.T.);
#6086=ORIENTED_EDGE('',*,*,#4663,.F.);
#6087=ORIENTED_EDGE('',*,*,#4664,.F.);
#6088=ORIENTED_EDGE('',*,*,#4645,.F.);
#6089=ORIENTED_EDGE('',*,*,#4665,.T.);
#6090=ORIENTED_EDGE('',*,*,#4666,.T.);
#6091=ORIENTED_EDGE('',*,*,#4667,.T.);
#6092=ORIENTED_EDGE('',*,*,#4610,.T.);
#6093=ORIENTED_EDGE('',*,*,#4668,.T.);
#6094=ORIENTED_EDGE('',*,*,#4669,.T.);
#6095=ORIENTED_EDGE('',*,*,#4670,.T.);
#6096=ORIENTED_EDGE('',*,*,#4611,.T.);
#6097=ORIENTED_EDGE('',*,*,#4667,.F.);
#6098=ORIENTED_EDGE('',*,*,#4671,.T.);
#6099=ORIENTED_EDGE('',*,*,#4670,.F.);
#6100=ORIENTED_EDGE('',*,*,#4672,.T.);
#6101=ORIENTED_EDGE('',*,*,#4673,.T.);
#6102=ORIENTED_EDGE('',*,*,#4612,.T.);
#6103=ORIENTED_EDGE('',*,*,#4674,.T.);
#6104=ORIENTED_EDGE('',*,*,#4613,.T.);
#6105=ORIENTED_EDGE('',*,*,#4673,.F.);
#6106=ORIENTED_EDGE('',*,*,#4675,.T.);
#6107=ORIENTED_EDGE('',*,*,#4674,.F.);
#6108=ORIENTED_EDGE('',*,*,#4676,.T.);
#6109=ORIENTED_EDGE('',*,*,#4677,.T.);
#6110=ORIENTED_EDGE('',*,*,#4614,.T.);
#6111=ORIENTED_EDGE('',*,*,#4678,.T.);
#6112=ORIENTED_EDGE('',*,*,#4615,.T.);
#6113=ORIENTED_EDGE('',*,*,#4677,.F.);
#6114=ORIENTED_EDGE('',*,*,#4679,.T.);
#6115=ORIENTED_EDGE('',*,*,#4680,.T.);
#6116=ORIENTED_EDGE('',*,*,#4616,.T.);
#6117=ORIENTED_EDGE('',*,*,#4678,.F.);
#6118=ORIENTED_EDGE('',*,*,#4681,.T.);
#6119=ORIENTED_EDGE('',*,*,#4680,.F.);
#6120=ORIENTED_EDGE('',*,*,#4682,.T.);
#6121=ORIENTED_EDGE('',*,*,#4668,.F.);
#6122=ORIENTED_EDGE('',*,*,#4617,.T.);
#6123=ORIENTED_EDGE('',*,*,#4675,.F.);
#6124=ORIENTED_EDGE('',*,*,#4683,.F.);
#6125=ORIENTED_EDGE('',*,*,#4477,.F.);
#6126=ORIENTED_EDGE('',*,*,#4684,.F.);
#6127=ORIENTED_EDGE('',*,*,#4685,.F.);
#6128=ORIENTED_EDGE('',*,*,#4672,.F.);
#6129=ORIENTED_EDGE('',*,*,#4686,.T.);
#6130=ORIENTED_EDGE('',*,*,#4478,.T.);
#6131=ORIENTED_EDGE('',*,*,#4683,.T.);
#6132=ORIENTED_EDGE('',*,*,#4671,.F.);
#6133=ORIENTED_EDGE('',*,*,#4687,.T.);
#6134=ORIENTED_EDGE('',*,*,#4479,.F.);
#6135=ORIENTED_EDGE('',*,*,#4686,.F.);
#6136=ORIENTED_EDGE('',*,*,#4669,.F.);
#6137=ORIENTED_EDGE('',*,*,#4688,.F.);
#6138=ORIENTED_EDGE('',*,*,#4480,.F.);
#6139=ORIENTED_EDGE('',*,*,#4687,.F.);
#6140=ORIENTED_EDGE('',*,*,#4689,.T.);
#6141=ORIENTED_EDGE('',*,*,#4690,.T.);
#6142=ORIENTED_EDGE('',*,*,#4691,.T.);
#6143=ORIENTED_EDGE('',*,*,#4576,.T.);
#6144=ORIENTED_EDGE('',*,*,#4689,.F.);
#6145=ORIENTED_EDGE('',*,*,#4591,.T.);
#6146=ORIENTED_EDGE('',*,*,#4692,.T.);
#6147=ORIENTED_EDGE('',*,*,#4693,.T.);
#6148=ORIENTED_EDGE('',*,*,#4694,.T.);
#6149=ORIENTED_EDGE('',*,*,#4695,.T.);
#6150=ORIENTED_EDGE('',*,*,#4692,.F.);
#6151=ORIENTED_EDGE('',*,*,#4590,.T.);
#6152=ORIENTED_EDGE('',*,*,#4694,.F.);
#6153=ORIENTED_EDGE('',*,*,#4589,.T.);
#6154=ORIENTED_EDGE('',*,*,#4696,.T.);
#6155=ORIENTED_EDGE('',*,*,#4697,.T.);
#6156=ORIENTED_EDGE('',*,*,#4696,.F.);
#6157=ORIENTED_EDGE('',*,*,#4588,.T.);
#6158=ORIENTED_EDGE('',*,*,#4698,.T.);
#6159=ORIENTED_EDGE('',*,*,#4699,.T.);
#6160=ORIENTED_EDGE('',*,*,#4700,.T.);
#6161=ORIENTED_EDGE('',*,*,#4701,.T.);
#6162=ORIENTED_EDGE('',*,*,#4698,.F.);
#6163=ORIENTED_EDGE('',*,*,#4587,.T.);
#6164=ORIENTED_EDGE('',*,*,#4700,.F.);
#6165=ORIENTED_EDGE('',*,*,#4586,.T.);
#6166=ORIENTED_EDGE('',*,*,#4702,.T.);
#6167=ORIENTED_EDGE('',*,*,#4703,.T.);
#6168=ORIENTED_EDGE('',*,*,#4702,.F.);
#6169=ORIENTED_EDGE('',*,*,#4585,.T.);
#6170=ORIENTED_EDGE('',*,*,#4704,.T.);
#6171=ORIENTED_EDGE('',*,*,#4705,.T.);
#6172=ORIENTED_EDGE('',*,*,#4706,.T.);
#6173=ORIENTED_EDGE('',*,*,#4707,.T.);
#6174=ORIENTED_EDGE('',*,*,#4704,.F.);
#6175=ORIENTED_EDGE('',*,*,#4584,.T.);
#6176=ORIENTED_EDGE('',*,*,#4706,.F.);
#6177=ORIENTED_EDGE('',*,*,#4583,.T.);
#6178=ORIENTED_EDGE('',*,*,#4708,.T.);
#6179=ORIENTED_EDGE('',*,*,#4709,.T.);
#6180=ORIENTED_EDGE('',*,*,#4710,.T.);
#6181=ORIENTED_EDGE('',*,*,#4711,.T.);
#6182=ORIENTED_EDGE('',*,*,#4708,.F.);
#6183=ORIENTED_EDGE('',*,*,#4582,.T.);
#6184=ORIENTED_EDGE('',*,*,#4710,.F.);
#6185=ORIENTED_EDGE('',*,*,#4581,.T.);
#6186=ORIENTED_EDGE('',*,*,#4712,.T.);
#6187=ORIENTED_EDGE('',*,*,#4713,.T.);
#6188=ORIENTED_EDGE('',*,*,#4712,.F.);
#6189=ORIENTED_EDGE('',*,*,#4580,.T.);
#6190=ORIENTED_EDGE('',*,*,#4714,.T.);
#6191=ORIENTED_EDGE('',*,*,#4715,.T.);
#6192=ORIENTED_EDGE('',*,*,#4714,.F.);
#6193=ORIENTED_EDGE('',*,*,#4579,.T.);
#6194=ORIENTED_EDGE('',*,*,#4716,.T.);
#6195=ORIENTED_EDGE('',*,*,#4717,.T.);
#6196=ORIENTED_EDGE('',*,*,#4716,.F.);
#6197=ORIENTED_EDGE('',*,*,#4578,.T.);
#6198=ORIENTED_EDGE('',*,*,#4718,.T.);
#6199=ORIENTED_EDGE('',*,*,#4719,.T.);
#6200=ORIENTED_EDGE('',*,*,#4718,.F.);
#6201=ORIENTED_EDGE('',*,*,#4577,.T.);
#6202=ORIENTED_EDGE('',*,*,#4691,.F.);
#6203=ORIENTED_EDGE('',*,*,#4720,.T.);
#6204=ORIENTED_EDGE('',*,*,#4709,.F.);
#6205=ORIENTED_EDGE('',*,*,#4721,.F.);
#6206=ORIENTED_EDGE('',*,*,#4722,.F.);
#6207=ORIENTED_EDGE('',*,*,#4723,.F.);
#6208=ORIENTED_EDGE('',*,*,#4724,.F.);
#6209=ORIENTED_EDGE('',*,*,#4725,.F.);
#6210=ORIENTED_EDGE('',*,*,#4726,.F.);
#6211=ORIENTED_EDGE('',*,*,#4727,.F.);
#6212=ORIENTED_EDGE('',*,*,#4728,.F.);
#6213=ORIENTED_EDGE('',*,*,#4711,.F.);
#6214=ORIENTED_EDGE('',*,*,#4729,.T.);
#6215=ORIENTED_EDGE('',*,*,#4730,.T.);
#6216=ORIENTED_EDGE('',*,*,#4721,.T.);
#6217=ORIENTED_EDGE('',*,*,#4713,.F.);
#6218=ORIENTED_EDGE('',*,*,#4731,.F.);
#6219=ORIENTED_EDGE('',*,*,#4732,.T.);
#6220=ORIENTED_EDGE('',*,*,#4729,.F.);
#6221=ORIENTED_EDGE('',*,*,#4733,.T.);
#6222=ORIENTED_EDGE('',*,*,#4715,.F.);
#6223=ORIENTED_EDGE('',*,*,#4734,.T.);
#6224=ORIENTED_EDGE('',*,*,#4735,.T.);
#6225=ORIENTED_EDGE('',*,*,#4731,.T.);
#6226=ORIENTED_EDGE('',*,*,#4717,.F.);
#6227=ORIENTED_EDGE('',*,*,#4736,.F.);
#6228=ORIENTED_EDGE('',*,*,#4737,.T.);
#6229=ORIENTED_EDGE('',*,*,#4738,.F.);
#6230=ORIENTED_EDGE('',*,*,#4739,.F.);
#6231=ORIENTED_EDGE('',*,*,#4740,.F.);
#6232=ORIENTED_EDGE('',*,*,#4741,.F.);
#6233=ORIENTED_EDGE('',*,*,#4742,.F.);
#6234=ORIENTED_EDGE('',*,*,#4743,.T.);
#6235=ORIENTED_EDGE('',*,*,#4744,.F.);
#6236=ORIENTED_EDGE('',*,*,#4745,.T.);
#6237=ORIENTED_EDGE('',*,*,#4734,.F.);
#6238=ORIENTED_EDGE('',*,*,#4719,.F.);
#6239=ORIENTED_EDGE('',*,*,#4746,.T.);
#6240=ORIENTED_EDGE('',*,*,#4747,.T.);
#6241=ORIENTED_EDGE('',*,*,#4736,.T.);
#6242=ORIENTED_EDGE('',*,*,#4720,.F.);
#6243=ORIENTED_EDGE('',*,*,#4748,.F.);
#6244=ORIENTED_EDGE('',*,*,#4749,.T.);
#6245=ORIENTED_EDGE('',*,*,#4746,.F.);
#6246=ORIENTED_EDGE('',*,*,#4750,.T.);
#6247=ORIENTED_EDGE('',*,*,#4751,.T.);
#6248=ORIENTED_EDGE('',*,*,#4752,.T.);
#6249=ORIENTED_EDGE('',*,*,#4753,.T.);
#6250=ORIENTED_EDGE('',*,*,#4754,.T.);
#6251=ORIENTED_EDGE('',*,*,#4755,.T.);
#6252=ORIENTED_EDGE('',*,*,#4690,.F.);
#6253=ORIENTED_EDGE('',*,*,#4756,.T.);
#6254=ORIENTED_EDGE('',*,*,#4757,.T.);
#6255=ORIENTED_EDGE('',*,*,#4748,.T.);
#6256=ORIENTED_EDGE('',*,*,#4608,.T.);
#6257=ORIENTED_EDGE('',*,*,#4758,.T.);
#6258=ORIENTED_EDGE('',*,*,#4759,.T.);
#6259=ORIENTED_EDGE('',*,*,#4760,.T.);
#6260=ORIENTED_EDGE('',*,*,#4606,.T.);
#6261=ORIENTED_EDGE('',*,*,#4761,.T.);
#6262=ORIENTED_EDGE('',*,*,#4762,.T.);
#6263=ORIENTED_EDGE('',*,*,#4763,.T.);
#6264=ORIENTED_EDGE('',*,*,#4764,.T.);
#6265=ORIENTED_EDGE('',*,*,#4761,.F.);
#6266=ORIENTED_EDGE('',*,*,#4609,.T.);
#6267=ORIENTED_EDGE('',*,*,#4760,.F.);
#6268=ORIENTED_EDGE('',*,*,#4607,.T.);
#6269=ORIENTED_EDGE('',*,*,#4763,.F.);
#6270=ORIENTED_EDGE('',*,*,#4765,.T.);
#6271=ORIENTED_EDGE('',*,*,#4758,.F.);
#6272=ORIENTED_EDGE('',*,*,#4765,.F.);
#6273=ORIENTED_EDGE('',*,*,#4766,.F.);
#6274=ORIENTED_EDGE('',*,*,#4767,.F.);
#6275=ORIENTED_EDGE('',*,*,#4768,.F.);
#6276=ORIENTED_EDGE('',*,*,#4769,.F.);
#6277=ORIENTED_EDGE('',*,*,#4770,.F.);
#6278=ORIENTED_EDGE('',*,*,#4523,.F.);
#6279=ORIENTED_EDGE('',*,*,#4771,.F.);
#6280=ORIENTED_EDGE('',*,*,#4772,.F.);
#6281=ORIENTED_EDGE('',*,*,#4773,.F.);
#6282=ORIENTED_EDGE('',*,*,#4774,.F.);
#6283=ORIENTED_EDGE('',*,*,#4775,.F.);
#6284=ORIENTED_EDGE('',*,*,#4762,.F.);
#6285=ORIENTED_EDGE('',*,*,#4776,.F.);
#6286=ORIENTED_EDGE('',*,*,#4777,.T.);
#6287=ORIENTED_EDGE('',*,*,#4766,.T.);
#6288=ORIENTED_EDGE('',*,*,#4604,.T.);
#6289=ORIENTED_EDGE('',*,*,#4778,.T.);
#6290=ORIENTED_EDGE('',*,*,#4779,.T.);
#6291=ORIENTED_EDGE('',*,*,#4780,.T.);
#6292=ORIENTED_EDGE('',*,*,#4602,.T.);
#6293=ORIENTED_EDGE('',*,*,#4781,.T.);
#6294=ORIENTED_EDGE('',*,*,#4782,.T.);
#6295=ORIENTED_EDGE('',*,*,#4783,.T.);
#6296=ORIENTED_EDGE('',*,*,#4784,.T.);
#6297=ORIENTED_EDGE('',*,*,#4781,.F.);
#6298=ORIENTED_EDGE('',*,*,#4605,.T.);
#6299=ORIENTED_EDGE('',*,*,#4780,.F.);
#6300=ORIENTED_EDGE('',*,*,#4603,.T.);
#6301=ORIENTED_EDGE('',*,*,#4783,.F.);
#6302=ORIENTED_EDGE('',*,*,#4785,.T.);
#6303=ORIENTED_EDGE('',*,*,#4778,.F.);
#6304=ORIENTED_EDGE('',*,*,#4785,.F.);
#6305=ORIENTED_EDGE('',*,*,#4786,.F.);
#6306=ORIENTED_EDGE('',*,*,#4787,.F.);
#6307=ORIENTED_EDGE('',*,*,#4788,.F.);
#6308=ORIENTED_EDGE('',*,*,#4789,.F.);
#6309=ORIENTED_EDGE('',*,*,#4790,.F.);
#6310=ORIENTED_EDGE('',*,*,#4525,.F.);
#6311=ORIENTED_EDGE('',*,*,#4791,.F.);
#6312=ORIENTED_EDGE('',*,*,#4792,.F.);
#6313=ORIENTED_EDGE('',*,*,#4793,.F.);
#6314=ORIENTED_EDGE('',*,*,#4794,.F.);
#6315=ORIENTED_EDGE('',*,*,#4795,.F.);
#6316=ORIENTED_EDGE('',*,*,#4782,.F.);
#6317=ORIENTED_EDGE('',*,*,#4796,.F.);
#6318=ORIENTED_EDGE('',*,*,#4797,.T.);
#6319=ORIENTED_EDGE('',*,*,#4786,.T.);
#6320=ORIENTED_EDGE('',*,*,#4798,.T.);
#6321=ORIENTED_EDGE('',*,*,#4799,.T.);
#6322=ORIENTED_EDGE('',*,*,#4792,.T.);
#6323=ORIENTED_EDGE('',*,*,#4800,.F.);
#6324=ORIENTED_EDGE('',*,*,#4801,.T.);
#6325=ORIENTED_EDGE('',*,*,#4802,.T.);
#6326=ORIENTED_EDGE('',*,*,#4793,.T.);
#6327=ORIENTED_EDGE('',*,*,#4799,.F.);
#6328=ORIENTED_EDGE('',*,*,#4803,.T.);
#6329=ORIENTED_EDGE('',*,*,#4804,.T.);
#6330=ORIENTED_EDGE('',*,*,#4794,.T.);
#6331=ORIENTED_EDGE('',*,*,#4802,.F.);
#6332=ORIENTED_EDGE('',*,*,#4779,.F.);
#6333=ORIENTED_EDGE('',*,*,#4795,.T.);
#6334=ORIENTED_EDGE('',*,*,#4804,.F.);
#6335=ORIENTED_EDGE('',*,*,#4805,.T.);
#6336=ORIENTED_EDGE('',*,*,#4806,.F.);
#6337=ORIENTED_EDGE('',*,*,#4807,.T.);
#6338=ORIENTED_EDGE('',*,*,#4787,.T.);
#6339=ORIENTED_EDGE('',*,*,#4797,.F.);
#6340=ORIENTED_EDGE('',*,*,#4808,.F.);
#6341=ORIENTED_EDGE('',*,*,#4809,.T.);
#6342=ORIENTED_EDGE('',*,*,#4788,.T.);
#6343=ORIENTED_EDGE('',*,*,#4807,.F.);
#6344=ORIENTED_EDGE('',*,*,#4810,.F.);
#6345=ORIENTED_EDGE('',*,*,#4811,.T.);
#6346=ORIENTED_EDGE('',*,*,#4789,.T.);
#6347=ORIENTED_EDGE('',*,*,#4809,.F.);
#6348=ORIENTED_EDGE('',*,*,#4812,.F.);
#6349=ORIENTED_EDGE('',*,*,#4526,.F.);
#6350=ORIENTED_EDGE('',*,*,#4790,.T.);
#6351=ORIENTED_EDGE('',*,*,#4811,.F.);
#6352=ORIENTED_EDGE('',*,*,#4813,.T.);
#6353=ORIENTED_EDGE('',*,*,#4800,.T.);
#6354=ORIENTED_EDGE('',*,*,#4791,.T.);
#6355=ORIENTED_EDGE('',*,*,#4524,.F.);
#6356=ORIENTED_EDGE('',*,*,#4784,.F.);
#6357=ORIENTED_EDGE('',*,*,#4805,.F.);
#6358=ORIENTED_EDGE('',*,*,#4803,.F.);
#6359=ORIENTED_EDGE('',*,*,#4801,.F.);
#6360=ORIENTED_EDGE('',*,*,#4798,.F.);
#6361=ORIENTED_EDGE('',*,*,#4813,.F.);
#6362=ORIENTED_EDGE('',*,*,#4527,.F.);
#6363=ORIENTED_EDGE('',*,*,#4812,.T.);
#6364=ORIENTED_EDGE('',*,*,#4810,.T.);
#6365=ORIENTED_EDGE('',*,*,#4808,.T.);
#6366=ORIENTED_EDGE('',*,*,#4806,.T.);
#6367=ORIENTED_EDGE('',*,*,#4796,.T.);
#6368=ORIENTED_EDGE('',*,*,#4814,.T.);
#6369=ORIENTED_EDGE('',*,*,#4815,.T.);
#6370=ORIENTED_EDGE('',*,*,#4771,.T.);
#6371=ORIENTED_EDGE('',*,*,#4522,.F.);
#6372=ORIENTED_EDGE('',*,*,#4816,.T.);
#6373=ORIENTED_EDGE('',*,*,#4817,.T.);
#6374=ORIENTED_EDGE('',*,*,#4772,.T.);
#6375=ORIENTED_EDGE('',*,*,#4815,.F.);
#6376=ORIENTED_EDGE('',*,*,#4818,.T.);
#6377=ORIENTED_EDGE('',*,*,#4819,.T.);
#6378=ORIENTED_EDGE('',*,*,#4773,.T.);
#6379=ORIENTED_EDGE('',*,*,#4817,.F.);
#6380=ORIENTED_EDGE('',*,*,#4820,.T.);
#6381=ORIENTED_EDGE('',*,*,#4821,.T.);
#6382=ORIENTED_EDGE('',*,*,#4774,.T.);
#6383=ORIENTED_EDGE('',*,*,#4819,.F.);
#6384=ORIENTED_EDGE('',*,*,#4759,.F.);
#6385=ORIENTED_EDGE('',*,*,#4775,.T.);
#6386=ORIENTED_EDGE('',*,*,#4821,.F.);
#6387=ORIENTED_EDGE('',*,*,#4822,.T.);
#6388=ORIENTED_EDGE('',*,*,#4823,.F.);
#6389=ORIENTED_EDGE('',*,*,#4824,.T.);
#6390=ORIENTED_EDGE('',*,*,#4767,.T.);
#6391=ORIENTED_EDGE('',*,*,#4777,.F.);
#6392=ORIENTED_EDGE('',*,*,#4825,.F.);
#6393=ORIENTED_EDGE('',*,*,#4826,.T.);
#6394=ORIENTED_EDGE('',*,*,#4768,.T.);
#6395=ORIENTED_EDGE('',*,*,#4824,.F.);
#6396=ORIENTED_EDGE('',*,*,#4827,.F.);
#6397=ORIENTED_EDGE('',*,*,#4828,.T.);
#6398=ORIENTED_EDGE('',*,*,#4769,.T.);
#6399=ORIENTED_EDGE('',*,*,#4826,.F.);
#6400=ORIENTED_EDGE('',*,*,#4829,.F.);
#6401=ORIENTED_EDGE('',*,*,#4520,.F.);
#6402=ORIENTED_EDGE('',*,*,#4770,.T.);
#6403=ORIENTED_EDGE('',*,*,#4828,.F.);
#6404=ORIENTED_EDGE('',*,*,#4764,.F.);
#6405=ORIENTED_EDGE('',*,*,#4822,.F.);
#6406=ORIENTED_EDGE('',*,*,#4820,.F.);
#6407=ORIENTED_EDGE('',*,*,#4818,.F.);
#6408=ORIENTED_EDGE('',*,*,#4816,.F.);
#6409=ORIENTED_EDGE('',*,*,#4814,.F.);
#6410=ORIENTED_EDGE('',*,*,#4521,.F.);
#6411=ORIENTED_EDGE('',*,*,#4829,.T.);
#6412=ORIENTED_EDGE('',*,*,#4827,.T.);
#6413=ORIENTED_EDGE('',*,*,#4825,.T.);
#6414=ORIENTED_EDGE('',*,*,#4823,.T.);
#6415=ORIENTED_EDGE('',*,*,#4776,.T.);
#6416=ORIENTED_EDGE('',*,*,#4532,.F.);
#6417=ORIENTED_EDGE('',*,*,#4830,.T.);
#6418=ORIENTED_EDGE('',*,*,#4464,.T.);
#6419=ORIENTED_EDGE('',*,*,#4431,.T.);
#6420=ORIENTED_EDGE('',*,*,#4830,.F.);
#6421=ORIENTED_EDGE('',*,*,#4531,.T.);
#6422=ORIENTED_EDGE('',*,*,#4831,.F.);
#6423=ORIENTED_EDGE('',*,*,#4465,.F.);
#6424=ORIENTED_EDGE('',*,*,#4421,.F.);
#6425=ORIENTED_EDGE('',*,*,#4429,.T.);
#6426=ORIENTED_EDGE('',*,*,#4519,.T.);
#6427=ORIENTED_EDGE('',*,*,#4832,.T.);
#6428=ORIENTED_EDGE('',*,*,#4833,.F.);
#6429=ORIENTED_EDGE('',*,*,#4834,.F.);
#6430=ORIENTED_EDGE('',*,*,#4835,.F.);
#6431=ORIENTED_EDGE('',*,*,#4836,.F.);
#6432=ORIENTED_EDGE('',*,*,#4837,.F.);
#6433=ORIENTED_EDGE('',*,*,#4838,.F.);
#6434=ORIENTED_EDGE('',*,*,#4839,.F.);
#6435=ORIENTED_EDGE('',*,*,#4840,.F.);
#6436=ORIENTED_EDGE('',*,*,#4841,.F.);
#6437=ORIENTED_EDGE('',*,*,#4842,.F.);
#6438=ORIENTED_EDGE('',*,*,#4843,.F.);
#6439=ORIENTED_EDGE('',*,*,#4844,.F.);
#6440=ORIENTED_EDGE('',*,*,#4837,.T.);
#6441=ORIENTED_EDGE('',*,*,#4845,.T.);
#6442=ORIENTED_EDGE('',*,*,#4490,.F.);
#6443=ORIENTED_EDGE('',*,*,#4846,.F.);
#6444=ORIENTED_EDGE('',*,*,#4836,.T.);
#6445=ORIENTED_EDGE('',*,*,#4847,.T.);
#6446=ORIENTED_EDGE('',*,*,#4491,.F.);
#6447=ORIENTED_EDGE('',*,*,#4845,.F.);
#6448=ORIENTED_EDGE('',*,*,#4835,.T.);
#6449=ORIENTED_EDGE('',*,*,#4848,.T.);
#6450=ORIENTED_EDGE('',*,*,#4492,.F.);
#6451=ORIENTED_EDGE('',*,*,#4847,.F.);
#6452=ORIENTED_EDGE('',*,*,#4834,.T.);
#6453=ORIENTED_EDGE('',*,*,#4849,.T.);
#6454=ORIENTED_EDGE('',*,*,#4493,.F.);
#6455=ORIENTED_EDGE('',*,*,#4848,.F.);
#6456=ORIENTED_EDGE('',*,*,#4833,.T.);
#6457=ORIENTED_EDGE('',*,*,#4850,.T.);
#6458=ORIENTED_EDGE('',*,*,#4494,.F.);
#6459=ORIENTED_EDGE('',*,*,#4849,.F.);
#6460=ORIENTED_EDGE('',*,*,#4844,.T.);
#6461=ORIENTED_EDGE('',*,*,#4851,.T.);
#6462=ORIENTED_EDGE('',*,*,#4852,.F.);
#6463=ORIENTED_EDGE('',*,*,#4495,.F.);
#6464=ORIENTED_EDGE('',*,*,#4850,.F.);
#6465=ORIENTED_EDGE('',*,*,#4853,.F.);
#6466=ORIENTED_EDGE('',*,*,#4654,.F.);
#6467=ORIENTED_EDGE('',*,*,#4854,.F.);
#6468=ORIENTED_EDGE('',*,*,#4855,.F.);
#6469=ORIENTED_EDGE('',*,*,#4856,.F.);
#6470=ORIENTED_EDGE('',*,*,#4857,.F.);
#6471=ORIENTED_EDGE('',*,*,#4858,.F.);
#6472=ORIENTED_EDGE('',*,*,#4859,.F.);
#6473=ORIENTED_EDGE('',*,*,#4860,.F.);
#6474=ORIENTED_EDGE('',*,*,#4861,.F.);
#6475=ORIENTED_EDGE('',*,*,#4858,.T.);
#6476=ORIENTED_EDGE('',*,*,#4862,.T.);
#6477=ORIENTED_EDGE('',*,*,#4863,.T.);
#6478=ORIENTED_EDGE('',*,*,#4864,.F.);
#6479=ORIENTED_EDGE('',*,*,#4857,.T.);
#6480=ORIENTED_EDGE('',*,*,#4865,.T.);
#6481=ORIENTED_EDGE('',*,*,#4866,.T.);
#6482=ORIENTED_EDGE('',*,*,#4862,.F.);
#6483=ORIENTED_EDGE('',*,*,#4856,.T.);
#6484=ORIENTED_EDGE('',*,*,#4867,.T.);
#6485=ORIENTED_EDGE('',*,*,#4868,.T.);
#6486=ORIENTED_EDGE('',*,*,#4865,.F.);
#6487=ORIENTED_EDGE('',*,*,#4855,.T.);
#6488=ORIENTED_EDGE('',*,*,#4869,.T.);
#6489=ORIENTED_EDGE('',*,*,#4870,.T.);
#6490=ORIENTED_EDGE('',*,*,#4867,.F.);
#6491=ORIENTED_EDGE('',*,*,#4854,.T.);
#6492=ORIENTED_EDGE('',*,*,#4653,.T.);
#6493=ORIENTED_EDGE('',*,*,#4871,.T.);
#6494=ORIENTED_EDGE('',*,*,#4869,.F.);
#6495=ORIENTED_EDGE('',*,*,#4425,.T.);
#6496=ORIENTED_EDGE('',*,*,#4872,.T.);
#6497=ORIENTED_EDGE('',*,*,#4450,.T.);
#6498=ORIENTED_EDGE('',*,*,#4463,.F.);
#6499=ORIENTED_EDGE('',*,*,#4424,.T.);
#6500=ORIENTED_EDGE('',*,*,#4873,.T.);
#6501=ORIENTED_EDGE('',*,*,#4516,.T.);
#6502=ORIENTED_EDGE('',*,*,#4451,.T.);
#6503=ORIENTED_EDGE('',*,*,#4872,.F.);
#6504=ORIENTED_EDGE('',*,*,#4423,.T.);
#6505=ORIENTED_EDGE('',*,*,#4874,.T.);
#6506=ORIENTED_EDGE('',*,*,#4517,.T.);
#6507=ORIENTED_EDGE('',*,*,#4873,.F.);
#6508=ORIENTED_EDGE('',*,*,#4832,.F.);
#6509=ORIENTED_EDGE('',*,*,#4518,.T.);
#6510=ORIENTED_EDGE('',*,*,#4874,.F.);
#6511=ORIENTED_EDGE('',*,*,#4422,.T.);
#6512=ORIENTED_EDGE('',*,*,#4875,.F.);
#6513=ORIENTED_EDGE('',*,*,#4876,.F.);
#6514=ORIENTED_EDGE('',*,*,#4877,.F.);
#6515=ORIENTED_EDGE('',*,*,#4878,.F.);
#6516=ORIENTED_EDGE('',*,*,#4879,.F.);
#6517=ORIENTED_EDGE('',*,*,#4880,.F.);
#6518=ORIENTED_EDGE('',*,*,#4881,.F.);
#6519=ORIENTED_EDGE('',*,*,#4882,.F.);
#6520=ORIENTED_EDGE('',*,*,#4883,.F.);
#6521=ORIENTED_EDGE('',*,*,#4658,.F.);
#6522=ORIENTED_EDGE('',*,*,#4878,.T.);
#6523=ORIENTED_EDGE('',*,*,#4884,.T.);
#6524=ORIENTED_EDGE('',*,*,#4885,.T.);
#6525=ORIENTED_EDGE('',*,*,#4886,.F.);
#6526=ORIENTED_EDGE('',*,*,#4877,.T.);
#6527=ORIENTED_EDGE('',*,*,#4887,.T.);
#6528=ORIENTED_EDGE('',*,*,#4888,.T.);
#6529=ORIENTED_EDGE('',*,*,#4884,.F.);
#6530=ORIENTED_EDGE('',*,*,#4876,.T.);
#6531=ORIENTED_EDGE('',*,*,#4889,.T.);
#6532=ORIENTED_EDGE('',*,*,#4890,.T.);
#6533=ORIENTED_EDGE('',*,*,#4887,.F.);
#6534=ORIENTED_EDGE('',*,*,#4875,.T.);
#6535=ORIENTED_EDGE('',*,*,#4657,.T.);
#6536=ORIENTED_EDGE('',*,*,#4891,.T.);
#6537=ORIENTED_EDGE('',*,*,#4889,.F.);
#6538=ORIENTED_EDGE('',*,*,#4892,.F.);
#6539=ORIENTED_EDGE('',*,*,#4893,.F.);
#6540=ORIENTED_EDGE('',*,*,#4894,.F.);
#6541=ORIENTED_EDGE('',*,*,#4895,.F.);
#6542=ORIENTED_EDGE('',*,*,#4896,.F.);
#6543=ORIENTED_EDGE('',*,*,#4662,.F.);
#6544=ORIENTED_EDGE('',*,*,#4897,.F.);
#6545=ORIENTED_EDGE('',*,*,#4898,.F.);
#6546=ORIENTED_EDGE('',*,*,#4899,.F.);
#6547=ORIENTED_EDGE('',*,*,#4900,.F.);
#6548=ORIENTED_EDGE('',*,*,#4892,.T.);
#6549=ORIENTED_EDGE('',*,*,#4901,.T.);
#6550=ORIENTED_EDGE('',*,*,#4902,.F.);
#6551=ORIENTED_EDGE('',*,*,#4903,.F.);
#6552=ORIENTED_EDGE('',*,*,#4900,.T.);
#6553=ORIENTED_EDGE('',*,*,#4904,.T.);
#6554=ORIENTED_EDGE('',*,*,#4905,.F.);
#6555=ORIENTED_EDGE('',*,*,#4901,.F.);
#6556=ORIENTED_EDGE('',*,*,#4899,.T.);
#6557=ORIENTED_EDGE('',*,*,#4906,.T.);
#6558=ORIENTED_EDGE('',*,*,#4907,.F.);
#6559=ORIENTED_EDGE('',*,*,#4904,.F.);
#6560=ORIENTED_EDGE('',*,*,#4898,.T.);
#6561=ORIENTED_EDGE('',*,*,#4908,.F.);
#6562=ORIENTED_EDGE('',*,*,#4909,.F.);
#6563=ORIENTED_EDGE('',*,*,#4906,.F.);
#6564=ORIENTED_EDGE('',*,*,#4897,.T.);
#6565=ORIENTED_EDGE('',*,*,#4661,.T.);
#6566=ORIENTED_EDGE('',*,*,#4910,.T.);
#6567=ORIENTED_EDGE('',*,*,#4908,.T.);
#6568=ORIENTED_EDGE('',*,*,#4911,.F.);
#6569=ORIENTED_EDGE('',*,*,#4912,.F.);
#6570=ORIENTED_EDGE('',*,*,#4913,.F.);
#6571=ORIENTED_EDGE('',*,*,#4914,.F.);
#6572=ORIENTED_EDGE('',*,*,#4915,.F.);
#6573=ORIENTED_EDGE('',*,*,#4916,.F.);
#6574=ORIENTED_EDGE('',*,*,#4917,.F.);
#6575=ORIENTED_EDGE('',*,*,#4918,.F.);
#6576=ORIENTED_EDGE('',*,*,#4919,.F.);
#6577=ORIENTED_EDGE('',*,*,#4920,.F.);
#6578=ORIENTED_EDGE('',*,*,#4921,.F.);
#6579=ORIENTED_EDGE('',*,*,#4922,.F.);
#6580=ORIENTED_EDGE('',*,*,#4915,.T.);
#6581=ORIENTED_EDGE('',*,*,#4923,.T.);
#6582=ORIENTED_EDGE('',*,*,#4500,.T.);
#6583=ORIENTED_EDGE('',*,*,#4924,.F.);
#6584=ORIENTED_EDGE('',*,*,#4914,.T.);
#6585=ORIENTED_EDGE('',*,*,#4925,.T.);
#6586=ORIENTED_EDGE('',*,*,#4501,.T.);
#6587=ORIENTED_EDGE('',*,*,#4923,.F.);
#6588=ORIENTED_EDGE('',*,*,#4913,.T.);
#6589=ORIENTED_EDGE('',*,*,#4926,.T.);
#6590=ORIENTED_EDGE('',*,*,#4502,.T.);
#6591=ORIENTED_EDGE('',*,*,#4925,.F.);
#6592=ORIENTED_EDGE('',*,*,#4912,.T.);
#6593=ORIENTED_EDGE('',*,*,#4927,.T.);
#6594=ORIENTED_EDGE('',*,*,#4503,.T.);
#6595=ORIENTED_EDGE('',*,*,#4926,.F.);
#6596=ORIENTED_EDGE('',*,*,#4911,.T.);
#6597=ORIENTED_EDGE('',*,*,#4928,.T.);
#6598=ORIENTED_EDGE('',*,*,#4504,.T.);
#6599=ORIENTED_EDGE('',*,*,#4927,.F.);
#6600=ORIENTED_EDGE('',*,*,#4922,.T.);
#6601=ORIENTED_EDGE('',*,*,#4929,.T.);
#6602=ORIENTED_EDGE('',*,*,#4505,.T.);
#6603=ORIENTED_EDGE('',*,*,#4928,.F.);
#6604=ORIENTED_EDGE('',*,*,#4930,.T.);
#6605=ORIENTED_EDGE('',*,*,#4931,.T.);
#6606=ORIENTED_EDGE('',*,*,#4932,.T.);
#6607=ORIENTED_EDGE('',*,*,#4754,.F.);
#6608=ORIENTED_EDGE('',*,*,#4931,.F.);
#6609=ORIENTED_EDGE('',*,*,#4933,.F.);
#6610=ORIENTED_EDGE('',*,*,#4934,.F.);
#6611=ORIENTED_EDGE('',*,*,#4935,.F.);
#6612=ORIENTED_EDGE('',*,*,#4930,.F.);
#6613=ORIENTED_EDGE('',*,*,#4753,.F.);
#6614=ORIENTED_EDGE('',*,*,#4936,.F.);
#6615=ORIENTED_EDGE('',*,*,#4933,.T.);
#6616=ORIENTED_EDGE('',*,*,#4937,.T.);
#6617=ORIENTED_EDGE('',*,*,#4934,.T.);
#6618=ORIENTED_EDGE('',*,*,#4936,.T.);
#6619=ORIENTED_EDGE('',*,*,#4752,.F.);
#6620=ORIENTED_EDGE('',*,*,#4932,.F.);
#6621=ORIENTED_EDGE('',*,*,#4935,.T.);
#6622=ORIENTED_EDGE('',*,*,#4937,.F.);
#6623=ORIENTED_EDGE('',*,*,#4755,.F.);
#6624=ORIENTED_EDGE('',*,*,#4938,.T.);
#6625=ORIENTED_EDGE('',*,*,#4939,.T.);
#6626=ORIENTED_EDGE('',*,*,#4665,.F.);
#6627=ORIENTED_EDGE('',*,*,#4939,.F.);
#6628=ORIENTED_EDGE('',*,*,#4938,.F.);
#6629=ORIENTED_EDGE('',*,*,#4940,.F.);
#6630=ORIENTED_EDGE('',*,*,#4941,.T.);
#6631=ORIENTED_EDGE('',*,*,#4942,.T.);
#6632=ORIENTED_EDGE('',*,*,#4666,.F.);
#6633=ORIENTED_EDGE('',*,*,#4942,.F.);
#6634=ORIENTED_EDGE('',*,*,#4941,.F.);
#6635=ORIENTED_EDGE('',*,*,#4943,.F.);
#6636=ORIENTED_EDGE('',*,*,#4944,.T.);
#6637=ORIENTED_EDGE('',*,*,#4945,.T.);
#6638=ORIENTED_EDGE('',*,*,#4946,.T.);
#6639=ORIENTED_EDGE('',*,*,#4651,.T.);
#6640=ORIENTED_EDGE('',*,*,#4947,.T.);
#6641=ORIENTED_EDGE('',*,*,#4948,.T.);
#6642=ORIENTED_EDGE('',*,*,#4946,.F.);
#6643=ORIENTED_EDGE('',*,*,#4949,.T.);
#6644=ORIENTED_EDGE('',*,*,#4947,.F.);
#6645=ORIENTED_EDGE('',*,*,#4950,.T.);
#6646=ORIENTED_EDGE('',*,*,#4951,.T.);
#6647=ORIENTED_EDGE('',*,*,#4952,.T.);
#6648=ORIENTED_EDGE('',*,*,#4953,.T.);
#6649=ORIENTED_EDGE('',*,*,#4954,.T.);
#6650=ORIENTED_EDGE('',*,*,#4951,.F.);
#6651=ORIENTED_EDGE('',*,*,#4955,.T.);
#6652=ORIENTED_EDGE('',*,*,#4956,.T.);
#6653=ORIENTED_EDGE('',*,*,#4957,.T.);
#6654=ORIENTED_EDGE('',*,*,#4958,.T.);
#6655=ORIENTED_EDGE('',*,*,#4510,.T.);
#6656=ORIENTED_EDGE('',*,*,#4959,.T.);
#6657=ORIENTED_EDGE('',*,*,#4511,.T.);
#6658=ORIENTED_EDGE('',*,*,#4958,.F.);
#6659=ORIENTED_EDGE('',*,*,#4960,.T.);
#6660=ORIENTED_EDGE('',*,*,#4961,.T.);
#6661=ORIENTED_EDGE('',*,*,#4512,.T.);
#6662=ORIENTED_EDGE('',*,*,#4959,.F.);
#6663=ORIENTED_EDGE('',*,*,#4962,.T.);
#6664=ORIENTED_EDGE('',*,*,#4963,.T.);
#6665=ORIENTED_EDGE('',*,*,#4513,.T.);
#6666=ORIENTED_EDGE('',*,*,#4961,.F.);
#6667=ORIENTED_EDGE('',*,*,#4964,.T.);
#6668=ORIENTED_EDGE('',*,*,#4965,.T.);
#6669=ORIENTED_EDGE('',*,*,#4514,.T.);
#6670=ORIENTED_EDGE('',*,*,#4963,.F.);
#6671=ORIENTED_EDGE('',*,*,#4966,.T.);
#6672=ORIENTED_EDGE('',*,*,#4967,.T.);
#6673=ORIENTED_EDGE('',*,*,#4515,.T.);
#6674=ORIENTED_EDGE('',*,*,#4965,.F.);
#6675=ORIENTED_EDGE('',*,*,#4727,.T.);
#6676=ORIENTED_EDGE('',*,*,#4968,.T.);
#6677=ORIENTED_EDGE('',*,*,#4453,.T.);
#6678=ORIENTED_EDGE('',*,*,#4967,.F.);
#6679=ORIENTED_EDGE('',*,*,#4726,.T.);
#6680=ORIENTED_EDGE('',*,*,#4969,.T.);
#6681=ORIENTED_EDGE('',*,*,#4970,.T.);
#6682=ORIENTED_EDGE('',*,*,#4968,.F.);
#6683=ORIENTED_EDGE('',*,*,#4725,.T.);
#6684=ORIENTED_EDGE('',*,*,#4956,.F.);
#6685=ORIENTED_EDGE('',*,*,#4509,.T.);
#6686=ORIENTED_EDGE('',*,*,#4953,.F.);
#6687=ORIENTED_EDGE('',*,*,#4971,.T.);
#6688=ORIENTED_EDGE('',*,*,#4948,.F.);
#6689=ORIENTED_EDGE('',*,*,#4952,.F.);
#6690=ORIENTED_EDGE('',*,*,#4954,.F.);
#6691=ORIENTED_EDGE('',*,*,#4508,.F.);
#6692=ORIENTED_EDGE('',*,*,#4972,.F.);
#6693=ORIENTED_EDGE('',*,*,#4973,.F.);
#6694=ORIENTED_EDGE('',*,*,#4974,.F.);
#6695=ORIENTED_EDGE('',*,*,#4496,.F.);
#6696=ORIENTED_EDGE('',*,*,#4852,.T.);
#6697=ORIENTED_EDGE('',*,*,#4975,.T.);
#6698=ORIENTED_EDGE('',*,*,#4976,.T.);
#6699=ORIENTED_EDGE('',*,*,#4484,.F.);
#6700=ORIENTED_EDGE('',*,*,#4977,.T.);
#6701=ORIENTED_EDGE('',*,*,#4978,.F.);
#6702=ORIENTED_EDGE('',*,*,#4684,.T.);
#6703=ORIENTED_EDGE('',*,*,#4476,.F.);
#6704=ORIENTED_EDGE('',*,*,#4979,.F.);
#6705=ORIENTED_EDGE('',*,*,#4648,.T.);
#6706=ORIENTED_EDGE('',*,*,#4980,.F.);
#6707=ORIENTED_EDGE('',*,*,#4981,.T.);
#6708=ORIENTED_EDGE('',*,*,#4982,.F.);
#6709=ORIENTED_EDGE('',*,*,#4983,.T.);
#6710=ORIENTED_EDGE('',*,*,#4984,.T.);
#6711=ORIENTED_EDGE('',*,*,#4639,.T.);
#6712=ORIENTED_EDGE('',*,*,#4642,.T.);
#6713=ORIENTED_EDGE('',*,*,#4644,.T.);
#6714=ORIENTED_EDGE('',*,*,#4646,.F.);
#6715=ORIENTED_EDGE('',*,*,#4664,.T.);
#6716=ORIENTED_EDGE('',*,*,#4985,.F.);
#6717=ORIENTED_EDGE('',*,*,#4986,.T.);
#6718=ORIENTED_EDGE('',*,*,#4987,.T.);
#6719=ORIENTED_EDGE('',*,*,#4988,.T.);
#6720=ORIENTED_EDGE('',*,*,#4902,.T.);
#6721=ORIENTED_EDGE('',*,*,#4905,.T.);
#6722=ORIENTED_EDGE('',*,*,#4907,.T.);
#6723=ORIENTED_EDGE('',*,*,#4909,.T.);
#6724=ORIENTED_EDGE('',*,*,#4910,.F.);
#6725=ORIENTED_EDGE('',*,*,#4660,.T.);
#6726=ORIENTED_EDGE('',*,*,#4989,.T.);
#6727=ORIENTED_EDGE('',*,*,#4990,.T.);
#6728=ORIENTED_EDGE('',*,*,#4991,.T.);
#6729=ORIENTED_EDGE('',*,*,#4992,.F.);
#6730=ORIENTED_EDGE('',*,*,#4993,.F.);
#6731=ORIENTED_EDGE('',*,*,#4885,.F.);
#6732=ORIENTED_EDGE('',*,*,#4888,.F.);
#6733=ORIENTED_EDGE('',*,*,#4890,.F.);
#6734=ORIENTED_EDGE('',*,*,#4891,.F.);
#6735=ORIENTED_EDGE('',*,*,#4656,.T.);
#6736=ORIENTED_EDGE('',*,*,#4994,.F.);
#6737=ORIENTED_EDGE('',*,*,#4995,.F.);
#6738=ORIENTED_EDGE('',*,*,#4996,.F.);
#6739=ORIENTED_EDGE('',*,*,#4997,.F.);
#6740=ORIENTED_EDGE('',*,*,#4863,.F.);
#6741=ORIENTED_EDGE('',*,*,#4866,.F.);
#6742=ORIENTED_EDGE('',*,*,#4868,.F.);
#6743=ORIENTED_EDGE('',*,*,#4870,.F.);
#6744=ORIENTED_EDGE('',*,*,#4871,.F.);
#6745=ORIENTED_EDGE('',*,*,#4652,.T.);
#6746=ORIENTED_EDGE('',*,*,#4372,.T.);
#6747=ORIENTED_EDGE('',*,*,#4998,.T.);
#6748=ORIENTED_EDGE('',*,*,#4454,.T.);
#6749=ORIENTED_EDGE('',*,*,#4970,.F.);
#6750=ORIENTED_EDGE('',*,*,#4999,.F.);
#6751=ORIENTED_EDGE('',*,*,#5000,.F.);
#6752=ORIENTED_EDGE('',*,*,#4435,.T.);
#6753=ORIENTED_EDGE('',*,*,#5001,.F.);
#6754=ORIENTED_EDGE('',*,*,#4387,.T.);
#6755=ORIENTED_EDGE('',*,*,#4406,.F.);
#6756=ORIENTED_EDGE('',*,*,#4460,.T.);
#6757=ORIENTED_EDGE('',*,*,#5002,.F.);
#6758=ORIENTED_EDGE('',*,*,#4383,.T.);
#6759=ORIENTED_EDGE('',*,*,#4399,.F.);
#6760=ORIENTED_EDGE('',*,*,#4457,.T.);
#6761=ORIENTED_EDGE('',*,*,#4395,.F.);
#6762=ORIENTED_EDGE('',*,*,#4969,.F.);
#6763=ORIENTED_EDGE('',*,*,#4724,.T.);
#6764=ORIENTED_EDGE('',*,*,#5003,.F.);
#6765=ORIENTED_EDGE('',*,*,#5004,.F.);
#6766=ORIENTED_EDGE('',*,*,#5005,.F.);
#6767=ORIENTED_EDGE('',*,*,#4743,.F.);
#6768=ORIENTED_EDGE('',*,*,#5006,.F.);
#6769=ORIENTED_EDGE('',*,*,#4999,.T.);
#6770=ORIENTED_EDGE('',*,*,#4707,.F.);
#6771=ORIENTED_EDGE('',*,*,#4728,.T.);
#6772=ORIENTED_EDGE('',*,*,#4966,.F.);
#6773=ORIENTED_EDGE('',*,*,#5007,.F.);
#6774=ORIENTED_EDGE('',*,*,#4705,.F.);
#6775=ORIENTED_EDGE('',*,*,#5007,.T.);
#6776=ORIENTED_EDGE('',*,*,#4964,.F.);
#6777=ORIENTED_EDGE('',*,*,#5008,.T.);
#6778=ORIENTED_EDGE('',*,*,#4883,.T.);
#6779=ORIENTED_EDGE('',*,*,#5009,.T.);
#6780=ORIENTED_EDGE('',*,*,#4989,.F.);
#6781=ORIENTED_EDGE('',*,*,#4659,.F.);
#6782=ORIENTED_EDGE('',*,*,#4882,.T.);
#6783=ORIENTED_EDGE('',*,*,#5010,.T.);
#6784=ORIENTED_EDGE('',*,*,#4990,.F.);
#6785=ORIENTED_EDGE('',*,*,#5009,.F.);
#6786=ORIENTED_EDGE('',*,*,#4881,.T.);
#6787=ORIENTED_EDGE('',*,*,#5011,.T.);
#6788=ORIENTED_EDGE('',*,*,#4991,.F.);
#6789=ORIENTED_EDGE('',*,*,#5010,.F.);
#6790=ORIENTED_EDGE('',*,*,#4699,.F.);
#6791=ORIENTED_EDGE('',*,*,#5012,.F.);
#6792=ORIENTED_EDGE('',*,*,#4957,.F.);
#6793=ORIENTED_EDGE('',*,*,#5013,.F.);
#6794=ORIENTED_EDGE('',*,*,#4703,.F.);
#6795=ORIENTED_EDGE('',*,*,#5008,.F.);
#6796=ORIENTED_EDGE('',*,*,#4962,.F.);
#6797=ORIENTED_EDGE('',*,*,#5014,.T.);
#6798=ORIENTED_EDGE('',*,*,#4944,.F.);
#6799=ORIENTED_EDGE('',*,*,#4650,.T.);
#6800=ORIENTED_EDGE('',*,*,#5015,.F.);
#6801=ORIENTED_EDGE('',*,*,#4737,.F.);
#6802=ORIENTED_EDGE('',*,*,#4747,.F.);
#6803=ORIENTED_EDGE('',*,*,#4749,.F.);
#6804=ORIENTED_EDGE('',*,*,#4757,.F.);
#6805=ORIENTED_EDGE('',*,*,#5016,.T.);
#6806=ORIENTED_EDGE('',*,*,#4701,.F.);
#6807=ORIENTED_EDGE('',*,*,#5014,.F.);
#6808=ORIENTED_EDGE('',*,*,#4960,.F.);
#6809=ORIENTED_EDGE('',*,*,#5012,.T.);
#6810=ORIENTED_EDGE('',*,*,#5017,.T.);
#6811=ORIENTED_EDGE('',*,*,#5018,.T.);
#6812=ORIENTED_EDGE('',*,*,#5003,.T.);
#6813=ORIENTED_EDGE('',*,*,#4723,.T.);
#6814=ORIENTED_EDGE('',*,*,#5017,.F.);
#6815=ORIENTED_EDGE('',*,*,#4722,.T.);
#6816=ORIENTED_EDGE('',*,*,#4730,.F.);
#6817=ORIENTED_EDGE('',*,*,#4732,.F.);
#6818=ORIENTED_EDGE('',*,*,#4735,.F.);
#6819=ORIENTED_EDGE('',*,*,#4745,.F.);
#6820=ORIENTED_EDGE('',*,*,#5019,.F.);
#6821=ORIENTED_EDGE('',*,*,#5020,.F.);
#6822=ORIENTED_EDGE('',*,*,#4916,.T.);
#6823=ORIENTED_EDGE('',*,*,#4924,.T.);
#6824=ORIENTED_EDGE('',*,*,#4499,.T.);
#6825=ORIENTED_EDGE('',*,*,#5021,.F.);
#6826=ORIENTED_EDGE('',*,*,#4917,.T.);
#6827=ORIENTED_EDGE('',*,*,#5021,.T.);
#6828=ORIENTED_EDGE('',*,*,#4498,.T.);
#6829=ORIENTED_EDGE('',*,*,#5022,.F.);
#6830=ORIENTED_EDGE('',*,*,#4918,.T.);
#6831=ORIENTED_EDGE('',*,*,#5022,.T.);
#6832=ORIENTED_EDGE('',*,*,#4497,.T.);
#6833=ORIENTED_EDGE('',*,*,#4974,.T.);
#6834=ORIENTED_EDGE('',*,*,#5023,.F.);
#6835=ORIENTED_EDGE('',*,*,#4919,.T.);
#6836=ORIENTED_EDGE('',*,*,#5023,.T.);
#6837=ORIENTED_EDGE('',*,*,#4973,.T.);
#6838=ORIENTED_EDGE('',*,*,#5024,.F.);
#6839=ORIENTED_EDGE('',*,*,#4920,.T.);
#6840=ORIENTED_EDGE('',*,*,#5024,.T.);
#6841=ORIENTED_EDGE('',*,*,#4972,.T.);
#6842=ORIENTED_EDGE('',*,*,#4507,.T.);
#6843=ORIENTED_EDGE('',*,*,#5025,.F.);
#6844=ORIENTED_EDGE('',*,*,#4376,.T.);
#6845=ORIENTED_EDGE('',*,*,#4392,.T.);
#6846=ORIENTED_EDGE('',*,*,#4456,.T.);
#6847=ORIENTED_EDGE('',*,*,#5026,.F.);
#6848=ORIENTED_EDGE('',*,*,#4697,.F.);
#6849=ORIENTED_EDGE('',*,*,#5013,.T.);
#6850=ORIENTED_EDGE('',*,*,#4971,.F.);
#6851=ORIENTED_EDGE('',*,*,#4955,.F.);
#6852=ORIENTED_EDGE('',*,*,#5027,.F.);
#6853=ORIENTED_EDGE('',*,*,#4695,.F.);
#6854=ORIENTED_EDGE('',*,*,#5027,.T.);
#6855=ORIENTED_EDGE('',*,*,#4950,.F.);
#6856=ORIENTED_EDGE('',*,*,#5028,.F.);
#6857=ORIENTED_EDGE('',*,*,#4693,.F.);
#6858=ORIENTED_EDGE('',*,*,#5028,.T.);
#6859=ORIENTED_EDGE('',*,*,#4949,.F.);
#6860=ORIENTED_EDGE('',*,*,#4945,.F.);
#6861=ORIENTED_EDGE('',*,*,#5016,.F.);
#6862=ORIENTED_EDGE('',*,*,#4756,.F.);
#6863=ORIENTED_EDGE('',*,*,#4859,.T.);
#6864=ORIENTED_EDGE('',*,*,#4864,.T.);
#6865=ORIENTED_EDGE('',*,*,#4997,.T.);
#6866=ORIENTED_EDGE('',*,*,#5029,.F.);
#6867=ORIENTED_EDGE('',*,*,#4860,.T.);
#6868=ORIENTED_EDGE('',*,*,#5029,.T.);
#6869=ORIENTED_EDGE('',*,*,#4996,.T.);
#6870=ORIENTED_EDGE('',*,*,#5030,.F.);
#6871=ORIENTED_EDGE('',*,*,#4861,.T.);
#6872=ORIENTED_EDGE('',*,*,#5030,.T.);
#6873=ORIENTED_EDGE('',*,*,#4995,.T.);
#6874=ORIENTED_EDGE('',*,*,#5031,.F.);
#6875=ORIENTED_EDGE('',*,*,#4853,.T.);
#6876=ORIENTED_EDGE('',*,*,#5031,.T.);
#6877=ORIENTED_EDGE('',*,*,#4994,.T.);
#6878=ORIENTED_EDGE('',*,*,#4655,.F.);
#6879=ORIENTED_EDGE('',*,*,#4879,.T.);
#6880=ORIENTED_EDGE('',*,*,#4886,.T.);
#6881=ORIENTED_EDGE('',*,*,#4993,.T.);
#6882=ORIENTED_EDGE('',*,*,#5032,.F.);
#6883=ORIENTED_EDGE('',*,*,#4880,.T.);
#6884=ORIENTED_EDGE('',*,*,#5032,.T.);
#6885=ORIENTED_EDGE('',*,*,#4992,.T.);
#6886=ORIENTED_EDGE('',*,*,#5011,.F.);
#6887=ORIENTED_EDGE('',*,*,#4377,.T.);
#6888=ORIENTED_EDGE('',*,*,#5026,.T.);
#6889=ORIENTED_EDGE('',*,*,#4455,.F.);
#6890=ORIENTED_EDGE('',*,*,#4998,.F.);
#6891=ORIENTED_EDGE('',*,*,#4921,.T.);
#6892=ORIENTED_EDGE('',*,*,#5025,.T.);
#6893=ORIENTED_EDGE('',*,*,#4506,.T.);
#6894=ORIENTED_EDGE('',*,*,#4929,.F.);
#6895=ORIENTED_EDGE('',*,*,#5018,.F.);
#6896=ORIENTED_EDGE('',*,*,#5020,.T.);
#6897=ORIENTED_EDGE('',*,*,#5033,.F.);
#6898=ORIENTED_EDGE('',*,*,#5004,.T.);
#6899=ORIENTED_EDGE('',*,*,#5019,.T.);
#6900=ORIENTED_EDGE('',*,*,#4744,.T.);
#6901=ORIENTED_EDGE('',*,*,#5005,.T.);
#6902=ORIENTED_EDGE('',*,*,#5033,.T.);
#6903=ORIENTED_EDGE('',*,*,#5015,.T.);
#6904=ORIENTED_EDGE('',*,*,#4649,.T.);
#6905=ORIENTED_EDGE('',*,*,#5034,.T.);
#6906=ORIENTED_EDGE('',*,*,#4738,.T.);
#6907=ORIENTED_EDGE('',*,*,#5035,.T.);
#6908=ORIENTED_EDGE('',*,*,#4739,.T.);
#6909=ORIENTED_EDGE('',*,*,#5034,.F.);
#6910=ORIENTED_EDGE('',*,*,#4979,.T.);
#6911=ORIENTED_EDGE('',*,*,#5036,.T.);
#6912=ORIENTED_EDGE('',*,*,#4740,.T.);
#6913=ORIENTED_EDGE('',*,*,#5035,.F.);
#6914=ORIENTED_EDGE('',*,*,#4475,.T.);
#6915=ORIENTED_EDGE('',*,*,#5037,.T.);
#6916=ORIENTED_EDGE('',*,*,#4741,.T.);
#6917=ORIENTED_EDGE('',*,*,#5036,.F.);
#6918=ORIENTED_EDGE('',*,*,#4436,.T.);
#6919=ORIENTED_EDGE('',*,*,#5006,.T.);
#6920=ORIENTED_EDGE('',*,*,#4742,.T.);
#6921=ORIENTED_EDGE('',*,*,#5037,.F.);
#6922=ORIENTED_EDGE('',*,*,#5000,.T.);
#6923=ORIENTED_EDGE('',*,*,#4563,.F.);
#6924=ORIENTED_EDGE('',*,*,#5038,.T.);
#6925=ORIENTED_EDGE('',*,*,#4438,.T.);
#6926=ORIENTED_EDGE('',*,*,#4474,.F.);
#6927=ORIENTED_EDGE('',*,*,#5039,.F.);
#6928=ORIENTED_EDGE('',*,*,#4557,.F.);
#6929=ORIENTED_EDGE('',*,*,#5040,.F.);
#6930=ORIENTED_EDGE('',*,*,#4440,.T.);
#6931=ORIENTED_EDGE('',*,*,#5041,.T.);
#6932=ORIENTED_EDGE('',*,*,#4560,.F.);
#6933=ORIENTED_EDGE('',*,*,#5041,.F.);
#6934=ORIENTED_EDGE('',*,*,#4439,.F.);
#6935=ORIENTED_EDGE('',*,*,#5038,.F.);
#6936=ORIENTED_EDGE('',*,*,#4633,.F.);
#6937=ORIENTED_EDGE('',*,*,#5042,.T.);
#6938=ORIENTED_EDGE('',*,*,#4982,.T.);
#6939=ORIENTED_EDGE('',*,*,#5043,.T.);
#6940=ORIENTED_EDGE('',*,*,#4632,.F.);
#6941=ORIENTED_EDGE('',*,*,#5044,.T.);
#6942=ORIENTED_EDGE('',*,*,#4983,.F.);
#6943=ORIENTED_EDGE('',*,*,#5042,.F.);
#6944=ORIENTED_EDGE('',*,*,#4637,.F.);
#6945=ORIENTED_EDGE('',*,*,#5045,.T.);
#6946=ORIENTED_EDGE('',*,*,#4980,.T.);
#6947=ORIENTED_EDGE('',*,*,#4647,.T.);
#6948=ORIENTED_EDGE('',*,*,#4636,.F.);
#6949=ORIENTED_EDGE('',*,*,#5043,.F.);
#6950=ORIENTED_EDGE('',*,*,#4981,.F.);
#6951=ORIENTED_EDGE('',*,*,#5045,.F.);
#6952=ORIENTED_EDGE('',*,*,#4681,.F.);
#6953=ORIENTED_EDGE('',*,*,#5046,.T.);
#6954=ORIENTED_EDGE('',*,*,#4482,.F.);
#6955=ORIENTED_EDGE('',*,*,#5047,.T.);
#6956=ORIENTED_EDGE('',*,*,#4679,.F.);
#6957=ORIENTED_EDGE('',*,*,#5048,.F.);
#6958=ORIENTED_EDGE('',*,*,#4977,.F.);
#6959=ORIENTED_EDGE('',*,*,#4483,.F.);
#6960=ORIENTED_EDGE('',*,*,#5046,.F.);
#6961=ORIENTED_EDGE('',*,*,#4676,.F.);
#6962=ORIENTED_EDGE('',*,*,#4685,.T.);
#6963=ORIENTED_EDGE('',*,*,#4978,.T.);
#6964=ORIENTED_EDGE('',*,*,#5048,.T.);
#6965=ORIENTED_EDGE('',*,*,#4568,.F.);
#6966=ORIENTED_EDGE('',*,*,#5049,.T.);
#6967=ORIENTED_EDGE('',*,*,#4472,.F.);
#6968=ORIENTED_EDGE('',*,*,#4575,.F.);
#6969=ORIENTED_EDGE('',*,*,#4566,.F.);
#6970=ORIENTED_EDGE('',*,*,#5039,.T.);
#6971=ORIENTED_EDGE('',*,*,#4473,.F.);
#6972=ORIENTED_EDGE('',*,*,#5049,.F.);
#6973=ORIENTED_EDGE('',*,*,#4682,.F.);
#6974=ORIENTED_EDGE('',*,*,#5047,.F.);
#6975=ORIENTED_EDGE('',*,*,#4481,.T.);
#6976=ORIENTED_EDGE('',*,*,#4688,.T.);
#6977=ORIENTED_EDGE('',*,*,#4384,.T.);
#6978=ORIENTED_EDGE('',*,*,#5050,.F.);
#6979=ORIENTED_EDGE('',*,*,#4461,.F.);
#6980=ORIENTED_EDGE('',*,*,#4407,.T.);
#6981=ORIENTED_EDGE('',*,*,#4529,.T.);
#6982=ORIENTED_EDGE('',*,*,#5051,.F.);
#6983=ORIENTED_EDGE('',*,*,#4446,.T.);
#6984=ORIENTED_EDGE('',*,*,#4467,.T.);
#6985=ORIENTED_EDGE('',*,*,#5052,.T.);
#6986=ORIENTED_EDGE('',*,*,#4843,.T.);
#6987=ORIENTED_EDGE('',*,*,#5053,.T.);
#6988=ORIENTED_EDGE('',*,*,#4975,.F.);
#6989=ORIENTED_EDGE('',*,*,#4851,.F.);
#6990=ORIENTED_EDGE('',*,*,#4894,.T.);
#6991=ORIENTED_EDGE('',*,*,#5054,.T.);
#6992=ORIENTED_EDGE('',*,*,#4987,.F.);
#6993=ORIENTED_EDGE('',*,*,#5055,.F.);
#6994=ORIENTED_EDGE('',*,*,#4893,.T.);
#6995=ORIENTED_EDGE('',*,*,#4903,.T.);
#6996=ORIENTED_EDGE('',*,*,#4988,.F.);
#6997=ORIENTED_EDGE('',*,*,#5054,.F.);
#6998=ORIENTED_EDGE('',*,*,#4896,.T.);
#6999=ORIENTED_EDGE('',*,*,#5056,.T.);
#7000=ORIENTED_EDGE('',*,*,#4985,.T.);
#7001=ORIENTED_EDGE('',*,*,#4663,.T.);
#7002=ORIENTED_EDGE('',*,*,#4895,.T.);
#7003=ORIENTED_EDGE('',*,*,#5055,.T.);
#7004=ORIENTED_EDGE('',*,*,#4986,.F.);
#7005=ORIENTED_EDGE('',*,*,#5056,.F.);
#7006=ORIENTED_EDGE('',*,*,#4530,.T.);
#7007=ORIENTED_EDGE('',*,*,#5052,.F.);
#7008=ORIENTED_EDGE('',*,*,#4466,.T.);
#7009=ORIENTED_EDGE('',*,*,#4831,.T.);
#7010=ORIENTED_EDGE('',*,*,#4528,.T.);
#7011=ORIENTED_EDGE('',*,*,#4414,.F.);
#7012=ORIENTED_EDGE('',*,*,#4447,.F.);
#7013=ORIENTED_EDGE('',*,*,#5051,.T.);
#7014=ORIENTED_EDGE('',*,*,#4630,.F.);
#7015=ORIENTED_EDGE('',*,*,#4640,.T.);
#7016=ORIENTED_EDGE('',*,*,#4984,.F.);
#7017=ORIENTED_EDGE('',*,*,#5044,.F.);
#7018=ORIENTED_EDGE('',*,*,#4838,.T.);
#7019=ORIENTED_EDGE('',*,*,#4846,.T.);
#7020=ORIENTED_EDGE('',*,*,#4489,.F.);
#7021=ORIENTED_EDGE('',*,*,#5057,.F.);
#7022=ORIENTED_EDGE('',*,*,#4839,.T.);
#7023=ORIENTED_EDGE('',*,*,#5057,.T.);
#7024=ORIENTED_EDGE('',*,*,#4488,.F.);
#7025=ORIENTED_EDGE('',*,*,#5058,.F.);
#7026=ORIENTED_EDGE('',*,*,#4840,.T.);
#7027=ORIENTED_EDGE('',*,*,#5058,.T.);
#7028=ORIENTED_EDGE('',*,*,#4487,.F.);
#7029=ORIENTED_EDGE('',*,*,#5059,.F.);
#7030=ORIENTED_EDGE('',*,*,#4841,.T.);
#7031=ORIENTED_EDGE('',*,*,#5059,.T.);
#7032=ORIENTED_EDGE('',*,*,#4486,.F.);
#7033=ORIENTED_EDGE('',*,*,#5060,.F.);
#7034=ORIENTED_EDGE('',*,*,#4842,.T.);
#7035=ORIENTED_EDGE('',*,*,#5060,.T.);
#7036=ORIENTED_EDGE('',*,*,#4485,.F.);
#7037=ORIENTED_EDGE('',*,*,#4976,.F.);
#7038=ORIENTED_EDGE('',*,*,#5053,.F.);
#7039=ORIENTED_EDGE('',*,*,#4552,.F.);
#7040=ORIENTED_EDGE('',*,*,#4570,.T.);
#7041=ORIENTED_EDGE('',*,*,#4441,.F.);
#7042=ORIENTED_EDGE('',*,*,#5040,.T.);
#7043=ORIENTED_EDGE('',*,*,#4389,.T.);
#7044=ORIENTED_EDGE('',*,*,#5061,.F.);
#7045=ORIENTED_EDGE('',*,*,#4462,.F.);
#7046=ORIENTED_EDGE('',*,*,#5050,.T.);
#7047=ORIENTED_EDGE('',*,*,#4388,.T.);
#7048=ORIENTED_EDGE('',*,*,#5001,.T.);
#7049=ORIENTED_EDGE('',*,*,#4434,.T.);
#7050=ORIENTED_EDGE('',*,*,#5061,.T.);
#7051=ORIENTED_EDGE('',*,*,#4751,.F.);
#7052=ORIENTED_EDGE('',*,*,#5062,.T.);
#7053=ORIENTED_EDGE('',*,*,#4943,.T.);
#7054=ORIENTED_EDGE('',*,*,#5062,.F.);
#7055=ORIENTED_EDGE('',*,*,#4750,.F.);
#7056=ORIENTED_EDGE('',*,*,#5063,.T.);
#7057=ORIENTED_EDGE('',*,*,#4940,.T.);
#7058=ORIENTED_EDGE('',*,*,#5063,.F.);
#7059=ORIENTED_EDGE('',*,*,#5064,.F.);
#7060=ORIENTED_EDGE('',*,*,#4733,.F.);
#7061=ORIENTED_EDGE('',*,*,#5065,.T.);
#7062=ORIENTED_EDGE('',*,*,#5064,.T.);
#7063=ORIENTED_EDGE('',*,*,#5065,.F.);
#7064=ORIENTED_EDGE('',*,*,#4379,.T.);
#7065=ORIENTED_EDGE('',*,*,#5066,.F.);
#7066=ORIENTED_EDGE('',*,*,#4458,.F.);
#7067=ORIENTED_EDGE('',*,*,#4402,.T.);
#7068=ORIENTED_EDGE('',*,*,#4378,.T.);
#7069=ORIENTED_EDGE('',*,*,#5002,.T.);
#7070=ORIENTED_EDGE('',*,*,#4459,.T.);
#7071=ORIENTED_EDGE('',*,*,#5066,.T.);
#7072=ORIENTED_EDGE('',*,*,#5067,.T.);
#7073=ORIENTED_EDGE('',*,*,#5068,.T.);
#7074=ORIENTED_EDGE('',*,*,#5069,.F.);
#7075=ORIENTED_EDGE('',*,*,#5070,.F.);
#7076=ORIENTED_EDGE('',*,*,#5071,.T.);
#7077=ORIENTED_EDGE('',*,*,#5070,.T.);
#7078=ORIENTED_EDGE('',*,*,#5072,.F.);
#7079=ORIENTED_EDGE('',*,*,#5073,.F.);
#7080=ORIENTED_EDGE('',*,*,#5074,.T.);
#7081=ORIENTED_EDGE('',*,*,#5073,.T.);
#7082=ORIENTED_EDGE('',*,*,#5075,.F.);
#7083=ORIENTED_EDGE('',*,*,#5076,.F.);
#7084=ORIENTED_EDGE('',*,*,#5077,.T.);
#7085=ORIENTED_EDGE('',*,*,#5076,.T.);
#7086=ORIENTED_EDGE('',*,*,#5078,.F.);
#7087=ORIENTED_EDGE('',*,*,#5079,.F.);
#7088=ORIENTED_EDGE('',*,*,#5080,.T.);
#7089=ORIENTED_EDGE('',*,*,#5079,.T.);
#7090=ORIENTED_EDGE('',*,*,#5081,.F.);
#7091=ORIENTED_EDGE('',*,*,#5082,.F.);
#7092=ORIENTED_EDGE('',*,*,#5083,.T.);
#7093=ORIENTED_EDGE('',*,*,#5082,.T.);
#7094=ORIENTED_EDGE('',*,*,#5084,.F.);
#7095=ORIENTED_EDGE('',*,*,#5068,.F.);
#7096=ORIENTED_EDGE('',*,*,#5085,.T.);
#7097=ORIENTED_EDGE('',*,*,#5086,.T.);
#7098=ORIENTED_EDGE('',*,*,#5087,.F.);
#7099=ORIENTED_EDGE('',*,*,#5088,.F.);
#7100=ORIENTED_EDGE('',*,*,#5089,.T.);
#7101=ORIENTED_EDGE('',*,*,#5088,.T.);
#7102=ORIENTED_EDGE('',*,*,#5090,.F.);
#7103=ORIENTED_EDGE('',*,*,#5091,.F.);
#7104=ORIENTED_EDGE('',*,*,#5092,.T.);
#7105=ORIENTED_EDGE('',*,*,#5091,.T.);
#7106=ORIENTED_EDGE('',*,*,#5093,.F.);
#7107=ORIENTED_EDGE('',*,*,#5094,.F.);
#7108=ORIENTED_EDGE('',*,*,#5095,.T.);
#7109=ORIENTED_EDGE('',*,*,#5094,.T.);
#7110=ORIENTED_EDGE('',*,*,#5096,.F.);
#7111=ORIENTED_EDGE('',*,*,#5097,.F.);
#7112=ORIENTED_EDGE('',*,*,#5098,.T.);
#7113=ORIENTED_EDGE('',*,*,#5097,.T.);
#7114=ORIENTED_EDGE('',*,*,#5099,.F.);
#7115=ORIENTED_EDGE('',*,*,#5100,.F.);
#7116=ORIENTED_EDGE('',*,*,#5101,.T.);
#7117=ORIENTED_EDGE('',*,*,#5100,.T.);
#7118=ORIENTED_EDGE('',*,*,#5102,.F.);
#7119=ORIENTED_EDGE('',*,*,#5086,.F.);
#7120=ORIENTED_EDGE('',*,*,#5103,.T.);
#7121=ORIENTED_EDGE('',*,*,#5104,.T.);
#7122=ORIENTED_EDGE('',*,*,#5105,.F.);
#7123=ORIENTED_EDGE('',*,*,#5106,.F.);
#7124=ORIENTED_EDGE('',*,*,#5107,.T.);
#7125=ORIENTED_EDGE('',*,*,#5106,.T.);
#7126=ORIENTED_EDGE('',*,*,#5108,.F.);
#7127=ORIENTED_EDGE('',*,*,#5109,.F.);
#7128=ORIENTED_EDGE('',*,*,#5110,.T.);
#7129=ORIENTED_EDGE('',*,*,#5109,.T.);
#7130=ORIENTED_EDGE('',*,*,#5111,.F.);
#7131=ORIENTED_EDGE('',*,*,#5112,.F.);
#7132=ORIENTED_EDGE('',*,*,#5113,.T.);
#7133=ORIENTED_EDGE('',*,*,#5112,.T.);
#7134=ORIENTED_EDGE('',*,*,#5114,.F.);
#7135=ORIENTED_EDGE('',*,*,#5115,.F.);
#7136=ORIENTED_EDGE('',*,*,#5116,.T.);
#7137=ORIENTED_EDGE('',*,*,#5115,.T.);
#7138=ORIENTED_EDGE('',*,*,#5117,.F.);
#7139=ORIENTED_EDGE('',*,*,#5118,.F.);
#7140=ORIENTED_EDGE('',*,*,#5119,.T.);
#7141=ORIENTED_EDGE('',*,*,#5118,.T.);
#7142=ORIENTED_EDGE('',*,*,#5120,.F.);
#7143=ORIENTED_EDGE('',*,*,#5121,.F.);
#7144=ORIENTED_EDGE('',*,*,#5122,.T.);
#7145=ORIENTED_EDGE('',*,*,#5121,.T.);
#7146=ORIENTED_EDGE('',*,*,#5123,.F.);
#7147=ORIENTED_EDGE('',*,*,#5124,.F.);
#7148=ORIENTED_EDGE('',*,*,#5125,.T.);
#7149=ORIENTED_EDGE('',*,*,#5124,.T.);
#7150=ORIENTED_EDGE('',*,*,#5126,.F.);
#7151=ORIENTED_EDGE('',*,*,#5127,.F.);
#7152=ORIENTED_EDGE('',*,*,#5128,.T.);
#7153=ORIENTED_EDGE('',*,*,#5127,.T.);
#7154=ORIENTED_EDGE('',*,*,#5129,.F.);
#7155=ORIENTED_EDGE('',*,*,#5130,.F.);
#7156=ORIENTED_EDGE('',*,*,#5131,.T.);
#7157=ORIENTED_EDGE('',*,*,#5130,.T.);
#7158=ORIENTED_EDGE('',*,*,#5132,.F.);
#7159=ORIENTED_EDGE('',*,*,#5133,.F.);
#7160=ORIENTED_EDGE('',*,*,#5134,.T.);
#7161=ORIENTED_EDGE('',*,*,#5133,.T.);
#7162=ORIENTED_EDGE('',*,*,#5135,.F.);
#7163=ORIENTED_EDGE('',*,*,#5136,.F.);
#7164=ORIENTED_EDGE('',*,*,#5137,.T.);
#7165=ORIENTED_EDGE('',*,*,#5136,.T.);
#7166=ORIENTED_EDGE('',*,*,#5138,.F.);
#7167=ORIENTED_EDGE('',*,*,#5139,.F.);
#7168=ORIENTED_EDGE('',*,*,#5140,.T.);
#7169=ORIENTED_EDGE('',*,*,#5139,.T.);
#7170=ORIENTED_EDGE('',*,*,#5141,.F.);
#7171=ORIENTED_EDGE('',*,*,#5142,.F.);
#7172=ORIENTED_EDGE('',*,*,#5143,.T.);
#7173=ORIENTED_EDGE('',*,*,#5142,.T.);
#7174=ORIENTED_EDGE('',*,*,#5144,.F.);
#7175=ORIENTED_EDGE('',*,*,#5145,.F.);
#7176=ORIENTED_EDGE('',*,*,#5146,.T.);
#7177=ORIENTED_EDGE('',*,*,#5145,.T.);
#7178=ORIENTED_EDGE('',*,*,#5147,.F.);
#7179=ORIENTED_EDGE('',*,*,#5148,.F.);
#7180=ORIENTED_EDGE('',*,*,#5149,.T.);
#7181=ORIENTED_EDGE('',*,*,#5148,.T.);
#7182=ORIENTED_EDGE('',*,*,#5150,.F.);
#7183=ORIENTED_EDGE('',*,*,#5151,.F.);
#7184=ORIENTED_EDGE('',*,*,#5152,.T.);
#7185=ORIENTED_EDGE('',*,*,#5151,.T.);
#7186=ORIENTED_EDGE('',*,*,#5153,.F.);
#7187=ORIENTED_EDGE('',*,*,#5154,.F.);
#7188=ORIENTED_EDGE('',*,*,#5155,.F.);
#7189=ORIENTED_EDGE('',*,*,#5154,.T.);
#7190=ORIENTED_EDGE('',*,*,#5156,.F.);
#7191=ORIENTED_EDGE('',*,*,#5157,.F.);
#7192=ORIENTED_EDGE('',*,*,#5158,.T.);
#7193=ORIENTED_EDGE('',*,*,#5157,.T.);
#7194=ORIENTED_EDGE('',*,*,#5159,.F.);
#7195=ORIENTED_EDGE('',*,*,#5160,.F.);
#7196=ORIENTED_EDGE('',*,*,#5161,.T.);
#7197=ORIENTED_EDGE('',*,*,#5160,.T.);
#7198=ORIENTED_EDGE('',*,*,#5162,.F.);
#7199=ORIENTED_EDGE('',*,*,#5163,.F.);
#7200=ORIENTED_EDGE('',*,*,#5164,.F.);
#7201=ORIENTED_EDGE('',*,*,#5163,.T.);
#7202=ORIENTED_EDGE('',*,*,#5165,.F.);
#7203=ORIENTED_EDGE('',*,*,#5166,.F.);
#7204=ORIENTED_EDGE('',*,*,#5167,.T.);
#7205=ORIENTED_EDGE('',*,*,#5166,.T.);
#7206=ORIENTED_EDGE('',*,*,#5168,.F.);
#7207=ORIENTED_EDGE('',*,*,#5169,.F.);
#7208=ORIENTED_EDGE('',*,*,#5170,.T.);
#7209=ORIENTED_EDGE('',*,*,#5169,.T.);
#7210=ORIENTED_EDGE('',*,*,#5171,.F.);
#7211=ORIENTED_EDGE('',*,*,#5172,.F.);
#7212=ORIENTED_EDGE('',*,*,#5173,.T.);
#7213=ORIENTED_EDGE('',*,*,#5172,.T.);
#7214=ORIENTED_EDGE('',*,*,#5174,.F.);
#7215=ORIENTED_EDGE('',*,*,#5175,.F.);
#7216=ORIENTED_EDGE('',*,*,#5176,.T.);
#7217=ORIENTED_EDGE('',*,*,#5175,.T.);
#7218=ORIENTED_EDGE('',*,*,#5177,.F.);
#7219=ORIENTED_EDGE('',*,*,#5178,.F.);
#7220=ORIENTED_EDGE('',*,*,#5179,.T.);
#7221=ORIENTED_EDGE('',*,*,#5178,.T.);
#7222=ORIENTED_EDGE('',*,*,#5180,.F.);
#7223=ORIENTED_EDGE('',*,*,#5181,.F.);
#7224=ORIENTED_EDGE('',*,*,#5182,.T.);
#7225=ORIENTED_EDGE('',*,*,#5181,.T.);
#7226=ORIENTED_EDGE('',*,*,#5183,.F.);
#7227=ORIENTED_EDGE('',*,*,#5184,.F.);
#7228=ORIENTED_EDGE('',*,*,#5185,.T.);
#7229=ORIENTED_EDGE('',*,*,#5184,.T.);
#7230=ORIENTED_EDGE('',*,*,#5186,.F.);
#7231=ORIENTED_EDGE('',*,*,#5187,.F.);
#7232=ORIENTED_EDGE('',*,*,#5188,.T.);
#7233=ORIENTED_EDGE('',*,*,#5187,.T.);
#7234=ORIENTED_EDGE('',*,*,#5189,.F.);
#7235=ORIENTED_EDGE('',*,*,#5190,.F.);
#7236=ORIENTED_EDGE('',*,*,#5191,.T.);
#7237=ORIENTED_EDGE('',*,*,#5190,.T.);
#7238=ORIENTED_EDGE('',*,*,#5192,.F.);
#7239=ORIENTED_EDGE('',*,*,#5193,.F.);
#7240=ORIENTED_EDGE('',*,*,#5194,.T.);
#7241=ORIENTED_EDGE('',*,*,#5193,.T.);
#7242=ORIENTED_EDGE('',*,*,#5195,.F.);
#7243=ORIENTED_EDGE('',*,*,#5196,.F.);
#7244=ORIENTED_EDGE('',*,*,#5197,.T.);
#7245=ORIENTED_EDGE('',*,*,#5196,.T.);
#7246=ORIENTED_EDGE('',*,*,#5198,.F.);
#7247=ORIENTED_EDGE('',*,*,#5199,.F.);
#7248=ORIENTED_EDGE('',*,*,#5200,.T.);
#7249=ORIENTED_EDGE('',*,*,#5199,.T.);
#7250=ORIENTED_EDGE('',*,*,#5201,.F.);
#7251=ORIENTED_EDGE('',*,*,#5202,.F.);
#7252=ORIENTED_EDGE('',*,*,#5203,.T.);
#7253=ORIENTED_EDGE('',*,*,#5202,.T.);
#7254=ORIENTED_EDGE('',*,*,#5204,.F.);
#7255=ORIENTED_EDGE('',*,*,#5205,.F.);
#7256=ORIENTED_EDGE('',*,*,#5206,.T.);
#7257=ORIENTED_EDGE('',*,*,#5205,.T.);
#7258=ORIENTED_EDGE('',*,*,#5207,.F.);
#7259=ORIENTED_EDGE('',*,*,#5208,.F.);
#7260=ORIENTED_EDGE('',*,*,#5209,.T.);
#7261=ORIENTED_EDGE('',*,*,#5208,.T.);
#7262=ORIENTED_EDGE('',*,*,#5210,.F.);
#7263=ORIENTED_EDGE('',*,*,#5211,.F.);
#7264=ORIENTED_EDGE('',*,*,#5212,.F.);
#7265=ORIENTED_EDGE('',*,*,#5211,.T.);
#7266=ORIENTED_EDGE('',*,*,#5213,.F.);
#7267=ORIENTED_EDGE('',*,*,#5214,.F.);
#7268=ORIENTED_EDGE('',*,*,#5215,.T.);
#7269=ORIENTED_EDGE('',*,*,#5214,.T.);
#7270=ORIENTED_EDGE('',*,*,#5216,.F.);
#7271=ORIENTED_EDGE('',*,*,#5217,.F.);
#7272=ORIENTED_EDGE('',*,*,#5218,.T.);
#7273=ORIENTED_EDGE('',*,*,#5217,.T.);
#7274=ORIENTED_EDGE('',*,*,#5219,.F.);
#7275=ORIENTED_EDGE('',*,*,#5220,.F.);
#7276=ORIENTED_EDGE('',*,*,#5221,.T.);
#7277=ORIENTED_EDGE('',*,*,#5220,.T.);
#7278=ORIENTED_EDGE('',*,*,#5222,.F.);
#7279=ORIENTED_EDGE('',*,*,#5223,.F.);
#7280=ORIENTED_EDGE('',*,*,#5224,.T.);
#7281=ORIENTED_EDGE('',*,*,#5223,.T.);
#7282=ORIENTED_EDGE('',*,*,#5225,.F.);
#7283=ORIENTED_EDGE('',*,*,#5226,.F.);
#7284=ORIENTED_EDGE('',*,*,#5227,.F.);
#7285=ORIENTED_EDGE('',*,*,#5226,.T.);
#7286=ORIENTED_EDGE('',*,*,#5228,.F.);
#7287=ORIENTED_EDGE('',*,*,#5229,.F.);
#7288=ORIENTED_EDGE('',*,*,#5230,.T.);
#7289=ORIENTED_EDGE('',*,*,#5229,.T.);
#7290=ORIENTED_EDGE('',*,*,#5231,.F.);
#7291=ORIENTED_EDGE('',*,*,#5232,.F.);
#7292=ORIENTED_EDGE('',*,*,#5233,.T.);
#7293=ORIENTED_EDGE('',*,*,#5232,.T.);
#7294=ORIENTED_EDGE('',*,*,#5234,.F.);
#7295=ORIENTED_EDGE('',*,*,#5104,.F.);
#7296=ORIENTED_EDGE('',*,*,#5233,.F.);
#7297=ORIENTED_EDGE('',*,*,#5103,.F.);
#7298=ORIENTED_EDGE('',*,*,#5107,.F.);
#7299=ORIENTED_EDGE('',*,*,#5110,.F.);
#7300=ORIENTED_EDGE('',*,*,#5113,.F.);
#7301=ORIENTED_EDGE('',*,*,#5116,.F.);
#7302=ORIENTED_EDGE('',*,*,#5119,.F.);
#7303=ORIENTED_EDGE('',*,*,#5122,.F.);
#7304=ORIENTED_EDGE('',*,*,#5125,.F.);
#7305=ORIENTED_EDGE('',*,*,#5128,.F.);
#7306=ORIENTED_EDGE('',*,*,#5131,.F.);
#7307=ORIENTED_EDGE('',*,*,#5134,.F.);
#7308=ORIENTED_EDGE('',*,*,#5137,.F.);
#7309=ORIENTED_EDGE('',*,*,#5140,.F.);
#7310=ORIENTED_EDGE('',*,*,#5143,.F.);
#7311=ORIENTED_EDGE('',*,*,#5146,.F.);
#7312=ORIENTED_EDGE('',*,*,#5149,.F.);
#7313=ORIENTED_EDGE('',*,*,#5152,.F.);
#7314=ORIENTED_EDGE('',*,*,#5155,.T.);
#7315=ORIENTED_EDGE('',*,*,#5158,.F.);
#7316=ORIENTED_EDGE('',*,*,#5161,.F.);
#7317=ORIENTED_EDGE('',*,*,#5164,.T.);
#7318=ORIENTED_EDGE('',*,*,#5167,.F.);
#7319=ORIENTED_EDGE('',*,*,#5170,.F.);
#7320=ORIENTED_EDGE('',*,*,#5173,.F.);
#7321=ORIENTED_EDGE('',*,*,#5176,.F.);
#7322=ORIENTED_EDGE('',*,*,#5179,.F.);
#7323=ORIENTED_EDGE('',*,*,#5182,.F.);
#7324=ORIENTED_EDGE('',*,*,#5185,.F.);
#7325=ORIENTED_EDGE('',*,*,#5188,.F.);
#7326=ORIENTED_EDGE('',*,*,#5191,.F.);
#7327=ORIENTED_EDGE('',*,*,#5194,.F.);
#7328=ORIENTED_EDGE('',*,*,#5197,.F.);
#7329=ORIENTED_EDGE('',*,*,#5200,.F.);
#7330=ORIENTED_EDGE('',*,*,#5203,.F.);
#7331=ORIENTED_EDGE('',*,*,#5206,.F.);
#7332=ORIENTED_EDGE('',*,*,#5209,.F.);
#7333=ORIENTED_EDGE('',*,*,#5212,.T.);
#7334=ORIENTED_EDGE('',*,*,#5215,.F.);
#7335=ORIENTED_EDGE('',*,*,#5218,.F.);
#7336=ORIENTED_EDGE('',*,*,#5221,.F.);
#7337=ORIENTED_EDGE('',*,*,#5224,.F.);
#7338=ORIENTED_EDGE('',*,*,#5227,.T.);
#7339=ORIENTED_EDGE('',*,*,#5230,.F.);
#7340=ORIENTED_EDGE('',*,*,#5101,.F.);
#7341=ORIENTED_EDGE('',*,*,#5085,.F.);
#7342=ORIENTED_EDGE('',*,*,#5089,.F.);
#7343=ORIENTED_EDGE('',*,*,#5092,.F.);
#7344=ORIENTED_EDGE('',*,*,#5095,.F.);
#7345=ORIENTED_EDGE('',*,*,#5098,.F.);
#7346=ORIENTED_EDGE('',*,*,#5083,.F.);
#7347=ORIENTED_EDGE('',*,*,#5067,.F.);
#7348=ORIENTED_EDGE('',*,*,#5071,.F.);
#7349=ORIENTED_EDGE('',*,*,#5074,.F.);
#7350=ORIENTED_EDGE('',*,*,#5077,.F.);
#7351=ORIENTED_EDGE('',*,*,#5080,.F.);
#7352=ORIENTED_EDGE('',*,*,#5234,.T.);
#7353=ORIENTED_EDGE('',*,*,#5231,.T.);
#7354=ORIENTED_EDGE('',*,*,#5228,.T.);
#7355=ORIENTED_EDGE('',*,*,#5225,.T.);
#7356=ORIENTED_EDGE('',*,*,#5222,.T.);
#7357=ORIENTED_EDGE('',*,*,#5219,.T.);
#7358=ORIENTED_EDGE('',*,*,#5216,.T.);
#7359=ORIENTED_EDGE('',*,*,#5213,.T.);
#7360=ORIENTED_EDGE('',*,*,#5210,.T.);
#7361=ORIENTED_EDGE('',*,*,#5207,.T.);
#7362=ORIENTED_EDGE('',*,*,#5204,.T.);
#7363=ORIENTED_EDGE('',*,*,#5201,.T.);
#7364=ORIENTED_EDGE('',*,*,#5198,.T.);
#7365=ORIENTED_EDGE('',*,*,#5195,.T.);
#7366=ORIENTED_EDGE('',*,*,#5192,.T.);
#7367=ORIENTED_EDGE('',*,*,#5189,.T.);
#7368=ORIENTED_EDGE('',*,*,#5186,.T.);
#7369=ORIENTED_EDGE('',*,*,#5183,.T.);
#7370=ORIENTED_EDGE('',*,*,#5180,.T.);
#7371=ORIENTED_EDGE('',*,*,#5177,.T.);
#7372=ORIENTED_EDGE('',*,*,#5174,.T.);
#7373=ORIENTED_EDGE('',*,*,#5171,.T.);
#7374=ORIENTED_EDGE('',*,*,#5168,.T.);
#7375=ORIENTED_EDGE('',*,*,#5165,.T.);
#7376=ORIENTED_EDGE('',*,*,#5162,.T.);
#7377=ORIENTED_EDGE('',*,*,#5159,.T.);
#7378=ORIENTED_EDGE('',*,*,#5156,.T.);
#7379=ORIENTED_EDGE('',*,*,#5153,.T.);
#7380=ORIENTED_EDGE('',*,*,#5150,.T.);
#7381=ORIENTED_EDGE('',*,*,#5147,.T.);
#7382=ORIENTED_EDGE('',*,*,#5144,.T.);
#7383=ORIENTED_EDGE('',*,*,#5141,.T.);
#7384=ORIENTED_EDGE('',*,*,#5138,.T.);
#7385=ORIENTED_EDGE('',*,*,#5135,.T.);
#7386=ORIENTED_EDGE('',*,*,#5132,.T.);
#7387=ORIENTED_EDGE('',*,*,#5129,.T.);
#7388=ORIENTED_EDGE('',*,*,#5126,.T.);
#7389=ORIENTED_EDGE('',*,*,#5123,.T.);
#7390=ORIENTED_EDGE('',*,*,#5120,.T.);
#7391=ORIENTED_EDGE('',*,*,#5117,.T.);
#7392=ORIENTED_EDGE('',*,*,#5114,.T.);
#7393=ORIENTED_EDGE('',*,*,#5111,.T.);
#7394=ORIENTED_EDGE('',*,*,#5108,.T.);
#7395=ORIENTED_EDGE('',*,*,#5105,.T.);
#7396=ORIENTED_EDGE('',*,*,#5102,.T.);
#7397=ORIENTED_EDGE('',*,*,#5099,.T.);
#7398=ORIENTED_EDGE('',*,*,#5096,.T.);
#7399=ORIENTED_EDGE('',*,*,#5093,.T.);
#7400=ORIENTED_EDGE('',*,*,#5090,.T.);
#7401=ORIENTED_EDGE('',*,*,#5087,.T.);
#7402=ORIENTED_EDGE('',*,*,#5084,.T.);
#7403=ORIENTED_EDGE('',*,*,#5081,.T.);
#7404=ORIENTED_EDGE('',*,*,#5078,.T.);
#7405=ORIENTED_EDGE('',*,*,#5075,.T.);
#7406=ORIENTED_EDGE('',*,*,#5072,.T.);
#7407=ORIENTED_EDGE('',*,*,#5069,.T.);
#7408=ORIENTED_EDGE('',*,*,#5235,.T.);
#7409=ORIENTED_EDGE('',*,*,#5236,.T.);
#7410=ORIENTED_EDGE('',*,*,#5237,.F.);
#7411=ORIENTED_EDGE('',*,*,#5238,.F.);
#7412=ORIENTED_EDGE('',*,*,#5239,.T.);
#7413=ORIENTED_EDGE('',*,*,#5238,.T.);
#7414=ORIENTED_EDGE('',*,*,#5240,.F.);
#7415=ORIENTED_EDGE('',*,*,#5241,.F.);
#7416=ORIENTED_EDGE('',*,*,#5242,.T.);
#7417=ORIENTED_EDGE('',*,*,#5241,.T.);
#7418=ORIENTED_EDGE('',*,*,#5243,.F.);
#7419=ORIENTED_EDGE('',*,*,#5244,.F.);
#7420=ORIENTED_EDGE('',*,*,#5245,.T.);
#7421=ORIENTED_EDGE('',*,*,#5244,.T.);
#7422=ORIENTED_EDGE('',*,*,#5246,.F.);
#7423=ORIENTED_EDGE('',*,*,#5247,.F.);
#7424=ORIENTED_EDGE('',*,*,#5248,.T.);
#7425=ORIENTED_EDGE('',*,*,#5247,.T.);
#7426=ORIENTED_EDGE('',*,*,#5249,.F.);
#7427=ORIENTED_EDGE('',*,*,#5250,.F.);
#7428=ORIENTED_EDGE('',*,*,#5251,.T.);
#7429=ORIENTED_EDGE('',*,*,#5250,.T.);
#7430=ORIENTED_EDGE('',*,*,#5252,.F.);
#7431=ORIENTED_EDGE('',*,*,#5236,.F.);
#7432=ORIENTED_EDGE('',*,*,#5253,.T.);
#7433=ORIENTED_EDGE('',*,*,#5254,.T.);
#7434=ORIENTED_EDGE('',*,*,#5255,.F.);
#7435=ORIENTED_EDGE('',*,*,#5256,.F.);
#7436=ORIENTED_EDGE('',*,*,#5257,.T.);
#7437=ORIENTED_EDGE('',*,*,#5256,.T.);
#7438=ORIENTED_EDGE('',*,*,#5258,.F.);
#7439=ORIENTED_EDGE('',*,*,#5259,.F.);
#7440=ORIENTED_EDGE('',*,*,#5260,.T.);
#7441=ORIENTED_EDGE('',*,*,#5259,.T.);
#7442=ORIENTED_EDGE('',*,*,#5261,.F.);
#7443=ORIENTED_EDGE('',*,*,#5262,.F.);
#7444=ORIENTED_EDGE('',*,*,#5263,.T.);
#7445=ORIENTED_EDGE('',*,*,#5262,.T.);
#7446=ORIENTED_EDGE('',*,*,#5264,.F.);
#7447=ORIENTED_EDGE('',*,*,#5265,.F.);
#7448=ORIENTED_EDGE('',*,*,#5266,.T.);
#7449=ORIENTED_EDGE('',*,*,#5265,.T.);
#7450=ORIENTED_EDGE('',*,*,#5267,.F.);
#7451=ORIENTED_EDGE('',*,*,#5268,.F.);
#7452=ORIENTED_EDGE('',*,*,#5269,.T.);
#7453=ORIENTED_EDGE('',*,*,#5268,.T.);
#7454=ORIENTED_EDGE('',*,*,#5270,.F.);
#7455=ORIENTED_EDGE('',*,*,#5271,.F.);
#7456=ORIENTED_EDGE('',*,*,#5272,.T.);
#7457=ORIENTED_EDGE('',*,*,#5271,.T.);
#7458=ORIENTED_EDGE('',*,*,#5273,.F.);
#7459=ORIENTED_EDGE('',*,*,#5274,.F.);
#7460=ORIENTED_EDGE('',*,*,#5275,.T.);
#7461=ORIENTED_EDGE('',*,*,#5274,.T.);
#7462=ORIENTED_EDGE('',*,*,#5276,.F.);
#7463=ORIENTED_EDGE('',*,*,#5277,.F.);
#7464=ORIENTED_EDGE('',*,*,#5278,.T.);
#7465=ORIENTED_EDGE('',*,*,#5277,.T.);
#7466=ORIENTED_EDGE('',*,*,#5279,.F.);
#7467=ORIENTED_EDGE('',*,*,#5280,.F.);
#7468=ORIENTED_EDGE('',*,*,#5281,.T.);
#7469=ORIENTED_EDGE('',*,*,#5280,.T.);
#7470=ORIENTED_EDGE('',*,*,#5282,.F.);
#7471=ORIENTED_EDGE('',*,*,#5283,.F.);
#7472=ORIENTED_EDGE('',*,*,#5284,.T.);
#7473=ORIENTED_EDGE('',*,*,#5283,.T.);
#7474=ORIENTED_EDGE('',*,*,#5285,.F.);
#7475=ORIENTED_EDGE('',*,*,#5286,.F.);
#7476=ORIENTED_EDGE('',*,*,#5287,.T.);
#7477=ORIENTED_EDGE('',*,*,#5286,.T.);
#7478=ORIENTED_EDGE('',*,*,#5288,.F.);
#7479=ORIENTED_EDGE('',*,*,#5289,.F.);
#7480=ORIENTED_EDGE('',*,*,#5290,.T.);
#7481=ORIENTED_EDGE('',*,*,#5289,.T.);
#7482=ORIENTED_EDGE('',*,*,#5291,.F.);
#7483=ORIENTED_EDGE('',*,*,#5292,.F.);
#7484=ORIENTED_EDGE('',*,*,#5293,.T.);
#7485=ORIENTED_EDGE('',*,*,#5292,.T.);
#7486=ORIENTED_EDGE('',*,*,#5294,.F.);
#7487=ORIENTED_EDGE('',*,*,#5295,.F.);
#7488=ORIENTED_EDGE('',*,*,#5296,.T.);
#7489=ORIENTED_EDGE('',*,*,#5295,.T.);
#7490=ORIENTED_EDGE('',*,*,#5297,.F.);
#7491=ORIENTED_EDGE('',*,*,#5298,.F.);
#7492=ORIENTED_EDGE('',*,*,#5299,.T.);
#7493=ORIENTED_EDGE('',*,*,#5298,.T.);
#7494=ORIENTED_EDGE('',*,*,#5300,.F.);
#7495=ORIENTED_EDGE('',*,*,#5301,.F.);
#7496=ORIENTED_EDGE('',*,*,#5302,.T.);
#7497=ORIENTED_EDGE('',*,*,#5301,.T.);
#7498=ORIENTED_EDGE('',*,*,#5303,.F.);
#7499=ORIENTED_EDGE('',*,*,#5304,.F.);
#7500=ORIENTED_EDGE('',*,*,#5305,.T.);
#7501=ORIENTED_EDGE('',*,*,#5304,.T.);
#7502=ORIENTED_EDGE('',*,*,#5306,.F.);
#7503=ORIENTED_EDGE('',*,*,#5307,.F.);
#7504=ORIENTED_EDGE('',*,*,#5308,.F.);
#7505=ORIENTED_EDGE('',*,*,#5307,.T.);
#7506=ORIENTED_EDGE('',*,*,#5309,.F.);
#7507=ORIENTED_EDGE('',*,*,#5310,.F.);
#7508=ORIENTED_EDGE('',*,*,#5311,.T.);
#7509=ORIENTED_EDGE('',*,*,#5310,.T.);
#7510=ORIENTED_EDGE('',*,*,#5312,.F.);
#7511=ORIENTED_EDGE('',*,*,#5313,.F.);
#7512=ORIENTED_EDGE('',*,*,#5314,.T.);
#7513=ORIENTED_EDGE('',*,*,#5313,.T.);
#7514=ORIENTED_EDGE('',*,*,#5315,.F.);
#7515=ORIENTED_EDGE('',*,*,#5316,.F.);
#7516=ORIENTED_EDGE('',*,*,#5317,.F.);
#7517=ORIENTED_EDGE('',*,*,#5316,.T.);
#7518=ORIENTED_EDGE('',*,*,#5318,.F.);
#7519=ORIENTED_EDGE('',*,*,#5319,.F.);
#7520=ORIENTED_EDGE('',*,*,#5320,.T.);
#7521=ORIENTED_EDGE('',*,*,#5319,.T.);
#7522=ORIENTED_EDGE('',*,*,#5321,.F.);
#7523=ORIENTED_EDGE('',*,*,#5322,.F.);
#7524=ORIENTED_EDGE('',*,*,#5323,.T.);
#7525=ORIENTED_EDGE('',*,*,#5322,.T.);
#7526=ORIENTED_EDGE('',*,*,#5324,.F.);
#7527=ORIENTED_EDGE('',*,*,#5325,.F.);
#7528=ORIENTED_EDGE('',*,*,#5326,.T.);
#7529=ORIENTED_EDGE('',*,*,#5325,.T.);
#7530=ORIENTED_EDGE('',*,*,#5327,.F.);
#7531=ORIENTED_EDGE('',*,*,#5328,.F.);
#7532=ORIENTED_EDGE('',*,*,#5329,.T.);
#7533=ORIENTED_EDGE('',*,*,#5328,.T.);
#7534=ORIENTED_EDGE('',*,*,#5330,.F.);
#7535=ORIENTED_EDGE('',*,*,#5331,.F.);
#7536=ORIENTED_EDGE('',*,*,#5332,.T.);
#7537=ORIENTED_EDGE('',*,*,#5331,.T.);
#7538=ORIENTED_EDGE('',*,*,#5333,.F.);
#7539=ORIENTED_EDGE('',*,*,#5334,.F.);
#7540=ORIENTED_EDGE('',*,*,#5335,.T.);
#7541=ORIENTED_EDGE('',*,*,#5334,.T.);
#7542=ORIENTED_EDGE('',*,*,#5336,.F.);
#7543=ORIENTED_EDGE('',*,*,#5337,.F.);
#7544=ORIENTED_EDGE('',*,*,#5338,.T.);
#7545=ORIENTED_EDGE('',*,*,#5337,.T.);
#7546=ORIENTED_EDGE('',*,*,#5339,.F.);
#7547=ORIENTED_EDGE('',*,*,#5340,.F.);
#7548=ORIENTED_EDGE('',*,*,#5341,.T.);
#7549=ORIENTED_EDGE('',*,*,#5340,.T.);
#7550=ORIENTED_EDGE('',*,*,#5342,.F.);
#7551=ORIENTED_EDGE('',*,*,#5343,.F.);
#7552=ORIENTED_EDGE('',*,*,#5344,.T.);
#7553=ORIENTED_EDGE('',*,*,#5343,.T.);
#7554=ORIENTED_EDGE('',*,*,#5345,.F.);
#7555=ORIENTED_EDGE('',*,*,#5346,.F.);
#7556=ORIENTED_EDGE('',*,*,#5347,.T.);
#7557=ORIENTED_EDGE('',*,*,#5346,.T.);
#7558=ORIENTED_EDGE('',*,*,#5348,.F.);
#7559=ORIENTED_EDGE('',*,*,#5349,.F.);
#7560=ORIENTED_EDGE('',*,*,#5350,.T.);
#7561=ORIENTED_EDGE('',*,*,#5349,.T.);
#7562=ORIENTED_EDGE('',*,*,#5351,.F.);
#7563=ORIENTED_EDGE('',*,*,#5352,.F.);
#7564=ORIENTED_EDGE('',*,*,#5353,.T.);
#7565=ORIENTED_EDGE('',*,*,#5352,.T.);
#7566=ORIENTED_EDGE('',*,*,#5354,.F.);
#7567=ORIENTED_EDGE('',*,*,#5355,.F.);
#7568=ORIENTED_EDGE('',*,*,#5356,.T.);
#7569=ORIENTED_EDGE('',*,*,#5355,.T.);
#7570=ORIENTED_EDGE('',*,*,#5357,.F.);
#7571=ORIENTED_EDGE('',*,*,#5358,.F.);
#7572=ORIENTED_EDGE('',*,*,#5359,.T.);
#7573=ORIENTED_EDGE('',*,*,#5358,.T.);
#7574=ORIENTED_EDGE('',*,*,#5360,.F.);
#7575=ORIENTED_EDGE('',*,*,#5361,.F.);
#7576=ORIENTED_EDGE('',*,*,#5362,.T.);
#7577=ORIENTED_EDGE('',*,*,#5361,.T.);
#7578=ORIENTED_EDGE('',*,*,#5363,.F.);
#7579=ORIENTED_EDGE('',*,*,#5364,.F.);
#7580=ORIENTED_EDGE('',*,*,#5365,.T.);
#7581=ORIENTED_EDGE('',*,*,#5364,.T.);
#7582=ORIENTED_EDGE('',*,*,#5366,.F.);
#7583=ORIENTED_EDGE('',*,*,#5367,.F.);
#7584=ORIENTED_EDGE('',*,*,#5368,.T.);
#7585=ORIENTED_EDGE('',*,*,#5367,.T.);
#7586=ORIENTED_EDGE('',*,*,#5369,.F.);
#7587=ORIENTED_EDGE('',*,*,#5370,.F.);
#7588=ORIENTED_EDGE('',*,*,#5371,.T.);
#7589=ORIENTED_EDGE('',*,*,#5370,.T.);
#7590=ORIENTED_EDGE('',*,*,#5372,.F.);
#7591=ORIENTED_EDGE('',*,*,#5373,.F.);
#7592=ORIENTED_EDGE('',*,*,#5374,.T.);
#7593=ORIENTED_EDGE('',*,*,#5373,.T.);
#7594=ORIENTED_EDGE('',*,*,#5375,.F.);
#7595=ORIENTED_EDGE('',*,*,#5376,.F.);
#7596=ORIENTED_EDGE('',*,*,#5377,.T.);
#7597=ORIENTED_EDGE('',*,*,#5376,.T.);
#7598=ORIENTED_EDGE('',*,*,#5378,.F.);
#7599=ORIENTED_EDGE('',*,*,#5379,.F.);
#7600=ORIENTED_EDGE('',*,*,#5380,.T.);
#7601=ORIENTED_EDGE('',*,*,#5379,.T.);
#7602=ORIENTED_EDGE('',*,*,#5381,.F.);
#7603=ORIENTED_EDGE('',*,*,#5382,.F.);
#7604=ORIENTED_EDGE('',*,*,#5383,.F.);
#7605=ORIENTED_EDGE('',*,*,#5382,.T.);
#7606=ORIENTED_EDGE('',*,*,#5384,.F.);
#7607=ORIENTED_EDGE('',*,*,#5385,.F.);
#7608=ORIENTED_EDGE('',*,*,#5386,.T.);
#7609=ORIENTED_EDGE('',*,*,#5385,.T.);
#7610=ORIENTED_EDGE('',*,*,#5387,.F.);
#7611=ORIENTED_EDGE('',*,*,#5254,.F.);
#7612=ORIENTED_EDGE('',*,*,#5386,.F.);
#7613=ORIENTED_EDGE('',*,*,#5253,.F.);
#7614=ORIENTED_EDGE('',*,*,#5257,.F.);
#7615=ORIENTED_EDGE('',*,*,#5260,.F.);
#7616=ORIENTED_EDGE('',*,*,#5263,.F.);
#7617=ORIENTED_EDGE('',*,*,#5266,.F.);
#7618=ORIENTED_EDGE('',*,*,#5269,.F.);
#7619=ORIENTED_EDGE('',*,*,#5272,.F.);
#7620=ORIENTED_EDGE('',*,*,#5275,.F.);
#7621=ORIENTED_EDGE('',*,*,#5278,.F.);
#7622=ORIENTED_EDGE('',*,*,#5281,.F.);
#7623=ORIENTED_EDGE('',*,*,#5284,.F.);
#7624=ORIENTED_EDGE('',*,*,#5287,.F.);
#7625=ORIENTED_EDGE('',*,*,#5290,.F.);
#7626=ORIENTED_EDGE('',*,*,#5293,.F.);
#7627=ORIENTED_EDGE('',*,*,#5296,.F.);
#7628=ORIENTED_EDGE('',*,*,#5299,.F.);
#7629=ORIENTED_EDGE('',*,*,#5302,.F.);
#7630=ORIENTED_EDGE('',*,*,#5305,.F.);
#7631=ORIENTED_EDGE('',*,*,#5308,.T.);
#7632=ORIENTED_EDGE('',*,*,#5311,.F.);
#7633=ORIENTED_EDGE('',*,*,#5314,.F.);
#7634=ORIENTED_EDGE('',*,*,#5317,.T.);
#7635=ORIENTED_EDGE('',*,*,#5320,.F.);
#7636=ORIENTED_EDGE('',*,*,#5323,.F.);
#7637=ORIENTED_EDGE('',*,*,#5326,.F.);
#7638=ORIENTED_EDGE('',*,*,#5329,.F.);
#7639=ORIENTED_EDGE('',*,*,#5332,.F.);
#7640=ORIENTED_EDGE('',*,*,#5335,.F.);
#7641=ORIENTED_EDGE('',*,*,#5338,.F.);
#7642=ORIENTED_EDGE('',*,*,#5341,.F.);
#7643=ORIENTED_EDGE('',*,*,#5344,.F.);
#7644=ORIENTED_EDGE('',*,*,#5347,.F.);
#7645=ORIENTED_EDGE('',*,*,#5350,.F.);
#7646=ORIENTED_EDGE('',*,*,#5353,.F.);
#7647=ORIENTED_EDGE('',*,*,#5356,.F.);
#7648=ORIENTED_EDGE('',*,*,#5359,.F.);
#7649=ORIENTED_EDGE('',*,*,#5362,.F.);
#7650=ORIENTED_EDGE('',*,*,#5365,.F.);
#7651=ORIENTED_EDGE('',*,*,#5368,.F.);
#7652=ORIENTED_EDGE('',*,*,#5371,.F.);
#7653=ORIENTED_EDGE('',*,*,#5374,.F.);
#7654=ORIENTED_EDGE('',*,*,#5377,.F.);
#7655=ORIENTED_EDGE('',*,*,#5380,.F.);
#7656=ORIENTED_EDGE('',*,*,#5383,.T.);
#7657=ORIENTED_EDGE('',*,*,#5251,.F.);
#7658=ORIENTED_EDGE('',*,*,#5235,.F.);
#7659=ORIENTED_EDGE('',*,*,#5239,.F.);
#7660=ORIENTED_EDGE('',*,*,#5242,.F.);
#7661=ORIENTED_EDGE('',*,*,#5245,.F.);
#7662=ORIENTED_EDGE('',*,*,#5248,.F.);
#7663=ORIENTED_EDGE('',*,*,#5387,.T.);
#7664=ORIENTED_EDGE('',*,*,#5384,.T.);
#7665=ORIENTED_EDGE('',*,*,#5381,.T.);
#7666=ORIENTED_EDGE('',*,*,#5378,.T.);
#7667=ORIENTED_EDGE('',*,*,#5375,.T.);
#7668=ORIENTED_EDGE('',*,*,#5372,.T.);
#7669=ORIENTED_EDGE('',*,*,#5369,.T.);
#7670=ORIENTED_EDGE('',*,*,#5366,.T.);
#7671=ORIENTED_EDGE('',*,*,#5363,.T.);
#7672=ORIENTED_EDGE('',*,*,#5360,.T.);
#7673=ORIENTED_EDGE('',*,*,#5357,.T.);
#7674=ORIENTED_EDGE('',*,*,#5354,.T.);
#7675=ORIENTED_EDGE('',*,*,#5351,.T.);
#7676=ORIENTED_EDGE('',*,*,#5348,.T.);
#7677=ORIENTED_EDGE('',*,*,#5345,.T.);
#7678=ORIENTED_EDGE('',*,*,#5342,.T.);
#7679=ORIENTED_EDGE('',*,*,#5339,.T.);
#7680=ORIENTED_EDGE('',*,*,#5336,.T.);
#7681=ORIENTED_EDGE('',*,*,#5333,.T.);
#7682=ORIENTED_EDGE('',*,*,#5330,.T.);
#7683=ORIENTED_EDGE('',*,*,#5327,.T.);
#7684=ORIENTED_EDGE('',*,*,#5324,.T.);
#7685=ORIENTED_EDGE('',*,*,#5321,.T.);
#7686=ORIENTED_EDGE('',*,*,#5318,.T.);
#7687=ORIENTED_EDGE('',*,*,#5315,.T.);
#7688=ORIENTED_EDGE('',*,*,#5312,.T.);
#7689=ORIENTED_EDGE('',*,*,#5309,.T.);
#7690=ORIENTED_EDGE('',*,*,#5306,.T.);
#7691=ORIENTED_EDGE('',*,*,#5303,.T.);
#7692=ORIENTED_EDGE('',*,*,#5300,.T.);
#7693=ORIENTED_EDGE('',*,*,#5297,.T.);
#7694=ORIENTED_EDGE('',*,*,#5294,.T.);
#7695=ORIENTED_EDGE('',*,*,#5291,.T.);
#7696=ORIENTED_EDGE('',*,*,#5288,.T.);
#7697=ORIENTED_EDGE('',*,*,#5285,.T.);
#7698=ORIENTED_EDGE('',*,*,#5282,.T.);
#7699=ORIENTED_EDGE('',*,*,#5279,.T.);
#7700=ORIENTED_EDGE('',*,*,#5276,.T.);
#7701=ORIENTED_EDGE('',*,*,#5273,.T.);
#7702=ORIENTED_EDGE('',*,*,#5270,.T.);
#7703=ORIENTED_EDGE('',*,*,#5267,.T.);
#7704=ORIENTED_EDGE('',*,*,#5264,.T.);
#7705=ORIENTED_EDGE('',*,*,#5261,.T.);
#7706=ORIENTED_EDGE('',*,*,#5258,.T.);
#7707=ORIENTED_EDGE('',*,*,#5255,.T.);
#7708=ORIENTED_EDGE('',*,*,#5252,.T.);
#7709=ORIENTED_EDGE('',*,*,#5249,.T.);
#7710=ORIENTED_EDGE('',*,*,#5246,.T.);
#7711=ORIENTED_EDGE('',*,*,#5243,.T.);
#7712=ORIENTED_EDGE('',*,*,#5240,.T.);
#7713=ORIENTED_EDGE('',*,*,#5237,.T.);
#7714=ORIENTED_EDGE('',*,*,#5388,.T.);
#7715=ORIENTED_EDGE('',*,*,#5389,.T.);
#7716=ORIENTED_EDGE('',*,*,#5390,.F.);
#7717=ORIENTED_EDGE('',*,*,#5391,.F.);
#7718=ORIENTED_EDGE('',*,*,#5392,.T.);
#7719=ORIENTED_EDGE('',*,*,#5391,.T.);
#7720=ORIENTED_EDGE('',*,*,#5393,.F.);
#7721=ORIENTED_EDGE('',*,*,#5394,.F.);
#7722=ORIENTED_EDGE('',*,*,#5395,.T.);
#7723=ORIENTED_EDGE('',*,*,#5394,.T.);
#7724=ORIENTED_EDGE('',*,*,#5396,.F.);
#7725=ORIENTED_EDGE('',*,*,#5397,.F.);
#7726=ORIENTED_EDGE('',*,*,#5398,.T.);
#7727=ORIENTED_EDGE('',*,*,#5397,.T.);
#7728=ORIENTED_EDGE('',*,*,#5399,.F.);
#7729=ORIENTED_EDGE('',*,*,#5400,.F.);
#7730=ORIENTED_EDGE('',*,*,#5401,.T.);
#7731=ORIENTED_EDGE('',*,*,#5400,.T.);
#7732=ORIENTED_EDGE('',*,*,#5402,.F.);
#7733=ORIENTED_EDGE('',*,*,#5403,.F.);
#7734=ORIENTED_EDGE('',*,*,#5404,.T.);
#7735=ORIENTED_EDGE('',*,*,#5403,.T.);
#7736=ORIENTED_EDGE('',*,*,#5405,.F.);
#7737=ORIENTED_EDGE('',*,*,#5389,.F.);
#7738=ORIENTED_EDGE('',*,*,#5406,.T.);
#7739=ORIENTED_EDGE('',*,*,#5407,.T.);
#7740=ORIENTED_EDGE('',*,*,#5408,.F.);
#7741=ORIENTED_EDGE('',*,*,#5409,.F.);
#7742=ORIENTED_EDGE('',*,*,#5410,.T.);
#7743=ORIENTED_EDGE('',*,*,#5409,.T.);
#7744=ORIENTED_EDGE('',*,*,#5411,.F.);
#7745=ORIENTED_EDGE('',*,*,#5412,.F.);
#7746=ORIENTED_EDGE('',*,*,#5413,.T.);
#7747=ORIENTED_EDGE('',*,*,#5412,.T.);
#7748=ORIENTED_EDGE('',*,*,#5414,.F.);
#7749=ORIENTED_EDGE('',*,*,#5415,.F.);
#7750=ORIENTED_EDGE('',*,*,#5416,.T.);
#7751=ORIENTED_EDGE('',*,*,#5415,.T.);
#7752=ORIENTED_EDGE('',*,*,#5417,.F.);
#7753=ORIENTED_EDGE('',*,*,#5418,.F.);
#7754=ORIENTED_EDGE('',*,*,#5419,.T.);
#7755=ORIENTED_EDGE('',*,*,#5418,.T.);
#7756=ORIENTED_EDGE('',*,*,#5420,.F.);
#7757=ORIENTED_EDGE('',*,*,#5421,.F.);
#7758=ORIENTED_EDGE('',*,*,#5422,.T.);
#7759=ORIENTED_EDGE('',*,*,#5421,.T.);
#7760=ORIENTED_EDGE('',*,*,#5423,.F.);
#7761=ORIENTED_EDGE('',*,*,#5407,.F.);
#7762=ORIENTED_EDGE('',*,*,#5424,.T.);
#7763=ORIENTED_EDGE('',*,*,#5425,.T.);
#7764=ORIENTED_EDGE('',*,*,#5426,.F.);
#7765=ORIENTED_EDGE('',*,*,#5427,.F.);
#7766=ORIENTED_EDGE('',*,*,#5428,.T.);
#7767=ORIENTED_EDGE('',*,*,#5427,.T.);
#7768=ORIENTED_EDGE('',*,*,#5429,.F.);
#7769=ORIENTED_EDGE('',*,*,#5430,.F.);
#7770=ORIENTED_EDGE('',*,*,#5431,.T.);
#7771=ORIENTED_EDGE('',*,*,#5430,.T.);
#7772=ORIENTED_EDGE('',*,*,#5432,.F.);
#7773=ORIENTED_EDGE('',*,*,#5433,.F.);
#7774=ORIENTED_EDGE('',*,*,#5434,.T.);
#7775=ORIENTED_EDGE('',*,*,#5433,.T.);
#7776=ORIENTED_EDGE('',*,*,#5435,.F.);
#7777=ORIENTED_EDGE('',*,*,#5436,.F.);
#7778=ORIENTED_EDGE('',*,*,#5437,.T.);
#7779=ORIENTED_EDGE('',*,*,#5436,.T.);
#7780=ORIENTED_EDGE('',*,*,#5438,.F.);
#7781=ORIENTED_EDGE('',*,*,#5439,.F.);
#7782=ORIENTED_EDGE('',*,*,#5440,.T.);
#7783=ORIENTED_EDGE('',*,*,#5439,.T.);
#7784=ORIENTED_EDGE('',*,*,#5441,.F.);
#7785=ORIENTED_EDGE('',*,*,#5425,.F.);
#7786=ORIENTED_EDGE('',*,*,#5442,.T.);
#7787=ORIENTED_EDGE('',*,*,#5443,.T.);
#7788=ORIENTED_EDGE('',*,*,#5444,.F.);
#7789=ORIENTED_EDGE('',*,*,#5445,.F.);
#7790=ORIENTED_EDGE('',*,*,#5446,.T.);
#7791=ORIENTED_EDGE('',*,*,#5445,.T.);
#7792=ORIENTED_EDGE('',*,*,#5447,.F.);
#7793=ORIENTED_EDGE('',*,*,#5448,.F.);
#7794=ORIENTED_EDGE('',*,*,#5449,.T.);
#7795=ORIENTED_EDGE('',*,*,#5448,.T.);
#7796=ORIENTED_EDGE('',*,*,#5450,.F.);
#7797=ORIENTED_EDGE('',*,*,#5451,.F.);
#7798=ORIENTED_EDGE('',*,*,#5452,.T.);
#7799=ORIENTED_EDGE('',*,*,#5451,.T.);
#7800=ORIENTED_EDGE('',*,*,#5453,.F.);
#7801=ORIENTED_EDGE('',*,*,#5454,.F.);
#7802=ORIENTED_EDGE('',*,*,#5455,.T.);
#7803=ORIENTED_EDGE('',*,*,#5454,.T.);
#7804=ORIENTED_EDGE('',*,*,#5456,.F.);
#7805=ORIENTED_EDGE('',*,*,#5457,.F.);
#7806=ORIENTED_EDGE('',*,*,#5458,.T.);
#7807=ORIENTED_EDGE('',*,*,#5457,.T.);
#7808=ORIENTED_EDGE('',*,*,#5459,.F.);
#7809=ORIENTED_EDGE('',*,*,#5443,.F.);
#7810=ORIENTED_EDGE('',*,*,#5460,.T.);
#7811=ORIENTED_EDGE('',*,*,#5461,.T.);
#7812=ORIENTED_EDGE('',*,*,#5462,.F.);
#7813=ORIENTED_EDGE('',*,*,#5463,.F.);
#7814=ORIENTED_EDGE('',*,*,#5464,.T.);
#7815=ORIENTED_EDGE('',*,*,#5463,.T.);
#7816=ORIENTED_EDGE('',*,*,#5465,.F.);
#7817=ORIENTED_EDGE('',*,*,#5466,.F.);
#7818=ORIENTED_EDGE('',*,*,#5467,.T.);
#7819=ORIENTED_EDGE('',*,*,#5466,.T.);
#7820=ORIENTED_EDGE('',*,*,#5468,.F.);
#7821=ORIENTED_EDGE('',*,*,#5469,.F.);
#7822=ORIENTED_EDGE('',*,*,#5470,.T.);
#7823=ORIENTED_EDGE('',*,*,#5469,.T.);
#7824=ORIENTED_EDGE('',*,*,#5471,.F.);
#7825=ORIENTED_EDGE('',*,*,#5472,.F.);
#7826=ORIENTED_EDGE('',*,*,#5473,.T.);
#7827=ORIENTED_EDGE('',*,*,#5472,.T.);
#7828=ORIENTED_EDGE('',*,*,#5474,.F.);
#7829=ORIENTED_EDGE('',*,*,#5475,.F.);
#7830=ORIENTED_EDGE('',*,*,#5476,.T.);
#7831=ORIENTED_EDGE('',*,*,#5475,.T.);
#7832=ORIENTED_EDGE('',*,*,#5477,.F.);
#7833=ORIENTED_EDGE('',*,*,#5461,.F.);
#7834=ORIENTED_EDGE('',*,*,#5478,.T.);
#7835=ORIENTED_EDGE('',*,*,#5479,.T.);
#7836=ORIENTED_EDGE('',*,*,#5480,.F.);
#7837=ORIENTED_EDGE('',*,*,#5481,.F.);
#7838=ORIENTED_EDGE('',*,*,#5482,.T.);
#7839=ORIENTED_EDGE('',*,*,#5481,.T.);
#7840=ORIENTED_EDGE('',*,*,#5483,.F.);
#7841=ORIENTED_EDGE('',*,*,#5484,.F.);
#7842=ORIENTED_EDGE('',*,*,#5485,.T.);
#7843=ORIENTED_EDGE('',*,*,#5484,.T.);
#7844=ORIENTED_EDGE('',*,*,#5486,.F.);
#7845=ORIENTED_EDGE('',*,*,#5487,.F.);
#7846=ORIENTED_EDGE('',*,*,#5488,.T.);
#7847=ORIENTED_EDGE('',*,*,#5487,.T.);
#7848=ORIENTED_EDGE('',*,*,#5489,.F.);
#7849=ORIENTED_EDGE('',*,*,#5490,.F.);
#7850=ORIENTED_EDGE('',*,*,#5491,.T.);
#7851=ORIENTED_EDGE('',*,*,#5490,.T.);
#7852=ORIENTED_EDGE('',*,*,#5492,.F.);
#7853=ORIENTED_EDGE('',*,*,#5493,.F.);
#7854=ORIENTED_EDGE('',*,*,#5494,.T.);
#7855=ORIENTED_EDGE('',*,*,#5493,.T.);
#7856=ORIENTED_EDGE('',*,*,#5495,.F.);
#7857=ORIENTED_EDGE('',*,*,#5479,.F.);
#7858=ORIENTED_EDGE('',*,*,#5496,.T.);
#7859=ORIENTED_EDGE('',*,*,#5497,.T.);
#7860=ORIENTED_EDGE('',*,*,#5498,.F.);
#7861=ORIENTED_EDGE('',*,*,#5499,.F.);
#7862=ORIENTED_EDGE('',*,*,#5500,.T.);
#7863=ORIENTED_EDGE('',*,*,#5499,.T.);
#7864=ORIENTED_EDGE('',*,*,#5501,.F.);
#7865=ORIENTED_EDGE('',*,*,#5502,.F.);
#7866=ORIENTED_EDGE('',*,*,#5503,.T.);
#7867=ORIENTED_EDGE('',*,*,#5502,.T.);
#7868=ORIENTED_EDGE('',*,*,#5504,.F.);
#7869=ORIENTED_EDGE('',*,*,#5505,.F.);
#7870=ORIENTED_EDGE('',*,*,#5506,.T.);
#7871=ORIENTED_EDGE('',*,*,#5505,.T.);
#7872=ORIENTED_EDGE('',*,*,#5507,.F.);
#7873=ORIENTED_EDGE('',*,*,#5508,.F.);
#7874=ORIENTED_EDGE('',*,*,#5509,.T.);
#7875=ORIENTED_EDGE('',*,*,#5508,.T.);
#7876=ORIENTED_EDGE('',*,*,#5510,.F.);
#7877=ORIENTED_EDGE('',*,*,#5511,.F.);
#7878=ORIENTED_EDGE('',*,*,#5512,.T.);
#7879=ORIENTED_EDGE('',*,*,#5511,.T.);
#7880=ORIENTED_EDGE('',*,*,#5513,.F.);
#7881=ORIENTED_EDGE('',*,*,#5497,.F.);
#7882=ORIENTED_EDGE('',*,*,#5514,.T.);
#7883=ORIENTED_EDGE('',*,*,#5515,.T.);
#7884=ORIENTED_EDGE('',*,*,#5516,.F.);
#7885=ORIENTED_EDGE('',*,*,#5517,.F.);
#7886=ORIENTED_EDGE('',*,*,#5518,.T.);
#7887=ORIENTED_EDGE('',*,*,#5517,.T.);
#7888=ORIENTED_EDGE('',*,*,#5519,.F.);
#7889=ORIENTED_EDGE('',*,*,#5520,.F.);
#7890=ORIENTED_EDGE('',*,*,#5521,.T.);
#7891=ORIENTED_EDGE('',*,*,#5520,.T.);
#7892=ORIENTED_EDGE('',*,*,#5522,.F.);
#7893=ORIENTED_EDGE('',*,*,#5523,.F.);
#7894=ORIENTED_EDGE('',*,*,#5524,.F.);
#7895=ORIENTED_EDGE('',*,*,#5523,.T.);
#7896=ORIENTED_EDGE('',*,*,#5525,.F.);
#7897=ORIENTED_EDGE('',*,*,#5526,.F.);
#7898=ORIENTED_EDGE('',*,*,#5527,.T.);
#7899=ORIENTED_EDGE('',*,*,#5526,.T.);
#7900=ORIENTED_EDGE('',*,*,#5528,.F.);
#7901=ORIENTED_EDGE('',*,*,#5529,.F.);
#7902=ORIENTED_EDGE('',*,*,#5530,.T.);
#7903=ORIENTED_EDGE('',*,*,#5529,.T.);
#7904=ORIENTED_EDGE('',*,*,#5531,.F.);
#7905=ORIENTED_EDGE('',*,*,#5532,.F.);
#7906=ORIENTED_EDGE('',*,*,#5533,.T.);
#7907=ORIENTED_EDGE('',*,*,#5532,.T.);
#7908=ORIENTED_EDGE('',*,*,#5534,.F.);
#7909=ORIENTED_EDGE('',*,*,#5535,.F.);
#7910=ORIENTED_EDGE('',*,*,#5536,.T.);
#7911=ORIENTED_EDGE('',*,*,#5535,.T.);
#7912=ORIENTED_EDGE('',*,*,#5537,.F.);
#7913=ORIENTED_EDGE('',*,*,#5538,.F.);
#7914=ORIENTED_EDGE('',*,*,#5539,.T.);
#7915=ORIENTED_EDGE('',*,*,#5538,.T.);
#7916=ORIENTED_EDGE('',*,*,#5540,.F.);
#7917=ORIENTED_EDGE('',*,*,#5541,.F.);
#7918=ORIENTED_EDGE('',*,*,#5542,.T.);
#7919=ORIENTED_EDGE('',*,*,#5541,.T.);
#7920=ORIENTED_EDGE('',*,*,#5543,.F.);
#7921=ORIENTED_EDGE('',*,*,#5544,.F.);
#7922=ORIENTED_EDGE('',*,*,#5545,.T.);
#7923=ORIENTED_EDGE('',*,*,#5544,.T.);
#7924=ORIENTED_EDGE('',*,*,#5546,.F.);
#7925=ORIENTED_EDGE('',*,*,#5547,.F.);
#7926=ORIENTED_EDGE('',*,*,#5548,.T.);
#7927=ORIENTED_EDGE('',*,*,#5547,.T.);
#7928=ORIENTED_EDGE('',*,*,#5549,.F.);
#7929=ORIENTED_EDGE('',*,*,#5550,.F.);
#7930=ORIENTED_EDGE('',*,*,#5551,.T.);
#7931=ORIENTED_EDGE('',*,*,#5550,.T.);
#7932=ORIENTED_EDGE('',*,*,#5552,.F.);
#7933=ORIENTED_EDGE('',*,*,#5553,.F.);
#7934=ORIENTED_EDGE('',*,*,#5554,.T.);
#7935=ORIENTED_EDGE('',*,*,#5553,.T.);
#7936=ORIENTED_EDGE('',*,*,#5555,.F.);
#7937=ORIENTED_EDGE('',*,*,#5556,.F.);
#7938=ORIENTED_EDGE('',*,*,#5557,.T.);
#7939=ORIENTED_EDGE('',*,*,#5556,.T.);
#7940=ORIENTED_EDGE('',*,*,#5558,.F.);
#7941=ORIENTED_EDGE('',*,*,#5559,.F.);
#7942=ORIENTED_EDGE('',*,*,#5560,.T.);
#7943=ORIENTED_EDGE('',*,*,#5559,.T.);
#7944=ORIENTED_EDGE('',*,*,#5561,.F.);
#7945=ORIENTED_EDGE('',*,*,#5562,.F.);
#7946=ORIENTED_EDGE('',*,*,#5563,.T.);
#7947=ORIENTED_EDGE('',*,*,#5562,.T.);
#7948=ORIENTED_EDGE('',*,*,#5564,.F.);
#7949=ORIENTED_EDGE('',*,*,#5565,.F.);
#7950=ORIENTED_EDGE('',*,*,#5566,.F.);
#7951=ORIENTED_EDGE('',*,*,#5565,.T.);
#7952=ORIENTED_EDGE('',*,*,#5567,.F.);
#7953=ORIENTED_EDGE('',*,*,#5568,.F.);
#7954=ORIENTED_EDGE('',*,*,#5569,.T.);
#7955=ORIENTED_EDGE('',*,*,#5568,.T.);
#7956=ORIENTED_EDGE('',*,*,#5570,.F.);
#7957=ORIENTED_EDGE('',*,*,#5571,.F.);
#7958=ORIENTED_EDGE('',*,*,#5572,.T.);
#7959=ORIENTED_EDGE('',*,*,#5571,.T.);
#7960=ORIENTED_EDGE('',*,*,#5573,.F.);
#7961=ORIENTED_EDGE('',*,*,#5574,.F.);
#7962=ORIENTED_EDGE('',*,*,#5575,.T.);
#7963=ORIENTED_EDGE('',*,*,#5574,.T.);
#7964=ORIENTED_EDGE('',*,*,#5576,.F.);
#7965=ORIENTED_EDGE('',*,*,#5577,.F.);
#7966=ORIENTED_EDGE('',*,*,#5578,.T.);
#7967=ORIENTED_EDGE('',*,*,#5577,.T.);
#7968=ORIENTED_EDGE('',*,*,#5579,.F.);
#7969=ORIENTED_EDGE('',*,*,#5580,.F.);
#7970=ORIENTED_EDGE('',*,*,#5581,.T.);
#7971=ORIENTED_EDGE('',*,*,#5580,.T.);
#7972=ORIENTED_EDGE('',*,*,#5582,.F.);
#7973=ORIENTED_EDGE('',*,*,#5583,.F.);
#7974=ORIENTED_EDGE('',*,*,#5584,.T.);
#7975=ORIENTED_EDGE('',*,*,#5583,.T.);
#7976=ORIENTED_EDGE('',*,*,#5585,.F.);
#7977=ORIENTED_EDGE('',*,*,#5586,.F.);
#7978=ORIENTED_EDGE('',*,*,#5587,.T.);
#7979=ORIENTED_EDGE('',*,*,#5586,.T.);
#7980=ORIENTED_EDGE('',*,*,#5588,.F.);
#7981=ORIENTED_EDGE('',*,*,#5589,.F.);
#7982=ORIENTED_EDGE('',*,*,#5590,.T.);
#7983=ORIENTED_EDGE('',*,*,#5589,.T.);
#7984=ORIENTED_EDGE('',*,*,#5591,.F.);
#7985=ORIENTED_EDGE('',*,*,#5592,.F.);
#7986=ORIENTED_EDGE('',*,*,#5593,.T.);
#7987=ORIENTED_EDGE('',*,*,#5592,.T.);
#7988=ORIENTED_EDGE('',*,*,#5594,.F.);
#7989=ORIENTED_EDGE('',*,*,#5595,.F.);
#7990=ORIENTED_EDGE('',*,*,#5596,.T.);
#7991=ORIENTED_EDGE('',*,*,#5595,.T.);
#7992=ORIENTED_EDGE('',*,*,#5597,.F.);
#7993=ORIENTED_EDGE('',*,*,#5598,.F.);
#7994=ORIENTED_EDGE('',*,*,#5599,.T.);
#7995=ORIENTED_EDGE('',*,*,#5598,.T.);
#7996=ORIENTED_EDGE('',*,*,#5600,.F.);
#7997=ORIENTED_EDGE('',*,*,#5601,.F.);
#7998=ORIENTED_EDGE('',*,*,#5602,.T.);
#7999=ORIENTED_EDGE('',*,*,#5601,.T.);
#8000=ORIENTED_EDGE('',*,*,#5603,.F.);
#8001=ORIENTED_EDGE('',*,*,#5604,.F.);
#8002=ORIENTED_EDGE('',*,*,#5605,.T.);
#8003=ORIENTED_EDGE('',*,*,#5604,.T.);
#8004=ORIENTED_EDGE('',*,*,#5606,.F.);
#8005=ORIENTED_EDGE('',*,*,#5607,.F.);
#8006=ORIENTED_EDGE('',*,*,#5608,.T.);
#8007=ORIENTED_EDGE('',*,*,#5607,.T.);
#8008=ORIENTED_EDGE('',*,*,#5609,.F.);
#8009=ORIENTED_EDGE('',*,*,#5610,.F.);
#8010=ORIENTED_EDGE('',*,*,#5611,.T.);
#8011=ORIENTED_EDGE('',*,*,#5610,.T.);
#8012=ORIENTED_EDGE('',*,*,#5612,.F.);
#8013=ORIENTED_EDGE('',*,*,#5613,.F.);
#8014=ORIENTED_EDGE('',*,*,#5614,.T.);
#8015=ORIENTED_EDGE('',*,*,#5613,.T.);
#8016=ORIENTED_EDGE('',*,*,#5615,.F.);
#8017=ORIENTED_EDGE('',*,*,#5616,.F.);
#8018=ORIENTED_EDGE('',*,*,#5617,.T.);
#8019=ORIENTED_EDGE('',*,*,#5616,.T.);
#8020=ORIENTED_EDGE('',*,*,#5618,.F.);
#8021=ORIENTED_EDGE('',*,*,#5619,.F.);
#8022=ORIENTED_EDGE('',*,*,#5620,.T.);
#8023=ORIENTED_EDGE('',*,*,#5619,.T.);
#8024=ORIENTED_EDGE('',*,*,#5621,.F.);
#8025=ORIENTED_EDGE('',*,*,#5622,.F.);
#8026=ORIENTED_EDGE('',*,*,#5623,.T.);
#8027=ORIENTED_EDGE('',*,*,#5622,.T.);
#8028=ORIENTED_EDGE('',*,*,#5624,.F.);
#8029=ORIENTED_EDGE('',*,*,#5625,.F.);
#8030=ORIENTED_EDGE('',*,*,#5626,.T.);
#8031=ORIENTED_EDGE('',*,*,#5625,.T.);
#8032=ORIENTED_EDGE('',*,*,#5627,.F.);
#8033=ORIENTED_EDGE('',*,*,#5628,.F.);
#8034=ORIENTED_EDGE('',*,*,#5629,.T.);
#8035=ORIENTED_EDGE('',*,*,#5628,.T.);
#8036=ORIENTED_EDGE('',*,*,#5630,.F.);
#8037=ORIENTED_EDGE('',*,*,#5631,.F.);
#8038=ORIENTED_EDGE('',*,*,#5632,.T.);
#8039=ORIENTED_EDGE('',*,*,#5631,.T.);
#8040=ORIENTED_EDGE('',*,*,#5633,.F.);
#8041=ORIENTED_EDGE('',*,*,#5634,.F.);
#8042=ORIENTED_EDGE('',*,*,#5635,.T.);
#8043=ORIENTED_EDGE('',*,*,#5634,.T.);
#8044=ORIENTED_EDGE('',*,*,#5636,.F.);
#8045=ORIENTED_EDGE('',*,*,#5637,.F.);
#8046=ORIENTED_EDGE('',*,*,#5638,.T.);
#8047=ORIENTED_EDGE('',*,*,#5637,.T.);
#8048=ORIENTED_EDGE('',*,*,#5639,.F.);
#8049=ORIENTED_EDGE('',*,*,#5640,.F.);
#8050=ORIENTED_EDGE('',*,*,#5641,.T.);
#8051=ORIENTED_EDGE('',*,*,#5640,.T.);
#8052=ORIENTED_EDGE('',*,*,#5642,.F.);
#8053=ORIENTED_EDGE('',*,*,#5643,.F.);
#8054=ORIENTED_EDGE('',*,*,#5644,.T.);
#8055=ORIENTED_EDGE('',*,*,#5643,.T.);
#8056=ORIENTED_EDGE('',*,*,#5645,.F.);
#8057=ORIENTED_EDGE('',*,*,#5646,.F.);
#8058=ORIENTED_EDGE('',*,*,#5647,.T.);
#8059=ORIENTED_EDGE('',*,*,#5646,.T.);
#8060=ORIENTED_EDGE('',*,*,#5648,.F.);
#8061=ORIENTED_EDGE('',*,*,#5649,.F.);
#8062=ORIENTED_EDGE('',*,*,#5650,.T.);
#8063=ORIENTED_EDGE('',*,*,#5649,.T.);
#8064=ORIENTED_EDGE('',*,*,#5651,.F.);
#8065=ORIENTED_EDGE('',*,*,#5652,.F.);
#8066=ORIENTED_EDGE('',*,*,#5653,.T.);
#8067=ORIENTED_EDGE('',*,*,#5652,.T.);
#8068=ORIENTED_EDGE('',*,*,#5654,.F.);
#8069=ORIENTED_EDGE('',*,*,#5655,.F.);
#8070=ORIENTED_EDGE('',*,*,#5656,.T.);
#8071=ORIENTED_EDGE('',*,*,#5655,.T.);
#8072=ORIENTED_EDGE('',*,*,#5657,.F.);
#8073=ORIENTED_EDGE('',*,*,#5658,.F.);
#8074=ORIENTED_EDGE('',*,*,#5659,.T.);
#8075=ORIENTED_EDGE('',*,*,#5658,.T.);
#8076=ORIENTED_EDGE('',*,*,#5660,.F.);
#8077=ORIENTED_EDGE('',*,*,#5661,.F.);
#8078=ORIENTED_EDGE('',*,*,#5662,.T.);
#8079=ORIENTED_EDGE('',*,*,#5661,.T.);
#8080=ORIENTED_EDGE('',*,*,#5663,.F.);
#8081=ORIENTED_EDGE('',*,*,#5664,.F.);
#8082=ORIENTED_EDGE('',*,*,#5665,.T.);
#8083=ORIENTED_EDGE('',*,*,#5664,.T.);
#8084=ORIENTED_EDGE('',*,*,#5666,.F.);
#8085=ORIENTED_EDGE('',*,*,#5667,.F.);
#8086=ORIENTED_EDGE('',*,*,#5668,.T.);
#8087=ORIENTED_EDGE('',*,*,#5667,.T.);
#8088=ORIENTED_EDGE('',*,*,#5669,.F.);
#8089=ORIENTED_EDGE('',*,*,#5670,.F.);
#8090=ORIENTED_EDGE('',*,*,#5671,.T.);
#8091=ORIENTED_EDGE('',*,*,#5670,.T.);
#8092=ORIENTED_EDGE('',*,*,#5672,.F.);
#8093=ORIENTED_EDGE('',*,*,#5673,.F.);
#8094=ORIENTED_EDGE('',*,*,#5674,.T.);
#8095=ORIENTED_EDGE('',*,*,#5673,.T.);
#8096=ORIENTED_EDGE('',*,*,#5675,.F.);
#8097=ORIENTED_EDGE('',*,*,#5676,.F.);
#8098=ORIENTED_EDGE('',*,*,#5677,.T.);
#8099=ORIENTED_EDGE('',*,*,#5676,.T.);
#8100=ORIENTED_EDGE('',*,*,#5678,.F.);
#8101=ORIENTED_EDGE('',*,*,#5679,.F.);
#8102=ORIENTED_EDGE('',*,*,#5680,.T.);
#8103=ORIENTED_EDGE('',*,*,#5679,.T.);
#8104=ORIENTED_EDGE('',*,*,#5681,.F.);
#8105=ORIENTED_EDGE('',*,*,#5515,.F.);
#8106=ORIENTED_EDGE('',*,*,#5680,.F.);
#8107=ORIENTED_EDGE('',*,*,#5514,.F.);
#8108=ORIENTED_EDGE('',*,*,#5518,.F.);
#8109=ORIENTED_EDGE('',*,*,#5521,.F.);
#8110=ORIENTED_EDGE('',*,*,#5524,.T.);
#8111=ORIENTED_EDGE('',*,*,#5527,.F.);
#8112=ORIENTED_EDGE('',*,*,#5530,.F.);
#8113=ORIENTED_EDGE('',*,*,#5533,.F.);
#8114=ORIENTED_EDGE('',*,*,#5536,.F.);
#8115=ORIENTED_EDGE('',*,*,#5539,.F.);
#8116=ORIENTED_EDGE('',*,*,#5542,.F.);
#8117=ORIENTED_EDGE('',*,*,#5545,.F.);
#8118=ORIENTED_EDGE('',*,*,#5548,.F.);
#8119=ORIENTED_EDGE('',*,*,#5551,.F.);
#8120=ORIENTED_EDGE('',*,*,#5554,.F.);
#8121=ORIENTED_EDGE('',*,*,#5557,.F.);
#8122=ORIENTED_EDGE('',*,*,#5560,.F.);
#8123=ORIENTED_EDGE('',*,*,#5563,.F.);
#8124=ORIENTED_EDGE('',*,*,#5566,.T.);
#8125=ORIENTED_EDGE('',*,*,#5569,.F.);
#8126=ORIENTED_EDGE('',*,*,#5572,.F.);
#8127=ORIENTED_EDGE('',*,*,#5575,.F.);
#8128=ORIENTED_EDGE('',*,*,#5578,.F.);
#8129=ORIENTED_EDGE('',*,*,#5581,.F.);
#8130=ORIENTED_EDGE('',*,*,#5584,.F.);
#8131=ORIENTED_EDGE('',*,*,#5587,.F.);
#8132=ORIENTED_EDGE('',*,*,#5590,.F.);
#8133=ORIENTED_EDGE('',*,*,#5593,.F.);
#8134=ORIENTED_EDGE('',*,*,#5596,.F.);
#8135=ORIENTED_EDGE('',*,*,#5599,.F.);
#8136=ORIENTED_EDGE('',*,*,#5602,.F.);
#8137=ORIENTED_EDGE('',*,*,#5605,.F.);
#8138=ORIENTED_EDGE('',*,*,#5608,.F.);
#8139=ORIENTED_EDGE('',*,*,#5611,.F.);
#8140=ORIENTED_EDGE('',*,*,#5614,.F.);
#8141=ORIENTED_EDGE('',*,*,#5617,.F.);
#8142=ORIENTED_EDGE('',*,*,#5620,.F.);
#8143=ORIENTED_EDGE('',*,*,#5623,.F.);
#8144=ORIENTED_EDGE('',*,*,#5626,.F.);
#8145=ORIENTED_EDGE('',*,*,#5629,.F.);
#8146=ORIENTED_EDGE('',*,*,#5632,.F.);
#8147=ORIENTED_EDGE('',*,*,#5635,.F.);
#8148=ORIENTED_EDGE('',*,*,#5638,.F.);
#8149=ORIENTED_EDGE('',*,*,#5641,.F.);
#8150=ORIENTED_EDGE('',*,*,#5644,.F.);
#8151=ORIENTED_EDGE('',*,*,#5647,.F.);
#8152=ORIENTED_EDGE('',*,*,#5650,.F.);
#8153=ORIENTED_EDGE('',*,*,#5653,.F.);
#8154=ORIENTED_EDGE('',*,*,#5656,.F.);
#8155=ORIENTED_EDGE('',*,*,#5659,.F.);
#8156=ORIENTED_EDGE('',*,*,#5662,.F.);
#8157=ORIENTED_EDGE('',*,*,#5665,.F.);
#8158=ORIENTED_EDGE('',*,*,#5668,.F.);
#8159=ORIENTED_EDGE('',*,*,#5671,.F.);
#8160=ORIENTED_EDGE('',*,*,#5674,.F.);
#8161=ORIENTED_EDGE('',*,*,#5677,.F.);
#8162=ORIENTED_EDGE('',*,*,#5512,.F.);
#8163=ORIENTED_EDGE('',*,*,#5496,.F.);
#8164=ORIENTED_EDGE('',*,*,#5500,.F.);
#8165=ORIENTED_EDGE('',*,*,#5503,.F.);
#8166=ORIENTED_EDGE('',*,*,#5506,.F.);
#8167=ORIENTED_EDGE('',*,*,#5509,.F.);
#8168=ORIENTED_EDGE('',*,*,#5494,.F.);
#8169=ORIENTED_EDGE('',*,*,#5478,.F.);
#8170=ORIENTED_EDGE('',*,*,#5482,.F.);
#8171=ORIENTED_EDGE('',*,*,#5485,.F.);
#8172=ORIENTED_EDGE('',*,*,#5488,.F.);
#8173=ORIENTED_EDGE('',*,*,#5491,.F.);
#8174=ORIENTED_EDGE('',*,*,#5476,.F.);
#8175=ORIENTED_EDGE('',*,*,#5460,.F.);
#8176=ORIENTED_EDGE('',*,*,#5464,.F.);
#8177=ORIENTED_EDGE('',*,*,#5467,.F.);
#8178=ORIENTED_EDGE('',*,*,#5470,.F.);
#8179=ORIENTED_EDGE('',*,*,#5473,.F.);
#8180=ORIENTED_EDGE('',*,*,#5458,.F.);
#8181=ORIENTED_EDGE('',*,*,#5442,.F.);
#8182=ORIENTED_EDGE('',*,*,#5446,.F.);
#8183=ORIENTED_EDGE('',*,*,#5449,.F.);
#8184=ORIENTED_EDGE('',*,*,#5452,.F.);
#8185=ORIENTED_EDGE('',*,*,#5455,.F.);
#8186=ORIENTED_EDGE('',*,*,#5440,.F.);
#8187=ORIENTED_EDGE('',*,*,#5424,.F.);
#8188=ORIENTED_EDGE('',*,*,#5428,.F.);
#8189=ORIENTED_EDGE('',*,*,#5431,.F.);
#8190=ORIENTED_EDGE('',*,*,#5434,.F.);
#8191=ORIENTED_EDGE('',*,*,#5437,.F.);
#8192=ORIENTED_EDGE('',*,*,#5422,.F.);
#8193=ORIENTED_EDGE('',*,*,#5406,.F.);
#8194=ORIENTED_EDGE('',*,*,#5410,.F.);
#8195=ORIENTED_EDGE('',*,*,#5413,.F.);
#8196=ORIENTED_EDGE('',*,*,#5416,.F.);
#8197=ORIENTED_EDGE('',*,*,#5419,.F.);
#8198=ORIENTED_EDGE('',*,*,#5404,.F.);
#8199=ORIENTED_EDGE('',*,*,#5388,.F.);
#8200=ORIENTED_EDGE('',*,*,#5392,.F.);
#8201=ORIENTED_EDGE('',*,*,#5395,.F.);
#8202=ORIENTED_EDGE('',*,*,#5398,.F.);
#8203=ORIENTED_EDGE('',*,*,#5401,.F.);
#8204=ORIENTED_EDGE('',*,*,#5681,.T.);
#8205=ORIENTED_EDGE('',*,*,#5678,.T.);
#8206=ORIENTED_EDGE('',*,*,#5675,.T.);
#8207=ORIENTED_EDGE('',*,*,#5672,.T.);
#8208=ORIENTED_EDGE('',*,*,#5669,.T.);
#8209=ORIENTED_EDGE('',*,*,#5666,.T.);
#8210=ORIENTED_EDGE('',*,*,#5663,.T.);
#8211=ORIENTED_EDGE('',*,*,#5660,.T.);
#8212=ORIENTED_EDGE('',*,*,#5657,.T.);
#8213=ORIENTED_EDGE('',*,*,#5654,.T.);
#8214=ORIENTED_EDGE('',*,*,#5651,.T.);
#8215=ORIENTED_EDGE('',*,*,#5648,.T.);
#8216=ORIENTED_EDGE('',*,*,#5645,.T.);
#8217=ORIENTED_EDGE('',*,*,#5642,.T.);
#8218=ORIENTED_EDGE('',*,*,#5639,.T.);
#8219=ORIENTED_EDGE('',*,*,#5636,.T.);
#8220=ORIENTED_EDGE('',*,*,#5633,.T.);
#8221=ORIENTED_EDGE('',*,*,#5630,.T.);
#8222=ORIENTED_EDGE('',*,*,#5627,.T.);
#8223=ORIENTED_EDGE('',*,*,#5624,.T.);
#8224=ORIENTED_EDGE('',*,*,#5621,.T.);
#8225=ORIENTED_EDGE('',*,*,#5618,.T.);
#8226=ORIENTED_EDGE('',*,*,#5615,.T.);
#8227=ORIENTED_EDGE('',*,*,#5612,.T.);
#8228=ORIENTED_EDGE('',*,*,#5609,.T.);
#8229=ORIENTED_EDGE('',*,*,#5606,.T.);
#8230=ORIENTED_EDGE('',*,*,#5603,.T.);
#8231=ORIENTED_EDGE('',*,*,#5600,.T.);
#8232=ORIENTED_EDGE('',*,*,#5597,.T.);
#8233=ORIENTED_EDGE('',*,*,#5594,.T.);
#8234=ORIENTED_EDGE('',*,*,#5591,.T.);
#8235=ORIENTED_EDGE('',*,*,#5588,.T.);
#8236=ORIENTED_EDGE('',*,*,#5585,.T.);
#8237=ORIENTED_EDGE('',*,*,#5582,.T.);
#8238=ORIENTED_EDGE('',*,*,#5579,.T.);
#8239=ORIENTED_EDGE('',*,*,#5576,.T.);
#8240=ORIENTED_EDGE('',*,*,#5573,.T.);
#8241=ORIENTED_EDGE('',*,*,#5570,.T.);
#8242=ORIENTED_EDGE('',*,*,#5567,.T.);
#8243=ORIENTED_EDGE('',*,*,#5564,.T.);
#8244=ORIENTED_EDGE('',*,*,#5561,.T.);
#8245=ORIENTED_EDGE('',*,*,#5558,.T.);
#8246=ORIENTED_EDGE('',*,*,#5555,.T.);
#8247=ORIENTED_EDGE('',*,*,#5552,.T.);
#8248=ORIENTED_EDGE('',*,*,#5549,.T.);
#8249=ORIENTED_EDGE('',*,*,#5546,.T.);
#8250=ORIENTED_EDGE('',*,*,#5543,.T.);
#8251=ORIENTED_EDGE('',*,*,#5540,.T.);
#8252=ORIENTED_EDGE('',*,*,#5537,.T.);
#8253=ORIENTED_EDGE('',*,*,#5534,.T.);
#8254=ORIENTED_EDGE('',*,*,#5531,.T.);
#8255=ORIENTED_EDGE('',*,*,#5528,.T.);
#8256=ORIENTED_EDGE('',*,*,#5525,.T.);
#8257=ORIENTED_EDGE('',*,*,#5522,.T.);
#8258=ORIENTED_EDGE('',*,*,#5519,.T.);
#8259=ORIENTED_EDGE('',*,*,#5516,.T.);
#8260=ORIENTED_EDGE('',*,*,#5513,.T.);
#8261=ORIENTED_EDGE('',*,*,#5510,.T.);
#8262=ORIENTED_EDGE('',*,*,#5507,.T.);
#8263=ORIENTED_EDGE('',*,*,#5504,.T.);
#8264=ORIENTED_EDGE('',*,*,#5501,.T.);
#8265=ORIENTED_EDGE('',*,*,#5498,.T.);
#8266=ORIENTED_EDGE('',*,*,#5495,.T.);
#8267=ORIENTED_EDGE('',*,*,#5492,.T.);
#8268=ORIENTED_EDGE('',*,*,#5489,.T.);
#8269=ORIENTED_EDGE('',*,*,#5486,.T.);
#8270=ORIENTED_EDGE('',*,*,#5483,.T.);
#8271=ORIENTED_EDGE('',*,*,#5480,.T.);
#8272=ORIENTED_EDGE('',*,*,#5477,.T.);
#8273=ORIENTED_EDGE('',*,*,#5474,.T.);
#8274=ORIENTED_EDGE('',*,*,#5471,.T.);
#8275=ORIENTED_EDGE('',*,*,#5468,.T.);
#8276=ORIENTED_EDGE('',*,*,#5465,.T.);
#8277=ORIENTED_EDGE('',*,*,#5462,.T.);
#8278=ORIENTED_EDGE('',*,*,#5459,.T.);
#8279=ORIENTED_EDGE('',*,*,#5456,.T.);
#8280=ORIENTED_EDGE('',*,*,#5453,.T.);
#8281=ORIENTED_EDGE('',*,*,#5450,.T.);
#8282=ORIENTED_EDGE('',*,*,#5447,.T.);
#8283=ORIENTED_EDGE('',*,*,#5444,.T.);
#8284=ORIENTED_EDGE('',*,*,#5441,.T.);
#8285=ORIENTED_EDGE('',*,*,#5438,.T.);
#8286=ORIENTED_EDGE('',*,*,#5435,.T.);
#8287=ORIENTED_EDGE('',*,*,#5432,.T.);
#8288=ORIENTED_EDGE('',*,*,#5429,.T.);
#8289=ORIENTED_EDGE('',*,*,#5426,.T.);
#8290=ORIENTED_EDGE('',*,*,#5423,.T.);
#8291=ORIENTED_EDGE('',*,*,#5420,.T.);
#8292=ORIENTED_EDGE('',*,*,#5417,.T.);
#8293=ORIENTED_EDGE('',*,*,#5414,.T.);
#8294=ORIENTED_EDGE('',*,*,#5411,.T.);
#8295=ORIENTED_EDGE('',*,*,#5408,.T.);
#8296=ORIENTED_EDGE('',*,*,#5405,.T.);
#8297=ORIENTED_EDGE('',*,*,#5402,.T.);
#8298=ORIENTED_EDGE('',*,*,#5399,.T.);
#8299=ORIENTED_EDGE('',*,*,#5396,.T.);
#8300=ORIENTED_EDGE('',*,*,#5393,.T.);
#8301=ORIENTED_EDGE('',*,*,#5390,.T.);
#8302=PLANE('',#9141);
#8303=PLANE('',#9145);
#8304=PLANE('',#9149);
#8305=PLANE('',#9154);
#8306=PLANE('',#9158);
#8307=PLANE('',#9162);
#8308=PLANE('',#9166);
#8309=PLANE('',#9170);
#8310=PLANE('',#9174);
#8311=PLANE('',#9176);
#8312=PLANE('',#9191);
#8313=PLANE('',#9192);
#8314=PLANE('',#9216);
#8315=PLANE('',#9223);
#8316=PLANE('',#9227);
#8317=PLANE('',#9231);
#8318=PLANE('',#9235);
#8319=PLANE('',#9239);
#8320=PLANE('',#9243);
#8321=PLANE('',#9244);
#8322=PLANE('',#9246);
#8323=PLANE('',#9248);
#8324=PLANE('',#9250);
#8325=PLANE('',#9268);
#8326=PLANE('',#9271);
#8327=PLANE('',#9274);
#8328=PLANE('',#9277);
#8329=PLANE('',#9280);
#8330=PLANE('',#9283);
#8331=PLANE('',#9286);
#8332=PLANE('',#9289);
#8333=PLANE('',#9294);
#8334=PLANE('',#9297);
#8335=PLANE('',#9300);
#8336=PLANE('',#9303);
#8337=PLANE('',#9304);
#8338=PLANE('',#9307);
#8339=PLANE('',#9311);
#8340=PLANE('',#9314);
#8341=PLANE('',#9317);
#8342=PLANE('',#9320);
#8343=PLANE('',#9323);
#8344=PLANE('',#9326);
#8345=PLANE('',#9329);
#8346=PLANE('',#9332);
#8347=PLANE('',#9333);
#8348=PLANE('',#9337);
#8349=PLANE('',#9341);
#8350=PLANE('',#9346);
#8351=PLANE('',#9351);
#8352=PLANE('',#9352);
#8353=PLANE('',#9353);
#8354=PLANE('',#9354);
#8355=PLANE('',#9355);
#8356=PLANE('',#9356);
#8357=PLANE('',#9357);
#8358=PLANE('',#9358);
#8359=PLANE('',#9359);
#8360=PLANE('',#9360);
#8361=PLANE('',#9361);
#8362=PLANE('',#9362);
#8363=PLANE('',#9363);
#8364=PLANE('',#9364);
#8365=PLANE('',#9365);
#8366=PLANE('',#9366);
#8367=PLANE('',#9367);
#8368=PLANE('',#9368);
#8369=PLANE('',#9369);
#8370=PLANE('',#9370);
#8371=PLANE('',#9371);
#8372=PLANE('',#9372);
#8373=PLANE('',#9373);
#8374=PLANE('',#9374);
#8375=PLANE('',#9375);
#8376=PLANE('',#9376);
#8377=PLANE('',#9377);
#8378=PLANE('',#9378);
#8379=PLANE('',#9379);
#8380=PLANE('',#9380);
#8381=PLANE('',#9381);
#8382=PLANE('',#9382);
#8383=PLANE('',#9384);
#8384=PLANE('',#9386);
#8385=PLANE('',#9394);
#8386=PLANE('',#9396);
#8387=PLANE('',#9398);
#8388=PLANE('',#9400);
#8389=PLANE('',#9407);
#8390=PLANE('',#9410);
#8391=PLANE('',#9414);
#8392=PLANE('',#9416);
#8393=PLANE('',#9417);
#8394=PLANE('',#9423);
#8395=PLANE('',#9426);
#8396=PLANE('',#9429);
#8397=PLANE('',#9436);
#8398=PLANE('',#9439);
#8399=PLANE('',#9442);
#8400=PLANE('',#9450);
#8401=PLANE('',#9452);
#8402=PLANE('',#9454);
#8403=PLANE('',#9458);
#8404=PLANE('',#9459);
#8405=PLANE('',#9463);
#8406=PLANE('',#9466);
#8407=PLANE('',#9470);
#8408=PLANE('',#9518);
#8409=PLANE('',#9519);
#8410=PLANE('',#9524);
#8411=PLANE('',#9526);
#8412=PLANE('',#9530);
#8413=PLANE('',#9532);
#8414=PLANE('',#9535);
#8415=PLANE('',#9537);
#8416=PLANE('',#9539);
#8417=PLANE('',#9541);
#8418=PLANE('',#9542);
#8419=PLANE('',#9543);
#8420=PLANE('',#9545);
#8421=PLANE('',#9546);
#8422=PLANE('',#9548);
#8423=PLANE('',#9551);
#8424=PLANE('',#9554);
#8425=PLANE('',#9565);
#8426=PLANE('',#9566);
#8427=PLANE('',#9569);
#8428=PLANE('',#9571);
#8429=PLANE('',#9573);
#8430=PLANE('',#9575);
#8431=PLANE('',#9577);
#8432=PLANE('',#9579);
#8433=PLANE('',#9582);
#8434=PLANE('',#9584);
#8435=PLANE('',#9588);
#8436=PLANE('',#9590);
#8437=PLANE('',#9592);
#8438=PLANE('',#9594);
#8439=PLANE('',#9598);
#8440=PLANE('',#9601);
#8441=PLANE('',#9604);
#8442=PLANE('',#9605);
#8443=PLANE('',#9606);
#8444=PLANE('',#9607);
#8445=PLANE('',#9608);
#8446=PLANE('',#9609);
#8447=PLANE('',#9610);
#8448=PLANE('',#9611);
#8449=PLANE('',#9612);
#8450=PLANE('',#9613);
#8451=PLANE('',#9614);
#8452=PLANE('',#9615);
#8453=PLANE('',#9616);
#8454=PLANE('',#9617);
#8455=PLANE('',#9618);
#8456=PLANE('',#9619);
#8457=PLANE('',#9620);
#8458=PLANE('',#9621);
#8459=PLANE('',#9622);
#8460=PLANE('',#9623);
#8461=PLANE('',#9624);
#8462=PLANE('',#9625);
#8463=PLANE('',#9626);
#8464=PLANE('',#9627);
#8465=PLANE('',#9628);
#8466=PLANE('',#9629);
#8467=PLANE('',#9630);
#8468=PLANE('',#9631);
#8469=PLANE('',#9632);
#8470=PLANE('',#9636);
#8471=PLANE('',#9637);
#8472=PLANE('',#9641);
#8473=PLANE('',#9642);
#8474=PLANE('',#9643);
#8475=PLANE('',#9644);
#8476=PLANE('',#9645);
#8477=PLANE('',#9646);
#8478=PLANE('',#9647);
#8479=PLANE('',#9648);
#8480=PLANE('',#9649);
#8481=PLANE('',#9650);
#8482=PLANE('',#9651);
#8483=PLANE('',#9652);
#8484=PLANE('',#9653);
#8485=PLANE('',#9654);
#8486=PLANE('',#9655);
#8487=PLANE('',#9659);
#8488=PLANE('',#9660);
#8489=PLANE('',#9661);
#8490=PLANE('',#9662);
#8491=PLANE('',#9666);
#8492=PLANE('',#9667);
#8493=PLANE('',#9668);
#8494=PLANE('',#9669);
#8495=PLANE('',#9670);
#8496=PLANE('',#9671);
#8497=PLANE('',#9672);
#8498=PLANE('',#9673);
#8499=PLANE('',#9674);
#8500=PLANE('',#9675);
#8501=PLANE('',#9676);
#8502=PLANE('',#9677);
#8503=PLANE('',#9678);
#8504=PLANE('',#9679);
#8505=PLANE('',#9680);
#8506=PLANE('',#9681);
#8507=PLANE('',#9682);
#8508=PLANE('',#9683);
#8509=PLANE('',#9684);
#8510=PLANE('',#9685);
#8511=PLANE('',#9686);
#8512=PLANE('',#9687);
#8513=PLANE('',#9688);
#8514=PLANE('',#9689);
#8515=PLANE('',#9690);
#8516=PLANE('',#9691);
#8517=PLANE('',#9692);
#8518=PLANE('',#9693);
#8519=PLANE('',#9697);
#8520=PLANE('',#9698);
#8521=PLANE('',#9702);
#8522=PLANE('',#9703);
#8523=PLANE('',#9704);
#8524=PLANE('',#9705);
#8525=PLANE('',#9706);
#8526=PLANE('',#9707);
#8527=PLANE('',#9708);
#8528=PLANE('',#9709);
#8529=PLANE('',#9710);
#8530=PLANE('',#9711);
#8531=PLANE('',#9712);
#8532=PLANE('',#9713);
#8533=PLANE('',#9714);
#8534=PLANE('',#9715);
#8535=PLANE('',#9716);
#8536=PLANE('',#9717);
#8537=PLANE('',#9718);
#8538=PLANE('',#9719);
#8539=PLANE('',#9720);
#8540=PLANE('',#9721);
#8541=PLANE('',#9722);
#8542=PLANE('',#9726);
#8543=PLANE('',#9727);
#8544=PLANE('',#9728);
#8545=PLANE('',#9729);
#8546=PLANE('',#9730);
#8547=PLANE('',#9731);
#8548=PLANE('',#9732);
#8549=PLANE('',#9733);
#8550=PLANE('',#9734);
#8551=PLANE('',#9735);
#8552=PLANE('',#9736);
#8553=PLANE('',#9737);
#8554=PLANE('',#9738);
#8555=PLANE('',#9739);
#8556=PLANE('',#9740);
#8557=PLANE('',#9741);
#8558=PLANE('',#9742);
#8559=PLANE('',#9743);
#8560=PLANE('',#9744);
#8561=PLANE('',#9745);
#8562=PLANE('',#9746);
#8563=PLANE('',#9747);
#8564=PLANE('',#9748);
#8565=PLANE('',#9749);
#8566=PLANE('',#9750);
#8567=PLANE('',#9751);
#8568=PLANE('',#9752);
#8569=PLANE('',#9753);
#8570=PLANE('',#9754);
#8571=PLANE('',#9755);
#8572=PLANE('',#9756);
#8573=PLANE('',#9757);
#8574=PLANE('',#9758);
#8575=PLANE('',#9759);
#8576=PLANE('',#9760);
#8577=PLANE('',#9761);
#8578=PLANE('',#9762);
#8579=PLANE('',#9763);
#8580=PLANE('',#9764);
#8581=PLANE('',#9765);
#8582=PLANE('',#9766);
#8583=PLANE('',#9767);
#8584=PLANE('',#9768);
#8585=PLANE('',#9769);
#8586=PLANE('',#9770);
#8587=PLANE('',#9771);
#8588=PLANE('',#9772);
#8589=PLANE('',#9773);
#8590=PLANE('',#9777);
#8591=PLANE('',#9778);
#8592=PLANE('',#9779);
#8593=PLANE('',#9780);
#8594=PLANE('',#9781);
#8595=PLANE('',#9782);
#8596=PLANE('',#9783);
#8597=PLANE('',#9784);
#8598=PLANE('',#9785);
#8599=PLANE('',#9786);
#8600=PLANE('',#9787);
#8601=PLANE('',#9788);
#8602=PLANE('',#9789);
#8603=PLANE('',#9793);
#8604=PLANE('',#9794);
#8605=PLANE('',#9795);
#8606=PLANE('',#9796);
#8607=PLANE('',#9797);
#8608=PLANE('',#9798);
#8609=PLANE('',#9799);
#8610=PLANE('',#9800);
#8611=PLANE('',#9801);
#8612=PLANE('',#9802);
#8613=PLANE('',#9803);
#8614=PLANE('',#9804);
#8615=PLANE('',#9805);
#8616=PLANE('',#9806);
#8617=PLANE('',#9807);
#8618=PLANE('',#9808);
#8619=PLANE('',#9809);
#8620=PLANE('',#9810);
#8621=PLANE('',#9811);
#8622=PLANE('',#9812);
#8623=PLANE('',#9813);
#8624=PLANE('',#9814);
#8625=PLANE('',#9815);
#8626=PLANE('',#9816);
#8627=PLANE('',#9817);
#8628=PLANE('',#9818);
#8629=PLANE('',#9819);
#8630=PLANE('',#9820);
#8631=PLANE('',#9821);
#8632=PLANE('',#9822);
#8633=PLANE('',#9823);
#8634=PLANE('',#9824);
#8635=PLANE('',#9825);
#8636=PLANE('',#9826);
#8637=PLANE('',#9827);
#8638=PLANE('',#9828);
#8639=PLANE('',#9829);
#8640=PLANE('',#9830);
#8641=PLANE('',#9831);
#8642=PLANE('',#9832);
#8643=ADVANCED_FACE('',(#268),#8302,.T.);
#8644=ADVANCED_FACE('',(#269),#8303,.T.);
#8645=ADVANCED_FACE('',(#270),#8304,.T.);
#8646=ADVANCED_FACE('',(#271),#172,.F.);
#8647=ADVANCED_FACE('',(#272),#8305,.F.);
#8648=ADVANCED_FACE('',(#273),#173,.F.);
#8649=ADVANCED_FACE('',(#274),#174,.F.);
#8650=ADVANCED_FACE('',(#275),#8306,.F.);
#8651=ADVANCED_FACE('',(#276),#175,.F.);
#8652=ADVANCED_FACE('',(#277),#176,.F.);
#8653=ADVANCED_FACE('',(#278),#8307,.F.);
#8654=ADVANCED_FACE('',(#279),#177,.F.);
#8655=ADVANCED_FACE('',(#280),#8308,.F.);
#8656=ADVANCED_FACE('',(#281),#178,.F.);
#8657=ADVANCED_FACE('',(#282),#8309,.F.);
#8658=ADVANCED_FACE('',(#283),#8310,.T.);
#8659=ADVANCED_FACE('',(#284),#8311,.T.);
#8660=ADVANCED_FACE('',(#285),#179,.F.);
#8661=ADVANCED_FACE('',(#286),#8312,.T.);
#8662=ADVANCED_FACE('',(#287,#63,#64),#8313,.F.);
#8663=ADVANCED_FACE('',(#288),#8314,.F.);
#8664=ADVANCED_FACE('',(#289),#40,.F.);
#8665=ADVANCED_FACE('',(#290),#8315,.T.);
#8666=ADVANCED_FACE('',(#291),#41,.F.);
#8667=ADVANCED_FACE('',(#292),#8316,.T.);
#8668=ADVANCED_FACE('',(#293),#42,.F.);
#8669=ADVANCED_FACE('',(#294),#8317,.T.);
#8670=ADVANCED_FACE('',(#295),#43,.F.);
#8671=ADVANCED_FACE('',(#296),#8318,.T.);
#8672=ADVANCED_FACE('',(#297),#44,.F.);
#8673=ADVANCED_FACE('',(#298),#8319,.T.);
#8674=ADVANCED_FACE('',(#299),#45,.F.);
#8675=ADVANCED_FACE('',(#300),#8320,.T.);
#8676=ADVANCED_FACE('',(#301),#8321,.F.);
#8677=ADVANCED_FACE('',(#302),#180,.F.);
#8678=ADVANCED_FACE('',(#303),#8322,.F.);
#8679=ADVANCED_FACE('',(#304),#181,.F.);
#8680=ADVANCED_FACE('',(#305),#8323,.F.);
#8681=ADVANCED_FACE('',(#306),#182,.F.);
#8682=ADVANCED_FACE('',(#307,#65,#66,#67,#68,#69),#8324,.F.);
#8683=ADVANCED_FACE('',(#308),#8325,.T.);
#8684=ADVANCED_FACE('',(#309),#46,.F.);
#8685=ADVANCED_FACE('',(#310),#8326,.T.);
#8686=ADVANCED_FACE('',(#311),#47,.F.);
#8687=ADVANCED_FACE('',(#312),#8327,.T.);
#8688=ADVANCED_FACE('',(#313),#48,.F.);
#8689=ADVANCED_FACE('',(#314),#8328,.T.);
#8690=ADVANCED_FACE('',(#315),#49,.F.);
#8691=ADVANCED_FACE('',(#316),#8329,.T.);
#8692=ADVANCED_FACE('',(#317),#50,.F.);
#8693=ADVANCED_FACE('',(#318),#8330,.F.);
#8694=ADVANCED_FACE('',(#319),#183,.F.);
#8695=ADVANCED_FACE('',(#320),#8331,.F.);
#8696=ADVANCED_FACE('',(#321),#184,.F.);
#8697=ADVANCED_FACE('',(#322,#70,#71),#8332,.T.);
#8698=ADVANCED_FACE('',(#323),#51,.F.);
#8699=ADVANCED_FACE('',(#324),#8333,.T.);
#8700=ADVANCED_FACE('',(#325),#52,.F.);
#8701=ADVANCED_FACE('',(#326),#8334,.T.);
#8702=ADVANCED_FACE('',(#327),#53,.F.);
#8703=ADVANCED_FACE('',(#328),#8335,.T.);
#8704=ADVANCED_FACE('',(#329),#54,.F.);
#8705=ADVANCED_FACE('',(#330),#8336,.T.);
#8706=ADVANCED_FACE('',(#331),#8337,.F.);
#8707=ADVANCED_FACE('',(#332),#185,.F.);
#8708=ADVANCED_FACE('',(#333),#8338,.F.);
#8709=ADVANCED_FACE('',(#334),#186,.F.);
#8710=ADVANCED_FACE('',(#335),#55,.T.);
#8711=ADVANCED_FACE('',(#336),#8339,.T.);
#8712=ADVANCED_FACE('',(#337),#56,.F.);
#8713=ADVANCED_FACE('',(#338),#8340,.T.);
#8714=ADVANCED_FACE('',(#339),#57,.T.);
#8715=ADVANCED_FACE('',(#340),#8341,.T.);
#8716=ADVANCED_FACE('',(#341),#58,.T.);
#8717=ADVANCED_FACE('',(#342),#8342,.T.);
#8718=ADVANCED_FACE('',(#343),#59,.F.);
#8719=ADVANCED_FACE('',(#344),#8343,.T.);
#8720=ADVANCED_FACE('',(#345),#60,.T.);
#8721=ADVANCED_FACE('',(#346),#8344,.T.);
#8722=ADVANCED_FACE('',(#347),#61,.T.);
#8723=ADVANCED_FACE('',(#348),#8345,.T.);
#8724=ADVANCED_FACE('',(#349),#62,.T.);
#8725=ADVANCED_FACE('',(#350),#8346,.T.);
#8726=ADVANCED_FACE('',(#351),#8347,.T.);
#8727=ADVANCED_FACE('',(#352),#187,.T.);
#8728=ADVANCED_FACE('',(#353,#72),#8348,.F.);
#8729=ADVANCED_FACE('',(#354),#188,.T.);
#8730=ADVANCED_FACE('',(#355),#8349,.T.);
#8731=ADVANCED_FACE('',(#356),#189,.T.);
#8732=ADVANCED_FACE('',(#357,#73,#74,#75),#8350,.T.);
#8733=ADVANCED_FACE('',(#358),#190,.T.);
#8734=ADVANCED_FACE('',(#359),#8351,.T.);
#8735=ADVANCED_FACE('',(#360),#8352,.T.);
#8736=ADVANCED_FACE('',(#361),#8353,.T.);
#8737=ADVANCED_FACE('',(#362),#8354,.T.);
#8738=ADVANCED_FACE('',(#363),#8355,.F.);
#8739=ADVANCED_FACE('',(#364),#8356,.F.);
#8740=ADVANCED_FACE('',(#365),#8357,.T.);
#8741=ADVANCED_FACE('',(#366),#8358,.T.);
#8742=ADVANCED_FACE('',(#367),#8359,.T.);
#8743=ADVANCED_FACE('',(#368),#8360,.T.);
#8744=ADVANCED_FACE('',(#369),#8361,.F.);
#8745=ADVANCED_FACE('',(#370),#8362,.F.);
#8746=ADVANCED_FACE('',(#371),#8363,.F.);
#8747=ADVANCED_FACE('',(#372),#8364,.F.);
#8748=ADVANCED_FACE('',(#373),#8365,.F.);
#8749=ADVANCED_FACE('',(#374),#8366,.F.);
#8750=ADVANCED_FACE('',(#375),#8367,.F.);
#8751=ADVANCED_FACE('',(#376),#8368,.F.);
#8752=ADVANCED_FACE('',(#377),#8369,.F.);
#8753=ADVANCED_FACE('',(#378),#8370,.F.);
#8754=ADVANCED_FACE('',(#379),#8371,.F.);
#8755=ADVANCED_FACE('',(#380),#8372,.F.);
#8756=ADVANCED_FACE('',(#381),#8373,.F.);
#8757=ADVANCED_FACE('',(#382),#8374,.F.);
#8758=ADVANCED_FACE('',(#383),#8375,.F.);
#8759=ADVANCED_FACE('',(#384),#8376,.F.);
#8760=ADVANCED_FACE('',(#385),#8377,.F.);
#8761=ADVANCED_FACE('',(#386),#8378,.F.);
#8762=ADVANCED_FACE('',(#387),#8379,.F.);
#8763=ADVANCED_FACE('',(#388),#8380,.F.);
#8764=ADVANCED_FACE('',(#389),#8381,.F.);
#8765=ADVANCED_FACE('',(#390),#8382,.T.);
#8766=ADVANCED_FACE('',(#391),#191,.F.);
#8767=ADVANCED_FACE('',(#392),#8383,.F.);
#8768=ADVANCED_FACE('',(#393),#192,.F.);
#8769=ADVANCED_FACE('',(#394),#8384,.F.);
#8770=ADVANCED_FACE('',(#395),#193,.F.);
#8771=ADVANCED_FACE('',(#396),#8385,.F.);
#8772=ADVANCED_FACE('',(#397),#194,.F.);
#8773=ADVANCED_FACE('',(#398),#8386,.F.);
#8774=ADVANCED_FACE('',(#399),#195,.F.);
#8775=ADVANCED_FACE('',(#400),#8387,.F.);
#8776=ADVANCED_FACE('',(#401),#8388,.F.);
#8777=ADVANCED_FACE('',(#402),#196,.F.);
#8778=ADVANCED_FACE('',(#403),#8389,.T.);
#8779=ADVANCED_FACE('',(#404),#197,.F.);
#8780=ADVANCED_FACE('',(#405),#8390,.T.);
#8781=ADVANCED_FACE('',(#406),#198,.F.);
#8782=ADVANCED_FACE('',(#407),#199,.F.);
#8783=ADVANCED_FACE('',(#408),#8391,.T.);
#8784=ADVANCED_FACE('',(#409),#200,.F.);
#8785=ADVANCED_FACE('',(#410),#8392,.T.);
#8786=ADVANCED_FACE('',(#411),#8393,.F.);
#8787=ADVANCED_FACE('',(#412),#8394,.T.);
#8788=ADVANCED_FACE('',(#413),#201,.F.);
#8789=ADVANCED_FACE('',(#414),#8395,.T.);
#8790=ADVANCED_FACE('',(#415),#202,.F.);
#8791=ADVANCED_FACE('',(#416),#8396,.F.);
#8792=ADVANCED_FACE('',(#417),#203,.F.);
#8793=ADVANCED_FACE('',(#418),#8397,.F.);
#8794=ADVANCED_FACE('',(#419),#204,.F.);
#8795=ADVANCED_FACE('',(#420),#8398,.F.);
#8796=ADVANCED_FACE('',(#421),#205,.F.);
#8797=ADVANCED_FACE('',(#422),#8399,.F.);
#8798=ADVANCED_FACE('',(#423),#206,.F.);
#8799=ADVANCED_FACE('',(#424),#8400,.T.);
#8800=ADVANCED_FACE('',(#425),#207,.F.);
#8801=ADVANCED_FACE('',(#426),#8401,.T.);
#8802=ADVANCED_FACE('',(#427),#208,.F.);
#8803=ADVANCED_FACE('',(#428),#8402,.T.);
#8804=ADVANCED_FACE('',(#429),#209,.T.);
#8805=ADVANCED_FACE('',(#430),#8403,.T.);
#8806=ADVANCED_FACE('',(#431),#8404,.T.);
#8807=ADVANCED_FACE('',(#432),#210,.T.);
#8808=ADVANCED_FACE('',(#433),#8405,.T.);
#8809=ADVANCED_FACE('',(#434),#211,.F.);
#8810=ADVANCED_FACE('',(#435,#76),#8406,.F.);
#8811=ADVANCED_FACE('',(#436),#212,.F.);
#8812=ADVANCED_FACE('',(#437,#77),#8407,.F.);
#8813=ADVANCED_FACE('',(#438),#213,.T.);
#8814=ADVANCED_FACE('',(#439),#33,.T.);
#8815=ADVANCED_FACE('',(#440),#31,.F.);
#8816=ADVANCED_FACE('',(#441),#32,.F.);
#8817=ADVANCED_FACE('',(#442),#34,.T.);
#8818=ADVANCED_FACE('',(#443),#214,.T.);
#8819=ADVANCED_FACE('',(#444),#35,.T.);
#8820=ADVANCED_FACE('',(#445),#215,.T.);
#8821=ADVANCED_FACE('',(#446),#36,.T.);
#8822=ADVANCED_FACE('',(#447),#216,.T.);
#8823=ADVANCED_FACE('',(#448),#37,.T.);
#8824=ADVANCED_FACE('',(#449),#217,.T.);
#8825=ADVANCED_FACE('',(#450),#218,.T.);
#8826=ADVANCED_FACE('',(#451),#219,.F.);
#8827=ADVANCED_FACE('',(#452),#8408,.F.);
#8828=ADVANCED_FACE('',(#453),#8409,.T.);
#8829=ADVANCED_FACE('',(#454),#220,.F.);
#8830=ADVANCED_FACE('',(#455),#8410,.T.);
#8831=ADVANCED_FACE('',(#456),#221,.F.);
#8832=ADVANCED_FACE('',(#457),#8411,.F.);
#8833=ADVANCED_FACE('',(#458),#222,.F.);
#8834=ADVANCED_FACE('',(#459),#223,.T.);
#8835=ADVANCED_FACE('',(#460),#224,.T.);
#8836=ADVANCED_FACE('',(#461),#8412,.T.);
#8837=ADVANCED_FACE('',(#462),#8413,.T.);
#8838=ADVANCED_FACE('',(#463),#225,.T.);
#8839=ADVANCED_FACE('',(#464),#8414,.F.);
#8840=ADVANCED_FACE('',(#465),#8415,.T.);
#8841=ADVANCED_FACE('',(#466),#226,.F.);
#8842=ADVANCED_FACE('',(#467),#8416,.T.);
#8843=ADVANCED_FACE('',(#468),#227,.F.);
#8844=ADVANCED_FACE('',(#469),#8417,.T.);
#8845=ADVANCED_FACE('',(#470),#8418,.F.);
#8846=ADVANCED_FACE('',(#471),#8419,.T.);
#8847=ADVANCED_FACE('',(#472),#228,.F.);
#8848=ADVANCED_FACE('',(#473),#8420,.T.);
#8849=ADVANCED_FACE('',(#474),#8421,.T.);
#8850=ADVANCED_FACE('',(#475),#229,.F.);
#8851=ADVANCED_FACE('',(#476),#8422,.T.);
#8852=ADVANCED_FACE('',(#477),#230,.F.);
#8853=ADVANCED_FACE('',(#478),#231,.F.);
#8854=ADVANCED_FACE('',(#479),#8423,.T.);
#8855=ADVANCED_FACE('',(#480),#232,.F.);
#8856=ADVANCED_FACE('',(#481),#233,.F.);
#8857=ADVANCED_FACE('',(#482),#8424,.T.);
#8858=ADVANCED_FACE('',(#483),#234,.T.);
#8859=ADVANCED_FACE('',(#484),#235,.T.);
#8860=ADVANCED_FACE('',(#485),#38,.T.);
#8861=ADVANCED_FACE('',(#486),#236,.T.);
#8862=ADVANCED_FACE('',(#487),#39,.T.);
#8863=ADVANCED_FACE('',(#488),#237,.T.);
#8864=ADVANCED_FACE('',(#489),#8425,.F.);
#8865=ADVANCED_FACE('',(#490),#8426,.F.);
#8866=ADVANCED_FACE('',(#491),#238,.F.);
#8867=ADVANCED_FACE('',(#492),#239,.F.);
#8868=ADVANCED_FACE('',(#493),#8427,.F.);
#8869=ADVANCED_FACE('',(#494),#240,.F.);
#8870=ADVANCED_FACE('',(#495),#8428,.F.);
#8871=ADVANCED_FACE('',(#496),#241,.F.);
#8872=ADVANCED_FACE('',(#497),#8429,.F.);
#8873=ADVANCED_FACE('',(#498),#242,.F.);
#8874=ADVANCED_FACE('',(#499),#8430,.F.);
#8875=ADVANCED_FACE('',(#500),#243,.F.);
#8876=ADVANCED_FACE('',(#501),#8431,.T.);
#8877=ADVANCED_FACE('',(#502),#244,.F.);
#8878=ADVANCED_FACE('',(#503),#8432,.F.);
#8879=ADVANCED_FACE('',(#504),#245,.F.);
#8880=ADVANCED_FACE('',(#505),#246,.F.);
#8881=ADVANCED_FACE('',(#506),#8433,.F.);
#8882=ADVANCED_FACE('',(#507),#247,.F.);
#8883=ADVANCED_FACE('',(#508),#8434,.F.);
#8884=ADVANCED_FACE('',(#509),#248,.F.);
#8885=ADVANCED_FACE('',(#510),#249,.F.);
#8886=ADVANCED_FACE('',(#511),#250,.F.);
#8887=ADVANCED_FACE('',(#512),#8435,.F.);
#8888=ADVANCED_FACE('',(#513),#251,.F.);
#8889=ADVANCED_FACE('',(#514),#8436,.F.);
#8890=ADVANCED_FACE('',(#515),#252,.F.);
#8891=ADVANCED_FACE('',(#516),#8437,.F.);
#8892=ADVANCED_FACE('',(#517),#253,.F.);
#8893=ADVANCED_FACE('',(#518),#8438,.F.);
#8894=ADVANCED_FACE('',(#519),#254,.F.);
#8895=ADVANCED_FACE('',(#520),#255,.F.);
#8896=ADVANCED_FACE('',(#521),#256,.F.);
#8897=ADVANCED_FACE('',(#522),#8439,.T.);
#8898=ADVANCED_FACE('',(#523),#257,.F.);
#8899=ADVANCED_FACE('',(#524),#8440,.F.);
#8900=ADVANCED_FACE('',(#525),#258,.F.);
#8901=ADVANCED_FACE('',(#526),#8441,.T.);
#8902=ADVANCED_FACE('',(#527),#8442,.T.);
#8903=ADVANCED_FACE('',(#528),#8443,.T.);
#8904=ADVANCED_FACE('',(#529),#8444,.T.);
#8905=ADVANCED_FACE('',(#530),#8445,.T.);
#8906=ADVANCED_FACE('',(#531),#8446,.T.);
#8907=ADVANCED_FACE('',(#532),#8447,.T.);
#8908=ADVANCED_FACE('',(#533),#8448,.T.);
#8909=ADVANCED_FACE('',(#534),#8449,.T.);
#8910=ADVANCED_FACE('',(#535),#8450,.T.);
#8911=ADVANCED_FACE('',(#536),#8451,.T.);
#8912=ADVANCED_FACE('',(#537),#8452,.T.);
#8913=ADVANCED_FACE('',(#538),#8453,.T.);
#8914=ADVANCED_FACE('',(#539),#8454,.T.);
#8915=ADVANCED_FACE('',(#540),#8455,.T.);
#8916=ADVANCED_FACE('',(#541),#8456,.T.);
#8917=ADVANCED_FACE('',(#542),#8457,.T.);
#8918=ADVANCED_FACE('',(#543),#8458,.T.);
#8919=ADVANCED_FACE('',(#544),#8459,.T.);
#8920=ADVANCED_FACE('',(#545),#8460,.T.);
#8921=ADVANCED_FACE('',(#546),#8461,.T.);
#8922=ADVANCED_FACE('',(#547),#8462,.T.);
#8923=ADVANCED_FACE('',(#548),#8463,.T.);
#8924=ADVANCED_FACE('',(#549),#8464,.T.);
#8925=ADVANCED_FACE('',(#550),#8465,.T.);
#8926=ADVANCED_FACE('',(#551),#8466,.T.);
#8927=ADVANCED_FACE('',(#552),#8467,.T.);
#8928=ADVANCED_FACE('',(#553),#8468,.T.);
#8929=ADVANCED_FACE('',(#554),#8469,.T.);
#8930=ADVANCED_FACE('',(#555),#259,.T.);
#8931=ADVANCED_FACE('',(#556),#8470,.T.);
#8932=ADVANCED_FACE('',(#557),#8471,.T.);
#8933=ADVANCED_FACE('',(#558),#260,.T.);
#8934=ADVANCED_FACE('',(#559),#8472,.T.);
#8935=ADVANCED_FACE('',(#560),#8473,.T.);
#8936=ADVANCED_FACE('',(#561),#8474,.T.);
#8937=ADVANCED_FACE('',(#562),#8475,.T.);
#8938=ADVANCED_FACE('',(#563),#8476,.T.);
#8939=ADVANCED_FACE('',(#564),#8477,.T.);
#8940=ADVANCED_FACE('',(#565),#8478,.T.);
#8941=ADVANCED_FACE('',(#566),#8479,.T.);
#8942=ADVANCED_FACE('',(#567),#8480,.T.);
#8943=ADVANCED_FACE('',(#568),#8481,.T.);
#8944=ADVANCED_FACE('',(#569),#8482,.T.);
#8945=ADVANCED_FACE('',(#570),#8483,.T.);
#8946=ADVANCED_FACE('',(#571),#8484,.T.);
#8947=ADVANCED_FACE('',(#572),#8485,.T.);
#8948=ADVANCED_FACE('',(#573),#8486,.T.);
#8949=ADVANCED_FACE('',(#574),#261,.T.);
#8950=ADVANCED_FACE('',(#575),#8487,.T.);
#8951=ADVANCED_FACE('',(#576),#8488,.T.);
#8952=ADVANCED_FACE('',(#577),#8489,.T.);
#8953=ADVANCED_FACE('',(#578),#8490,.T.);
#8954=ADVANCED_FACE('',(#579),#262,.T.);
#8955=ADVANCED_FACE('',(#580),#8491,.T.);
#8956=ADVANCED_FACE('',(#581),#8492,.T.);
#8957=ADVANCED_FACE('',(#582,#78,#79),#8493,.T.);
#8958=ADVANCED_FACE('',(#583,#80,#81),#8494,.F.);
#8959=ADVANCED_FACE('',(#584),#8495,.T.);
#8960=ADVANCED_FACE('',(#585),#8496,.T.);
#8961=ADVANCED_FACE('',(#586),#8497,.T.);
#8962=ADVANCED_FACE('',(#587),#8498,.T.);
#8963=ADVANCED_FACE('',(#588),#8499,.T.);
#8964=ADVANCED_FACE('',(#589),#8500,.T.);
#8965=ADVANCED_FACE('',(#590),#8501,.T.);
#8966=ADVANCED_FACE('',(#591),#8502,.T.);
#8967=ADVANCED_FACE('',(#592),#8503,.T.);
#8968=ADVANCED_FACE('',(#593),#8504,.T.);
#8969=ADVANCED_FACE('',(#594),#8505,.T.);
#8970=ADVANCED_FACE('',(#595),#8506,.T.);
#8971=ADVANCED_FACE('',(#596),#8507,.T.);
#8972=ADVANCED_FACE('',(#597),#8508,.T.);
#8973=ADVANCED_FACE('',(#598),#8509,.T.);
#8974=ADVANCED_FACE('',(#599),#8510,.T.);
#8975=ADVANCED_FACE('',(#600),#8511,.T.);
#8976=ADVANCED_FACE('',(#601),#8512,.T.);
#8977=ADVANCED_FACE('',(#602),#8513,.T.);
#8978=ADVANCED_FACE('',(#603),#8514,.T.);
#8979=ADVANCED_FACE('',(#604),#8515,.T.);
#8980=ADVANCED_FACE('',(#605),#8516,.T.);
#8981=ADVANCED_FACE('',(#606),#8517,.T.);
#8982=ADVANCED_FACE('',(#607),#8518,.T.);
#8983=ADVANCED_FACE('',(#608),#263,.T.);
#8984=ADVANCED_FACE('',(#609),#8519,.T.);
#8985=ADVANCED_FACE('',(#610),#8520,.T.);
#8986=ADVANCED_FACE('',(#611),#264,.T.);
#8987=ADVANCED_FACE('',(#612),#8521,.T.);
#8988=ADVANCED_FACE('',(#613),#8522,.T.);
#8989=ADVANCED_FACE('',(#614),#8523,.T.);
#8990=ADVANCED_FACE('',(#615),#8524,.T.);
#8991=ADVANCED_FACE('',(#616),#8525,.T.);
#8992=ADVANCED_FACE('',(#617),#8526,.T.);
#8993=ADVANCED_FACE('',(#618),#8527,.T.);
#8994=ADVANCED_FACE('',(#619),#8528,.T.);
#8995=ADVANCED_FACE('',(#620),#8529,.T.);
#8996=ADVANCED_FACE('',(#621),#8530,.T.);
#8997=ADVANCED_FACE('',(#622),#8531,.T.);
#8998=ADVANCED_FACE('',(#623),#8532,.T.);
#8999=ADVANCED_FACE('',(#624),#8533,.T.);
#9000=ADVANCED_FACE('',(#625),#8534,.T.);
#9001=ADVANCED_FACE('',(#626),#8535,.T.);
#9002=ADVANCED_FACE('',(#627),#8536,.T.);
#9003=ADVANCED_FACE('',(#628),#8537,.T.);
#9004=ADVANCED_FACE('',(#629),#8538,.T.);
#9005=ADVANCED_FACE('',(#630),#8539,.T.);
#9006=ADVANCED_FACE('',(#631),#8540,.T.);
#9007=ADVANCED_FACE('',(#632),#8541,.T.);
#9008=ADVANCED_FACE('',(#633),#265,.T.);
#9009=ADVANCED_FACE('',(#634),#8542,.T.);
#9010=ADVANCED_FACE('',(#635,#82),#8543,.T.);
#9011=ADVANCED_FACE('',(#636,#83),#8544,.F.);
#9012=ADVANCED_FACE('',(#637),#8545,.T.);
#9013=ADVANCED_FACE('',(#638),#8546,.T.);
#9014=ADVANCED_FACE('',(#639),#8547,.T.);
#9015=ADVANCED_FACE('',(#640),#8548,.T.);
#9016=ADVANCED_FACE('',(#641),#8549,.T.);
#9017=ADVANCED_FACE('',(#642),#8550,.T.);
#9018=ADVANCED_FACE('',(#643),#8551,.T.);
#9019=ADVANCED_FACE('',(#644),#8552,.T.);
#9020=ADVANCED_FACE('',(#645),#8553,.T.);
#9021=ADVANCED_FACE('',(#646),#8554,.T.);
#9022=ADVANCED_FACE('',(#647),#8555,.T.);
#9023=ADVANCED_FACE('',(#648),#8556,.T.);
#9024=ADVANCED_FACE('',(#649),#8557,.T.);
#9025=ADVANCED_FACE('',(#650),#8558,.T.);
#9026=ADVANCED_FACE('',(#651),#8559,.T.);
#9027=ADVANCED_FACE('',(#652),#8560,.T.);
#9028=ADVANCED_FACE('',(#653),#8561,.T.);
#9029=ADVANCED_FACE('',(#654),#8562,.T.);
#9030=ADVANCED_FACE('',(#655),#8563,.T.);
#9031=ADVANCED_FACE('',(#656),#8564,.T.);
#9032=ADVANCED_FACE('',(#657),#8565,.T.);
#9033=ADVANCED_FACE('',(#658),#8566,.T.);
#9034=ADVANCED_FACE('',(#659),#8567,.T.);
#9035=ADVANCED_FACE('',(#660),#8568,.T.);
#9036=ADVANCED_FACE('',(#661),#8569,.T.);
#9037=ADVANCED_FACE('',(#662),#8570,.T.);
#9038=ADVANCED_FACE('',(#663),#8571,.T.);
#9039=ADVANCED_FACE('',(#664),#8572,.T.);
#9040=ADVANCED_FACE('',(#665),#8573,.T.);
#9041=ADVANCED_FACE('',(#666),#8574,.T.);
#9042=ADVANCED_FACE('',(#667),#8575,.T.);
#9043=ADVANCED_FACE('',(#668),#8576,.T.);
#9044=ADVANCED_FACE('',(#669),#8577,.T.);
#9045=ADVANCED_FACE('',(#670),#8578,.T.);
#9046=ADVANCED_FACE('',(#671),#8579,.T.);
#9047=ADVANCED_FACE('',(#672),#8580,.T.);
#9048=ADVANCED_FACE('',(#673),#8581,.T.);
#9049=ADVANCED_FACE('',(#674),#8582,.T.);
#9050=ADVANCED_FACE('',(#675),#8583,.T.);
#9051=ADVANCED_FACE('',(#676),#8584,.T.);
#9052=ADVANCED_FACE('',(#677),#8585,.T.);
#9053=ADVANCED_FACE('',(#678),#8586,.T.);
#9054=ADVANCED_FACE('',(#679),#8587,.T.);
#9055=ADVANCED_FACE('',(#680),#8588,.T.);
#9056=ADVANCED_FACE('',(#681),#8589,.T.);
#9057=ADVANCED_FACE('',(#682),#266,.T.);
#9058=ADVANCED_FACE('',(#683),#8590,.T.);
#9059=ADVANCED_FACE('',(#684),#8591,.T.);
#9060=ADVANCED_FACE('',(#685),#8592,.T.);
#9061=ADVANCED_FACE('',(#686),#8593,.T.);
#9062=ADVANCED_FACE('',(#687),#8594,.T.);
#9063=ADVANCED_FACE('',(#688),#8595,.T.);
#9064=ADVANCED_FACE('',(#689),#8596,.T.);
#9065=ADVANCED_FACE('',(#690),#8597,.T.);
#9066=ADVANCED_FACE('',(#691),#8598,.T.);
#9067=ADVANCED_FACE('',(#692),#8599,.T.);
#9068=ADVANCED_FACE('',(#693),#8600,.T.);
#9069=ADVANCED_FACE('',(#694),#8601,.T.);
#9070=ADVANCED_FACE('',(#695),#8602,.T.);
#9071=ADVANCED_FACE('',(#696),#267,.T.);
#9072=ADVANCED_FACE('',(#697),#8603,.T.);
#9073=ADVANCED_FACE('',(#698),#8604,.T.);
#9074=ADVANCED_FACE('',(#699),#8605,.T.);
#9075=ADVANCED_FACE('',(#700),#8606,.T.);
#9076=ADVANCED_FACE('',(#701),#8607,.T.);
#9077=ADVANCED_FACE('',(#702),#8608,.T.);
#9078=ADVANCED_FACE('',(#703),#8609,.T.);
#9079=ADVANCED_FACE('',(#704),#8610,.T.);
#9080=ADVANCED_FACE('',(#705),#8611,.T.);
#9081=ADVANCED_FACE('',(#706),#8612,.T.);
#9082=ADVANCED_FACE('',(#707),#8613,.T.);
#9083=ADVANCED_FACE('',(#708),#8614,.T.);
#9084=ADVANCED_FACE('',(#709),#8615,.T.);
#9085=ADVANCED_FACE('',(#710),#8616,.T.);
#9086=ADVANCED_FACE('',(#711),#8617,.T.);
#9087=ADVANCED_FACE('',(#712),#8618,.T.);
#9088=ADVANCED_FACE('',(#713),#8619,.T.);
#9089=ADVANCED_FACE('',(#714),#8620,.T.);
#9090=ADVANCED_FACE('',(#715),#8621,.T.);
#9091=ADVANCED_FACE('',(#716),#8622,.T.);
#9092=ADVANCED_FACE('',(#717),#8623,.T.);
#9093=ADVANCED_FACE('',(#718),#8624,.T.);
#9094=ADVANCED_FACE('',(#719),#8625,.T.);
#9095=ADVANCED_FACE('',(#720),#8626,.T.);
#9096=ADVANCED_FACE('',(#721),#8627,.T.);
#9097=ADVANCED_FACE('',(#722),#8628,.T.);
#9098=ADVANCED_FACE('',(#723),#8629,.T.);
#9099=ADVANCED_FACE('',(#724),#8630,.T.);
#9100=ADVANCED_FACE('',(#725),#8631,.T.);
#9101=ADVANCED_FACE('',(#726),#8632,.T.);
#9102=ADVANCED_FACE('',(#727),#8633,.T.);
#9103=ADVANCED_FACE('',(#728),#8634,.T.);
#9104=ADVANCED_FACE('',(#729),#8635,.T.);
#9105=ADVANCED_FACE('',(#730),#8636,.T.);
#9106=ADVANCED_FACE('',(#731),#8637,.T.);
#9107=ADVANCED_FACE('',(#732),#8638,.T.);
#9108=ADVANCED_FACE('',(#733),#8639,.T.);
#9109=ADVANCED_FACE('',(#734),#8640,.T.);
#9110=ADVANCED_FACE('',(#735,#84,#85,#86,#87,#88,#89,#90),#8641,.T.);
#9111=ADVANCED_FACE('',(#736,#91,#92,#93,#94,#95,#96,#97),#8642,.F.);
#9112=CLOSED_SHELL('',(#8643,#8644,#8645,#8646,#8647,#8648,#8649,#8650,
#8651,#8652,#8653,#8654,#8655,#8656,#8657,#8658,#8659,#8660,#8661,#8662,
#8663,#8664,#8665,#8666,#8667,#8668,#8669,#8670,#8671,#8672,#8673,#8674,
#8675,#8676,#8677,#8678,#8679,#8680,#8681,#8682,#8683,#8684,#8685,#8686,
#8687,#8688,#8689,#8690,#8691,#8692,#8693,#8694,#8695,#8696,#8697,#8698,
#8699,#8700,#8701,#8702,#8703,#8704,#8705,#8706,#8707,#8708,#8709,#8710,
#8711,#8712,#8713,#8714,#8715,#8716,#8717,#8718,#8719,#8720,#8721,#8722,
#8723,#8724,#8725,#8726,#8727,#8728,#8729,#8730,#8731,#8732,#8733,#8734,
#8735,#8736,#8737,#8738,#8739,#8740,#8741,#8742,#8743,#8744,#8745,#8746,
#8747,#8748,#8749,#8750,#8751,#8752,#8753,#8754,#8755,#8756,#8757,#8758,
#8759,#8760,#8761,#8762,#8763,#8764,#8765,#8766,#8767,#8768,#8769,#8770,
#8771,#8772,#8773,#8774,#8775,#8776,#8777,#8778,#8779,#8780,#8781,#8782,
#8783,#8784,#8785,#8786,#8787,#8788,#8789,#8790,#8791,#8792,#8793,#8794,
#8795,#8796,#8797,#8798,#8799,#8800,#8801,#8802,#8803,#8804,#8805,#8806,
#8807,#8808,#8809,#8810,#8811,#8812,#8813,#8814,#8815,#8816,#8817,#8818,
#8819,#8820,#8821,#8822,#8823,#8824,#8825,#8826,#8827,#8828,#8829,#8830,
#8831,#8832,#8833,#8834,#8835,#8836,#8837,#8838,#8839,#8840,#8841,#8842,
#8843,#8844,#8845,#8846,#8847,#8848,#8849,#8850,#8851,#8852,#8853,#8854,
#8855,#8856,#8857,#8858,#8859,#8860,#8861,#8862,#8863,#8864,#8865,#8866,
#8867,#8868,#8869,#8870,#8871,#8872,#8873,#8874,#8875,#8876,#8877,#8878,
#8879,#8880,#8881,#8882,#8883,#8884,#8885,#8886,#8887,#8888,#8889,#8890,
#8891,#8892,#8893,#8894,#8895,#8896,#8897,#8898,#8899,#8900));
#9113=CLOSED_SHELL('',(#8901,#8902,#8903,#8904,#8905,#8906,#8907,#8908,
#8909,#8910,#8911,#8912,#8913,#8914,#8915,#8916,#8917,#8918,#8919,#8920,
#8921,#8922,#8923,#8924,#8925,#8926,#8927,#8928,#8929,#8930,#8931,#8932,
#8933,#8934,#8935,#8936,#8937,#8938,#8939,#8940,#8941,#8942,#8943,#8944,
#8945,#8946,#8947,#8948,#8949,#8950,#8951,#8952,#8953,#8954,#8955,#8956,
#8957,#8958));
#9114=CLOSED_SHELL('',(#8959,#8960,#8961,#8962,#8963,#8964,#8965,#8966,
#8967,#8968,#8969,#8970,#8971,#8972,#8973,#8974,#8975,#8976,#8977,#8978,
#8979,#8980,#8981,#8982,#8983,#8984,#8985,#8986,#8987,#8988,#8989,#8990,
#8991,#8992,#8993,#8994,#8995,#8996,#8997,#8998,#8999,#9000,#9001,#9002,
#9003,#9004,#9005,#9006,#9007,#9008,#9009,#9010,#9011));
#9115=CLOSED_SHELL('',(#9012,#9013,#9014,#9015,#9016,#9017,#9018,#9019,
#9020,#9021,#9022,#9023,#9024,#9025,#9026,#9027,#9028,#9029,#9030,#9031,
#9032,#9033,#9034,#9035,#9036,#9037,#9038,#9039,#9040,#9041,#9042,#9043,
#9044,#9045,#9046,#9047,#9048,#9049,#9050,#9051,#9052,#9053,#9054,#9055,
#9056,#9057,#9058,#9059,#9060,#9061,#9062,#9063,#9064,#9065,#9066,#9067,
#9068,#9069,#9070,#9071,#9072,#9073,#9074,#9075,#9076,#9077,#9078,#9079,
#9080,#9081,#9082,#9083,#9084,#9085,#9086,#9087,#9088,#9089,#9090,#9091,
#9092,#9093,#9094,#9095,#9096,#9097,#9098,#9099,#9100,#9101,#9102,#9103,
#9104,#9105,#9106,#9107,#9108,#9109,#9110,#9111));
#9116=DERIVED_UNIT_ELEMENT(#9120,1.);
#9117=DERIVED_UNIT_ELEMENT(#15382,-3.);
#9118=DERIVED_UNIT_ELEMENT(#9120,1.);
#9119=DERIVED_UNIT_ELEMENT(#15382,-3.);
#9120=(
MASS_UNIT()
NAMED_UNIT(*)
SI_UNIT(.KILO.,.GRAM.)
);
#9121=DERIVED_UNIT((#9116,#9117));
#9122=DERIVED_UNIT((#9118,#9119));
#9123=MEASURE_REPRESENTATION_ITEM('density measure',
POSITIVE_RATIO_MEASURE(7850.),#9121);
#9124=MEASURE_REPRESENTATION_ITEM('density measure',
POSITIVE_RATIO_MEASURE(1060.),#9122);
#9125=PROPERTY_DEFINITION_REPRESENTATION(#9135,#9129);
#9126=PROPERTY_DEFINITION_REPRESENTATION(#9136,#9130);
#9127=PROPERTY_DEFINITION_REPRESENTATION(#9137,#9131);
#9128=PROPERTY_DEFINITION_REPRESENTATION(#9138,#9132);
#9129=REPRESENTATION('material name',(#9133),#15378);
#9130=REPRESENTATION('density',(#9123),#15378);
#9131=REPRESENTATION('material name',(#9134),#15379);
#9132=REPRESENTATION('density',(#9124),#15379);
#9133=DESCRIPTIVE_REPRESENTATION_ITEM('Steel','Steel');
#9134=DESCRIPTIVE_REPRESENTATION_ITEM('ABS Plastic','ABS Plastic');
#9135=PROPERTY_DEFINITION('material property','material name',#15398);
#9136=PROPERTY_DEFINITION('material property','density of part',#15398);
#9137=PROPERTY_DEFINITION('material property','material name',#15399);
#9138=PROPERTY_DEFINITION('material property','density of part',#15399);
#9139=AXIS2_PLACEMENT_3D('',#12272,#9835,#9836);
#9140=AXIS2_PLACEMENT_3D('',#12273,#9837,#9838);
#9141=AXIS2_PLACEMENT_3D('',#12274,#9839,#9840);
#9142=AXIS2_PLACEMENT_3D('',#12279,#9842,#9843);
#9143=AXIS2_PLACEMENT_3D('',#12283,#9845,#9846);
#9144=AXIS2_PLACEMENT_3D('',#12286,#9848,#9849);
#9145=AXIS2_PLACEMENT_3D('',#12287,#9850,#9851);
#9146=AXIS2_PLACEMENT_3D('',#12290,#9852,#9853);
#9147=AXIS2_PLACEMENT_3D('',#12294,#9855,#9856);
#9148=AXIS2_PLACEMENT_3D('',#12298,#9858,#9859);
#9149=AXIS2_PLACEMENT_3D('',#12300,#9861,#9862);
#9150=AXIS2_PLACEMENT_3D('',#12303,#9863,#9864);
#9151=AXIS2_PLACEMENT_3D('',#12307,#9866,#9867);
#9152=AXIS2_PLACEMENT_3D('',#12311,#9869,#9870);
#9153=AXIS2_PLACEMENT_3D('',#12313,#9872,#9873);
#9154=AXIS2_PLACEMENT_3D('',#12328,#9876,#9877);
#9155=AXIS2_PLACEMENT_3D('',#12331,#9879,#9880);
#9156=AXIS2_PLACEMENT_3D('',#12332,#9881,#9882);
#9157=AXIS2_PLACEMENT_3D('',#12347,#9884,#9885);
#9158=AXIS2_PLACEMENT_3D('',#12364,#9888,#9889);
#9159=AXIS2_PLACEMENT_3D('',#12367,#9891,#9892);
#9160=AXIS2_PLACEMENT_3D('',#12368,#9893,#9894);
#9161=AXIS2_PLACEMENT_3D('',#12381,#9896,#9897);
#9162=AXIS2_PLACEMENT_3D('',#12398,#9900,#9901);
#9163=AXIS2_PLACEMENT_3D('',#12401,#9903,#9904);
#9164=AXIS2_PLACEMENT_3D('',#12402,#9905,#9906);
#9165=AXIS2_PLACEMENT_3D('',#12405,#9907,#9908);
#9166=AXIS2_PLACEMENT_3D('',#12426,#9911,#9912);
#9167=AXIS2_PLACEMENT_3D('',#12428,#9913,#9914);
#9168=AXIS2_PLACEMENT_3D('',#12432,#9917,#9918);
#9169=AXIS2_PLACEMENT_3D('',#12435,#9919,#9920);
#9170=AXIS2_PLACEMENT_3D('',#12457,#9923,#9924);
#9171=AXIS2_PLACEMENT_3D('',#12461,#9926,#9927);
#9172=AXIS2_PLACEMENT_3D('',#12465,#9929,#9930);
#9173=AXIS2_PLACEMENT_3D('',#12469,#9932,#9933);
#9174=AXIS2_PLACEMENT_3D('',#12471,#9935,#9936);
#9175=AXIS2_PLACEMENT_3D('',#12473,#9937,#9938);
#9176=AXIS2_PLACEMENT_3D('',#12477,#9941,#9942);
#9177=AXIS2_PLACEMENT_3D('',#12484,#9946,#9947);
#9178=AXIS2_PLACEMENT_3D('',#12485,#9948,#9949);
#9179=AXIS2_PLACEMENT_3D('',#12503,#9951,#9952);
#9180=AXIS2_PLACEMENT_3D('',#12507,#9954,#9955);
#9181=AXIS2_PLACEMENT_3D('',#12518,#9956,#9957);
#9182=AXIS2_PLACEMENT_3D('',#12536,#9958,#9959);
#9183=AXIS2_PLACEMENT_3D('',#12547,#9960,#9961);
#9184=AXIS2_PLACEMENT_3D('',#12551,#9963,#9964);
#9185=AXIS2_PLACEMENT_3D('',#12562,#9966,#9967);
#9186=AXIS2_PLACEMENT_3D('',#12573,#9968,#9969);
#9187=AXIS2_PLACEMENT_3D('',#12577,#9971,#9972);
#9188=AXIS2_PLACEMENT_3D('',#12593,#9974,#9975);
#9189=AXIS2_PLACEMENT_3D('',#12596,#9977,#9978);
#9190=AXIS2_PLACEMENT_3D('',#12623,#9980,#9981);
#9191=AXIS2_PLACEMENT_3D('',#12624,#9982,#9983);
#9192=AXIS2_PLACEMENT_3D('',#12626,#9985,#9986);
#9193=AXIS2_PLACEMENT_3D('',#12628,#9987,#9988);
#9194=AXIS2_PLACEMENT_3D('',#12632,#9990,#9991);
#9195=AXIS2_PLACEMENT_3D('',#12637,#9994,#9995);
#9196=AXIS2_PLACEMENT_3D('',#12641,#9997,#9998);
#9197=AXIS2_PLACEMENT_3D('',#12645,#10000,#10001);
#9198=AXIS2_PLACEMENT_3D('',#12654,#10006,#10007);
#9199=AXIS2_PLACEMENT_3D('',#12658,#10009,#10010);
#9200=AXIS2_PLACEMENT_3D('',#12662,#10012,#10013);
#9201=AXIS2_PLACEMENT_3D('',#12670,#10017,#10018);
#9202=AXIS2_PLACEMENT_3D('',#12674,#10020,#10021);
#9203=AXIS2_PLACEMENT_3D('',#12678,#10023,#10024);
#9204=AXIS2_PLACEMENT_3D('',#12682,#10026,#10027);
#9205=AXIS2_PLACEMENT_3D('',#12686,#10029,#10030);
#9206=AXIS2_PLACEMENT_3D('',#12694,#10034,#10035);
#9207=AXIS2_PLACEMENT_3D('',#12698,#10037,#10038);
#9208=AXIS2_PLACEMENT_3D('',#12702,#10040,#10041);
#9209=AXIS2_PLACEMENT_3D('',#12706,#10043,#10044);
#9210=AXIS2_PLACEMENT_3D('',#12710,#10046,#10047);
#9211=AXIS2_PLACEMENT_3D('',#12718,#10051,#10052);
#9212=AXIS2_PLACEMENT_3D('',#12722,#10054,#10055);
#9213=AXIS2_PLACEMENT_3D('',#12726,#10057,#10058);
#9214=AXIS2_PLACEMENT_3D('',#12731,#10061,#10062);
#9215=AXIS2_PLACEMENT_3D('',#12734,#10064,#10065);
#9216=AXIS2_PLACEMENT_3D('',#12751,#10074,#10075);
#9217=AXIS2_PLACEMENT_3D('',#12753,#10076,#10077);
#9218=AXIS2_PLACEMENT_3D('',#12757,#10079,#10080);
#9219=AXIS2_PLACEMENT_3D('',#12760,#10082,#10083);
#9220=AXIS2_PLACEMENT_3D('',#12761,#10084,#10085);
#9221=AXIS2_PLACEMENT_3D('',#12766,#10087,#10088);
#9222=AXIS2_PLACEMENT_3D('',#12769,#10090,#10091);
#9223=AXIS2_PLACEMENT_3D('',#12770,#10092,#10093);
#9224=AXIS2_PLACEMENT_3D('',#12776,#10097,#10098);
#9225=AXIS2_PLACEMENT_3D('',#12780,#10100,#10101);
#9226=AXIS2_PLACEMENT_3D('',#12781,#10102,#10103);
#9227=AXIS2_PLACEMENT_3D('',#12782,#10104,#10105);
#9228=AXIS2_PLACEMENT_3D('',#12788,#10109,#10110);
#9229=AXIS2_PLACEMENT_3D('',#12792,#10112,#10113);
#9230=AXIS2_PLACEMENT_3D('',#12793,#10114,#10115);
#9231=AXIS2_PLACEMENT_3D('',#12794,#10116,#10117);
#9232=AXIS2_PLACEMENT_3D('',#12800,#10121,#10122);
#9233=AXIS2_PLACEMENT_3D('',#12802,#10123,#10124);
#9234=AXIS2_PLACEMENT_3D('',#12805,#10126,#10127);
#9235=AXIS2_PLACEMENT_3D('',#12806,#10128,#10129);
#9236=AXIS2_PLACEMENT_3D('',#12812,#10133,#10134);
#9237=AXIS2_PLACEMENT_3D('',#12816,#10136,#10137);
#9238=AXIS2_PLACEMENT_3D('',#12817,#10138,#10139);
#9239=AXIS2_PLACEMENT_3D('',#12818,#10140,#10141);
#9240=AXIS2_PLACEMENT_3D('',#12824,#10145,#10146);
#9241=AXIS2_PLACEMENT_3D('',#12828,#10148,#10149);
#9242=AXIS2_PLACEMENT_3D('',#12829,#10150,#10151);
#9243=AXIS2_PLACEMENT_3D('',#12830,#10152,#10153);
#9244=AXIS2_PLACEMENT_3D('',#12833,#10156,#10157);
#9245=AXIS2_PLACEMENT_3D('',#12836,#10160,#10161);
#9246=AXIS2_PLACEMENT_3D('',#12838,#10163,#10164);
#9247=AXIS2_PLACEMENT_3D('',#12840,#10166,#10167);
#9248=AXIS2_PLACEMENT_3D('',#12842,#10169,#10170);
#9249=AXIS2_PLACEMENT_3D('',#12844,#10172,#10173);
#9250=AXIS2_PLACEMENT_3D('',#12846,#10175,#10176);
#9251=AXIS2_PLACEMENT_3D('',#12849,#10177,#10178);
#9252=AXIS2_PLACEMENT_3D('',#12853,#10180,#10181);
#9253=AXIS2_PLACEMENT_3D('',#12857,#10183,#10184);
#9254=AXIS2_PLACEMENT_3D('',#12861,#10186,#10187);
#9255=AXIS2_PLACEMENT_3D('',#12865,#10189,#10190);
#9256=AXIS2_PLACEMENT_3D('',#12869,#10192,#10193);
#9257=AXIS2_PLACEMENT_3D('',#12873,#10195,#10196);
#9258=AXIS2_PLACEMENT_3D('',#12877,#10198,#10199);
#9259=AXIS2_PLACEMENT_3D('',#12883,#10202,#10203);
#9260=AXIS2_PLACEMENT_3D('',#12887,#10205,#10206);
#9261=AXIS2_PLACEMENT_3D('',#12891,#10208,#10209);
#9262=AXIS2_PLACEMENT_3D('',#12895,#10211,#10212);
#9263=AXIS2_PLACEMENT_3D('',#12898,#10214,#10215);
#9264=AXIS2_PLACEMENT_3D('',#12917,#10224,#10225);
#9265=AXIS2_PLACEMENT_3D('',#12921,#10227,#10228);
#9266=AXIS2_PLACEMENT_3D('',#12925,#10230,#10231);
#9267=AXIS2_PLACEMENT_3D('',#12929,#10233,#10234);
#9268=AXIS2_PLACEMENT_3D('',#12931,#10236,#10237);
#9269=AXIS2_PLACEMENT_3D('',#12937,#10241,#10242);
#9270=AXIS2_PLACEMENT_3D('',#12939,#10243,#10244);
#9271=AXIS2_PLACEMENT_3D('',#12941,#10246,#10247);
#9272=AXIS2_PLACEMENT_3D('',#12945,#10250,#10251);
#9273=AXIS2_PLACEMENT_3D('',#12948,#10253,#10254);
#9274=AXIS2_PLACEMENT_3D('',#12949,#10255,#10256);
#9275=AXIS2_PLACEMENT_3D('',#12953,#10259,#10260);
#9276=AXIS2_PLACEMENT_3D('',#12956,#10262,#10263);
#9277=AXIS2_PLACEMENT_3D('',#12957,#10264,#10265);
#9278=AXIS2_PLACEMENT_3D('',#12961,#10268,#10269);
#9279=AXIS2_PLACEMENT_3D('',#12963,#10270,#10271);
#9280=AXIS2_PLACEMENT_3D('',#12965,#10273,#10274);
#9281=AXIS2_PLACEMENT_3D('',#12969,#10277,#10278);
#9282=AXIS2_PLACEMENT_3D('',#12970,#10279,#10280);
#9283=AXIS2_PLACEMENT_3D('',#12971,#10281,#10282);
#9284=AXIS2_PLACEMENT_3D('',#12975,#10284,#10285);
#9285=AXIS2_PLACEMENT_3D('',#12977,#10287,#10288);
#9286=AXIS2_PLACEMENT_3D('',#12990,#10290,#10291);
#9287=AXIS2_PLACEMENT_3D('',#12993,#10293,#10294);
#9288=AXIS2_PLACEMENT_3D('',#12994,#10295,#10296);
#9289=AXIS2_PLACEMENT_3D('',#13003,#10298,#10299);
#9290=AXIS2_PLACEMENT_3D('',#13040,#10318,#10319);
#9291=AXIS2_PLACEMENT_3D('',#13042,#10320,#10321);
#9292=AXIS2_PLACEMENT_3D('',#13043,#10322,#10323);
#9293=AXIS2_PLACEMENT_3D('',#13048,#10326,#10327);
#9294=AXIS2_PLACEMENT_3D('',#13049,#10328,#10329);
#9295=AXIS2_PLACEMENT_3D('',#13053,#10332,#10333);
#9296=AXIS2_PLACEMENT_3D('',#13055,#10334,#10335);
#9297=AXIS2_PLACEMENT_3D('',#13057,#10337,#10338);
#9298=AXIS2_PLACEMENT_3D('',#13061,#10341,#10342);
#9299=AXIS2_PLACEMENT_3D('',#13063,#10343,#10344);
#9300=AXIS2_PLACEMENT_3D('',#13065,#10346,#10347);
#9301=AXIS2_PLACEMENT_3D('',#13069,#10350,#10351);
#9302=AXIS2_PLACEMENT_3D('',#13072,#10353,#10354);
#9303=AXIS2_PLACEMENT_3D('',#13073,#10355,#10356);
#9304=AXIS2_PLACEMENT_3D('',#13075,#10358,#10359);
#9305=AXIS2_PLACEMENT_3D('',#13078,#10361,#10362);
#9306=AXIS2_PLACEMENT_3D('',#13080,#10364,#10365);
#9307=AXIS2_PLACEMENT_3D('',#13082,#10367,#10368);
#9308=AXIS2_PLACEMENT_3D('',#13084,#10370,#10371);
#9309=AXIS2_PLACEMENT_3D('',#13086,#10373,#10374);
#9310=AXIS2_PLACEMENT_3D('',#13090,#10376,#10377);
#9311=AXIS2_PLACEMENT_3D('',#13092,#10379,#10380);
#9312=AXIS2_PLACEMENT_3D('',#13096,#10383,#10384);
#9313=AXIS2_PLACEMENT_3D('',#13099,#10386,#10387);
#9314=AXIS2_PLACEMENT_3D('',#13100,#10388,#10389);
#9315=AXIS2_PLACEMENT_3D('',#13104,#10392,#10393);
#9316=AXIS2_PLACEMENT_3D('',#13107,#10395,#10396);
#9317=AXIS2_PLACEMENT_3D('',#13108,#10397,#10398);
#9318=AXIS2_PLACEMENT_3D('',#13112,#10401,#10402);
#9319=AXIS2_PLACEMENT_3D('',#13115,#10404,#10405);
#9320=AXIS2_PLACEMENT_3D('',#13116,#10406,#10407);
#9321=AXIS2_PLACEMENT_3D('',#13120,#10410,#10411);
#9322=AXIS2_PLACEMENT_3D('',#13123,#10413,#10414);
#9323=AXIS2_PLACEMENT_3D('',#13124,#10415,#10416);
#9324=AXIS2_PLACEMENT_3D('',#13128,#10419,#10420);
#9325=AXIS2_PLACEMENT_3D('',#13131,#10422,#10423);
#9326=AXIS2_PLACEMENT_3D('',#13132,#10424,#10425);
#9327=AXIS2_PLACEMENT_3D('',#13136,#10428,#10429);
#9328=AXIS2_PLACEMENT_3D('',#13139,#10431,#10432);
#9329=AXIS2_PLACEMENT_3D('',#13140,#10433,#10434);
#9330=AXIS2_PLACEMENT_3D('',#13144,#10437,#10438);
#9331=AXIS2_PLACEMENT_3D('',#13147,#10440,#10441);
#9332=AXIS2_PLACEMENT_3D('',#13148,#10442,#10443);
#9333=AXIS2_PLACEMENT_3D('',#13150,#10445,#10446);
#9334=AXIS2_PLACEMENT_3D('',#13162,#10452,#10453);
#9335=AXIS2_PLACEMENT_3D('',#13166,#10456,#10457);
#9336=AXIS2_PLACEMENT_3D('',#13169,#10459,#10460);
#9337=AXIS2_PLACEMENT_3D('',#13170,#10461,#10462);
#9338=AXIS2_PLACEMENT_3D('',#13175,#10465,#10466);
#9339=AXIS2_PLACEMENT_3D('',#13176,#10467,#10468);
#9340=AXIS2_PLACEMENT_3D('',#13179,#10470,#10471);
#9341=AXIS2_PLACEMENT_3D('',#13180,#10472,#10473);
#9342=AXIS2_PLACEMENT_3D('',#13188,#10477,#10478);
#9343=AXIS2_PLACEMENT_3D('',#13192,#10480,#10481);
#9344=AXIS2_PLACEMENT_3D('',#13200,#10486,#10487);
#9345=AXIS2_PLACEMENT_3D('',#13203,#10489,#10490);
#9346=AXIS2_PLACEMENT_3D('',#13204,#10491,#10492);
#9347=AXIS2_PLACEMENT_3D('',#13209,#10495,#10496);
#9348=AXIS2_PLACEMENT_3D('',#13211,#10497,#10498);
#9349=AXIS2_PLACEMENT_3D('',#13220,#10503,#10504);
#9350=AXIS2_PLACEMENT_3D('',#13223,#10506,#10507);
#9351=AXIS2_PLACEMENT_3D('',#13224,#10508,#10509);
#9352=AXIS2_PLACEMENT_3D('',#13230,#10513,#10514);
#9353=AXIS2_PLACEMENT_3D('',#13236,#10518,#10519);
#9354=AXIS2_PLACEMENT_3D('',#13238,#10521,#10522);
#9355=AXIS2_PLACEMENT_3D('',#13240,#10524,#10525);
#9356=AXIS2_PLACEMENT_3D('',#13259,#10536,#10537);
#9357=AXIS2_PLACEMENT_3D('',#13263,#10540,#10541);
#9358=AXIS2_PLACEMENT_3D('',#13269,#10545,#10546);
#9359=AXIS2_PLACEMENT_3D('',#13275,#10550,#10551);
#9360=AXIS2_PLACEMENT_3D('',#13277,#10553,#10554);
#9361=AXIS2_PLACEMENT_3D('',#13279,#10556,#10557);
#9362=AXIS2_PLACEMENT_3D('',#13298,#10568,#10569);
#9363=AXIS2_PLACEMENT_3D('',#13302,#10572,#10573);
#9364=AXIS2_PLACEMENT_3D('',#13308,#10577,#10578);
#9365=AXIS2_PLACEMENT_3D('',#13312,#10581,#10582);
#9366=AXIS2_PLACEMENT_3D('',#13316,#10585,#10586);
#9367=AXIS2_PLACEMENT_3D('',#13318,#10588,#10589);
#9368=AXIS2_PLACEMENT_3D('',#13322,#10592,#10593);
#9369=AXIS2_PLACEMENT_3D('',#13326,#10596,#10597);
#9370=AXIS2_PLACEMENT_3D('',#13330,#10600,#10601);
#9371=AXIS2_PLACEMENT_3D('',#13332,#10603,#10604);
#9372=AXIS2_PLACEMENT_3D('',#13334,#10606,#10607);
#9373=AXIS2_PLACEMENT_3D('',#13335,#10608,#10609);
#9374=AXIS2_PLACEMENT_3D('',#13339,#10612,#10613);
#9375=AXIS2_PLACEMENT_3D('',#13343,#10616,#10617);
#9376=AXIS2_PLACEMENT_3D('',#13347,#10620,#10621);
#9377=AXIS2_PLACEMENT_3D('',#13351,#10624,#10625);
#9378=AXIS2_PLACEMENT_3D('',#13353,#10627,#10628);
#9379=AXIS2_PLACEMENT_3D('',#13357,#10631,#10632);
#9380=AXIS2_PLACEMENT_3D('',#13361,#10635,#10636);
#9381=AXIS2_PLACEMENT_3D('',#13365,#10639,#10640);
#9382=AXIS2_PLACEMENT_3D('',#13367,#10642,#10643);
#9383=AXIS2_PLACEMENT_3D('',#13368,#10644,#10645);
#9384=AXIS2_PLACEMENT_3D('',#13370,#10647,#10648);
#9385=AXIS2_PLACEMENT_3D('',#13372,#10650,#10651);
#9386=AXIS2_PLACEMENT_3D('',#13374,#10653,#10654);
#9387=AXIS2_PLACEMENT_3D('',#13377,#10655,#10656);
#9388=AXIS2_PLACEMENT_3D('',#13381,#10658,#10659);
#9389=AXIS2_PLACEMENT_3D('',#13385,#10661,#10662);
#9390=AXIS2_PLACEMENT_3D('',#13389,#10664,#10665);
#9391=AXIS2_PLACEMENT_3D('',#13393,#10667,#10668);
#9392=AXIS2_PLACEMENT_3D('',#13397,#10670,#10671);
#9393=AXIS2_PLACEMENT_3D('',#13399,#10673,#10674);
#9394=AXIS2_PLACEMENT_3D('',#13402,#10677,#10678);
#9395=AXIS2_PLACEMENT_3D('',#13404,#10680,#10681);
#9396=AXIS2_PLACEMENT_3D('',#13406,#10683,#10684);
#9397=AXIS2_PLACEMENT_3D('',#13408,#10686,#10687);
#9398=AXIS2_PLACEMENT_3D('',#13410,#10689,#10690);
#9399=AXIS2_PLACEMENT_3D('',#13413,#10692,#10693);
#9400=AXIS2_PLACEMENT_3D('',#13414,#10694,#10695);
#9401=AXIS2_PLACEMENT_3D('',#13416,#10696,#10697);
#9402=AXIS2_PLACEMENT_3D('',#13418,#10698,#10699);
#9403=AXIS2_PLACEMENT_3D('',#13422,#10701,#10702);
#9404=AXIS2_PLACEMENT_3D('',#13426,#10704,#10705);
#9405=AXIS2_PLACEMENT_3D('',#13430,#10707,#10708);
#9406=AXIS2_PLACEMENT_3D('',#13432,#10710,#10711);
#9407=AXIS2_PLACEMENT_3D('',#13447,#10714,#10715);
#9408=AXIS2_PLACEMENT_3D('',#13450,#10717,#10718);
#9409=AXIS2_PLACEMENT_3D('',#13451,#10719,#10720);
#9410=AXIS2_PLACEMENT_3D('',#13464,#10722,#10723);
#9411=AXIS2_PLACEMENT_3D('',#13467,#10725,#10726);
#9412=AXIS2_PLACEMENT_3D('',#13468,#10727,#10728);
#9413=AXIS2_PLACEMENT_3D('',#13479,#10729,#10730);
#9414=AXIS2_PLACEMENT_3D('',#13481,#10732,#10733);
#9415=AXIS2_PLACEMENT_3D('',#13483,#10735,#10736);
#9416=AXIS2_PLACEMENT_3D('',#13485,#10738,#10739);
#9417=AXIS2_PLACEMENT_3D('',#13486,#10740,#10741);
#9418=AXIS2_PLACEMENT_3D('',#13488,#10742,#10743);
#9419=AXIS2_PLACEMENT_3D('',#13492,#10745,#10746);
#9420=AXIS2_PLACEMENT_3D('',#13496,#10748,#10749);
#9421=AXIS2_PLACEMENT_3D('',#13500,#10751,#10752);
#9422=AXIS2_PLACEMENT_3D('',#13503,#10754,#10755);
#9423=AXIS2_PLACEMENT_3D('',#13504,#10756,#10757);
#9424=AXIS2_PLACEMENT_3D('',#13508,#10759,#10760);
#9425=AXIS2_PLACEMENT_3D('',#13510,#10762,#10763);
#9426=AXIS2_PLACEMENT_3D('',#13523,#10765,#10766);
#9427=AXIS2_PLACEMENT_3D('',#13526,#10768,#10769);
#9428=AXIS2_PLACEMENT_3D('',#13527,#10770,#10771);
#9429=AXIS2_PLACEMENT_3D('',#13538,#10772,#10773);
#9430=AXIS2_PLACEMENT_3D('',#13541,#10774,#10775);
#9431=AXIS2_PLACEMENT_3D('',#13545,#10777,#10778);
#9432=AXIS2_PLACEMENT_3D('',#13548,#10780,#10781);
#9433=AXIS2_PLACEMENT_3D('',#13550,#10782,#10783);
#9434=AXIS2_PLACEMENT_3D('',#13554,#10785,#10786);
#9435=AXIS2_PLACEMENT_3D('',#13556,#10788,#10789);
#9436=AXIS2_PLACEMENT_3D('',#13571,#10792,#10793);
#9437=AXIS2_PLACEMENT_3D('',#13574,#10795,#10796);
#9438=AXIS2_PLACEMENT_3D('',#13575,#10797,#10798);
#9439=AXIS2_PLACEMENT_3D('',#13588,#10800,#10801);
#9440=AXIS2_PLACEMENT_3D('',#13591,#10803,#10804);
#9441=AXIS2_PLACEMENT_3D('',#13592,#10805,#10806);
#9442=AXIS2_PLACEMENT_3D('',#13603,#10807,#10808);
#9443=AXIS2_PLACEMENT_3D('',#13606,#10809,#10810);
#9444=AXIS2_PLACEMENT_3D('',#13610,#10812,#10813);
#9445=AXIS2_PLACEMENT_3D('',#13614,#10815,#10816);
#9446=AXIS2_PLACEMENT_3D('',#13618,#10818,#10819);
#9447=AXIS2_PLACEMENT_3D('',#13622,#10821,#10822);
#9448=AXIS2_PLACEMENT_3D('',#13626,#10824,#10825);
#9449=AXIS2_PLACEMENT_3D('',#13628,#10827,#10828);
#9450=AXIS2_PLACEMENT_3D('',#13631,#10831,#10832);
#9451=AXIS2_PLACEMENT_3D('',#13633,#10834,#10835);
#9452=AXIS2_PLACEMENT_3D('',#13635,#10837,#10838);
#9453=AXIS2_PLACEMENT_3D('',#13637,#10840,#10841);
#9454=AXIS2_PLACEMENT_3D('',#13639,#10843,#10844);
#9455=AXIS2_PLACEMENT_3D('',#13641,#10846,#10847);
#9456=AXIS2_PLACEMENT_3D('',#13643,#10848,#10849);
#9457=AXIS2_PLACEMENT_3D('',#13646,#10851,#10852);
#9458=AXIS2_PLACEMENT_3D('',#13647,#10853,#10854);
#9459=AXIS2_PLACEMENT_3D('',#13653,#10858,#10859);
#9460=AXIS2_PLACEMENT_3D('',#13654,#10860,#10861);
#9461=AXIS2_PLACEMENT_3D('',#13655,#10862,#10863);
#9462=AXIS2_PLACEMENT_3D('',#13656,#10864,#10865);
#9463=AXIS2_PLACEMENT_3D('',#13657,#10866,#10867);
#9464=AXIS2_PLACEMENT_3D('',#13658,#10868,#10869);
#9465=AXIS2_PLACEMENT_3D('',#13660,#10870,#10871);
#9466=AXIS2_PLACEMENT_3D('',#13662,#10873,#10874);
#9467=AXIS2_PLACEMENT_3D('',#13664,#10875,#10876);
#9468=AXIS2_PLACEMENT_3D('',#13665,#10877,#10878);
#9469=AXIS2_PLACEMENT_3D('',#13667,#10879,#10880);
#9470=AXIS2_PLACEMENT_3D('',#13669,#10882,#10883);
#9471=AXIS2_PLACEMENT_3D('',#13671,#10884,#10885);
#9472=AXIS2_PLACEMENT_3D('',#13672,#10886,#10887);
#9473=AXIS2_PLACEMENT_3D('',#13674,#10888,#10889);
#9474=AXIS2_PLACEMENT_3D('',#13677,#10891,#10892);
#9475=AXIS2_PLACEMENT_3D('',#13678,#10893,#10894);
#9476=AXIS2_PLACEMENT_3D('',#13681,#10895,#10896);
#9477=AXIS2_PLACEMENT_3D('',#13682,#10897,#10898);
#9478=AXIS2_PLACEMENT_3D('',#13683,#10899,#10900);
#9479=AXIS2_PLACEMENT_3D('',#13721,#10901,#10902);
#9480=AXIS2_PLACEMENT_3D('',#13752,#10903,#10904);
#9481=AXIS2_PLACEMENT_3D('',#13753,#10905,#10906);
#9482=AXIS2_PLACEMENT_3D('',#13754,#10907,#10908);
#9483=AXIS2_PLACEMENT_3D('',#13755,#10909,#10910);
#9484=AXIS2_PLACEMENT_3D('',#13757,#10911,#10912);
#9485=AXIS2_PLACEMENT_3D('',#13759,#10913,#10914);
#9486=AXIS2_PLACEMENT_3D('',#13760,#10915,#10916);
#9487=AXIS2_PLACEMENT_3D('',#13761,#10917,#10918);
#9488=AXIS2_PLACEMENT_3D('',#13763,#10919,#10920);
#9489=AXIS2_PLACEMENT_3D('',#13765,#10922,#10923);
#9490=AXIS2_PLACEMENT_3D('',#13767,#10924,#10925);
#9491=AXIS2_PLACEMENT_3D('',#13768,#10926,#10927);
#9492=AXIS2_PLACEMENT_3D('',#13769,#10928,#10929);
#9493=AXIS2_PLACEMENT_3D('',#13771,#10930,#10931);
#9494=AXIS2_PLACEMENT_3D('',#13773,#10933,#10934);
#9495=AXIS2_PLACEMENT_3D('',#13774,#10935,#10936);
#9496=AXIS2_PLACEMENT_3D('',#13775,#10937,#10938);
#9497=AXIS2_PLACEMENT_3D('',#13776,#10939,#10940);
#9498=AXIS2_PLACEMENT_3D('',#13777,#10941,#10942);
#9499=AXIS2_PLACEMENT_3D('',#13778,#10943,#10944);
#9500=AXIS2_PLACEMENT_3D('',#13779,#10945,#10946);
#9501=AXIS2_PLACEMENT_3D('',#13780,#10947,#10948);
#9502=AXIS2_PLACEMENT_3D('',#13782,#10949,#10950);
#9503=AXIS2_PLACEMENT_3D('',#13784,#10952,#10953);
#9504=AXIS2_PLACEMENT_3D('',#13786,#10955,#10956);
#9505=AXIS2_PLACEMENT_3D('',#13788,#10957,#10958);
#9506=AXIS2_PLACEMENT_3D('',#13801,#10959,#10960);
#9507=AXIS2_PLACEMENT_3D('',#13858,#10961,#10962);
#9508=AXIS2_PLACEMENT_3D('',#13860,#10963,#10964);
#9509=AXIS2_PLACEMENT_3D('',#13876,#10965,#10966);
#9510=AXIS2_PLACEMENT_3D('',#13889,#10967,#10968);
#9511=AXIS2_PLACEMENT_3D('',#13900,#10969,#10970);
#9512=AXIS2_PLACEMENT_3D('',#13919,#10971,#10972);
#9513=AXIS2_PLACEMENT_3D('',#13931,#10973,#10974);
#9514=AXIS2_PLACEMENT_3D('',#13940,#10975,#10976);
#9515=AXIS2_PLACEMENT_3D('',#13953,#10977,#10978);
#9516=AXIS2_PLACEMENT_3D('',#13972,#10979,#10980);
#9517=AXIS2_PLACEMENT_3D('',#13984,#10981,#10982);
#9518=AXIS2_PLACEMENT_3D('',#13985,#10983,#10984);
#9519=AXIS2_PLACEMENT_3D('',#13992,#10990,#10991);
#9520=AXIS2_PLACEMENT_3D('',#13994,#10992,#10993);
#9521=AXIS2_PLACEMENT_3D('',#13997,#10995,#10996);
#9522=AXIS2_PLACEMENT_3D('',#13998,#10997,#10998);
#9523=AXIS2_PLACEMENT_3D('',#13999,#10999,#11000);
#9524=AXIS2_PLACEMENT_3D('',#14001,#11002,#11003);
#9525=AXIS2_PLACEMENT_3D('',#14003,#11005,#11006);
#9526=AXIS2_PLACEMENT_3D('',#14005,#11008,#11009);
#9527=AXIS2_PLACEMENT_3D('',#14007,#11011,#11012);
#9528=AXIS2_PLACEMENT_3D('',#14009,#11014,#11015);
#9529=AXIS2_PLACEMENT_3D('',#14012,#11018,#11019);
#9530=AXIS2_PLACEMENT_3D('',#14014,#11021,#11022);
#9531=AXIS2_PLACEMENT_3D('',#14015,#11023,#11024);
#9532=AXIS2_PLACEMENT_3D('',#14017,#11026,#11027);
#9533=AXIS2_PLACEMENT_3D('',#14018,#11028,#11029);
#9534=AXIS2_PLACEMENT_3D('',#14020,#11030,#11031);
#9535=AXIS2_PLACEMENT_3D('',#14022,#11033,#11034);
#9536=AXIS2_PLACEMENT_3D('',#14024,#11035,#11036);
#9537=AXIS2_PLACEMENT_3D('',#14026,#11038,#11039);
#9538=AXIS2_PLACEMENT_3D('',#14028,#11041,#11042);
#9539=AXIS2_PLACEMENT_3D('',#14030,#11044,#11045);
#9540=AXIS2_PLACEMENT_3D('',#14032,#11047,#11048);
#9541=AXIS2_PLACEMENT_3D('',#14034,#11050,#11051);
#9542=AXIS2_PLACEMENT_3D('',#14036,#11053,#11054);
#9543=AXIS2_PLACEMENT_3D('',#14038,#11056,#11057);
#9544=AXIS2_PLACEMENT_3D('',#14040,#11059,#11060);
#9545=AXIS2_PLACEMENT_3D('',#14042,#11062,#11063);
#9546=AXIS2_PLACEMENT_3D('',#14043,#11064,#11065);
#9547=AXIS2_PLACEMENT_3D('',#14045,#11067,#11068);
#9548=AXIS2_PLACEMENT_3D('',#14047,#11070,#11071);
#9549=AXIS2_PLACEMENT_3D('',#14049,#11073,#11074);
#9550=AXIS2_PLACEMENT_3D('',#14050,#11075,#11076);
#9551=AXIS2_PLACEMENT_3D('',#14052,#11078,#11079);
#9552=AXIS2_PLACEMENT_3D('',#14053,#11080,#11081);
#9553=AXIS2_PLACEMENT_3D('',#14054,#11082,#11083);
#9554=AXIS2_PLACEMENT_3D('',#14055,#11084,#11085);
#9555=AXIS2_PLACEMENT_3D('',#14057,#11087,#11088);
#9556=AXIS2_PLACEMENT_3D('',#14058,#11089,#11090);
#9557=AXIS2_PLACEMENT_3D('',#14059,#11091,#11092);
#9558=AXIS2_PLACEMENT_3D('',#14060,#11093,#11094);
#9559=AXIS2_PLACEMENT_3D('',#14061,#11095,#11096);
#9560=AXIS2_PLACEMENT_3D('',#14062,#11097,#11098);
#9561=AXIS2_PLACEMENT_3D('',#14063,#11099,#11100);
#9562=AXIS2_PLACEMENT_3D('',#14064,#11101,#11102);
#9563=AXIS2_PLACEMENT_3D('',#14065,#11103,#11104);
#9564=AXIS2_PLACEMENT_3D('',#14066,#11105,#11106);
#9565=AXIS2_PLACEMENT_3D('',#14067,#11107,#11108);
#9566=AXIS2_PLACEMENT_3D('',#14070,#11111,#11112);
#9567=AXIS2_PLACEMENT_3D('',#14073,#11115,#11116);
#9568=AXIS2_PLACEMENT_3D('',#14074,#11117,#11118);
#9569=AXIS2_PLACEMENT_3D('',#14077,#11121,#11122);
#9570=AXIS2_PLACEMENT_3D('',#14079,#11124,#11125);
#9571=AXIS2_PLACEMENT_3D('',#14081,#11127,#11128);
#9572=AXIS2_PLACEMENT_3D('',#14082,#11129,#11130);
#9573=AXIS2_PLACEMENT_3D('',#14085,#11133,#11134);
#9574=AXIS2_PLACEMENT_3D('',#14087,#11136,#11137);
#9575=AXIS2_PLACEMENT_3D('',#14088,#11138,#11139);
#9576=AXIS2_PLACEMENT_3D('',#14090,#11141,#11142);
#9577=AXIS2_PLACEMENT_3D('',#14091,#11143,#11144);
#9578=AXIS2_PLACEMENT_3D('',#14092,#11145,#11146);
#9579=AXIS2_PLACEMENT_3D('',#14094,#11148,#11149);
#9580=AXIS2_PLACEMENT_3D('',#14097,#11152,#11153);
#9581=AXIS2_PLACEMENT_3D('',#14099,#11155,#11156);
#9582=AXIS2_PLACEMENT_3D('',#14102,#11159,#11160);
#9583=AXIS2_PLACEMENT_3D('',#14103,#11161,#11162);
#9584=AXIS2_PLACEMENT_3D('',#14105,#11164,#11165);
#9585=AXIS2_PLACEMENT_3D('',#14106,#11166,#11167);
#9586=AXIS2_PLACEMENT_3D('',#14107,#11168,#11169);
#9587=AXIS2_PLACEMENT_3D('',#14108,#11170,#11171);
#9588=AXIS2_PLACEMENT_3D('',#14109,#11172,#11173);
#9589=AXIS2_PLACEMENT_3D('',#14111,#11175,#11176);
#9590=AXIS2_PLACEMENT_3D('',#14113,#11178,#11179);
#9591=AXIS2_PLACEMENT_3D('',#14115,#11181,#11182);
#9592=AXIS2_PLACEMENT_3D('',#14117,#11184,#11185);
#9593=AXIS2_PLACEMENT_3D('',#14118,#11186,#11187);
#9594=AXIS2_PLACEMENT_3D('',#14119,#11188,#11189);
#9595=AXIS2_PLACEMENT_3D('',#14121,#11191,#11192);
#9596=AXIS2_PLACEMENT_3D('',#14122,#11193,#11194);
#9597=AXIS2_PLACEMENT_3D('',#14124,#11196,#11197);
#9598=AXIS2_PLACEMENT_3D('',#14126,#11199,#11200);
#9599=AXIS2_PLACEMENT_3D('',#14128,#11201,#11202);
#9600=AXIS2_PLACEMENT_3D('',#14129,#11203,#11204);
#9601=AXIS2_PLACEMENT_3D('',#14131,#11206,#11207);
#9602=AXIS2_PLACEMENT_3D('',#14133,#11209,#11210);
#9603=AXIS2_PLACEMENT_3D('',#14134,#11211,#11212);
#9604=AXIS2_PLACEMENT_3D('',#14135,#11213,#11214);
#9605=AXIS2_PLACEMENT_3D('',#14144,#11219,#11220);
#9606=AXIS2_PLACEMENT_3D('',#14150,#11224,#11225);
#9607=AXIS2_PLACEMENT_3D('',#14156,#11229,#11230);
#9608=AXIS2_PLACEMENT_3D('',#14162,#11234,#11235);
#9609=AXIS2_PLACEMENT_3D('',#14168,#11239,#11240);
#9610=AXIS2_PLACEMENT_3D('',#14171,#11243,#11244);
#9611=AXIS2_PLACEMENT_3D('',#14180,#11249,#11250);
#9612=AXIS2_PLACEMENT_3D('',#14186,#11254,#11255);
#9613=AXIS2_PLACEMENT_3D('',#14192,#11259,#11260);
#9614=AXIS2_PLACEMENT_3D('',#14198,#11264,#11265);
#9615=AXIS2_PLACEMENT_3D('',#14204,#11269,#11270);
#9616=AXIS2_PLACEMENT_3D('',#14207,#11273,#11274);
#9617=AXIS2_PLACEMENT_3D('',#14216,#11279,#11280);
#9618=AXIS2_PLACEMENT_3D('',#14222,#11284,#11285);
#9619=AXIS2_PLACEMENT_3D('',#14228,#11289,#11290);
#9620=AXIS2_PLACEMENT_3D('',#14234,#11294,#11295);
#9621=AXIS2_PLACEMENT_3D('',#14240,#11299,#11300);
#9622=AXIS2_PLACEMENT_3D('',#14246,#11304,#11305);
#9623=AXIS2_PLACEMENT_3D('',#14252,#11309,#11310);
#9624=AXIS2_PLACEMENT_3D('',#14258,#11314,#11315);
#9625=AXIS2_PLACEMENT_3D('',#14264,#11319,#11320);
#9626=AXIS2_PLACEMENT_3D('',#14270,#11324,#11325);
#9627=AXIS2_PLACEMENT_3D('',#14276,#11329,#11330);
#9628=AXIS2_PLACEMENT_3D('',#14282,#11334,#11335);
#9629=AXIS2_PLACEMENT_3D('',#14288,#11339,#11340);
#9630=AXIS2_PLACEMENT_3D('',#14294,#11344,#11345);
#9631=AXIS2_PLACEMENT_3D('',#14300,#11349,#11350);
#9632=AXIS2_PLACEMENT_3D('',#14306,#11354,#11355);
#9633=AXIS2_PLACEMENT_3D('',#14312,#11359,#11360);
#9634=AXIS2_PLACEMENT_3D('',#14314,#11361,#11362);
#9635=AXIS2_PLACEMENT_3D('',#14316,#11363,#11364);
#9636=AXIS2_PLACEMENT_3D('',#14318,#11366,#11367);
#9637=AXIS2_PLACEMENT_3D('',#14324,#11371,#11372);
#9638=AXIS2_PLACEMENT_3D('',#14330,#11376,#11377);
#9639=AXIS2_PLACEMENT_3D('',#14332,#11378,#11379);
#9640=AXIS2_PLACEMENT_3D('',#14334,#11380,#11381);
#9641=AXIS2_PLACEMENT_3D('',#14336,#11383,#11384);
#9642=AXIS2_PLACEMENT_3D('',#14342,#11388,#11389);
#9643=AXIS2_PLACEMENT_3D('',#14348,#11393,#11394);
#9644=AXIS2_PLACEMENT_3D('',#14354,#11398,#11399);
#9645=AXIS2_PLACEMENT_3D('',#14360,#11403,#11404);
#9646=AXIS2_PLACEMENT_3D('',#14366,#11408,#11409);
#9647=AXIS2_PLACEMENT_3D('',#14372,#11413,#11414);
#9648=AXIS2_PLACEMENT_3D('',#14378,#11418,#11419);
#9649=AXIS2_PLACEMENT_3D('',#14384,#11423,#11424);
#9650=AXIS2_PLACEMENT_3D('',#14390,#11428,#11429);
#9651=AXIS2_PLACEMENT_3D('',#14396,#11433,#11434);
#9652=AXIS2_PLACEMENT_3D('',#14402,#11438,#11439);
#9653=AXIS2_PLACEMENT_3D('',#14408,#11443,#11444);
#9654=AXIS2_PLACEMENT_3D('',#14414,#11448,#11449);
#9655=AXIS2_PLACEMENT_3D('',#14420,#11453,#11454);
#9656=AXIS2_PLACEMENT_3D('',#14426,#11458,#11459);
#9657=AXIS2_PLACEMENT_3D('',#14428,#11460,#11461);
#9658=AXIS2_PLACEMENT_3D('',#14430,#11462,#11463);
#9659=AXIS2_PLACEMENT_3D('',#14432,#11465,#11466);
#9660=AXIS2_PLACEMENT_3D('',#14438,#11470,#11471);
#9661=AXIS2_PLACEMENT_3D('',#14444,#11475,#11476);
#9662=AXIS2_PLACEMENT_3D('',#14450,#11480,#11481);
#9663=AXIS2_PLACEMENT_3D('',#14456,#11485,#11486);
#9664=AXIS2_PLACEMENT_3D('',#14458,#11487,#11488);
#9665=AXIS2_PLACEMENT_3D('',#14460,#11489,#11490);
#9666=AXIS2_PLACEMENT_3D('',#14462,#11492,#11493);
#9667=AXIS2_PLACEMENT_3D('',#14468,#11497,#11498);
#9668=AXIS2_PLACEMENT_3D('',#14471,#11501,#11502);
#9669=AXIS2_PLACEMENT_3D('',#14472,#11503,#11504);
#9670=AXIS2_PLACEMENT_3D('',#14473,#11505,#11506);
#9671=AXIS2_PLACEMENT_3D('',#14482,#11511,#11512);
#9672=AXIS2_PLACEMENT_3D('',#14488,#11516,#11517);
#9673=AXIS2_PLACEMENT_3D('',#14494,#11521,#11522);
#9674=AXIS2_PLACEMENT_3D('',#14500,#11526,#11527);
#9675=AXIS2_PLACEMENT_3D('',#14506,#11531,#11532);
#9676=AXIS2_PLACEMENT_3D('',#14509,#11535,#11536);
#9677=AXIS2_PLACEMENT_3D('',#14518,#11541,#11542);
#9678=AXIS2_PLACEMENT_3D('',#14524,#11546,#11547);
#9679=AXIS2_PLACEMENT_3D('',#14530,#11551,#11552);
#9680=AXIS2_PLACEMENT_3D('',#14536,#11556,#11557);
#9681=AXIS2_PLACEMENT_3D('',#14542,#11561,#11562);
#9682=AXIS2_PLACEMENT_3D('',#14548,#11566,#11567);
#9683=AXIS2_PLACEMENT_3D('',#14554,#11571,#11572);
#9684=AXIS2_PLACEMENT_3D('',#14560,#11576,#11577);
#9685=AXIS2_PLACEMENT_3D('',#14566,#11581,#11582);
#9686=AXIS2_PLACEMENT_3D('',#14572,#11586,#11587);
#9687=AXIS2_PLACEMENT_3D('',#14578,#11591,#11592);
#9688=AXIS2_PLACEMENT_3D('',#14584,#11596,#11597);
#9689=AXIS2_PLACEMENT_3D('',#14590,#11601,#11602);
#9690=AXIS2_PLACEMENT_3D('',#14596,#11606,#11607);
#9691=AXIS2_PLACEMENT_3D('',#14602,#11611,#11612);
#9692=AXIS2_PLACEMENT_3D('',#14608,#11616,#11617);
#9693=AXIS2_PLACEMENT_3D('',#14614,#11621,#11622);
#9694=AXIS2_PLACEMENT_3D('',#14620,#11626,#11627);
#9695=AXIS2_PLACEMENT_3D('',#14622,#11628,#11629);
#9696=AXIS2_PLACEMENT_3D('',#14624,#11630,#11631);
#9697=AXIS2_PLACEMENT_3D('',#14626,#11633,#11634);
#9698=AXIS2_PLACEMENT_3D('',#14632,#11638,#11639);
#9699=AXIS2_PLACEMENT_3D('',#14638,#11643,#11644);
#9700=AXIS2_PLACEMENT_3D('',#14640,#11645,#11646);
#9701=AXIS2_PLACEMENT_3D('',#14642,#11647,#11648);
#9702=AXIS2_PLACEMENT_3D('',#14644,#11650,#11651);
#9703=AXIS2_PLACEMENT_3D('',#14650,#11655,#11656);
#9704=AXIS2_PLACEMENT_3D('',#14656,#11660,#11661);
#9705=AXIS2_PLACEMENT_3D('',#14662,#11665,#11666);
#9706=AXIS2_PLACEMENT_3D('',#14668,#11670,#11671);
#9707=AXIS2_PLACEMENT_3D('',#14674,#11675,#11676);
#9708=AXIS2_PLACEMENT_3D('',#14680,#11680,#11681);
#9709=AXIS2_PLACEMENT_3D('',#14686,#11685,#11686);
#9710=AXIS2_PLACEMENT_3D('',#14692,#11690,#11691);
#9711=AXIS2_PLACEMENT_3D('',#14698,#11695,#11696);
#9712=AXIS2_PLACEMENT_3D('',#14704,#11700,#11701);
#9713=AXIS2_PLACEMENT_3D('',#14710,#11705,#11706);
#9714=AXIS2_PLACEMENT_3D('',#14716,#11710,#11711);
#9715=AXIS2_PLACEMENT_3D('',#14722,#11715,#11716);
#9716=AXIS2_PLACEMENT_3D('',#14728,#11720,#11721);
#9717=AXIS2_PLACEMENT_3D('',#14734,#11725,#11726);
#9718=AXIS2_PLACEMENT_3D('',#14740,#11730,#11731);
#9719=AXIS2_PLACEMENT_3D('',#14746,#11735,#11736);
#9720=AXIS2_PLACEMENT_3D('',#14752,#11740,#11741);
#9721=AXIS2_PLACEMENT_3D('',#14758,#11745,#11746);
#9722=AXIS2_PLACEMENT_3D('',#14764,#11750,#11751);
#9723=AXIS2_PLACEMENT_3D('',#14770,#11755,#11756);
#9724=AXIS2_PLACEMENT_3D('',#14772,#11757,#11758);
#9725=AXIS2_PLACEMENT_3D('',#14774,#11759,#11760);
#9726=AXIS2_PLACEMENT_3D('',#14776,#11762,#11763);
#9727=AXIS2_PLACEMENT_3D('',#14779,#11766,#11767);
#9728=AXIS2_PLACEMENT_3D('',#14780,#11768,#11769);
#9729=AXIS2_PLACEMENT_3D('',#14781,#11770,#11771);
#9730=AXIS2_PLACEMENT_3D('',#14790,#11776,#11777);
#9731=AXIS2_PLACEMENT_3D('',#14796,#11781,#11782);
#9732=AXIS2_PLACEMENT_3D('',#14802,#11786,#11787);
#9733=AXIS2_PLACEMENT_3D('',#14808,#11791,#11792);
#9734=AXIS2_PLACEMENT_3D('',#14814,#11796,#11797);
#9735=AXIS2_PLACEMENT_3D('',#14817,#11800,#11801);
#9736=AXIS2_PLACEMENT_3D('',#14826,#11806,#11807);
#9737=AXIS2_PLACEMENT_3D('',#14832,#11811,#11812);
#9738=AXIS2_PLACEMENT_3D('',#14838,#11816,#11817);
#9739=AXIS2_PLACEMENT_3D('',#14844,#11821,#11822);
#9740=AXIS2_PLACEMENT_3D('',#14850,#11826,#11827);
#9741=AXIS2_PLACEMENT_3D('',#14853,#11830,#11831);
#9742=AXIS2_PLACEMENT_3D('',#14862,#11836,#11837);
#9743=AXIS2_PLACEMENT_3D('',#14868,#11841,#11842);
#9744=AXIS2_PLACEMENT_3D('',#14874,#11846,#11847);
#9745=AXIS2_PLACEMENT_3D('',#14880,#11851,#11852);
#9746=AXIS2_PLACEMENT_3D('',#14886,#11856,#11857);
#9747=AXIS2_PLACEMENT_3D('',#14889,#11860,#11861);
#9748=AXIS2_PLACEMENT_3D('',#14898,#11866,#11867);
#9749=AXIS2_PLACEMENT_3D('',#14904,#11871,#11872);
#9750=AXIS2_PLACEMENT_3D('',#14910,#11876,#11877);
#9751=AXIS2_PLACEMENT_3D('',#14916,#11881,#11882);
#9752=AXIS2_PLACEMENT_3D('',#14922,#11886,#11887);
#9753=AXIS2_PLACEMENT_3D('',#14925,#11890,#11891);
#9754=AXIS2_PLACEMENT_3D('',#14934,#11896,#11897);
#9755=AXIS2_PLACEMENT_3D('',#14940,#11901,#11902);
#9756=AXIS2_PLACEMENT_3D('',#14946,#11906,#11907);
#9757=AXIS2_PLACEMENT_3D('',#14952,#11911,#11912);
#9758=AXIS2_PLACEMENT_3D('',#14958,#11916,#11917);
#9759=AXIS2_PLACEMENT_3D('',#14961,#11920,#11921);
#9760=AXIS2_PLACEMENT_3D('',#14970,#11926,#11927);
#9761=AXIS2_PLACEMENT_3D('',#14976,#11931,#11932);
#9762=AXIS2_PLACEMENT_3D('',#14982,#11936,#11937);
#9763=AXIS2_PLACEMENT_3D('',#14988,#11941,#11942);
#9764=AXIS2_PLACEMENT_3D('',#14994,#11946,#11947);
#9765=AXIS2_PLACEMENT_3D('',#14997,#11950,#11951);
#9766=AXIS2_PLACEMENT_3D('',#15006,#11956,#11957);
#9767=AXIS2_PLACEMENT_3D('',#15012,#11961,#11962);
#9768=AXIS2_PLACEMENT_3D('',#15018,#11966,#11967);
#9769=AXIS2_PLACEMENT_3D('',#15024,#11971,#11972);
#9770=AXIS2_PLACEMENT_3D('',#15030,#11976,#11977);
#9771=AXIS2_PLACEMENT_3D('',#15033,#11980,#11981);
#9772=AXIS2_PLACEMENT_3D('',#15042,#11986,#11987);
#9773=AXIS2_PLACEMENT_3D('',#15048,#11991,#11992);
#9774=AXIS2_PLACEMENT_3D('',#15054,#11996,#11997);
#9775=AXIS2_PLACEMENT_3D('',#15056,#11998,#11999);
#9776=AXIS2_PLACEMENT_3D('',#15058,#12000,#12001);
#9777=AXIS2_PLACEMENT_3D('',#15060,#12003,#12004);
#9778=AXIS2_PLACEMENT_3D('',#15066,#12008,#12009);
#9779=AXIS2_PLACEMENT_3D('',#15072,#12013,#12014);
#9780=AXIS2_PLACEMENT_3D('',#15078,#12018,#12019);
#9781=AXIS2_PLACEMENT_3D('',#15084,#12023,#12024);
#9782=AXIS2_PLACEMENT_3D('',#15090,#12028,#12029);
#9783=AXIS2_PLACEMENT_3D('',#15096,#12033,#12034);
#9784=AXIS2_PLACEMENT_3D('',#15102,#12038,#12039);
#9785=AXIS2_PLACEMENT_3D('',#15108,#12043,#12044);
#9786=AXIS2_PLACEMENT_3D('',#15114,#12048,#12049);
#9787=AXIS2_PLACEMENT_3D('',#15120,#12053,#12054);
#9788=AXIS2_PLACEMENT_3D('',#15126,#12058,#12059);
#9789=AXIS2_PLACEMENT_3D('',#15132,#12063,#12064);
#9790=AXIS2_PLACEMENT_3D('',#15138,#12068,#12069);
#9791=AXIS2_PLACEMENT_3D('',#15140,#12070,#12071);
#9792=AXIS2_PLACEMENT_3D('',#15142,#12072,#12073);
#9793=AXIS2_PLACEMENT_3D('',#15144,#12075,#12076);
#9794=AXIS2_PLACEMENT_3D('',#15150,#12080,#12081);
#9795=AXIS2_PLACEMENT_3D('',#15156,#12085,#12086);
#9796=AXIS2_PLACEMENT_3D('',#15162,#12090,#12091);
#9797=AXIS2_PLACEMENT_3D('',#15168,#12095,#12096);
#9798=AXIS2_PLACEMENT_3D('',#15174,#12100,#12101);
#9799=AXIS2_PLACEMENT_3D('',#15180,#12105,#12106);
#9800=AXIS2_PLACEMENT_3D('',#15186,#12110,#12111);
#9801=AXIS2_PLACEMENT_3D('',#15192,#12115,#12116);
#9802=AXIS2_PLACEMENT_3D('',#15198,#12120,#12121);
#9803=AXIS2_PLACEMENT_3D('',#15204,#12125,#12126);
#9804=AXIS2_PLACEMENT_3D('',#15210,#12130,#12131);
#9805=AXIS2_PLACEMENT_3D('',#15216,#12135,#12136);
#9806=AXIS2_PLACEMENT_3D('',#15222,#12140,#12141);
#9807=AXIS2_PLACEMENT_3D('',#15228,#12145,#12146);
#9808=AXIS2_PLACEMENT_3D('',#15234,#12150,#12151);
#9809=AXIS2_PLACEMENT_3D('',#15240,#12155,#12156);
#9810=AXIS2_PLACEMENT_3D('',#15246,#12160,#12161);
#9811=AXIS2_PLACEMENT_3D('',#15252,#12165,#12166);
#9812=AXIS2_PLACEMENT_3D('',#15258,#12170,#12171);
#9813=AXIS2_PLACEMENT_3D('',#15264,#12175,#12176);
#9814=AXIS2_PLACEMENT_3D('',#15270,#12180,#12181);
#9815=AXIS2_PLACEMENT_3D('',#15276,#12185,#12186);
#9816=AXIS2_PLACEMENT_3D('',#15282,#12190,#12191);
#9817=AXIS2_PLACEMENT_3D('',#15288,#12195,#12196);
#9818=AXIS2_PLACEMENT_3D('',#15294,#12200,#12201);
#9819=AXIS2_PLACEMENT_3D('',#15300,#12205,#12206);
#9820=AXIS2_PLACEMENT_3D('',#15306,#12210,#12211);
#9821=AXIS2_PLACEMENT_3D('',#15312,#12215,#12216);
#9822=AXIS2_PLACEMENT_3D('',#15318,#12220,#12221);
#9823=AXIS2_PLACEMENT_3D('',#15324,#12225,#12226);
#9824=AXIS2_PLACEMENT_3D('',#15330,#12230,#12231);
#9825=AXIS2_PLACEMENT_3D('',#15336,#12235,#12236);
#9826=AXIS2_PLACEMENT_3D('',#15342,#12240,#12241);
#9827=AXIS2_PLACEMENT_3D('',#15348,#12245,#12246);
#9828=AXIS2_PLACEMENT_3D('',#15354,#12250,#12251);
#9829=AXIS2_PLACEMENT_3D('',#15360,#12255,#12256);
#9830=AXIS2_PLACEMENT_3D('',#15366,#12260,#12261);
#9831=AXIS2_PLACEMENT_3D('',#15369,#12264,#12265);
#9832=AXIS2_PLACEMENT_3D('',#15370,#12266,#12267);
#9833=AXIS2_PLACEMENT_3D('',#15371,#12268,#12269);
#9834=AXIS2_PLACEMENT_3D('',#15372,#12270,#12271);
#9835=DIRECTION('axis',(0.,0.,1.));
#9836=DIRECTION('refdir',(1.,0.,0.));
#9837=DIRECTION('axis',(0.,0.,1.));
#9838=DIRECTION('refdir',(1.,0.,0.));
#9839=DIRECTION('center_axis',(-2.46583935241435E-14,1.,1.30621461029603E-16));
#9840=DIRECTION('ref_axis',(4.45476988448866E-14,1.30621461030701E-16,-1.));
#9841=DIRECTION('',(1.,2.46583935241435E-14,4.45476988448801E-14));
#9842=DIRECTION('center_axis',(2.46583935241435E-14,-1.,-1.30621461029603E-16));
#9843=DIRECTION('ref_axis',(-0.500000000000046,-1.2442318265604E-14,0.866025403784412));
#9844=DIRECTION('',(-0.866025403784415,-2.12894844779066E-14,-0.500000000000041));
#9845=DIRECTION('center_axis',(2.46583935241435E-14,-1.,-1.30621461029603E-16));
#9846=DIRECTION('ref_axis',(0.499999999999962,1.22160752585397E-14,0.86602540378446));
#9847=DIRECTION('',(-0.86602540378446,-2.14201059389373E-14,0.499999999999964));
#9848=DIRECTION('center_axis',(2.46583935241435E-14,-1.,-1.30621461029603E-16));
#9849=DIRECTION('ref_axis',(4.45476988448801E-14,1.30621461030701E-16,-1.));
#9850=DIRECTION('center_axis',(-2.46583935241435E-14,1.,1.30621461029603E-16));
#9851=DIRECTION('ref_axis',(-1.,-2.46583935241435E-14,-4.45476988448802E-14));
#9852=DIRECTION('center_axis',(2.46583935241435E-14,-1.,-1.30621461029603E-16));
#9853=DIRECTION('ref_axis',(-0.965925826289049,-2.37843718179552E-14,-0.258819045102594));
#9854=DIRECTION('',(-0.866025403784415,-2.12894844779066E-14,-0.500000000000041));
#9855=DIRECTION('center_axis',(2.46583935241435E-14,-1.,-1.30621461029603E-16));
#9856=DIRECTION('ref_axis',(-0.50000000000004,-1.24423182656038E-14,0.866025403784416));
#9857=DIRECTION('',(-0.866025403784461,-2.14201059389373E-14,0.499999999999962));
#9858=DIRECTION('center_axis',(2.46583935241435E-14,-1.,-1.30621461029603E-16));
#9859=DIRECTION('ref_axis',(0.96592582628907,2.38519864615829E-14,-0.258819045102513));
#9860=DIRECTION('',(1.,2.46583935241435E-14,4.45476988448801E-14));
#9861=DIRECTION('center_axis',(-2.46583935241435E-14,1.,1.30621461029603E-16));
#9862=DIRECTION('ref_axis',(-1.,-2.46583935241435E-14,-4.45476988448802E-14));
#9863=DIRECTION('center_axis',(2.46583935241435E-14,-1.,-1.30621461029603E-16));
#9864=DIRECTION('ref_axis',(-0.500000000000039,-1.24423182656038E-14,0.866025403784416));
#9865=DIRECTION('',(-0.866025403784461,-2.14201059389373E-14,0.499999999999961));
#9866=DIRECTION('center_axis',(2.46583935241435E-14,-1.,-1.30621461029603E-16));
#9867=DIRECTION('ref_axis',(0.96592582628907,2.38519864615829E-14,-0.258819045102513));
#9868=DIRECTION('',(1.,2.46583935241435E-14,4.45476988448801E-14));
#9869=DIRECTION('center_axis',(2.46583935241435E-14,-1.,-1.30621461029603E-16));
#9870=DIRECTION('ref_axis',(-0.965925826289046,-2.37843718179552E-14,-0.258819045102603));
#9871=DIRECTION('',(-0.866025403784415,-2.12894844779066E-14,-0.500000000000041));
#9872=DIRECTION('center_axis',(8.21224891017106E-16,1.,-2.54968438793893E-13));
#9873=DIRECTION('ref_axis',(0.499999999999962,2.20398532713266E-13,0.86602540378446));
#9874=DIRECTION('',(8.21224891017106E-16,1.,-2.54968438793893E-13));
#9875=DIRECTION('',(8.21224891017106E-16,1.,-2.54968438793893E-13));
#9876=DIRECTION('center_axis',(-0.500000000000041,2.21219757604272E-13,
0.866025403784415));
#9877=DIRECTION('ref_axis',(0.866025403784415,2.12894844779066E-14,0.500000000000041));
#9878=DIRECTION('',(8.21224891017106E-16,1.,-2.54968438793893E-13));
#9879=DIRECTION('center_axis',(0.500000000000041,-2.21219757604272E-13,
-0.866025403784415));
#9880=DIRECTION('ref_axis',(-0.866025403784415,-1.26773017779116E-13,-0.500000000000041));
#9881=DIRECTION('center_axis',(8.21224891017106E-16,1.,-2.54968438793893E-13));
#9882=DIRECTION('ref_axis',(-0.500000000000046,2.21219757604271E-13,0.866025403784412));
#9883=DIRECTION('',(8.21224891017106E-16,1.,-2.54968438793893E-13));
#9884=DIRECTION('center_axis',(2.42713475150517E-14,-1.,-3.47455824002882E-16));
#9885=DIRECTION('ref_axis',(0.96592582628907,2.35342495882092E-14,-0.258819045102513));
#9886=DIRECTION('',(-2.42713475150517E-14,1.,3.47455824002882E-16));
#9887=DIRECTION('',(2.42713475150517E-14,-1.,-3.47455824002882E-16));
#9888=DIRECTION('center_axis',(0.499999999999962,1.18347681872456E-14,0.866025403784461));
#9889=DIRECTION('ref_axis',(-0.866025403784461,-2.14201059389373E-14,0.499999999999962));
#9890=DIRECTION('',(2.46285028167438E-14,-1.,-5.53659533577324E-16));
#9891=DIRECTION('center_axis',(-0.499999999999962,-1.18347681872456E-14,
-0.866025403784461));
#9892=DIRECTION('ref_axis',(0.866025403784461,-7.78668752588581E-15,-0.499999999999962));
#9893=DIRECTION('center_axis',(2.46285028167438E-14,-1.,-5.53659533577324E-16));
#9894=DIRECTION('ref_axis',(-0.50000000000004,-1.27937346294983E-14,0.866025403784416));
#9895=DIRECTION('',(2.46285028167438E-14,-1.,-5.53659533577324E-16));
#9896=DIRECTION('center_axis',(2.41005439733889E-14,-1.,-3.47455824002882E-16));
#9897=DIRECTION('ref_axis',(0.96592582628907,2.33692660360955E-14,-0.258819045102513));
#9898=DIRECTION('',(-2.41005439733889E-14,1.,3.47455824002882E-16));
#9899=DIRECTION('',(2.41005439733889E-14,-1.,-3.47455824002882E-16));
#9900=DIRECTION('center_axis',(0.499999999999961,1.17493664164142E-14,0.866025403784461));
#9901=DIRECTION('ref_axis',(-0.866025403784461,-2.14201059389373E-14,0.499999999999961));
#9902=DIRECTION('',(2.44576992750811E-14,-1.,-5.53659533577324E-16));
#9903=DIRECTION('center_axis',(-0.499999999999961,-1.17493664164142E-14,
-0.866025403784461));
#9904=DIRECTION('ref_axis',(0.866025403784461,-7.78668752588581E-15,-0.499999999999961));
#9905=DIRECTION('center_axis',(2.44485653752081E-16,1.,-1.44709657150171E-14));
#9906=DIRECTION('ref_axis',(0.500000000000046,-1.26544667533741E-14,-0.866025403784412));
#9907=DIRECTION('center_axis',(-2.51024827339937E-14,1.,1.96248945166101E-15));
#9908=DIRECTION('ref_axis',(0.500000000000046,1.42508070867954E-14,-0.866025403784412));
#9909=DIRECTION('',(2.44485653752081E-16,1.,-1.44709657150171E-14));
#9910=DIRECTION('',(-2.44485653752068E-16,-1.,1.44709657150171E-14));
#9911=DIRECTION('center_axis',(-0.499999999999962,-1.24099810996228E-14,
-0.866025403784461));
#9912=DIRECTION('ref_axis',(-0.866025403784461,-2.14201059389373E-14,0.499999999999962));
#9913=DIRECTION('center_axis',(0.499999999999962,1.24099810996228E-14,0.866025403784461));
#9914=DIRECTION('ref_axis',(0.866025403784461,-8.19040498938586E-15,-0.499999999999962));
#9915=DIRECTION('',(2.47139046753729E-14,-1.,6.12323399585414E-17));
#9916=DIRECTION('',(0.866025403784461,2.27206324715297E-14,-0.499999999999962));
#9917=DIRECTION('center_axis',(-2.44485653762816E-16,-1.,2.55301419347774E-13));
#9918=DIRECTION('ref_axis',(-0.499999999999969,-2.20975271950519E-13,-0.866025403784457));
#9919=DIRECTION('center_axis',(-2.51024827339937E-14,1.,1.96248945166101E-15));
#9920=DIRECTION('ref_axis',(-0.499999999999969,-1.08516756471986E-14,-0.866025403784457));
#9921=DIRECTION('',(2.44485653762816E-16,1.,-2.55301419347774E-13));
#9922=DIRECTION('',(-2.44485653762816E-16,-1.,2.55301419347774E-13));
#9923=DIRECTION('center_axis',(2.51024827339937E-14,-1.,-1.96248945166101E-15));
#9924=DIRECTION('ref_axis',(1.,2.51024827339936E-14,4.45754544204956E-14));
#9925=DIRECTION('',(4.45754544205021E-14,1.96248945166213E-15,-1.));
#9926=DIRECTION('center_axis',(-2.51024827339937E-14,1.,1.96248945166101E-15));
#9927=DIRECTION('ref_axis',(-0.500000000000046,-1.42508070867954E-14,0.866025403784412));
#9928=DIRECTION('',(-0.866025403784464,-2.27206324715298E-14,0.499999999999957));
#9929=DIRECTION('center_axis',(2.51024827339937E-14,-1.,-1.96248945166101E-15));
#9930=DIRECTION('ref_axis',(1.,2.51024827339936E-14,3.71462120140522E-14));
#9931=DIRECTION('',(-4.55091801880784E-14,-1.96248945166213E-15,1.));
#9932=DIRECTION('center_axis',(2.51024827339937E-14,-1.,-1.96248945166101E-15));
#9933=DIRECTION('ref_axis',(0.500000000000031,1.4250807086795E-14,-0.866025403784421));
#9934=DIRECTION('',(0.86602540378442,2.07581430198677E-14,0.500000000000033));
#9935=DIRECTION('center_axis',(1.,-2.44485653751436E-16,4.45754544205021E-14));
#9936=DIRECTION('ref_axis',(-4.45754544205021E-14,7.04865080581026E-16,
1.));
#9937=DIRECTION('center_axis',(1.,-2.44485653751436E-16,4.45754544205021E-14));
#9938=DIRECTION('ref_axis',(3.13467286315384E-14,-0.707106781186548,-0.707106781186547));
#9939=DIRECTION('',(4.45754544205021E-14,-7.04865080581026E-16,-1.));
#9940=DIRECTION('',(2.44485653762786E-16,1.,-2.54635458240012E-13));
#9941=DIRECTION('center_axis',(-1.,2.44485653751436E-16,-4.45754544205021E-14));
#9942=DIRECTION('ref_axis',(4.45754544205021E-14,-7.04865080581026E-16,
-1.));
#9943=DIRECTION('',(-4.45754544205021E-14,-1.96248945166213E-15,1.));
#9944=DIRECTION('',(-2.44485653750796E-16,-1.,-1.43485010351022E-14));
#9945=DIRECTION('',(-4.45754544205021E-14,7.04865080581026E-16,1.));
#9946=DIRECTION('center_axis',(-1.,2.44485653751436E-16,-4.45754544205021E-14));
#9947=DIRECTION('ref_axis',(3.13467286315384E-14,-0.707106781186548,-0.707106781186547));
#9948=DIRECTION('center_axis',(1.,-8.21224891005748E-16,4.45476988448801E-14));
#9949=DIRECTION('ref_axis',(3.09192862501615E-14,-0.707106781186548,-0.707106781186547));
#9950=DIRECTION('',(1.,2.46694957543878E-14,4.45476988448801E-14));
#9951=DIRECTION('center_axis',(1.,2.47139046753729E-14,4.45476988448801E-14));
#9952=DIRECTION('ref_axis',(4.8975349525025E-14,-0.707106781186547,-0.707106781186548));
#9953=DIRECTION('',(1.,-8.21224891005748E-16,4.45476988448801E-14));
#9954=DIRECTION('center_axis',(1.,2.47475477973312E-14,4.45476988448802E-14));
#9955=DIRECTION('ref_axis',(4.8999138804702E-14,-0.707106781186548,-0.707106781186547));
#9956=DIRECTION('center_axis',(0.499999999999961,1.22170249129965E-14,0.866025403784461));
#9957=DIRECTION('ref_axis',(0.866025403784461,-7.98854625763585E-15,-0.499999999999961));
#9958=DIRECTION('center_axis',(-0.500000000000042,-1.25305228843348E-14,
0.866025403784414));
#9959=DIRECTION('ref_axis',(-0.866025403784414,8.16954439577845E-15,-0.500000000000042));
#9960=DIRECTION('center_axis',(-1.,-2.47475477973312E-14,-4.45476988448802E-14));
#9961=DIRECTION('ref_axis',(4.8999138804702E-14,-0.707106781186548,-0.707106781186547));
#9962=DIRECTION('',(1.,-8.21224891005748E-16,4.45476988448801E-14));
#9963=DIRECTION('center_axis',(1.,2.47139046753729E-14,4.26247361584966E-14));
#9964=DIRECTION('ref_axis',(4.76156095695145E-14,-0.707106781186548,-0.707106781186547));
#9965=DIRECTION('',(1.,-8.21224891005748E-16,4.45476988448801E-14));
#9966=DIRECTION('center_axis',(0.500000000000033,-2.21219757604273E-13,
-0.86602540378442));
#9967=DIRECTION('ref_axis',(-0.86602540378442,2.51749990677765E-15,-0.500000000000033));
#9968=DIRECTION('center_axis',(1.,-8.21224891005503E-16,4.55091801880784E-14));
#9969=DIRECTION('ref_axis',(4.55091801880784E-14,3.61259657789319E-15,-1.));
#9970=DIRECTION('',(1.,-8.21224891005748E-16,4.45476988448801E-14));
#9971=DIRECTION('center_axis',(-1.,8.21224891005993E-16,-4.35862175016949E-14));
#9972=DIRECTION('ref_axis',(3.02394162724144E-14,-0.707106781186464,-0.707106781186631));
#9973=DIRECTION('',(1.,2.46694957543878E-14,4.45476988448801E-14));
#9974=DIRECTION('center_axis',(0.499999999999964,2.20398532713266E-13,0.86602540378446));
#9975=DIRECTION('ref_axis',(0.86602540378446,1.09509667111554E-15,-0.499999999999964));
#9976=DIRECTION('',(1.,2.46694957543878E-14,4.45476988448801E-14));
#9977=DIRECTION('center_axis',(0.500000000000041,1.27937346294983E-14,-0.866025403784415));
#9978=DIRECTION('ref_axis',(-0.866025403784415,8.16954439577843E-15,-0.500000000000041));
#9979=DIRECTION('',(1.,2.46694957543878E-14,4.45476988448801E-14));
#9980=DIRECTION('center_axis',(0.500000000000041,1.27083328586669E-14,-0.866025403784415));
#9981=DIRECTION('ref_axis',(-0.866025403784415,8.16954439577843E-15,-0.500000000000041));
#9982=DIRECTION('center_axis',(-0.500000000000033,2.21219757604273E-13,
0.86602540378442));
#9983=DIRECTION('ref_axis',(0.86602540378442,1.26773017779114E-13,0.500000000000033));
#9984=DIRECTION('',(8.21224891017106E-16,1.,-2.54968438793893E-13));
#9985=DIRECTION('center_axis',(-8.21224891005861E-16,-1.,2.53673307121249E-15));
#9986=DIRECTION('ref_axis',(4.45476988448866E-14,-2.53673307121253E-15,
-1.));
#9987=DIRECTION('center_axis',(8.21224891005861E-16,1.,-2.53673307121249E-15));
#9988=DIRECTION('ref_axis',(0.499999999999969,1.78626283678728E-15,0.866025403784457));
#9989=DIRECTION('',(-0.866025403784418,-5.57164917775146E-16,-0.500000000000037));
#9990=DIRECTION('center_axis',(-2.47139046753615E-14,1.,-2.54968438793894E-13));
#9991=DIRECTION('ref_axis',(-0.500000000000043,2.08452192821082E-13,0.866025403784414));
#9992=DIRECTION('',(-4.26247361585029E-14,2.54968438793893E-13,1.));
#9993=DIRECTION('',(-4.45476988448802E-14,2.53673307121253E-15,1.));
#9994=DIRECTION('center_axis',(-8.21224891005861E-16,-1.,2.53673307121249E-15));
#9995=DIRECTION('ref_axis',(1.,-8.21224891005778E-16,3.2705319915545E-14));
#9996=DIRECTION('',(-0.866025403784461,1.97956815343736E-15,0.499999999999962));
#9997=DIRECTION('center_axis',(-8.21224891005861E-16,-1.,2.53673307121249E-15));
#9998=DIRECTION('ref_axis',(0.49999999999995,1.78626283678732E-15,0.866025403784468));
#9999=DIRECTION('',(-0.866025403784418,-5.57164917775146E-16,-0.500000000000037));
#10000=DIRECTION('center_axis',(-8.21224891005861E-16,-1.,2.53673307121249E-15));
#10001=DIRECTION('ref_axis',(-0.500000000000035,2.60748772779304E-15,0.866025403784419));
#10002=DIRECTION('',(4.45476988448802E-14,-2.53673307121253E-15,-1.));
#10003=DIRECTION('',(4.45476988448802E-14,-2.53673307121253E-15,-1.));
#10004=DIRECTION('',(1.,-8.21224891005748E-16,4.45476988448866E-14));
#10005=DIRECTION('',(4.45476988448802E-14,-2.53673307121253E-15,-1.));
#10006=DIRECTION('center_axis',(8.21224891005861E-16,1.,-2.53673307121249E-15));
#10007=DIRECTION('ref_axis',(-0.499999999999969,-1.78626283678728E-15,-0.866025403784457));
#10008=DIRECTION('',(0.866025403784416,5.57164917775196E-16,0.50000000000004));
#10009=DIRECTION('center_axis',(-8.21224891005861E-16,-1.,2.53673307121249E-15));
#10010=DIRECTION('ref_axis',(0.500000000000046,-2.60748772779304E-15,-0.866025403784412));
#10011=DIRECTION('',(4.45476988448802E-14,-2.53673307121253E-15,-1.));
#10012=DIRECTION('center_axis',(-8.21224891005861E-16,-1.,2.53673307121249E-15));
#10013=DIRECTION('ref_axis',(1.,-8.21224891005771E-16,3.56659146478789E-14));
#10014=DIRECTION('',(-0.866025403784461,1.97956815343736E-15,0.499999999999961));
#10015=DIRECTION('',(1.,-8.21224891005748E-16,4.45476988448866E-14));
#10016=DIRECTION('',(-0.866025403784417,-5.57164917775171E-16,-0.500000000000037));
#10017=DIRECTION('center_axis',(-8.21224891005861E-16,-1.,2.53673307121249E-15));
#10018=DIRECTION('ref_axis',(-0.500000000000044,2.60748772779304E-15,0.866025403784413));
#10019=DIRECTION('',(4.26247361584967E-14,-2.53673307121253E-15,-1.));
#10020=DIRECTION('center_axis',(-8.21224891005861E-16,-1.,2.53673307121249E-15));
#10021=DIRECTION('ref_axis',(-1.,8.21224891005748E-16,-4.45476988448803E-14));
#10022=DIRECTION('',(0.866025403784461,-1.97956815343736E-15,-0.499999999999962));
#10023=DIRECTION('center_axis',(-8.21224891005861E-16,-1.,2.53673307121249E-15));
#10024=DIRECTION('ref_axis',(-0.499999999999962,-1.78626283678729E-15,-0.866025403784461));
#10025=DIRECTION('',(0.866025403784416,5.57164917775196E-16,0.50000000000004));
#10026=DIRECTION('center_axis',(-8.21224891005861E-16,-1.,2.53673307121249E-15));
#10027=DIRECTION('ref_axis',(0.500000000000046,-2.60748772779304E-15,-0.866025403784412));
#10028=DIRECTION('',(-4.45476988448802E-14,2.53673307121253E-15,1.));
#10029=DIRECTION('center_axis',(-8.21224891005861E-16,-1.,2.53673307121249E-15));
#10030=DIRECTION('ref_axis',(1.,-8.21224891005771E-16,3.56659146478789E-14));
#10031=DIRECTION('',(-0.866025403784461,1.97956815343736E-15,0.499999999999961));
#10032=DIRECTION('',(1.,-8.21224891005748E-16,4.45476988448866E-14));
#10033=DIRECTION('',(0.866025403784417,1.75363285014574E-16,0.500000000000037));
#10034=DIRECTION('center_axis',(8.21224891005827E-16,1.,-1.7731298056913E-15));
#10035=DIRECTION('ref_axis',(-0.500000000000046,1.94618790143894E-15,0.866025403784412));
#10036=DIRECTION('',(-5.32010309336127E-14,1.77312980569134E-15,1.));
#10037=DIRECTION('center_axis',(8.21224891005827E-16,1.,-1.7731298056913E-15));
#10038=DIRECTION('ref_axis',(-1.,8.21224891005745E-16,-4.63980705525952E-14));
#10039=DIRECTION('',(-0.866025403784461,1.59776652067677E-15,0.499999999999962));
#10040=DIRECTION('center_axis',(8.21224891005827E-16,1.,-1.7731298056913E-15));
#10041=DIRECTION('ref_axis',(-0.499999999999962,-1.12496301043319E-15,-0.86602540378446));
#10042=DIRECTION('',(-0.866025403784416,-1.75363285014574E-16,-0.500000000000039));
#10043=DIRECTION('center_axis',(8.21224891005827E-16,1.,-1.7731298056913E-15));
#10044=DIRECTION('ref_axis',(0.500000000000043,-1.94618790143894E-15,-0.866025403784414));
#10045=DIRECTION('',(3.58943667561606E-14,-1.77312980569134E-15,-1.));
#10046=DIRECTION('center_axis',(8.21224891005827E-16,1.,-1.7731298056913E-15));
#10047=DIRECTION('ref_axis',(1.,-8.21224891005737E-16,5.04688883095539E-14));
#10048=DIRECTION('',(0.866025403784461,-1.59776652067677E-15,-0.499999999999961));
#10049=DIRECTION('',(1.,-8.21224891005748E-16,4.45476988448866E-14));
#10050=DIRECTION('',(-0.866025403784461,1.97956815343736E-15,0.499999999999961));
#10051=DIRECTION('center_axis',(-8.21224891005861E-16,-1.,2.53673307121249E-15));
#10052=DIRECTION('ref_axis',(0.919537664416602,2.4179366728796E-16,0.393001887679005));
#10053=DIRECTION('',(-4.45476988448866E-14,2.53673307121253E-15,1.));
#10054=DIRECTION('center_axis',(-8.21224891005861E-16,-1.,2.53673307121249E-15));
#10055=DIRECTION('ref_axis',(0.86602540378446,-1.97956815343735E-15,-0.499999999999964));
#10056=DIRECTION('',(0.866025403784417,5.57164917775171E-16,0.500000000000037));
#10057=DIRECTION('center_axis',(8.21224891005861E-16,1.,-2.53673307121249E-15));
#10058=DIRECTION('ref_axis',(-0.866025403784497,1.97956815343722E-15,0.499999999999898));
#10059=DIRECTION('',(-4.35862175016949E-14,2.53673307121253E-15,1.));
#10060=DIRECTION('',(4.55091801880784E-14,-1.77312980569134E-15,-1.));
#10061=DIRECTION('center_axis',(8.21224891005827E-16,1.,-1.7731298056913E-15));
#10062=DIRECTION('ref_axis',(1.,-8.21224891005761E-16,3.71462120140522E-14));
#10063=DIRECTION('',(0.866025403784464,-1.59776652067677E-15,-0.499999999999957));
#10064=DIRECTION('center_axis',(8.21224891005861E-16,1.,-2.53673307121249E-15));
#10065=DIRECTION('ref_axis',(-0.500000000000046,2.60748772779304E-15,0.866025403784412));
#10066=DIRECTION('',(-1.,8.21224891005748E-16,-4.45476988448866E-14));
#10067=DIRECTION('',(4.45476988448866E-14,-2.53673307121253E-15,-1.));
#10068=DIRECTION('',(1.,-8.21224891005748E-16,4.45476988448866E-14));
#10069=DIRECTION('',(-4.45476988448866E-14,2.53673307121253E-15,1.));
#10070=DIRECTION('',(-1.,8.21224891005748E-16,-4.45476988448866E-14));
#10071=DIRECTION('',(4.45476988448866E-14,-2.53673307121253E-15,-1.));
#10072=DIRECTION('',(1.,-8.21224891005748E-16,4.45476988448866E-14));
#10073=DIRECTION('',(-4.45476988448866E-14,2.53673307121253E-15,1.));
#10074=DIRECTION('center_axis',(2.51024827339937E-14,-1.,-1.96248945166101E-15));
#10075=DIRECTION('ref_axis',(1.,2.51024827339936E-14,4.45754544204956E-14));
#10076=DIRECTION('center_axis',(2.51024827339937E-14,-1.,-1.96248945166101E-15));
#10077=DIRECTION('ref_axis',(-1.,-2.51024827339936E-14,-4.45476988448802E-14));
#10078=DIRECTION('',(4.26247361584965E-14,1.96248945166208E-15,-1.));
#10079=DIRECTION('center_axis',(2.51024827339937E-14,-1.,-1.96248945166101E-15));
#10080=DIRECTION('ref_axis',(-0.500000000000043,-1.42508070867953E-14,0.866025403784414));
#10081=DIRECTION('',(-0.866025403784418,-2.07581430198677E-14,-0.500000000000037));
#10082=DIRECTION('center_axis',(-2.51024827339937E-14,1.,1.96248945166101E-15));
#10083=DIRECTION('ref_axis',(0.499999999999969,1.08516756471986E-14,0.866025403784457));
#10084=DIRECTION('center_axis',(2.13832356014966E-14,-1.,-1.14850871161282E-14));
#10085=DIRECTION('ref_axis',(0.49999999999995,7.45240593502514E-16,0.866025403784468));
#10086=DIRECTION('',(0.353553390593225,-0.707106781186586,0.612372435695778));
#10087=DIRECTION('center_axis',(2.46583935241435E-14,-1.,-1.30621461029603E-16));
#10088=DIRECTION('ref_axis',(0.49999999999995,1.22160752585394E-14,0.866025403784468));
#10089=DIRECTION('',(0.353553390593271,0.707106781186609,-0.612372435695725));
#10090=DIRECTION('center_axis',(-2.46583935241435E-14,1.,1.30621461029603E-16));
#10091=DIRECTION('ref_axis',(0.49999999999995,1.22160752585394E-14,0.866025403784468));
#10092=DIRECTION('center_axis',(-0.353553390593229,-0.707106781186556,-0.61237243569581));
#10093=DIRECTION('ref_axis',(0.866025403784536,-1.28258514919821E-13,-0.499999999999832));
#10094=DIRECTION('',(0.353553390593259,-0.707106781186539,0.612372435695813));
#10095=DIRECTION('',(-0.866025403784461,-2.14201059389373E-14,0.499999999999962));
#10096=DIRECTION('',(0.866025403784461,2.14201059389373E-14,-0.499999999999962));
#10097=DIRECTION('center_axis',(2.13832356014982E-14,-1.,-1.14850871161474E-14));
#10098=DIRECTION('ref_axis',(1.,2.13832356014978E-14,3.27053199155449E-14));
#10099=DIRECTION('',(0.707106781186594,-0.707106781186501,2.33787969571261E-14));
#10100=DIRECTION('center_axis',(2.46583935241435E-14,-1.,-1.30621461029603E-16));
#10101=DIRECTION('ref_axis',(1.,2.46583935241435E-14,3.27053199155449E-14));
#10102=DIRECTION('center_axis',(-2.46583935241435E-14,1.,1.30621461029603E-16));
#10103=DIRECTION('ref_axis',(1.,2.46583935241435E-14,3.27053199155449E-14));
#10104=DIRECTION('center_axis',(-0.707106781186528,-0.707106781186567,-3.15923432603333E-14));
#10105=DIRECTION('ref_axis',(2.99646759099818E-13,-2.54968438793894E-13,
-1.));
#10106=DIRECTION('',(0.707106781186567,-0.707106781186528,2.33787969571267E-14));
#10107=DIRECTION('',(-4.45476988448801E-14,-1.30621461030668E-16,1.));
#10108=DIRECTION('',(4.45476988448801E-14,1.30621461030668E-16,-1.));
#10109=DIRECTION('center_axis',(2.13832356014948E-14,-1.,-1.1485087116106E-14));
#10110=DIRECTION('ref_axis',(0.500000000000042,2.06379950079732E-14,-0.866025403784415));
#10111=DIRECTION('',(0.353553390593296,-0.707106781186582,-0.612372435695742));
#10112=DIRECTION('center_axis',(2.46583935241435E-14,-1.,-1.30621461029603E-16));
#10113=DIRECTION('ref_axis',(0.500000000000042,1.24423182656038E-14,-0.866025403784415));
#10114=DIRECTION('center_axis',(-2.46583935241435E-14,1.,1.30621461029603E-16));
#10115=DIRECTION('ref_axis',(0.500000000000041,1.24423182656038E-14,-0.866025403784415));
#10116=DIRECTION('center_axis',(-0.353553390593308,-0.707106781186513,0.612372435695815));
#10117=DIRECTION('ref_axis',(-0.866025403784362,-1.26287869051112E-13,-0.500000000000133));
#10118=DIRECTION('',(0.353553390593305,-0.707106781186564,-0.612372435695757));
#10119=DIRECTION('',(0.866025403784414,2.12894844779066E-14,0.500000000000042));
#10120=DIRECTION('',(-0.866025403784414,-2.12894844779066E-14,-0.500000000000042));
#10121=DIRECTION('center_axis',(2.13832356014978E-14,-1.,-1.14850871161415E-14));
#10122=DIRECTION('ref_axis',(4.7966299176235E-14,1.14850871161425E-14,-1.));
#10123=DIRECTION('center_axis',(-2.46583935241435E-14,1.,1.30621461029603E-16));
#10124=DIRECTION('ref_axis',(4.79662991762352E-14,1.30621461030786E-16,
-1.));
#10125=DIRECTION('',(-0.353553390593227,-0.70710678118657,-0.612372435695796));
#10126=DIRECTION('center_axis',(2.46583935241435E-14,-1.,-1.30621461029603E-16));
#10127=DIRECTION('ref_axis',(4.79662991762352E-14,1.30621461030786E-16,
-1.));
#10128=DIRECTION('center_axis',(0.353553390593277,-0.707106781186512,0.612372435695834));
#10129=DIRECTION('ref_axis',(-0.866025403784386,1.28924648734596E-13,0.500000000000091));
#10130=DIRECTION('',(-0.353553390593239,-0.707106781186562,-0.612372435695798));
#10131=DIRECTION('',(0.866025403784461,2.14201059389373E-14,-0.499999999999961));
#10132=DIRECTION('',(-0.866025403784461,-2.14201059389373E-14,0.499999999999961));
#10133=DIRECTION('center_axis',(2.13832356014948E-14,-1.,-1.1485087116106E-14));
#10134=DIRECTION('ref_axis',(-1.,-2.13832356014943E-14,-4.45476988448802E-14));
#10135=DIRECTION('',(-0.707106781186481,-0.707106781186614,-3.96211629217856E-14));
#10136=DIRECTION('center_axis',(2.46583935241435E-14,-1.,-1.30621461029603E-16));
#10137=DIRECTION('ref_axis',(-1.,-2.46583935241435E-14,-4.45476988448802E-14));
#10138=DIRECTION('center_axis',(-2.46583935241435E-14,1.,1.30621461029603E-16));
#10139=DIRECTION('ref_axis',(-1.,-2.46583935241435E-14,-4.45476988448801E-14));
#10140=DIRECTION('center_axis',(0.707106781186576,-0.707106781186519,3.14076166186089E-14));
#10141=DIRECTION('ref_axis',(2.10551361410023E-13,2.54968438793893E-13,
1.));
#10142=DIRECTION('',(-0.707106781186519,-0.707106781186576,-3.96211629218067E-14));
#10143=DIRECTION('',(4.45476988448801E-14,1.30621461030668E-16,-1.));
#10144=DIRECTION('',(-4.45476988448801E-14,-1.30621461030668E-16,1.));
#10145=DIRECTION('center_axis',(2.13832356014973E-14,-1.,-1.14850871161356E-14));
#10146=DIRECTION('ref_axis',(-0.500000000000034,-2.06379950079999E-14,0.866025403784419));
#10147=DIRECTION('',(-0.353553390593275,-0.70710678118657,0.612372435695768));
#10148=DIRECTION('center_axis',(2.46583935241435E-14,-1.,-1.30621461029603E-16));
#10149=DIRECTION('ref_axis',(-0.500000000000035,-1.24423182656037E-14,0.866025403784419));
#10150=DIRECTION('center_axis',(-2.46583935241435E-14,1.,1.30621461029603E-16));
#10151=DIRECTION('ref_axis',(-0.500000000000035,-1.24423182656037E-14,0.866025403784419));
#10152=DIRECTION('center_axis',(0.35355339059332,-0.707106781186533,-0.612372435695785));
#10153=DIRECTION('ref_axis',(0.86602540378447,1.26731958260962E-13,0.499999999999945));
#10154=DIRECTION('',(-0.866025403784418,-2.12894844779067E-14,-0.500000000000037));
#10155=DIRECTION('',(0.866025403784418,2.12894844779067E-14,0.500000000000037));
#10156=DIRECTION('center_axis',(0.500000000000042,1.25305228843348E-14,
-0.866025403784414));
#10157=DIRECTION('ref_axis',(-0.866025403784414,-2.12894844779066E-14,-0.500000000000042));
#10158=DIRECTION('',(2.47475477973312E-14,-1.,-1.80998138141424E-16));
#10159=DIRECTION('',(-2.47475477973312E-14,1.,1.80998138141424E-16));
#10160=DIRECTION('center_axis',(-2.47475477973312E-14,1.,1.80998138141424E-16));
#10161=DIRECTION('ref_axis',(0.500000000000041,1.25305228843348E-14,-0.866025403784415));
#10162=DIRECTION('',(2.47475477973312E-14,-1.,-1.80998138141424E-16));
#10163=DIRECTION('center_axis',(1.,2.47475477973312E-14,4.45476988448802E-14));
#10164=DIRECTION('ref_axis',(4.45476988448802E-14,1.30621461030668E-16,
-1.));
#10165=DIRECTION('',(-2.47475477973312E-14,1.,1.80998138141424E-16));
#10166=DIRECTION('center_axis',(-2.47475477973312E-14,1.,1.80998138141424E-16));
#10167=DIRECTION('ref_axis',(1.,2.47475477973312E-14,3.27053199155449E-14));
#10168=DIRECTION('',(-2.47475477973312E-14,1.,1.80998138141424E-16));
#10169=DIRECTION('center_axis',(0.499999999999962,1.22170249129965E-14,
0.866025403784461));
#10170=DIRECTION('ref_axis',(0.866025403784461,2.16604762747353E-14,-0.499999999999962));
#10171=DIRECTION('',(-2.47475477973312E-14,1.,1.80998138141424E-16));
#10172=DIRECTION('center_axis',(-2.47475477973312E-14,1.,1.80998138141424E-16));
#10173=DIRECTION('ref_axis',(0.49999999999995,1.22170249129962E-14,0.866025403784468));
#10174=DIRECTION('',(-2.47475477973312E-14,1.,1.80998138141424E-16));
#10175=DIRECTION('center_axis',(-2.46583935241435E-14,1.,1.30621461029603E-16));
#10176=DIRECTION('ref_axis',(-1.,-2.46583935241435E-14,-4.45476988448802E-14));
#10177=DIRECTION('center_axis',(-2.46583935241435E-14,1.,1.30621461029603E-16));
#10178=DIRECTION('ref_axis',(0.707106781186518,1.73437539532251E-14,0.707106781186577));
#10179=DIRECTION('',(1.,2.46583935241435E-14,4.45476988448802E-14));
#10180=DIRECTION('center_axis',(-2.46583935241435E-14,1.,1.30621461029603E-16));
#10181=DIRECTION('ref_axis',(-0.707106781186579,-1.75284805949516E-14,0.707106781186516));
#10182=DIRECTION('',(-4.45476988448801E-14,-1.30621461030668E-16,1.));
#10183=DIRECTION('center_axis',(-2.46583935241435E-14,1.,1.30621461029603E-16));
#10184=DIRECTION('ref_axis',(-0.707106781186522,-1.73437539532252E-14,-0.707106781186573));
#10185=DIRECTION('',(-1.,-2.46583935241435E-14,-4.45476988448801E-14));
#10186=DIRECTION('center_axis',(-2.46583935241435E-14,1.,1.30621461029603E-16));
#10187=DIRECTION('ref_axis',(0.707106781186582,1.75284805949517E-14,-0.707106781186513));
#10188=DIRECTION('',(4.35862175016949E-14,1.30621461030668E-16,-1.));
#10189=DIRECTION('center_axis',(2.46583935241435E-14,-1.,-1.30621461029603E-16));
#10190=DIRECTION('ref_axis',(-0.500000000000047,-1.2442318265604E-14,0.866025403784412));
#10191=DIRECTION('',(-0.866025403784417,-2.12894844779067E-14,-0.500000000000037));
#10192=DIRECTION('center_axis',(-2.46583935241435E-14,1.,1.30621461029603E-16));
#10193=DIRECTION('ref_axis',(0.500000000000044,1.24423182656039E-14,-0.866025403784413));
#10194=DIRECTION('',(4.45476988448866E-14,1.30621461030668E-16,-1.));
#10195=DIRECTION('center_axis',(-2.46583935241435E-14,1.,1.30621461029603E-16));
#10196=DIRECTION('ref_axis',(1.,2.46583935241435E-14,4.73695157173389E-14));
#10197=DIRECTION('',(0.866025403784461,2.14201059389373E-14,-0.499999999999961));
#10198=DIRECTION('center_axis',(2.46583935241435E-14,-1.,-1.30621461029603E-16));
#10199=DIRECTION('ref_axis',(-1.,-2.46583935241435E-14,-4.45476988448866E-14));
#10200=DIRECTION('',(3.49304829488513E-14,1.30621461030415E-16,-1.));
#10201=DIRECTION('',(-1.,-2.46583935241436E-14,2.39175963003769E-13));
#10202=DIRECTION('center_axis',(2.46583935241435E-14,-1.,-1.30621461029603E-16));
#10203=DIRECTION('ref_axis',(0.707106781186513,1.73437539532249E-14,0.707106781186582));
#10204=DIRECTION('',(-4.45476988448801E-14,-1.30621461030668E-16,1.));
#10205=DIRECTION('center_axis',(2.46583935241435E-14,-1.,-1.30621461029603E-16));
#10206=DIRECTION('ref_axis',(0.500000000000046,1.2442318265604E-14,-0.866025403784412));
#10207=DIRECTION('',(0.866025403784416,2.12894844779066E-14,0.50000000000004));
#10208=DIRECTION('center_axis',(2.46583935241435E-14,-1.,-1.30621461029603E-16));
#10209=DIRECTION('ref_axis',(-0.499999999999962,-1.22160752585397E-14,-0.866025403784461));
#10210=DIRECTION('',(0.866025403784461,2.14201059389373E-14,-0.499999999999962));
#10211=DIRECTION('center_axis',(2.46583935241435E-14,-1.,-1.30621461029603E-16));
#10212=DIRECTION('ref_axis',(-0.866025403784416,-2.12894844779066E-14,-0.50000000000004));
#10213=DIRECTION('',(4.4745464170515E-14,1.30621461030668E-16,-1.));
#10214=DIRECTION('center_axis',(2.46583935241435E-14,-1.,-1.30621461029603E-16));
#10215=DIRECTION('ref_axis',(-0.707106781186579,-1.75284805949516E-14,0.707106781186516));
#10216=DIRECTION('',(1.,2.46583935241435E-14,4.45476988448867E-14));
#10217=DIRECTION('',(4.45476988448866E-14,1.30621461030668E-16,-1.));
#10218=DIRECTION('',(-1.,-2.46583935241435E-14,-4.45476988448866E-14));
#10219=DIRECTION('',(-4.45476988448866E-14,-1.30621461030668E-16,1.));
#10220=DIRECTION('',(-1.,-2.46583935241435E-14,-4.45476988448866E-14));
#10221=DIRECTION('',(-4.45476988448866E-14,-1.30621461030668E-16,1.));
#10222=DIRECTION('',(1.,2.46583935241435E-14,4.45476988448867E-14));
#10223=DIRECTION('',(4.45476988448866E-14,1.30621461030668E-16,-1.));
#10224=DIRECTION('center_axis',(2.46583935241435E-14,-1.,-1.30621461029603E-16));
#10225=DIRECTION('ref_axis',(0.500000000000046,1.2442318265604E-14,-0.866025403784412));
#10226=DIRECTION('',(0.866025403784416,2.12894844779066E-14,0.50000000000004));
#10227=DIRECTION('center_axis',(2.46583935241435E-14,-1.,-1.30621461029603E-16));
#10228=DIRECTION('ref_axis',(-0.499999999999969,-1.22160752585399E-14,-0.866025403784457));
#10229=DIRECTION('',(4.4745464170515E-14,1.30621461030668E-16,-1.));
#10230=DIRECTION('center_axis',(2.46583935241435E-14,-1.,-1.30621461029603E-16));
#10231=DIRECTION('ref_axis',(-0.500000000000046,-1.2442318265604E-14,0.866025403784412));
#10232=DIRECTION('',(-0.866025403784461,-2.14201059389373E-14,0.499999999999961));
#10233=DIRECTION('center_axis',(2.46583935241435E-14,-1.,-1.30621461029603E-16));
#10234=DIRECTION('ref_axis',(1.,2.46583935241435E-14,3.56659146478788E-14));
#10235=DIRECTION('',(-4.45476988448801E-14,-1.30621461030668E-16,1.));
#10236=DIRECTION('center_axis',(-1.51686828069842E-13,-0.707106781159475,
-0.70710678121362));
#10237=DIRECTION('ref_axis',(1.,-8.21224891071326E-16,-2.13696344590505E-13));
#10238=DIRECTION('',(1.72031346002256E-13,-0.707106781193044,0.707106781180051));
#10239=DIRECTION('',(-1.72031346000883E-13,0.707106781188915,-0.70710678118418));
#10240=DIRECTION('',(1.,2.46583935241436E-14,-2.39175963003769E-13));
#10241=DIRECTION('center_axis',(2.13832356007332E-14,-1.,1.0719373384761E-14));
#10242=DIRECTION('ref_axis',(0.707106781186513,2.26999725074228E-14,0.707106781186582));
#10243=DIRECTION('center_axis',(-2.46583935241435E-14,1.,1.30621461029603E-16));
#10244=DIRECTION('ref_axis',(0.707106781186513,1.73437539532249E-14,0.707106781186582));
#10245=DIRECTION('',(0.707106781174475,-0.70710678119862,3.90797215494967E-14));
#10246=DIRECTION('center_axis',(-0.707106781186552,-0.707106781186543,-3.15923432603344E-14));
#10247=DIRECTION('ref_axis',(2.99646759099801E-13,-2.54968438793894E-13,
-1.));
#10248=DIRECTION('',(0.707106781186543,-0.707106781186552,3.90797215439751E-14));
#10249=DIRECTION('',(4.45476988448801E-14,1.30621461030668E-16,-1.));
#10250=DIRECTION('center_axis',(2.13832356014963E-14,-1.,1.07193733763669E-14));
#10251=DIRECTION('ref_axis',(0.500000000000046,1.40836814416511E-15,-0.866025403784412));
#10252=DIRECTION('',(0.353553390593326,-0.707106781186563,-0.612372435695746));
#10253=DIRECTION('center_axis',(-2.46583935241435E-14,1.,1.30621461029603E-16));
#10254=DIRECTION('ref_axis',(0.500000000000046,1.2442318265604E-14,-0.866025403784412));
#10255=DIRECTION('center_axis',(-0.353553390593281,-0.707106781186563,0.612372435695772));
#10256=DIRECTION('ref_axis',(-0.866025403784363,-1.26593180382883E-13,-0.500000000000131));
#10257=DIRECTION('',(0.353553390593328,-0.707106781186532,-0.612372435695781));
#10258=DIRECTION('',(-0.866025403784416,-2.12894844779066E-14,-0.50000000000004));
#10259=DIRECTION('center_axis',(2.1383235601495E-14,-1.,1.07193733763804E-14));
#10260=DIRECTION('ref_axis',(-0.499999999999962,-1.99748674573429E-14,-0.866025403784461));
#10261=DIRECTION('',(-0.353553390593218,-0.707106781186602,-0.612372435695764));
#10262=DIRECTION('center_axis',(-2.46583935241435E-14,1.,1.30621461029603E-16));
#10263=DIRECTION('ref_axis',(-0.499999999999962,-1.22160752585397E-14,-0.866025403784461));
#10264=DIRECTION('center_axis',(0.353553390593276,-0.707106781186516,0.61237243569583));
#10265=DIRECTION('ref_axis',(-0.866025403784386,1.27647892256277E-13,0.500000000000091));
#10266=DIRECTION('',(-0.353553390593212,-0.707106781186586,-0.612372435695785));
#10267=DIRECTION('',(-0.866025403784461,-2.14201059389373E-14,0.499999999999962));
#10268=DIRECTION('center_axis',(2.13832356014959E-14,-1.,1.07193733763709E-14));
#10269=DIRECTION('ref_axis',(-0.866025403784416,-2.38781119341887E-14,-0.50000000000004));
#10270=DIRECTION('center_axis',(-2.46583935241435E-14,1.,1.30621461029603E-16));
#10271=DIRECTION('ref_axis',(-0.866025403784416,-2.12894844779066E-14,-0.50000000000004));
#10272=DIRECTION('',(-0.70710678118653,-0.707106781186565,-2.3920238334968E-14));
#10273=DIRECTION('center_axis',(0.707106781186614,-0.707106781186481,3.15474578214505E-14));
#10274=DIRECTION('ref_axis',(2.10353596084361E-13,2.54968438793893E-13,
1.));
#10275=DIRECTION('',(-0.707106781186489,-0.707106781186606,-2.39202383349494E-14));
#10276=DIRECTION('',(-4.4745464170515E-14,-1.30621461030668E-16,1.));
#10277=DIRECTION('center_axis',(2.13832356007334E-14,-1.,1.07193733847583E-14));
#10278=DIRECTION('ref_axis',(-0.707106781186579,-7.54048928655601E-15,0.707106781186516));
#10279=DIRECTION('center_axis',(-2.46583935241435E-14,1.,1.30621461029603E-16));
#10280=DIRECTION('ref_axis',(-0.707106781186579,-1.75284805949516E-14,0.707106781186516));
#10281=DIRECTION('center_axis',(0.50000000000004,1.24962198443886E-14,-0.866025403784416));
#10282=DIRECTION('ref_axis',(-0.866025403784416,-2.12894844779066E-14,-0.50000000000004));
#10283=DIRECTION('',(-2.47139046753729E-14,1.,1.6081226496654E-16));
#10284=DIRECTION('center_axis',(-0.50000000000004,-1.24962198443886E-14,
0.866025403784416));
#10285=DIRECTION('ref_axis',(-0.866025403784416,-5.10381069472782E-16,-0.50000000000004));
#10286=DIRECTION('',(-2.47139046753729E-14,1.,1.6081226496654E-16));
#10287=DIRECTION('center_axis',(-2.47139046753729E-14,1.,1.6081226496654E-16));
#10288=DIRECTION('ref_axis',(0.500000000000046,1.24962198443887E-14,-0.866025403784412));
#10289=DIRECTION('',(-2.47139046753729E-14,1.,1.6081226496654E-16));
#10290=DIRECTION('center_axis',(1.,2.47139046753729E-14,4.45476988448801E-14));
#10291=DIRECTION('ref_axis',(4.45476988448801E-14,1.30621461030668E-16,
-1.));
#10292=DIRECTION('',(2.47139046753615E-14,-1.,2.54968438793894E-13));
#10293=DIRECTION('center_axis',(-1.,-2.47139046753729E-14,-4.45476988448801E-14));
#10294=DIRECTION('ref_axis',(2.47139046753728E-14,-1.,2.44316537460881E-15));
#10295=DIRECTION('center_axis',(-2.47139046753615E-14,1.,-2.54968438793894E-13));
#10296=DIRECTION('ref_axis',(0.707106781186513,1.97765281645264E-13,0.707106781186582));
#10297=DIRECTION('',(-2.47139046753615E-14,1.,-2.54968438793894E-13));
#10298=DIRECTION('center_axis',(-2.39175963003763E-13,-2.54968438793893E-13,
-1.));
#10299=DIRECTION('ref_axis',(-1.,8.21224891078088E-16,2.39175963003763E-13));
#10300=DIRECTION('',(2.47139046753614E-14,-1.,2.54968438793894E-13));
#10301=DIRECTION('',(1.,-8.21224891005748E-16,4.45476988448866E-14));
#10302=DIRECTION('',(2.47139046753615E-14,-1.,2.54968438793894E-13));
#10303=DIRECTION('',(-1.,-2.46583935241435E-14,-4.45476988448802E-14));
#10304=DIRECTION('',(8.21224891017106E-16,1.,-2.54968438793893E-13));
#10305=DIRECTION('',(1.,-8.21224891005748E-16,4.45476988448866E-14));
#10306=DIRECTION('',(8.21224891017106E-16,1.,-2.54968438793893E-13));
#10307=DIRECTION('',(-1.,-2.51024827339942E-14,2.39175963003769E-13));
#10308=DIRECTION('',(8.21224891017106E-16,1.,-2.54968438793893E-13));
#10309=DIRECTION('',(1.,-8.21224891005748E-16,4.45476988448866E-14));
#10310=DIRECTION('',(8.21224891017106E-16,1.,-2.54968438793893E-13));
#10311=DIRECTION('',(-1.,-2.51024827339941E-14,2.39175963003769E-13));
#10312=DIRECTION('',(-2.47139046753732E-14,1.,9.88433065144943E-16));
#10313=DIRECTION('',(1.,-8.21224891005748E-16,4.45476988448866E-14));
#10314=DIRECTION('',(-2.46583935241302E-14,1.,-2.54968438793894E-13));
#10315=DIRECTION('',(-1.,-2.51024827339941E-14,2.39175963003769E-13));
#10316=DIRECTION('',(2.46583935241307E-14,-1.,2.54968438793894E-13));
#10317=DIRECTION('',(1.,-8.21224891005748E-16,4.45476988448866E-14));
#10318=DIRECTION('center_axis',(2.39175963003763E-13,2.54968438793893E-13,
1.));
#10319=DIRECTION('ref_axis',(1.,-8.21224891078081E-16,-2.39175963003763E-13));
#10320=DIRECTION('center_axis',(2.39175963003763E-13,2.54968438793893E-13,
1.));
#10321=DIRECTION('ref_axis',(1.,-8.21224891078081E-16,-2.39175963003763E-13));
#10322=DIRECTION('center_axis',(2.13832356014942E-14,-1.,-1.14850871160986E-14));
#10323=DIRECTION('ref_axis',(0.500000000000045,2.06379950079665E-14,-0.866025403784413));
#10324=DIRECTION('',(0.353553390593292,-0.707106781186592,-0.612372435695733));
#10325=DIRECTION('',(-0.707106781186569,0.707106781186526,-2.33787969571591E-14));
#10326=DIRECTION('center_axis',(-2.46583935241435E-14,1.,1.30621461029603E-16));
#10327=DIRECTION('ref_axis',(0.500000000000046,1.2442318265604E-14,-0.866025403784412));
#10328=DIRECTION('center_axis',(-0.353553390593313,-0.707106781186499,0.612372435695828));
#10329=DIRECTION('ref_axis',(-0.866025403784363,-1.2687073613904E-13,-0.500000000000131));
#10330=DIRECTION('',(0.353553390593285,-0.707106781186582,-0.612372435695748));
#10331=DIRECTION('',(-0.866025403784416,-2.12894844779066E-14,-0.50000000000004));
#10332=DIRECTION('center_axis',(2.13832356014948E-14,-1.,-1.1485087116106E-14));
#10333=DIRECTION('ref_axis',(-0.499999999999969,-7.45240593521372E-16,-0.866025403784457));
#10334=DIRECTION('center_axis',(-2.46583935241435E-14,1.,1.30621461029603E-16));
#10335=DIRECTION('ref_axis',(-0.499999999999969,-1.22160752585399E-14,-0.866025403784457));
#10336=DIRECTION('',(-0.707106781186474,-0.707106781186621,-3.96211629217853E-14));
#10337=DIRECTION('center_axis',(0.707106781186576,-0.707106781186519,3.15474578214488E-14));
#10338=DIRECTION('ref_axis',(2.10353596084388E-13,2.54968438793893E-13,
1.));
#10339=DIRECTION('',(-0.707106781186519,-0.707106781186576,-3.96211629218067E-14));
#10340=DIRECTION('',(-4.4745464170515E-14,-1.30621461030668E-16,1.));
#10341=DIRECTION('center_axis',(2.13832356014963E-14,-1.,1.07193733763669E-14));
#10342=DIRECTION('ref_axis',(-0.500000000000046,-1.40836814416511E-15,0.866025403784412));
#10343=DIRECTION('center_axis',(-2.46583935241435E-14,1.,1.30621461029603E-16));
#10344=DIRECTION('ref_axis',(-0.500000000000046,-1.2442318265604E-14,0.866025403784412));
#10345=DIRECTION('',(0.353553390593251,-0.707106781186523,0.612372435695835));
#10346=DIRECTION('center_axis',(-0.353553390593256,-0.707106781186501,-0.612372435695858));
#10347=DIRECTION('ref_axis',(0.866025403784536,-1.27731158983124E-13,-0.499999999999832));
#10348=DIRECTION('',(0.353553390593243,-0.707106781186583,0.612372435695771));
#10349=DIRECTION('',(0.866025403784461,2.14201059389373E-14,-0.499999999999961));
#10350=DIRECTION('center_axis',(2.13832356014965E-14,-1.,1.07193733763642E-14));
#10351=DIRECTION('ref_axis',(1.,2.13832356014969E-14,3.56659146478788E-14));
#10352=DIRECTION('',(0.707106781186645,-0.70710678118645,3.9079721543971E-14));
#10353=DIRECTION('center_axis',(-2.46583935241435E-14,1.,1.30621461029603E-16));
#10354=DIRECTION('ref_axis',(1.,2.46583935241435E-14,3.56659146478788E-14));
#10355=DIRECTION('center_axis',(-0.707106781186568,-0.707106781186527,-3.1592343260335E-14));
#10356=DIRECTION('ref_axis',(2.9964675909979E-13,-2.54968438793894E-13,
-1.));
#10357=DIRECTION('',(4.45476988448801E-14,1.30621461030668E-16,-1.));
#10358=DIRECTION('center_axis',(-1.,-2.47139046753729E-14,-4.4745464170515E-14));
#10359=DIRECTION('ref_axis',(-4.4745464170515E-14,-3.17387982132705E-17,
1.));
#10360=DIRECTION('',(2.47139046753729E-14,-1.,-1.6081226496654E-16));
#10361=DIRECTION('center_axis',(1.,2.47139046753729E-14,4.4745464170515E-14));
#10362=DIRECTION('ref_axis',(2.47139046753728E-14,-1.,2.44316537460881E-15));
#10363=DIRECTION('',(-2.47139046753729E-14,1.,1.6081226496654E-16));
#10364=DIRECTION('center_axis',(-2.47139046753729E-14,1.,1.6081226496654E-16));
#10365=DIRECTION('ref_axis',(-0.499999999999969,-1.22176848309845E-14,-0.866025403784457));
#10366=DIRECTION('',(-2.47139046753729E-14,1.,1.6081226496654E-16));
#10367=DIRECTION('center_axis',(0.50000000000004,1.24962198443886E-14,-0.866025403784416));
#10368=DIRECTION('ref_axis',(-0.866025403784416,-2.12894844779066E-14,-0.50000000000004));
#10369=DIRECTION('',(-2.47139046753729E-14,1.,1.6081226496654E-16));
#10370=DIRECTION('center_axis',(-2.47139046753729E-14,1.,1.6081226496654E-16));
#10371=DIRECTION('ref_axis',(0.500000000000046,1.24962198443887E-14,-0.866025403784412));
#10372=DIRECTION('',(2.47139046753729E-14,-1.,-1.6081226496654E-16));
#10373=DIRECTION('center_axis',(-2.13832356016649E-14,1.,-1.07193733745121E-14));
#10374=DIRECTION('ref_axis',(0.707106781186518,2.26999725008346E-14,0.707106781186577));
#10375=DIRECTION('',(0.707106781189213,0.707106781183882,8.21931374953376E-15));
#10376=DIRECTION('center_axis',(2.46583935241435E-14,-1.,-1.30621461029603E-16));
#10377=DIRECTION('ref_axis',(0.707106781186518,1.73437539532251E-14,0.707106781186577));
#10378=DIRECTION('',(4.66202108371849E-14,-0.70710678118386,-0.707106781189235));
#10379=DIRECTION('center_axis',(0.707106781191273,-0.707106781181822,2.46072180425564E-14));
#10380=DIRECTION('ref_axis',(2.20168577302663E-13,2.54968438793893E-13,
1.));
#10381=DIRECTION('',(0.707106781181822,0.707106781191273,2.39202383324116E-14));
#10382=DIRECTION('',(-3.49304829488513E-14,-1.30621461030415E-16,1.));
#10383=DIRECTION('center_axis',(2.13832356010021E-14,-1.,1.07193733818025E-14));
#10384=DIRECTION('ref_axis',(-1.,-2.13832356010026E-14,-4.45476988448866E-14));
#10385=DIRECTION('',(0.353553390589272,0.707106781194474,0.612372435688952));
#10386=DIRECTION('center_axis',(-2.46583935241435E-14,1.,1.30621461029603E-16));
#10387=DIRECTION('ref_axis',(-1.,-2.46583935241435E-14,-4.45476988448866E-14));
#10388=DIRECTION('center_axis',(0.353553390594711,-0.707106781183644,0.612372435698317));
#10389=DIRECTION('ref_axis',(-0.866025403784386,1.28480559524746E-13,0.500000000000091));
#10390=DIRECTION('',(0.353553390591698,0.707106781189615,0.612372435693163));
#10391=DIRECTION('',(-0.866025403784461,-2.14201059389373E-14,0.499999999999961));
#10392=DIRECTION('center_axis',(-2.13832356014986E-14,1.,-1.07193733763411E-14));
#10393=DIRECTION('ref_axis',(1.,2.13832356014991E-14,4.73695157173389E-14));
#10394=DIRECTION('',(0.707106781186746,0.707106781186349,2.3920238335001E-14));
#10395=DIRECTION('center_axis',(2.46583935241435E-14,-1.,-1.30621461029603E-16));
#10396=DIRECTION('ref_axis',(1.,2.46583935241435E-14,4.73695157173389E-14));
#10397=DIRECTION('center_axis',(0.707106781186482,-0.707106781186613,3.14076166186093E-14));
#10398=DIRECTION('ref_axis',(2.10551361410084E-13,2.54968438793893E-13,
1.));
#10399=DIRECTION('',(0.707106781186605,0.70710678118649,3.96211629218556E-14));
#10400=DIRECTION('',(-4.45476988448866E-14,-1.30621461030668E-16,1.));
#10401=DIRECTION('center_axis',(-2.13832356014985E-14,1.,1.14850871161504E-14));
#10402=DIRECTION('ref_axis',(0.500000000000044,2.06379950080135E-14,-0.866025403784413));
#10403=DIRECTION('',(0.353553390593257,0.70710678118662,-0.61237243569572));
#10404=DIRECTION('center_axis',(2.46583935241435E-14,-1.,-1.30621461029603E-16));
#10405=DIRECTION('ref_axis',(0.500000000000044,1.24423182656039E-14,-0.866025403784413));
#10406=DIRECTION('center_axis',(0.353553390591948,-0.707106781189277,-0.612372435693408));
#10407=DIRECTION('ref_axis',(0.86602540378447,1.26398891353574E-13,0.499999999999946));
#10408=DIRECTION('',(0.35355339059466,0.707106781183817,-0.612372435698147));
#10409=DIRECTION('',(0.866025403784417,2.12894844779067E-14,0.500000000000037));
#10410=DIRECTION('center_axis',(2.13832356019198E-14,-1.,-1.1485087121206E-14));
#10411=DIRECTION('ref_axis',(-0.500000000000047,-2.06379950126025E-14,0.866025403784412));
#10412=DIRECTION('',(0.7071067811933,0.707106781179796,3.96211629256172E-14));
#10413=DIRECTION('center_axis',(-2.46583935241435E-14,1.,1.30621461029603E-16));
#10414=DIRECTION('ref_axis',(-0.500000000000047,-1.2442318265604E-14,0.866025403784412));
#10415=DIRECTION('center_axis',(0.707106781186557,-0.707106781186538,3.07277466408573E-14));
#10416=DIRECTION('ref_axis',(2.11512842753222E-13,2.54968438793893E-13,
1.));
#10417=DIRECTION('',(0.707106781186538,0.707106781186557,3.96211629218136E-14));
#10418=DIRECTION('',(-4.35862175016949E-14,-1.30621461030668E-16,1.));
#10419=DIRECTION('center_axis',(-2.13832356016603E-14,1.,1.14850871180925E-14));
#10420=DIRECTION('ref_axis',(0.707106781186582,2.32414138813654E-14,-0.707106781186513));
#10421=DIRECTION('',(1.6379749042003E-14,0.707106781183957,-0.707106781189138));
#10422=DIRECTION('center_axis',(2.46583935241435E-14,-1.,-1.30621461029603E-16));
#10423=DIRECTION('ref_axis',(0.707106781186582,1.75284805949517E-14,-0.707106781186513));
#10424=DIRECTION('center_axis',(4.89360972135599E-14,-0.707106781186516,
-0.707106781186579));
#10425=DIRECTION('ref_axis',(1.,-8.21224890999198E-16,7.00273172600207E-14));
#10426=DIRECTION('',(1.63797490419452E-14,0.707106781186579,-0.707106781186516));
#10427=DIRECTION('',(1.,2.46583935241435E-14,4.45476988448801E-14));
#10428=DIRECTION('center_axis',(-2.13832356014923E-14,1.,1.14850871160764E-14));
#10429=DIRECTION('ref_axis',(-0.707106781186522,-6.9990479152281E-15,-0.707106781186573));
#10430=DIRECTION('',(-0.707106781186445,0.70710678118665,-2.33787969571679E-14));
#10431=DIRECTION('center_axis',(2.46583935241435E-14,-1.,-1.30621461029603E-16));
#10432=DIRECTION('ref_axis',(-0.707106781186522,-1.73437539532252E-14,-0.707106781186573));
#10433=DIRECTION('center_axis',(-0.707106781186525,-0.707106781186571,-3.15923432603332E-14));
#10434=DIRECTION('ref_axis',(2.99646759099821E-13,-2.54968438793894E-13,
-1.));
#10435=DIRECTION('',(-0.707106781186571,0.707106781186524,-3.90797215439665E-14));
#10436=DIRECTION('',(4.45476988448801E-14,1.30621461030668E-16,-1.));
#10437=DIRECTION('center_axis',(-2.1383235601497E-14,1.,-1.07193733763587E-14));
#10438=DIRECTION('ref_axis',(-0.707106781186579,-7.54048929303537E-15,0.707106781186516));
#10439=DIRECTION('',(-4.66202108370039E-14,0.707106781186549,0.707106781186546));
#10440=DIRECTION('center_axis',(2.46583935241435E-14,-1.,-1.30621461029603E-16));
#10441=DIRECTION('ref_axis',(-0.707106781186579,-1.75284805949516E-14,0.707106781186516));
#10442=DIRECTION('center_axis',(-1.40638626653832E-14,-0.707106781186538,
0.707106781186557));
#10443=DIRECTION('ref_axis',(-1.,8.21224891012284E-16,-1.9068080429725E-14));
#10444=DIRECTION('',(-1.,-2.46583935241435E-14,-4.45476988448802E-14));
#10445=DIRECTION('center_axis',(1.,-8.21224891005993E-16,4.35862175016949E-14));
#10446=DIRECTION('ref_axis',(4.35862175016947E-14,-2.54968438793893E-13,
-1.));
#10447=DIRECTION('',(-8.212248910059E-16,-1.,-2.13893658568161E-15));
#10448=DIRECTION('',(-5.38974131027662E-15,-0.819152044288989,0.57357643635105));
#10449=DIRECTION('',(-8.21224891005996E-16,-1.,6.12323399574307E-17));
#10450=DIRECTION('',(4.45476988448801E-14,1.30621461030668E-16,-1.));
#10451=DIRECTION('',(8.21224891005978E-16,1.,3.47455824003993E-16));
#10452=DIRECTION('center_axis',(1.,-8.21224891005993E-16,4.35862175016949E-14));
#10453=DIRECTION('ref_axis',(3.02394162724144E-14,-0.707106781186464,-0.707106781186631));
#10454=DIRECTION('',(4.35862175016949E-14,-2.53673307121253E-15,-1.));
#10455=DIRECTION('',(8.21224891017106E-16,1.,-2.54968438793893E-13));
#10456=DIRECTION('center_axis',(-8.212248910059E-16,-1.,-2.13893658568161E-15));
#10457=DIRECTION('ref_axis',(0.707106781186582,9.3176287495391E-16,-0.707106781186513));
#10458=DIRECTION('',(8.212248910059E-16,1.,2.13893658568161E-15));
#10459=DIRECTION('center_axis',(-5.0660469446591E-14,0.57357643635105,0.819152044288989));
#10460=DIRECTION('ref_axis',(3.64129826556883E-14,0.819152044288989,-0.57357643635105));
#10461=DIRECTION('center_axis',(-4.45476988448801E-14,-2.13893658568156E-15,
1.));
#10462=DIRECTION('ref_axis',(2.47139046753729E-14,-1.,-2.13893658568046E-15));
#10463=DIRECTION('',(2.47139046753729E-14,-1.,-2.13893658568045E-15));
#10464=DIRECTION('',(1.,2.47031258110561E-14,4.45476988448801E-14));
#10465=DIRECTION('center_axis',(-4.45476988448801E-14,-2.13893658568156E-15,
1.));
#10466=DIRECTION('ref_axis',(-1.,8.21224891005748E-16,-4.45476988448801E-14));
#10467=DIRECTION('center_axis',(2.47139046753729E-14,-1.,-2.13893658568045E-15));
#10468=DIRECTION('ref_axis',(-0.707106781186522,-1.59629130212908E-14,-0.707106781186573));
#10469=DIRECTION('',(-2.47139046753729E-14,1.,2.13893658568045E-15));
#10470=DIRECTION('center_axis',(-5.0660469446591E-14,0.57357643635105,0.819152044288989));
#10471=DIRECTION('ref_axis',(5.24969198111475E-15,0.819152044288989,-0.57357643635105));
#10472=DIRECTION('center_axis',(-1.,-2.47139046753729E-14,-4.45476988448801E-14));
#10473=DIRECTION('ref_axis',(4.45476988448801E-14,1.30621461030668E-16,
-1.));
#10474=DIRECTION('',(2.47139046753729E-14,-1.,6.12323399585414E-17));
#10475=DIRECTION('',(4.45476988448801E-14,1.30621461030668E-16,-1.));
#10476=DIRECTION('',(-2.47139046753615E-14,1.,-2.54968438793894E-13));
#10477=DIRECTION('center_axis',(-1.,-2.47139046753729E-14,-4.45476988448801E-14));
#10478=DIRECTION('ref_axis',(-1.40246103539231E-14,-0.707106781186456,0.707106781186639));
#10479=DIRECTION('',(-4.45476988448802E-14,2.53673307121253E-15,1.));
#10480=DIRECTION('center_axis',(-1.,-2.47139046753729E-14,-4.45476988448801E-14));
#10481=DIRECTION('ref_axis',(4.8975349525025E-14,-0.707106781186547,-0.707106781186548));
#10482=DIRECTION('',(2.47139046753729E-14,-1.,-3.47455824002832E-16));
#10483=DIRECTION('',(4.45476988448801E-14,1.00608557099122E-15,-1.));
#10484=DIRECTION('',(-2.47139046753729E-14,1.,-6.12323399585919E-17));
#10485=DIRECTION('',(-5.3070648138913E-15,-0.819152044288989,0.57357643635105));
#10486=DIRECTION('center_axis',(2.47139046753729E-14,-1.,6.12323399585414E-17));
#10487=DIRECTION('ref_axis',(-0.707106781186579,-1.74320717827423E-14,0.707106781186516));
#10488=DIRECTION('',(-2.47139046753729E-14,1.,-6.12323399585414E-17));
#10489=DIRECTION('center_axis',(2.46583935241435E-14,-1.,-1.30621461029603E-16));
#10490=DIRECTION('ref_axis',(-0.707106781186579,-1.75284805949516E-14,0.707106781186516));
#10491=DIRECTION('center_axis',(-4.45476988448802E-14,6.12323399574252E-17,
1.));
#10492=DIRECTION('ref_axis',(-1.,-2.46583935241435E-14,-4.45476988448802E-14));
#10493=DIRECTION('',(-8.21224891008202E-16,-1.,6.12323399573802E-17));
#10494=DIRECTION('',(-1.,-2.46583935241435E-14,-4.45476988448802E-14));
#10495=DIRECTION('center_axis',(4.45476988448801E-14,-6.12323399574252E-17,
-1.));
#10496=DIRECTION('ref_axis',(1.,-8.21224891005747E-16,4.45476988448801E-14));
#10497=DIRECTION('center_axis',(4.45476988448802E-14,-6.12323399574252E-17,
-1.));
#10498=DIRECTION('ref_axis',(1.,-8.21224891005748E-16,4.45476988448802E-14));
#10499=DIRECTION('',(-8.21224891005743E-16,-1.,6.12323399573802E-17));
#10500=DIRECTION('',(-1.,8.21224891005741E-16,-4.45476988448802E-14));
#10501=DIRECTION('',(8.21224891005743E-16,1.,-6.12323399573802E-17));
#10502=DIRECTION('',(1.,-8.21224891005741E-16,4.45476988448802E-14));
#10503=DIRECTION('center_axis',(8.21224891008202E-16,1.,-6.12323399573802E-17));
#10504=DIRECTION('ref_axis',(0.707106781186518,-5.37395886499273E-16,0.707106781186577));
#10505=DIRECTION('',(8.21224891008202E-16,1.,-6.12323399573802E-17));
#10506=DIRECTION('center_axis',(2.46583935241435E-14,-1.,-1.30621461029603E-16));
#10507=DIRECTION('ref_axis',(0.707106781186518,1.73437539532251E-14,0.707106781186577));
#10508=DIRECTION('center_axis',(-1.40638626653874E-14,-0.707106781186544,
0.707106781186551));
#10509=DIRECTION('ref_axis',(-1.,8.21224891012207E-16,-1.90680804297312E-14));
#10510=DIRECTION('',(-0.577350269189659,0.577350269189618,0.577350269189601));
#10511=DIRECTION('',(-1.,-2.46583935241435E-14,-4.45476988448867E-14));
#10512=DIRECTION('',(-0.577350269189598,-0.577350269189636,-0.577350269189643));
#10513=DIRECTION('center_axis',(4.89360972135637E-14,-0.707106781186551,
-0.707106781186544));
#10514=DIRECTION('ref_axis',(1.,-8.21224890999312E-16,7.00273172600297E-14));
#10515=DIRECTION('',(0.577350269189645,0.577350269189632,-0.5773502691896));
#10516=DIRECTION('',(1.,2.46583935241435E-14,4.45476988448866E-14));
#10517=DIRECTION('',(0.577350269189603,-0.577350269189614,0.577350269189661));
#10518=DIRECTION('center_axis',(0.707106781186555,-0.70710678118654,3.14076166186125E-14));
#10519=DIRECTION('ref_axis',(2.10551361410032E-13,2.54968438793893E-13,
1.));
#10520=DIRECTION('',(-4.45476988448866E-14,-1.30621461030668E-16,1.));
#10521=DIRECTION('center_axis',(-0.70710678118654,-0.707106781186555,-3.15923432603384E-14));
#10522=DIRECTION('ref_axis',(2.99646759099816E-13,-2.54968438793894E-13,
-1.));
#10523=DIRECTION('',(4.45476988448866E-14,1.30621461030668E-16,-1.));
#10524=DIRECTION('center_axis',(1.,-8.21224891005748E-16,4.45476988448866E-14));
#10525=DIRECTION('ref_axis',(-4.45476988448864E-14,2.54968438793893E-13,
1.));
#10526=DIRECTION('',(-8.21224891005773E-16,-1.,5.68762865500294E-16));
#10527=DIRECTION('',(4.45476988448866E-14,-8.28229844425755E-15,-1.));
#10528=DIRECTION('',(-8.21224891006689E-16,-1.,2.11338455969255E-14));
#10529=DIRECTION('',(-3.20806736287848E-14,-0.707106781186548,0.707106781186547));
#10530=DIRECTION('',(-8.21224891005383E-16,-1.,-8.19553741355191E-15));
#10531=DIRECTION('',(8.21224891015567E-16,1.,-2.20428166916666E-13));
#10532=DIRECTION('',(-3.0919286250166E-14,0.707106781186549,0.707106781186546));
#10533=DIRECTION('',(8.21224891005878E-16,1.,-2.91780008656154E-15));
#10534=DIRECTION('',(4.45476988448866E-14,-4.72416904338308E-15,-1.));
#10535=DIRECTION('',(8.21224891005688E-16,1.,1.33447660528561E-15));
#10536=DIRECTION('center_axis',(-4.45476988448866E-14,5.6876286550034E-16,
1.));
#10537=DIRECTION('ref_axis',(-8.21224891005773E-16,-1.,5.68762865500303E-16));
#10538=DIRECTION('',(-8.21224891005773E-16,-1.,5.68762865500294E-16));
#10539=DIRECTION('',(1.,-8.21224891005748E-16,4.45476988448866E-14));
#10540=DIRECTION('center_axis',(4.89360972135636E-14,-0.707106781186559,
-0.707106781186536));
#10541=DIRECTION('ref_axis',(1.,-8.21224890999287E-16,7.00273172600303E-14));
#10542=DIRECTION('',(0.57735026918964,0.57735026918963,-0.577350269189607));
#10543=DIRECTION('',(1.,2.46583935241435E-14,4.45476988448866E-14));
#10544=DIRECTION('',(0.5773502691896,-0.577350269189609,0.577350269189669));
#10545=DIRECTION('center_axis',(-1.40638626653873E-14,-0.707106781186546,
0.707106781186549));
#10546=DIRECTION('ref_axis',(-1.,8.21224891012289E-16,-1.9068080429731E-14));
#10547=DIRECTION('',(-0.577350269189662,0.577350269189613,0.577350269189603));
#10548=DIRECTION('',(-1.,-2.46583935241435E-14,-4.45476988448867E-14));
#10549=DIRECTION('',(-0.577350269189599,-0.577350269189634,-0.577350269189644));
#10550=DIRECTION('center_axis',(-0.707106781186539,-0.707106781186556,-3.15923432603384E-14));
#10551=DIRECTION('ref_axis',(2.99646759099817E-13,-2.54968438793894E-13,
-1.));
#10552=DIRECTION('',(4.45476988448866E-14,1.30621461030668E-16,-1.));
#10553=DIRECTION('center_axis',(0.707106781186557,-0.707106781186538,3.14076166186126E-14));
#10554=DIRECTION('ref_axis',(2.10551361410031E-13,2.54968438793893E-13,
1.));
#10555=DIRECTION('',(-4.45476988448866E-14,-1.30621461030668E-16,1.));
#10556=DIRECTION('center_axis',(-1.,8.21224891005748E-16,-4.45476988448866E-14));
#10557=DIRECTION('ref_axis',(4.45476988448864E-14,-2.54968438793893E-13,
-1.));
#10558=DIRECTION('',(-8.21224891005688E-16,-1.,-1.33447660528561E-15));
#10559=DIRECTION('',(-4.45476988448866E-14,4.72416904338308E-15,1.));
#10560=DIRECTION('',(-8.21224891005878E-16,-1.,2.91780008656154E-15));
#10561=DIRECTION('',(3.0919286250166E-14,-0.707106781186549,-0.707106781186546));
#10562=DIRECTION('',(-8.21224891015567E-16,-1.,2.20428166916666E-13));
#10563=DIRECTION('',(8.21224891005383E-16,1.,8.19553741355191E-15));
#10564=DIRECTION('',(3.20806736287848E-14,0.707106781186548,-0.707106781186547));
#10565=DIRECTION('',(8.21224891006689E-16,1.,-2.11338455969255E-14));
#10566=DIRECTION('',(-4.45476988448866E-14,8.28229844425755E-15,1.));
#10567=DIRECTION('',(8.21224891005773E-16,1.,-5.68762865500294E-16));
#10568=DIRECTION('center_axis',(4.45476988448866E-14,1.33447660528556E-15,
-1.));
#10569=DIRECTION('ref_axis',(-8.21224891005688E-16,-1.,-1.3344766052856E-15));
#10570=DIRECTION('',(-8.21224891005688E-16,-1.,-1.33447660528561E-15));
#10571=DIRECTION('',(-1.,8.21224891005748E-16,-4.45476988448866E-14));
#10572=DIRECTION('center_axis',(-3.09192862501662E-14,0.707106781186547,
0.707106781186548));
#10573=DIRECTION('ref_axis',(3.20806736287848E-14,0.707106781186548,-0.707106781186547));
#10574=DIRECTION('',(-3.20806736287848E-14,-0.707106781186548,0.707106781186547));
#10575=DIRECTION('',(-1.,8.21224891005748E-16,-4.45476988448866E-14));
#10576=DIRECTION('',(-1.,8.21224891005748E-16,-4.45476988448866E-14));
#10577=DIRECTION('center_axis',(-4.45476988448866E-14,2.11338455969256E-14,
1.));
#10578=DIRECTION('ref_axis',(8.21224891006689E-16,1.,-2.11338455969256E-14));
#10579=DIRECTION('',(-8.21224891006689E-16,-1.,2.11338455969255E-14));
#10580=DIRECTION('',(-1.,8.21224891005748E-16,-4.45476988448866E-14));
#10581=DIRECTION('center_axis',(-8.21224891006117E-16,-1.,8.2822984442575E-15));
#10582=DIRECTION('ref_axis',(-4.45476988448866E-14,8.28229844425754E-15,
1.));
#10583=DIRECTION('',(4.45476988448866E-14,-8.28229844425755E-15,-1.));
#10584=DIRECTION('',(-1.,8.21224891005748E-16,-4.45476988448866E-14));
#10585=DIRECTION('center_axis',(-4.45476988448866E-14,5.6876286550034E-16,
1.));
#10586=DIRECTION('ref_axis',(8.21224891005773E-16,1.,-5.68762865500303E-16));
#10587=DIRECTION('',(-8.21224891005773E-16,-1.,5.68762865500294E-16));
#10588=DIRECTION('center_axis',(-8.21224891005958E-16,-1.,4.72416904338304E-15));
#10589=DIRECTION('ref_axis',(-4.45476988448866E-14,4.72416904338308E-15,
1.));
#10590=DIRECTION('',(-4.45476988448866E-14,4.72416904338308E-15,1.));
#10591=DIRECTION('',(-1.,8.21224891005748E-16,-4.45476988448866E-14));
#10592=DIRECTION('center_axis',(4.45476988448866E-14,-2.91780008656158E-15,
-1.));
#10593=DIRECTION('ref_axis',(-8.21224891005878E-16,-1.,2.91780008656154E-15));
#10594=DIRECTION('',(-8.21224891005878E-16,-1.,2.91780008656154E-15));
#10595=DIRECTION('',(-1.,8.21224891005748E-16,-4.45476988448866E-14));
#10596=DIRECTION('center_axis',(3.20806736287849E-14,0.707106781186546,
-0.707106781186549));
#10597=DIRECTION('ref_axis',(3.0919286250166E-14,-0.707106781186549,-0.707106781186546));
#10598=DIRECTION('',(3.0919286250166E-14,-0.707106781186549,-0.707106781186546));
#10599=DIRECTION('',(-1.,8.21224891005748E-16,-4.45476988448866E-14));
#10600=DIRECTION('center_axis',(4.45476988448865E-14,-2.20428166916666E-13,
-1.));
#10601=DIRECTION('ref_axis',(-8.21224891015567E-16,-1.,2.20428166916666E-13));
#10602=DIRECTION('',(-8.21224891015567E-16,-1.,2.20428166916666E-13));
#10603=DIRECTION('center_axis',(-4.45476988448867E-14,-8.19553741355186E-15,
1.));
#10604=DIRECTION('ref_axis',(8.21224891005383E-16,1.,8.1955374135519E-15));
#10605=DIRECTION('',(-8.21224891005383E-16,-1.,-8.19553741355191E-15));
#10606=DIRECTION('center_axis',(1.,-8.21224891005748E-16,4.45476988448866E-14));
#10607=DIRECTION('ref_axis',(-8.21224891017106E-16,-1.,2.54968438793893E-13));
#10608=DIRECTION('center_axis',(4.45476988448865E-14,-2.20428166916666E-13,
-1.));
#10609=DIRECTION('ref_axis',(8.21224891015567E-16,1.,-2.20428166916666E-13));
#10610=DIRECTION('',(-8.21224891015567E-16,-1.,2.20428166916666E-13));
#10611=DIRECTION('',(1.,-8.21224891005748E-16,4.45476988448866E-14));
#10612=DIRECTION('center_axis',(3.20806736287849E-14,0.707106781186546,
-0.707106781186549));
#10613=DIRECTION('ref_axis',(-3.0919286250166E-14,0.707106781186549,0.707106781186546));
#10614=DIRECTION('',(3.0919286250166E-14,-0.707106781186549,-0.707106781186546));
#10615=DIRECTION('',(1.,-8.21224891005748E-16,4.45476988448866E-14));
#10616=DIRECTION('center_axis',(4.45476988448866E-14,-2.91780008656158E-15,
-1.));
#10617=DIRECTION('ref_axis',(8.21224891005878E-16,1.,-2.91780008656154E-15));
#10618=DIRECTION('',(-8.21224891005878E-16,-1.,2.91780008656154E-15));
#10619=DIRECTION('',(1.,-8.21224891005748E-16,4.45476988448866E-14));
#10620=DIRECTION('center_axis',(-8.21224891005958E-16,-1.,4.72416904338304E-15));
#10621=DIRECTION('ref_axis',(4.45476988448866E-14,-4.72416904338308E-15,
-1.));
#10622=DIRECTION('',(-4.45476988448866E-14,4.72416904338308E-15,1.));
#10623=DIRECTION('',(1.,-8.21224891005748E-16,4.45476988448866E-14));
#10624=DIRECTION('center_axis',(4.45476988448866E-14,1.33447660528556E-15,
-1.));
#10625=DIRECTION('ref_axis',(8.21224891005688E-16,1.,1.3344766052856E-15));
#10626=DIRECTION('',(-8.21224891005688E-16,-1.,-1.33447660528561E-15));
#10627=DIRECTION('center_axis',(-8.21224891006117E-16,-1.,8.2822984442575E-15));
#10628=DIRECTION('ref_axis',(4.45476988448866E-14,-8.28229844425754E-15,
-1.));
#10629=DIRECTION('',(4.45476988448866E-14,-8.28229844425755E-15,-1.));
#10630=DIRECTION('',(1.,-8.21224891005748E-16,4.45476988448866E-14));
#10631=DIRECTION('center_axis',(-4.45476988448866E-14,2.11338455969256E-14,
1.));
#10632=DIRECTION('ref_axis',(-8.21224891006689E-16,-1.,2.11338455969256E-14));
#10633=DIRECTION('',(-8.21224891006689E-16,-1.,2.11338455969255E-14));
#10634=DIRECTION('',(1.,-8.21224891005748E-16,4.45476988448866E-14));
#10635=DIRECTION('center_axis',(-3.09192862501662E-14,0.707106781186547,
0.707106781186548));
#10636=DIRECTION('ref_axis',(-3.20806736287848E-14,-0.707106781186548,0.707106781186547));
#10637=DIRECTION('',(-3.20806736287848E-14,-0.707106781186548,0.707106781186547));
#10638=DIRECTION('',(1.,-8.21224891005748E-16,4.45476988448866E-14));
#10639=DIRECTION('center_axis',(-4.45476988448867E-14,-8.19553741355186E-15,
1.));
#10640=DIRECTION('ref_axis',(-8.21224891005383E-16,-1.,-8.1955374135519E-15));
#10641=DIRECTION('',(-8.21224891005383E-16,-1.,-8.19553741355191E-15));
#10642=DIRECTION('center_axis',(1.,-8.21224891005748E-16,4.45476988448866E-14));
#10643=DIRECTION('ref_axis',(-8.21224891017106E-16,-1.,2.54968438793893E-13));
#10644=DIRECTION('center_axis',(2.44485653750796E-16,1.,1.43485010351022E-14));
#10645=DIRECTION('ref_axis',(0.499999999999969,-1.25484092295015E-14,0.866025403784457));
#10646=DIRECTION('',(2.44485653750796E-16,1.,1.43485010351022E-14));
#10647=DIRECTION('center_axis',(-0.500000000000037,-1.23039235757501E-14,
0.866025403784418));
#10648=DIRECTION('ref_axis',(0.866025403784418,2.12894844779067E-14,0.500000000000037));
#10649=DIRECTION('',(2.44576992750822E-14,-1.,-5.53659533588936E-16));
#10650=DIRECTION('center_axis',(2.44485653762786E-16,1.,-2.54635458240012E-13));
#10651=DIRECTION('ref_axis',(-0.500000000000046,2.20643018367017E-13,0.866025403784412));
#10652=DIRECTION('',(-2.44485653762786E-16,-1.,2.54635458240012E-13));
#10653=DIRECTION('center_axis',(2.51024827339937E-14,-1.,-1.96248945166101E-15));
#10654=DIRECTION('ref_axis',(1.,2.51024827339936E-14,4.45754544204956E-14));
#10655=DIRECTION('center_axis',(2.51024827339937E-14,-1.,-1.96248945166101E-15));
#10656=DIRECTION('ref_axis',(1.,2.51024827339936E-14,3.56659146478788E-14));
#10657=DIRECTION('',(-4.45476988448801E-14,-1.96248945166213E-15,1.));
#10658=DIRECTION('center_axis',(2.51024827339937E-14,-1.,-1.96248945166101E-15));
#10659=DIRECTION('ref_axis',(0.500000000000046,1.42508070867954E-14,-0.866025403784412));
#10660=DIRECTION('',(0.866025403784416,2.07581430198676E-14,0.50000000000004));
#10661=DIRECTION('center_axis',(2.51024827339937E-14,-1.,-1.96248945166101E-15));
#10662=DIRECTION('ref_axis',(-0.499999999999962,-1.08516756471984E-14,-0.866025403784461));
#10663=DIRECTION('',(0.866025403784461,2.27206324715297E-14,-0.499999999999962));
#10664=DIRECTION('center_axis',(2.51024827339937E-14,-1.,-1.96248945166101E-15));
#10665=DIRECTION('ref_axis',(-1.,-2.51024827339936E-14,-4.45476988448802E-14));
#10666=DIRECTION('',(4.26247361584965E-14,1.96248945166208E-15,-1.));
#10667=DIRECTION('center_axis',(2.51024827339937E-14,-1.,-1.96248945166101E-15));
#10668=DIRECTION('ref_axis',(-0.500000000000044,-1.42508070867953E-14,0.866025403784413));
#10669=DIRECTION('',(-0.866025403784417,-2.07581430198677E-14,-0.500000000000037));
#10670=DIRECTION('center_axis',(2.51024827339937E-14,-1.,-1.96248945166101E-15));
#10671=DIRECTION('ref_axis',(0.499999999999956,1.08516756471983E-14,0.866025403784464));
#10672=DIRECTION('',(-0.866025403784461,-2.27206324715297E-14,0.499999999999961));
#10673=DIRECTION('center_axis',(-2.47139046753729E-14,1.,1.6081226496649E-16));
#10674=DIRECTION('ref_axis',(-0.499999999999962,-1.22176848309844E-14,-0.866025403784461));
#10675=DIRECTION('',(-2.47139046753729E-14,1.,1.6081226496649E-16));
#10676=DIRECTION('',(-2.47139046753729E-14,1.,1.6081226496649E-16));
#10677=DIRECTION('center_axis',(0.50000000000004,1.24962198443885E-14,-0.866025403784416));
#10678=DIRECTION('ref_axis',(-0.866025403784416,-2.12894844779066E-14,-0.50000000000004));
#10679=DIRECTION('',(-2.47139046753729E-14,1.,1.6081226496649E-16));
#10680=DIRECTION('center_axis',(-2.47139046753729E-14,1.,1.6081226496649E-16));
#10681=DIRECTION('ref_axis',(0.500000000000046,1.24962198443887E-14,-0.866025403784412));
#10682=DIRECTION('',(-2.47139046753729E-14,1.,1.6081226496649E-16));
#10683=DIRECTION('center_axis',(1.,2.47139046753729E-14,4.45476988448801E-14));
#10684=DIRECTION('ref_axis',(4.45476988448801E-14,1.30621461030668E-16,
-1.));
#10685=DIRECTION('',(-2.47139046753729E-14,1.,1.6081226496649E-16));
#10686=DIRECTION('center_axis',(-2.47139046753729E-14,1.,1.6081226496649E-16));
#10687=DIRECTION('ref_axis',(1.,2.47139046753729E-14,3.56659146478788E-14));
#10688=DIRECTION('',(-2.47139046753729E-14,1.,1.6081226496649E-16));
#10689=DIRECTION('center_axis',(0.499999999999961,1.22176848309844E-14,
0.866025403784461));
#10690=DIRECTION('ref_axis',(0.866025403784461,2.14201059389373E-14,-0.499999999999961));
#10691=DIRECTION('',(-2.47139046753729E-14,1.,1.6081226496649E-16));
#10692=DIRECTION('center_axis',(-0.499999999999961,-1.22176848309844E-14,
-0.866025403784461));
#10693=DIRECTION('ref_axis',(0.866025403784461,-1.93278430513493E-15,-0.499999999999961));
#10694=DIRECTION('center_axis',(2.51024827339937E-14,-1.,-1.96248945166101E-15));
#10695=DIRECTION('ref_axis',(1.,2.51024827339936E-14,4.45754544204956E-14));
#10696=DIRECTION('center_axis',(2.51024827339937E-14,-1.,-1.96248945166101E-15));
#10697=DIRECTION('ref_axis',(-4.454769884488E-14,-1.96248945166213E-15,
1.));
#10698=DIRECTION('center_axis',(2.51024827339937E-14,-1.,-1.96248945166101E-15));
#10699=DIRECTION('ref_axis',(1.,2.51024827339936E-14,4.45476988448867E-14));
#10700=DIRECTION('',(-4.45476988448866E-14,-1.96248945166213E-15,1.));
#10701=DIRECTION('center_axis',(2.51024827339937E-14,-1.,-1.96248945166101E-15));
#10702=DIRECTION('ref_axis',(0.500000000000046,1.42508070867954E-14,-0.866025403784412));
#10703=DIRECTION('',(0.866025403784419,2.07581430198677E-14,0.500000000000034));
#10704=DIRECTION('center_axis',(2.51024827339937E-14,-1.,-1.96248945166101E-15));
#10705=DIRECTION('ref_axis',(-0.499999999999961,-1.08516756471984E-14,-0.866025403784461));
#10706=DIRECTION('',(0.866025403784461,2.27206324715298E-14,-0.499999999999961));
#10707=DIRECTION('center_axis',(2.51024827339937E-14,-1.,-1.96248945166101E-15));
#10708=DIRECTION('ref_axis',(-1.,-2.51024827339936E-14,-4.45476988448866E-14));
#10709=DIRECTION('',(3.49304829488513E-14,1.96248945166187E-15,-1.));
#10710=DIRECTION('center_axis',(8.21224891017106E-16,1.,-2.54968438793893E-13));
#10711=DIRECTION('ref_axis',(-0.499999999999961,-2.20398532713266E-13,-0.866025403784461));
#10712=DIRECTION('',(8.21224891017106E-16,1.,-2.54968438793893E-13));
#10713=DIRECTION('',(8.21224891017106E-16,1.,-2.54968438793893E-13));
#10714=DIRECTION('center_axis',(-0.500000000000034,2.21219757604273E-13,
0.866025403784419));
#10715=DIRECTION('ref_axis',(0.866025403784419,1.26773017779114E-13,0.500000000000034));
#10716=DIRECTION('',(8.21224891017106E-16,1.,-2.54968438793893E-13));
#10717=DIRECTION('center_axis',(0.500000000000034,-2.21219757604273E-13,
-0.866025403784419));
#10718=DIRECTION('ref_axis',(-0.866025403784419,-4.09451703597978E-16,-0.500000000000034));
#10719=DIRECTION('center_axis',(8.21224891017106E-16,1.,-2.54968438793893E-13));
#10720=DIRECTION('ref_axis',(0.500000000000046,-2.21219757604271E-13,-0.866025403784412));
#10721=DIRECTION('',(8.21224891017106E-16,1.,-2.54968438793893E-13));
#10722=DIRECTION('center_axis',(-1.,8.21224891005748E-16,-4.45476988448866E-14));
#10723=DIRECTION('ref_axis',(-4.45476988448864E-14,2.54968438793893E-13,
1.));
#10724=DIRECTION('',(8.21224891017106E-16,1.,-2.54968438793893E-13));
#10725=DIRECTION('center_axis',(1.,-8.21224891005748E-16,4.45476988448866E-14));
#10726=DIRECTION('ref_axis',(-8.21224891005848E-16,-1.,2.24130664285805E-15));
#10727=DIRECTION('center_axis',(8.21224891017106E-16,1.,-2.54968438793893E-13));
#10728=DIRECTION('ref_axis',(1.,-8.21224891005748E-16,4.45476988448867E-14));
#10729=DIRECTION('center_axis',(8.21224891017106E-16,1.,-2.54968438793893E-13));
#10730=DIRECTION('ref_axis',(0.500000000000031,-2.21219757604273E-13,-0.866025403784421));
#10731=DIRECTION('',(8.21224891017106E-16,1.,-2.54968438793893E-13));
#10732=DIRECTION('center_axis',(-1.,8.21224891005503E-16,-4.55091801880784E-14));
#10733=DIRECTION('ref_axis',(-4.55091801880782E-14,2.54968438793893E-13,
1.));
#10734=DIRECTION('',(8.21224891017106E-16,1.,-2.54968438793893E-13));
#10735=DIRECTION('center_axis',(8.21224891017106E-16,1.,-2.54968438793893E-13));
#10736=DIRECTION('ref_axis',(1.,-8.21224891007635E-16,3.71462120140522E-14));
#10737=DIRECTION('',(8.21224891017106E-16,1.,-2.54968438793893E-13));
#10738=DIRECTION('center_axis',(-0.499999999999957,-2.20398532713267E-13,
-0.866025403784464));
#10739=DIRECTION('ref_axis',(-0.866025403784464,1.28195421014777E-13,0.499999999999957));
#10740=DIRECTION('center_axis',(2.51024827339937E-14,-1.,-1.96248945166101E-15));
#10741=DIRECTION('ref_axis',(1.,2.51024827339936E-14,4.45754544204956E-14));
#10742=DIRECTION('center_axis',(2.51024827339937E-14,-1.,-1.96248945166101E-15));
#10743=DIRECTION('ref_axis',(1.,2.51024827339936E-14,4.45476988448867E-14));
#10744=DIRECTION('',(-3.9739090896869E-14,-1.96248945166202E-15,1.));
#10745=DIRECTION('center_axis',(2.51024827339937E-14,-1.,-1.96248945166101E-15));
#10746=DIRECTION('ref_axis',(0.500000000000045,1.42508070867954E-14,-0.866025403784413));
#10747=DIRECTION('',(0.866025403784419,2.07581430198677E-14,0.500000000000034));
#10748=DIRECTION('center_axis',(2.51024827339937E-14,-1.,-1.96248945166101E-15));
#10749=DIRECTION('ref_axis',(-0.499999999999962,-1.08516756471984E-14,-0.866025403784461));
#10750=DIRECTION('',(0.866025403784461,2.27206324715297E-14,-0.499999999999961));
#10751=DIRECTION('center_axis',(2.51024827339937E-14,-1.,-1.96248945166101E-15));
#10752=DIRECTION('ref_axis',(-1.,-2.51024827339935E-14,-8.28966525053448E-14));
#10753=DIRECTION('',(8.65549430643153E-14,1.96248945166319E-15,-1.));
#10754=DIRECTION('center_axis',(2.51024827339937E-14,-1.,-1.96248945166101E-15));
#10755=DIRECTION('ref_axis',(-7.99360577730123E-14,-1.96248945166302E-15,
1.));
#10756=DIRECTION('center_axis',(-0.500000000000034,2.21219757604273E-13,
0.866025403784419));
#10757=DIRECTION('ref_axis',(0.866025403784419,1.26773017779114E-13,0.500000000000034));
#10758=DIRECTION('',(8.21224891017106E-16,1.,-2.54968438793893E-13));
#10759=DIRECTION('center_axis',(0.500000000000034,-2.21219757604273E-13,
-0.866025403784419));
#10760=DIRECTION('ref_axis',(-0.866025403784419,-4.09451703597978E-16,-0.500000000000034));
#10761=DIRECTION('',(8.21224891017106E-16,1.,-2.54968438793893E-13));
#10762=DIRECTION('center_axis',(8.21224891017106E-16,1.,-2.54968438793893E-13));
#10763=DIRECTION('ref_axis',(0.500000000000045,-2.21219757604271E-13,-0.866025403784413));
#10764=DIRECTION('',(8.21224891017106E-16,1.,-2.54968438793893E-13));
#10765=DIRECTION('center_axis',(-1.,8.21224891006974E-16,-3.9739090896869E-14));
#10766=DIRECTION('ref_axis',(-3.97390908968688E-14,2.54968438793893E-13,
1.));
#10767=DIRECTION('',(8.21224891017106E-16,1.,-2.54968438793893E-13));
#10768=DIRECTION('center_axis',(1.,-8.21224891006974E-16,3.9739090896869E-14));
#10769=DIRECTION('ref_axis',(-8.21224891007063E-16,-1.,2.24130664285805E-15));
#10770=DIRECTION('center_axis',(8.21224891017106E-16,1.,-2.54968438793893E-13));
#10771=DIRECTION('ref_axis',(1.,-8.21224891005748E-16,4.45476988448867E-14));
#10772=DIRECTION('center_axis',(2.51024827339937E-14,-1.,-1.96248945166101E-15));
#10773=DIRECTION('ref_axis',(1.,2.51024827339936E-14,4.45754544204956E-14));
#10774=DIRECTION('center_axis',(2.51024827339937E-14,-1.,-1.96248945166101E-15));
#10775=DIRECTION('ref_axis',(-0.499999999999962,-1.08516756471984E-14,-0.866025403784461));
#10776=DIRECTION('',(0.866025403784461,2.27206324715297E-14,-0.499999999999962));
#10777=DIRECTION('center_axis',(2.51024827339937E-14,-1.,-1.96248945166101E-15));
#10778=DIRECTION('ref_axis',(-1.,-2.51024827339936E-14,-4.45476988448802E-14));
#10779=DIRECTION('',(4.26247361584965E-14,1.96248945166208E-15,-1.));
#10780=DIRECTION('center_axis',(2.51024827339937E-14,-1.,-1.96248945166101E-15));
#10781=DIRECTION('ref_axis',(-0.707106781186579,-1.91378253651025E-14,0.707106781186516));
#10782=DIRECTION('center_axis',(2.51024827339937E-14,-1.,-1.96248945166101E-15));
#10783=DIRECTION('ref_axis',(0.707106781186513,1.63624461665477E-14,0.707106781186582));
#10784=DIRECTION('',(-4.45476988448801E-14,-1.96248945166213E-15,1.));
#10785=DIRECTION('center_axis',(2.51024827339937E-14,-1.,-1.96248945166101E-15));
#10786=DIRECTION('ref_axis',(0.500000000000046,1.42508070867954E-14,-0.866025403784412));
#10787=DIRECTION('',(0.866025403784416,2.07581430198676E-14,0.50000000000004));
#10788=DIRECTION('center_axis',(-2.46583935241416E-14,1.,1.6081226496654E-16));
#10789=DIRECTION('ref_axis',(-0.499999999999962,-1.21899292553687E-14,-0.866025403784461));
#10790=DIRECTION('',(-2.46583935241416E-14,1.,1.6081226496654E-16));
#10791=DIRECTION('',(-2.46583935241416E-14,1.,1.6081226496654E-16));
#10792=DIRECTION('center_axis',(0.50000000000004,1.24684642687729E-14,-0.866025403784416));
#10793=DIRECTION('ref_axis',(-0.866025403784416,-2.12894844779066E-14,-0.50000000000004));
#10794=DIRECTION('',(-2.46583935241416E-14,1.,1.6081226496654E-16));
#10795=DIRECTION('center_axis',(-0.50000000000004,-1.24684642687729E-14,
0.866025403784416));
#10796=DIRECTION('ref_axis',(-0.866025403784416,-5.10381069472782E-16,-0.50000000000004));
#10797=DIRECTION('center_axis',(-2.46583935241416E-14,1.,1.6081226496654E-16));
#10798=DIRECTION('ref_axis',(0.500000000000046,1.24684642687731E-14,-0.866025403784412));
#10799=DIRECTION('',(-2.46583935241416E-14,1.,1.6081226496654E-16));
#10800=DIRECTION('center_axis',(1.,2.46583935241416E-14,4.45476988448802E-14));
#10801=DIRECTION('ref_axis',(4.45476988448802E-14,1.30621461030668E-16,
-1.));
#10802=DIRECTION('',(2.46583935241302E-14,-1.,2.54968438793894E-13));
#10803=DIRECTION('center_axis',(-1.,-2.46583935241416E-14,-4.45476988448802E-14));
#10804=DIRECTION('ref_axis',(2.46583935241415E-14,-1.,2.44316537460881E-15));
#10805=DIRECTION('center_axis',(-2.46583935241302E-14,1.,-2.54968438793894E-13));
#10806=DIRECTION('ref_axis',(0.707106781186513,1.97726029333796E-13,0.707106781186582));
#10807=DIRECTION('center_axis',(2.51024827339937E-14,-1.,-1.96248945166101E-15));
#10808=DIRECTION('ref_axis',(1.,2.51024827339936E-14,4.45754544204956E-14));
#10809=DIRECTION('center_axis',(2.51024827339937E-14,-1.,-1.96248945166101E-15));
#10810=DIRECTION('ref_axis',(0.500000000000043,1.42508070867953E-14,-0.866025403784414));
#10811=DIRECTION('',(0.866025403784416,2.07581430198676E-14,0.500000000000039));
#10812=DIRECTION('center_axis',(2.51024827339937E-14,-1.,-1.96248945166101E-15));
#10813=DIRECTION('ref_axis',(-0.499999999999962,-1.08516756471984E-14,-0.86602540378446));
#10814=DIRECTION('',(0.866025403784461,2.27206324715297E-14,-0.499999999999962));
#10815=DIRECTION('center_axis',(2.51024827339937E-14,-1.,-1.96248945166101E-15));
#10816=DIRECTION('ref_axis',(-1.,-2.51024827339936E-14,-4.63980705525952E-14));
#10817=DIRECTION('',(5.32010309336127E-14,1.96248945166233E-15,-1.));
#10818=DIRECTION('center_axis',(2.51024827339937E-14,-1.,-1.96248945166101E-15));
#10819=DIRECTION('ref_axis',(-0.500000000000046,-1.42508070867954E-14,0.866025403784412));
#10820=DIRECTION('',(-0.866025403784417,-2.07581430198677E-14,-0.500000000000037));
#10821=DIRECTION('center_axis',(2.51024827339937E-14,-1.,-1.96248945166101E-15));
#10822=DIRECTION('ref_axis',(0.499999999999972,1.08516756471987E-14,0.866025403784455));
#10823=DIRECTION('',(-0.866025403784461,-2.27206324715298E-14,0.499999999999961));
#10824=DIRECTION('center_axis',(2.51024827339937E-14,-1.,-1.96248945166101E-15));
#10825=DIRECTION('ref_axis',(1.,2.51024827339936E-14,5.04688883095539E-14));
#10826=DIRECTION('',(-3.58943667561606E-14,-1.96248945166192E-15,1.));
#10827=DIRECTION('center_axis',(8.21224891017106E-16,1.,-2.54968438793893E-13));
#10828=DIRECTION('ref_axis',(-1.,8.21224891005276E-16,-4.63980705525952E-14));
#10829=DIRECTION('',(8.21224891017106E-16,1.,-2.54968438793893E-13));
#10830=DIRECTION('',(8.21224891017106E-16,1.,-2.54968438793893E-13));
#10831=DIRECTION('center_axis',(0.499999999999962,2.20398532713266E-13,
0.866025403784461));
#10832=DIRECTION('ref_axis',(0.866025403784461,-1.28195421014778E-13,-0.499999999999962));
#10833=DIRECTION('',(8.21224891017106E-16,1.,-2.54968438793893E-13));
#10834=DIRECTION('center_axis',(8.21224891017106E-16,1.,-2.54968438793893E-13));
#10835=DIRECTION('ref_axis',(-0.499999999999962,-2.20398532713266E-13,-0.86602540378446));
#10836=DIRECTION('',(8.21224891017106E-16,1.,-2.54968438793893E-13));
#10837=DIRECTION('center_axis',(-0.500000000000039,2.21219757604272E-13,
0.866025403784416));
#10838=DIRECTION('ref_axis',(0.866025403784416,1.26773017779116E-13,0.500000000000039));
#10839=DIRECTION('',(8.21224891017106E-16,1.,-2.54968438793893E-13));
#10840=DIRECTION('center_axis',(8.21224891017106E-16,1.,-2.54968438793893E-13));
#10841=DIRECTION('ref_axis',(0.500000000000043,-2.21219757604271E-13,-0.866025403784414));
#10842=DIRECTION('',(8.21224891017106E-16,1.,-2.54968438793893E-13));
#10843=DIRECTION('center_axis',(-1.,8.21224891007954E-16,-3.58943667561606E-14));
#10844=DIRECTION('ref_axis',(-3.58943667561604E-14,2.54968438793893E-13,
1.));
#10845=DIRECTION('',(8.21224891017106E-16,1.,-2.54968438793893E-13));
#10846=DIRECTION('center_axis',(-8.21224891005724E-16,-1.,-3.8285686989248E-16));
#10847=DIRECTION('ref_axis',(-0.707106781186579,3.0997300038454E-16,0.707106781186516));
#10848=DIRECTION('center_axis',(3.20806736287848E-14,0.707106781186548,
-0.707106781186547));
#10849=DIRECTION('ref_axis',(-3.09192862501661E-14,0.707106781186547,0.707106781186548));
#10850=DIRECTION('',(8.21224891005724E-16,1.,3.8285686989248E-16));
#10851=DIRECTION('center_axis',(3.09192862501661E-14,-0.707106781186547,
-0.707106781186548));
#10852=DIRECTION('ref_axis',(-3.20806736287848E-14,-0.707106781186548,0.707106781186547));
#10853=DIRECTION('center_axis',(-4.45476988448866E-14,-3.82856869892435E-16,
1.));
#10854=DIRECTION('ref_axis',(-1.,8.21224891005748E-16,-4.45476988448866E-14));
#10855=DIRECTION('',(-1.,8.21224891005741E-16,-4.45476988448866E-14));
#10856=DIRECTION('',(-8.21224891005724E-16,-1.,-3.8285686989248E-16));
#10857=DIRECTION('',(1.,-8.21224891005741E-16,4.45476988448866E-14));
#10858=DIRECTION('center_axis',(-3.20806736287848E-14,-0.707106781186548,
0.707106781186547));
#10859=DIRECTION('ref_axis',(-1.,8.21224891005774E-16,-4.45476988448866E-14));
#10860=DIRECTION('center_axis',(3.20806736287848E-14,0.707106781186548,
-0.707106781186547));
#10861=DIRECTION('ref_axis',(-3.09192862501661E-14,0.707106781186547,0.707106781186548));
#10862=DIRECTION('center_axis',(8.21224891005724E-16,1.,3.8285686989248E-16));
#10863=DIRECTION('ref_axis',(0.707106781186516,-8.51414378234145E-16,0.707106781186579));
#10864=DIRECTION('center_axis',(3.09192862501661E-14,-0.707106781186547,
-0.707106781186548));
#10865=DIRECTION('ref_axis',(-3.20806736287848E-14,-0.707106781186548,0.707106781186547));
#10866=DIRECTION('center_axis',(-3.09192862501661E-14,0.707106781186547,
0.707106781186548));
#10867=DIRECTION('ref_axis',(-1.,8.21224891005799E-16,-4.45476988448866E-14));
#10868=DIRECTION('center_axis',(4.45476988448866E-14,-2.64502410646444E-15,
-1.));
#10869=DIRECTION('ref_axis',(1.,-8.21224891005741E-16,4.45476988448866E-14));
#10870=DIRECTION('center_axis',(-4.45754544204957E-14,1.89310033058883E-15,
1.));
#10871=DIRECTION('ref_axis',(1.,-8.21224891005741E-16,4.45754544204957E-14));
#10872=DIRECTION('',(4.45476988448866E-14,-2.64502410646444E-15,-1.));
#10873=DIRECTION('center_axis',(-4.45754544204957E-14,1.89310033058883E-15,
1.));
#10874=DIRECTION('ref_axis',(1.,-8.21224891005741E-16,4.45754544204957E-14));
#10875=DIRECTION('center_axis',(4.45754544204957E-14,-1.89310033058883E-15,
-1.));
#10876=DIRECTION('ref_axis',(1.,-8.21224891005747E-16,4.45754544204957E-14));
#10877=DIRECTION('center_axis',(4.45476988448866E-14,-2.64502410646444E-15,
-1.));
#10878=DIRECTION('ref_axis',(1.,-8.21224891005741E-16,4.45476988448866E-14));
#10879=DIRECTION('center_axis',(-4.45754544204957E-14,1.89310033058883E-15,
1.));
#10880=DIRECTION('ref_axis',(1.,-8.21224891005741E-16,4.45754544204957E-14));
#10881=DIRECTION('',(4.45476988448866E-14,-2.64502410646444E-15,-1.));
#10882=DIRECTION('center_axis',(-4.45754544204957E-14,1.89310033058883E-15,
1.));
#10883=DIRECTION('ref_axis',(1.,-8.21224891005741E-16,4.45754544204957E-14));
#10884=DIRECTION('center_axis',(4.45754544204957E-14,-1.89310033058883E-15,
-1.));
#10885=DIRECTION('ref_axis',(1.,-8.21224891005748E-16,4.45754544204957E-14));
#10886=DIRECTION('center_axis',(-8.21224891017106E-16,-1.,2.54968438793893E-13));
#10887=DIRECTION('ref_axis',(0.707106781186475,-1.80870605749045E-13,-0.70710678118662));
#10888=DIRECTION('center_axis',(2.46583935241435E-14,-1.,-1.30621461029603E-16));
#10889=DIRECTION('ref_axis',(0.707106781186475,1.75284805949491E-14,-0.70710678118662));
#10890=DIRECTION('',(-8.21224891017106E-16,-1.,2.54968438793893E-13));
#10891=DIRECTION('center_axis',(8.21224891017106E-16,1.,-2.54968438793893E-13));
#10892=DIRECTION('ref_axis',(1.,-8.21224891008012E-16,3.56659146478854E-14));
#10893=DIRECTION('center_axis',(1.,-8.212248910082E-16,3.49304829488513E-14));
#10894=DIRECTION('ref_axis',(-3.49805654528049E-14,2.53609099532836E-13,
1.));
#10895=DIRECTION('center_axis',(-2.5826037046433E-14,0.673039194390265,
0.739606816365631));
#10896=DIRECTION('ref_axis',(1.,-8.21224891008084E-16,3.56659146478847E-14));
#10897=DIRECTION('center_axis',(-1.,8.212248910082E-16,-3.49304829488513E-14));
#10898=DIRECTION('ref_axis',(-3.28262364051932E-14,-0.364537669042162,0.931188642461509));
#10899=DIRECTION('center_axis',(1.,-8.212248910082E-16,3.49304829488513E-14));
#10900=DIRECTION('ref_axis',(-3.28262364051933E-14,-0.364537669042162,0.931188642461509));
#10901=DIRECTION('center_axis',(-0.847848945629976,0.20380436826922,0.489505816991506));
#10902=DIRECTION('ref_axis',(0.499999999999962,2.20226614722208E-13,0.86602540378446));
#10903=DIRECTION('center_axis',(-0.866025403784461,-1.91144534991891E-13,
0.499999999999962));
#10904=DIRECTION('ref_axis',(0.499999999999962,2.24839424811767E-13,0.866025403784461));
#10905=DIRECTION('center_axis',(-0.467767581118779,-2.24825902628943E-13,
-0.883851509052446));
#10906=DIRECTION('ref_axis',(-0.883851509052446,1.96309738741873E-15,0.467767581118779));
#10907=DIRECTION('center_axis',(0.499999999999961,2.20398532713267E-13,
0.866025403784461));
#10908=DIRECTION('ref_axis',(-0.866025403784461,1.93278430513491E-15,0.499999999999961));
#10909=DIRECTION('center_axis',(8.21224891005861E-16,1.,-2.53673307121249E-15));
#10910=DIRECTION('ref_axis',(4.73695157173389E-14,0.,-1.));
#10911=DIRECTION('center_axis',(0.866025403784454,-3.85044225624298E-15,
-0.499999999999974));
#10912=DIRECTION('ref_axis',(8.21224891006014E-16,1.,-6.27848127682363E-15));
#10913=DIRECTION('center_axis',(8.21224891005861E-16,1.,-2.53673307121249E-15));
#10914=DIRECTION('ref_axis',(0.919537664416602,2.4179366728796E-16,0.393001887679005));
#10915=DIRECTION('center_axis',(-4.45476988448866E-14,6.27848127682367E-15,
1.));
#10916=DIRECTION('ref_axis',(1.,-8.21224891005748E-16,4.45476988448866E-14));
#10917=DIRECTION('center_axis',(-4.45476988448866E-14,2.53673307121253E-15,
1.));
#10918=DIRECTION('ref_axis',(0.707106781186548,0.707106781186547,2.97062387827609E-14));
#10919=DIRECTION('center_axis',(-4.45476988448866E-14,6.2784812778585E-15,
1.));
#10920=DIRECTION('ref_axis',(1.,-8.21224891005748E-16,4.45476988448866E-14));
#10921=DIRECTION('',(4.45476988448866E-14,-2.53673307121253E-15,-1.));
#10922=DIRECTION('center_axis',(-8.21224891005861E-16,-1.,2.53673307121249E-15));
#10923=DIRECTION('ref_axis',(-4.73695157173391E-14,0.,1.));
#10924=DIRECTION('center_axis',(0.866025403784422,2.4280390205768E-15,0.500000000000029));
#10925=DIRECTION('ref_axis',(0.500000000000029,-3.61604477772708E-15,-0.866025403784422));
#10926=DIRECTION('center_axis',(8.21224891005861E-16,1.,-2.53673307121249E-15));
#10927=DIRECTION('ref_axis',(0.866025403784459,-1.97956815343735E-15,-0.499999999999964));
#10928=DIRECTION('center_axis',(-0.866025403784417,-5.57164917775171E-16,
-0.500000000000037));
#10929=DIRECTION('ref_axis',(0.353553390593344,0.707106781186458,-0.612372435695857));
#10930=DIRECTION('center_axis',(0.866025403784422,2.42803902109811E-15,
0.500000000000028));
#10931=DIRECTION('ref_axis',(0.500000000000028,-2.21219757604274E-13,-0.866025403784422));
#10932=DIRECTION('',(-0.866025403784417,-5.57164917775171E-16,-0.500000000000037));
#10933=DIRECTION('center_axis',(-8.21224891005861E-16,-1.,2.53673307121249E-15));
#10934=DIRECTION('ref_axis',(-4.5474735088646E-14,0.,1.));
#10935=DIRECTION('center_axis',(-2.67841304508842E-14,6.27848127948969E-15,
1.));
#10936=DIRECTION('ref_axis',(1.,-8.21224891010277E-16,2.67841304508842E-14));
#10937=DIRECTION('center_axis',(-8.21224891005861E-16,-1.,2.53673307121249E-15));
#10938=DIRECTION('ref_axis',(-0.866025403784497,1.97956815343722E-15,0.499999999999898));
#10939=DIRECTION('center_axis',(4.35862175016949E-14,-2.53673307121253E-15,
-1.));
#10940=DIRECTION('ref_axis',(0.707106781186548,0.707106781186547,2.90263688050057E-14));
#10941=DIRECTION('center_axis',(-4.45476988448866E-14,6.27848127752059E-15,
1.));
#10942=DIRECTION('ref_axis',(1.,-8.21224891005748E-16,4.45476988448866E-14));
#10943=DIRECTION('center_axis',(-1.,8.21224891005993E-16,-4.35862175016949E-14));
#10944=DIRECTION('ref_axis',(4.37257068160062E-14,-2.53609099532836E-13,
-1.));
#10945=DIRECTION('center_axis',(-8.21224890995345E-16,-1.,-2.33529692041177E-13));
#10946=DIRECTION('ref_axis',(1.,-8.21224891005748E-16,4.45476988448866E-14));
#10947=DIRECTION('center_axis',(-8.21224891005978E-16,-1.,-3.47455824003993E-16));
#10948=DIRECTION('ref_axis',(0.70710678118651,-8.26382058625476E-16,0.707106781186585));
#10949=DIRECTION('center_axis',(2.46583935241435E-14,-1.,-1.30621461029603E-16));
#10950=DIRECTION('ref_axis',(0.70710678118651,1.73437539532249E-14,0.707106781186585));
#10951=DIRECTION('',(-8.21224891005978E-16,-1.,-3.47455824003993E-16));
#10952=DIRECTION('center_axis',(0.866025403784461,-1.97956815343736E-15,
-0.499999999999961));
#10953=DIRECTION('ref_axis',(0.35355339059321,0.707106781186622,0.612372435695745));
#10954=DIRECTION('',(0.866025403784461,-1.97956815343736E-15,-0.499999999999961));
#10955=DIRECTION('center_axis',(1.,-8.21224891005748E-16,4.45476988448866E-14));
#10956=DIRECTION('ref_axis',(-8.21224891005857E-16,-1.,2.44316537460767E-15));
#10957=DIRECTION('center_axis',(0.499999999999961,2.20398532713267E-13,
0.866025403784461));
#10958=DIRECTION('ref_axis',(0.866025403784461,-1.83185493926013E-15,-0.499999999999961));
#10959=DIRECTION('center_axis',(-0.500000000000037,2.21219757604273E-13,
0.866025403784417));
#10960=DIRECTION('ref_axis',(-0.866025403784417,-4.09451703597953E-16,-0.500000000000037));
#10961=DIRECTION('center_axis',(0.500000000000037,1.24962198443885E-14,
-0.866025403784417));
#10962=DIRECTION('ref_axis',(-0.866025403784417,-5.10381069472758E-16,-0.500000000000037));
#10963=DIRECTION('center_axis',(-0.499999999999961,-1.22176848309843E-14,
-0.866025403784461));
#10964=DIRECTION('ref_axis',(0.866025403784461,-1.93278430513493E-15,-0.499999999999961));
#10965=DIRECTION('center_axis',(1.,2.47139046753729E-14,4.45476988448801E-14));
#10966=DIRECTION('ref_axis',(-1.40246103539231E-14,-0.707106781186456,0.707106781186639));
#10967=DIRECTION('center_axis',(1.,2.47139046753729E-14,4.4745464170515E-14));
#10968=DIRECTION('ref_axis',(2.47139046753728E-14,-1.,2.44316537460881E-15));
#10969=DIRECTION('center_axis',(0.499999999999962,1.22176848309844E-14,
0.866025403784461));
#10970=DIRECTION('ref_axis',(0.866025403784461,-1.93278430513493E-15,-0.499999999999962));
#10971=DIRECTION('center_axis',(1.,2.46583935241416E-14,4.26247361584966E-14));
#10972=DIRECTION('ref_axis',(2.46583935241415E-14,-1.,2.44316537460876E-15));
#10973=DIRECTION('center_axis',(0.499999999999962,1.21899292553688E-14,
0.866025403784461));
#10974=DIRECTION('ref_axis',(0.866025403784461,-1.93278430513493E-15,-0.499999999999962));
#10975=DIRECTION('center_axis',(1.,2.47139046753731E-14,8.65549430643154E-14));
#10976=DIRECTION('ref_axis',(2.47139046753729E-14,-1.,2.44316537460988E-15));
#10977=DIRECTION('center_axis',(-0.499999999999961,-2.20398532713267E-13,
-0.866025403784461));
#10978=DIRECTION('ref_axis',(0.866025403784461,-1.83185493926013E-15,-0.499999999999961));
#10979=DIRECTION('center_axis',(-1.,8.212248910082E-16,-3.49304829488513E-14));
#10980=DIRECTION('ref_axis',(-8.21224891008278E-16,-1.,2.24130664285805E-15));
#10981=DIRECTION('center_axis',(-0.499999999999961,-2.20398532713267E-13,
-0.866025403784461));
#10982=DIRECTION('ref_axis',(0.866025403784461,-1.83185493926013E-15,-0.499999999999961));
#10983=DIRECTION('center_axis',(4.45476988448801E-14,3.47455824003948E-16,
-1.));
#10984=DIRECTION('ref_axis',(1.,2.47025816894399E-14,4.45476988448801E-14));
#10985=DIRECTION('',(8.21224891017106E-16,1.,-2.54968438793893E-13));
#10986=DIRECTION('',(1.,2.46583935241435E-14,4.45476988448802E-14));
#10987=DIRECTION('',(-2.47139046753729E-14,1.,3.47455824002832E-16));
#10988=DIRECTION('',(-2.48148545767732E-14,1.,3.47455824002832E-16));
#10989=DIRECTION('',(-2.4985658118436E-14,1.,3.47455824002832E-16));
#10990=DIRECTION('center_axis',(-2.46583935241435E-14,1.,1.30621461029603E-16));
#10991=DIRECTION('ref_axis',(-1.,-2.46583935241435E-14,-4.45476988448802E-14));
#10992=DIRECTION('center_axis',(2.46583935241435E-14,-1.,-1.30621461029603E-16));
#10993=DIRECTION('ref_axis',(0.707106781186581,1.75284805949517E-14,-0.707106781186514));
#10994=DIRECTION('',(1.,2.46583935241435E-14,4.45476988448802E-14));
#10995=DIRECTION('center_axis',(2.46583935241435E-14,-1.,-1.30621461029603E-16));
#10996=DIRECTION('ref_axis',(-0.707106781186516,-1.7343753953225E-14,-0.707106781186579));
#10997=DIRECTION('center_axis',(2.46583935241435E-14,-1.,-1.30621461029603E-16));
#10998=DIRECTION('ref_axis',(-0.707106781186573,-1.75284805949515E-14,0.707106781186522));
#10999=DIRECTION('center_axis',(8.21224891017106E-16,1.,-2.54968438793893E-13));
#11000=DIRECTION('ref_axis',(-0.500000000000047,2.21219757604271E-13,0.866025403784412));
#11001=DIRECTION('',(8.21224891017106E-16,1.,-2.54968438793893E-13));
#11002=DIRECTION('center_axis',(0.500000000000037,-2.21219757604273E-13,
-0.866025403784417));
#11003=DIRECTION('ref_axis',(-0.866025403784417,-1.26773017779115E-13,-0.500000000000037));
#11004=DIRECTION('',(2.46129753094982E-14,-1.,-9.88433065144994E-16));
#11005=DIRECTION('center_axis',(-2.47139046753732E-14,1.,9.88433065144943E-16));
#11006=DIRECTION('ref_axis',(-7.99360577730123E-14,-9.88433065146918E-16,
1.));
#11007=DIRECTION('',(-2.47139046753732E-14,1.,9.88433065144943E-16));
#11008=DIRECTION('center_axis',(-1.,-2.47139046753731E-14,-8.65549430643154E-14));
#11009=DIRECTION('ref_axis',(-8.65549430643154E-14,-1.30621461031683E-16,
1.));
#11010=DIRECTION('',(-2.47139046753732E-14,1.,9.88433065144943E-16));
#11011=DIRECTION('center_axis',(-2.47139046753732E-14,1.,9.88433065144943E-16));
#11012=DIRECTION('ref_axis',(-1.,-2.47139046753731E-14,-8.28966525053448E-14));
#11013=DIRECTION('',(-2.47139046753732E-14,1.,9.88433065144943E-16));
#11014=DIRECTION('center_axis',(-2.46129753094982E-14,1.,9.88433065144994E-16));
#11015=DIRECTION('ref_axis',(1.,2.46129753094982E-14,4.73695157173389E-14));
#11016=DIRECTION('',(2.46129753094982E-14,-1.,-9.88433065144994E-16));
#11017=DIRECTION('',(-2.46129753094982E-14,1.,9.88433065144994E-16));
#11018=DIRECTION('center_axis',(-2.46129753094982E-14,1.,9.88433065144994E-16));
#11019=DIRECTION('ref_axis',(0.500000000000044,1.31624957991062E-14,-0.866025403784413));
#11020=DIRECTION('',(2.46129753094982E-14,-1.,-9.88433065144994E-16));
#11021=DIRECTION('center_axis',(-2.46583935241435E-14,1.,1.30621461029603E-16));
#11022=DIRECTION('ref_axis',(-1.,-2.46583935241435E-14,-4.45476988448802E-14));
#11023=DIRECTION('center_axis',(2.46583935241435E-14,-1.,-1.30621461029603E-16));
#11024=DIRECTION('ref_axis',(-0.70710678118651,-1.73437539532249E-14,-0.707106781186585));
#11025=DIRECTION('',(4.5677747298857E-14,1.30621461030719E-16,-1.));
#11026=DIRECTION('center_axis',(1.,-8.21224891005748E-16,4.45476988448866E-14));
#11027=DIRECTION('ref_axis',(4.45476988448864E-14,-2.54968438793893E-13,
-1.));
#11028=DIRECTION('center_axis',(-8.21224891005996E-16,-1.,6.12323399574307E-17));
#11029=DIRECTION('ref_axis',(0.707106781186581,-6.23991492121368E-16,-0.707106781186514));
#11030=DIRECTION('center_axis',(-5.0660469446591E-14,0.57357643635105,0.819152044288989));
#11031=DIRECTION('ref_axis',(3.65323822368169E-14,0.819152044288989,-0.57357643635105));
#11032=DIRECTION('',(8.21224891005996E-16,1.,-6.12323399574307E-17));
#11033=DIRECTION('center_axis',(-5.0660469446591E-14,0.57357643635105,0.819152044288989));
#11034=DIRECTION('ref_axis',(-5.3070648138913E-15,-0.819152044288989,0.57357643635105));
#11035=DIRECTION('center_axis',(-5.0660469446591E-14,0.57357643635105,0.819152044288989));
#11036=DIRECTION('ref_axis',(5.24969198111482E-15,0.819152044288989,-0.57357643635105));
#11037=DIRECTION('',(-1.,-2.47031258110561E-14,-4.45476988448802E-14));
#11038=DIRECTION('center_axis',(1.,-8.21224891003542E-16,5.32010309336127E-14));
#11039=DIRECTION('ref_axis',(5.32010309336125E-14,-2.54968438793893E-13,
-1.));
#11040=DIRECTION('',(8.21224891017106E-16,1.,-2.54968438793893E-13));
#11041=DIRECTION('center_axis',(8.21224891017106E-16,1.,-2.54968438793893E-13));
#11042=DIRECTION('ref_axis',(-0.500000000000046,2.21219757604271E-13,0.866025403784412));
#11043=DIRECTION('',(8.21224891017106E-16,1.,-2.54968438793893E-13));
#11044=DIRECTION('center_axis',(0.500000000000037,-2.21219757604273E-13,
-0.866025403784417));
#11045=DIRECTION('ref_axis',(-0.866025403784417,-1.26773017779115E-13,-0.500000000000037));
#11046=DIRECTION('',(8.21224891017106E-16,1.,-2.54968438793893E-13));
#11047=DIRECTION('center_axis',(8.21224891017106E-16,1.,-2.54968438793893E-13));
#11048=DIRECTION('ref_axis',(0.499999999999972,2.20398532713265E-13,0.866025403784455));
#11049=DIRECTION('',(8.21224891017106E-16,1.,-2.54968438793893E-13));
#11050=DIRECTION('center_axis',(-0.499999999999961,-2.20398532713267E-13,
-0.866025403784461));
#11051=DIRECTION('ref_axis',(-0.866025403784461,1.28195421014778E-13,0.499999999999961));
#11052=DIRECTION('',(8.21224891017106E-16,1.,-2.54968438793893E-13));
#11053=DIRECTION('center_axis',(0.499999999999964,2.20398532713266E-13,
0.86602540378446));
#11054=DIRECTION('ref_axis',(0.86602540378446,2.14201059389373E-14,-0.499999999999964));
#11055=DIRECTION('',(8.21224891017106E-16,1.,-2.54968438793893E-13));
#11056=DIRECTION('center_axis',(0.499999999999961,2.20398532713267E-13,
0.866025403784461));
#11057=DIRECTION('ref_axis',(0.866025403784461,-1.28195421014778E-13,-0.499999999999961));
#11058=DIRECTION('',(8.21224891017106E-16,1.,-2.54968438793893E-13));
#11059=DIRECTION('center_axis',(8.21224891017106E-16,1.,-2.54968438793893E-13));
#11060=DIRECTION('ref_axis',(-1.,8.21224891005748E-16,-4.45476988448866E-14));
#11061=DIRECTION('',(8.21224891017106E-16,1.,-2.54968438793893E-13));
#11062=DIRECTION('center_axis',(1.,-8.212248910082E-16,3.49304829488513E-14));
#11063=DIRECTION('ref_axis',(3.49304829488511E-14,-2.54968438793893E-13,
-1.));
#11064=DIRECTION('center_axis',(0.499999999999961,2.20398532713267E-13,
0.866025403784461));
#11065=DIRECTION('ref_axis',(0.866025403784461,-1.28195421014778E-13,-0.499999999999961));
#11066=DIRECTION('',(8.21224891017106E-16,1.,-2.54968438793893E-13));
#11067=DIRECTION('center_axis',(8.21224891017106E-16,1.,-2.54968438793893E-13));
#11068=DIRECTION('ref_axis',(-1.,8.21224891005748E-16,-4.45476988448866E-14));
#11069=DIRECTION('',(8.21224891017106E-16,1.,-2.54968438793893E-13));
#11070=DIRECTION('center_axis',(1.,-8.212248910082E-16,3.49304829488513E-14));
#11071=DIRECTION('ref_axis',(3.49304829488511E-14,-2.54968438793893E-13,
-1.));
#11072=DIRECTION('',(8.21224891017106E-16,1.,-2.54968438793893E-13));
#11073=DIRECTION('center_axis',(8.21224891017106E-16,1.,-2.54968438793893E-13));
#11074=DIRECTION('ref_axis',(-4.45476988448864E-14,2.54968438793893E-13,
1.));
#11075=DIRECTION('center_axis',(8.21224891017106E-16,1.,-2.54968438793893E-13));
#11076=DIRECTION('ref_axis',(-0.499999999999962,-2.20398532713266E-13,-0.866025403784461));
#11077=DIRECTION('',(8.21224891017106E-16,1.,-2.54968438793893E-13));
#11078=DIRECTION('center_axis',(0.499999999999961,2.20398532713267E-13,
0.866025403784461));
#11079=DIRECTION('ref_axis',(0.866025403784461,-1.28195421014778E-13,-0.499999999999961));
#11080=DIRECTION('center_axis',(8.21224891017106E-16,1.,-2.54968438793893E-13));
#11081=DIRECTION('ref_axis',(4.45476988448864E-14,-2.54968438793893E-13,
-1.));
#11082=DIRECTION('center_axis',(8.21224891017106E-16,1.,-2.54968438793893E-13));
#11083=DIRECTION('ref_axis',(1.,-8.21224891004238E-16,5.04688883095539E-14));
#11084=DIRECTION('center_axis',(4.45476988448802E-14,-6.12323399574757E-17,
-1.));
#11085=DIRECTION('ref_axis',(1.,2.46583935241435E-14,4.45476988448802E-14));
#11086=DIRECTION('',(2.47139046753729E-14,-1.,6.12323399585919E-17));
#11087=DIRECTION('center_axis',(2.47139046753729E-14,-1.,6.12323399585919E-17));
#11088=DIRECTION('ref_axis',(-0.707106781186516,-1.7518667388366E-14,-0.707106781186579));
#11089=DIRECTION('center_axis',(2.47139046753615E-14,-1.,2.54968438793894E-13));
#11090=DIRECTION('ref_axis',(-0.70710678118651,-1.97765281645264E-13,-0.707106781186585));
#11091=DIRECTION('center_axis',(-2.5824127699987E-14,1.,-2.54968438793895E-13));
#11092=DIRECTION('ref_axis',(4.45476988448864E-14,-2.54968438793894E-13,
-1.));
#11093=DIRECTION('center_axis',(1.,2.47139046753729E-14,4.45476988448801E-14));
#11094=DIRECTION('ref_axis',(-4.59119921568065E-14,2.53609099532836E-13,
1.));
#11095=DIRECTION('center_axis',(-4.454769884488E-14,6.2784812778585E-15,
1.));
#11096=DIRECTION('ref_axis',(-1.69423435029965E-14,1.,-6.27848127785925E-15));
#11097=DIRECTION('center_axis',(4.45476988448802E-14,-2.53673307121253E-15,
-1.));
#11098=DIRECTION('ref_axis',(-0.70710678118655,0.707106781186545,-3.32937210961856E-14));
#11099=DIRECTION('center_axis',(-4.454769884488E-14,6.27848127785961E-15,
1.));
#11100=DIRECTION('ref_axis',(8.21224891006028E-16,1.,-6.27848127785957E-15));
#11101=DIRECTION('center_axis',(-1.,-2.47139046753729E-14,-4.45476988448801E-14));
#11102=DIRECTION('ref_axis',(4.59119921568065E-14,-2.53609099532836E-13,
-1.));
#11103=DIRECTION('center_axis',(2.58241276999996E-14,-1.,-2.60330291913815E-15));
#11104=DIRECTION('ref_axis',(-4.45476988448867E-14,-2.6033029191393E-15,
1.));
#11105=DIRECTION('center_axis',(-2.47139046753729E-14,1.,3.47455824002832E-16));
#11106=DIRECTION('ref_axis',(-0.707106781186573,-1.77210579548699E-14,0.707106781186522));
#11107=DIRECTION('center_axis',(-1.,-2.47475477973312E-14,-4.45476988448802E-14));
#11108=DIRECTION('ref_axis',(-4.45476988448802E-14,-1.30621461030668E-16,
1.));
#11109=DIRECTION('',(2.47475477973312E-14,-1.,-1.80998138141424E-16));
#11110=DIRECTION('',(-2.47475477973312E-14,1.,1.80998138141424E-16));
#11111=DIRECTION('center_axis',(-0.499999999999961,-1.22170249129965E-14,
-0.866025403784461));
#11112=DIRECTION('ref_axis',(-0.866025403784461,-2.14201059389373E-14,0.499999999999961));
#11113=DIRECTION('',(2.47475477973312E-14,-1.,-1.80998138141424E-16));
#11114=DIRECTION('',(2.47475477973312E-14,-1.,-1.80998138141424E-16));
#11115=DIRECTION('center_axis',(-2.47475477973312E-14,1.,1.80998138141424E-16));
#11116=DIRECTION('ref_axis',(-1.,-2.47475477973312E-14,-4.45476988448801E-14));
#11117=DIRECTION('center_axis',(-2.47139046753729E-14,1.,1.6081226496654E-16));
#11118=DIRECTION('ref_axis',(-0.866025403784416,-2.13224631430961E-14,-0.50000000000004));
#11119=DIRECTION('',(-2.47139046753729E-14,1.,1.6081226496654E-16));
#11120=DIRECTION('',(2.47139046753729E-14,-1.,-1.6081226496654E-16));
#11121=DIRECTION('center_axis',(-0.499999999999962,-1.22176848309844E-14,
-0.866025403784461));
#11122=DIRECTION('ref_axis',(-0.866025403784461,-2.14201059389373E-14,0.499999999999962));
#11123=DIRECTION('',(-2.47139046753729E-14,1.,1.6081226496654E-16));
#11124=DIRECTION('center_axis',(-2.47139046753614E-14,1.,-2.54968438793894E-13));
#11125=DIRECTION('ref_axis',(-0.707106781186579,1.62814542474155E-13,0.707106781186516));
#11126=DIRECTION('',(-2.47139046753614E-14,1.,-2.54968438793894E-13));
#11127=DIRECTION('center_axis',(-1.,-2.47139046753729E-14,-4.4745464170515E-14));
#11128=DIRECTION('ref_axis',(-4.4745464170515E-14,-3.17387982132705E-17,
1.));
#11129=DIRECTION('center_axis',(-2.47139046753729E-14,1.,1.6081226496654E-16));
#11130=DIRECTION('ref_axis',(1.,2.47139046753729E-14,3.56659146478788E-14));
#11131=DIRECTION('',(-2.47139046753729E-14,1.,1.6081226496654E-16));
#11132=DIRECTION('',(2.47139046753729E-14,-1.,-1.6081226496654E-16));
#11133=DIRECTION('center_axis',(0.499999999999961,1.22176848309843E-14,
0.866025403784461));
#11134=DIRECTION('ref_axis',(0.866025403784461,2.14201059389373E-14,-0.499999999999961));
#11135=DIRECTION('',(2.47139046753729E-14,-1.,-1.6081226496654E-16));
#11136=DIRECTION('center_axis',(-2.47139046753729E-14,1.,1.6081226496654E-16));
#11137=DIRECTION('ref_axis',(-0.500000000000046,-1.24962198443887E-14,0.866025403784412));
#11138=DIRECTION('center_axis',(-0.500000000000037,-1.25305228843346E-14,
0.866025403784418));
#11139=DIRECTION('ref_axis',(0.866025403784418,2.12894844779066E-14,0.500000000000037));
#11140=DIRECTION('',(-2.47475477973312E-14,1.,1.80998138141424E-16));
#11141=DIRECTION('center_axis',(-2.47475477973312E-14,1.,1.80998138141424E-16));
#11142=DIRECTION('ref_axis',(-0.500000000000035,-1.25305228843346E-14,0.866025403784419));
#11143=DIRECTION('center_axis',(-1.,-2.48249269778354E-14,-4.45476988448801E-14));
#11144=DIRECTION('ref_axis',(-4.45476988448864E-14,2.54968438793893E-13,
1.));
#11145=DIRECTION('center_axis',(2.44576992750811E-14,-1.,-5.53659533577324E-16));
#11146=DIRECTION('ref_axis',(-0.500000000000039,-1.27083328586669E-14,0.866025403784416));
#11147=DIRECTION('',(2.44576992750811E-14,-1.,-5.53659533577324E-16));
#11148=DIRECTION('center_axis',(-1.,-2.47139046753729E-14,-4.26247361584966E-14));
#11149=DIRECTION('ref_axis',(-4.26247361584966E-14,-1.30621461030618E-16,
1.));
#11150=DIRECTION('',(2.47139046753729E-14,-1.,-2.00422003660493E-16));
#11151=DIRECTION('',(2.44576992750822E-14,-1.,-5.53659533588936E-16));
#11152=DIRECTION('center_axis',(-2.47139046753729E-14,1.,1.6081226496649E-16));
#11153=DIRECTION('ref_axis',(0.499999999999956,1.22176848309843E-14,0.866025403784464));
#11154=DIRECTION('',(-2.47139046753729E-14,1.,1.6081226496649E-16));
#11155=DIRECTION('center_axis',(-2.46583935241416E-14,1.,1.6081226496654E-16));
#11156=DIRECTION('ref_axis',(-1.,-2.46583935241416E-14,-4.45476988448802E-14));
#11157=DIRECTION('',(-2.46583935241416E-14,1.,1.6081226496654E-16));
#11158=DIRECTION('',(-2.46583935241416E-14,1.,1.6081226496654E-16));
#11159=DIRECTION('center_axis',(-0.499999999999962,-1.21899292553688E-14,
-0.866025403784461));
#11160=DIRECTION('ref_axis',(-0.866025403784461,-2.14201059389373E-14,0.499999999999962));
#11161=DIRECTION('center_axis',(-2.46583935241307E-14,1.,-2.54968438793894E-13));
#11162=DIRECTION('ref_axis',(-0.707106781186579,1.62853794785622E-13,0.707106781186516));
#11163=DIRECTION('',(-2.46583935241307E-14,1.,-2.54968438793894E-13));
#11164=DIRECTION('center_axis',(-1.,-2.46583935241416E-14,-4.26247361584966E-14));
#11165=DIRECTION('ref_axis',(-4.26247361584966E-14,-1.30621461030618E-16,
1.));
#11166=DIRECTION('center_axis',(-2.47139046753729E-14,1.,-6.12323399585414E-17));
#11167=DIRECTION('ref_axis',(-0.500000000000043,-1.23039235757502E-14,0.866025403784414));
#11168=DIRECTION('center_axis',(-2.47139046753729E-14,1.,-6.12323399585414E-17));
#11169=DIRECTION('ref_axis',(-1.,-2.47139046753729E-14,-4.45476988448802E-14));
#11170=DIRECTION('center_axis',(-2.47139046753729E-14,1.,1.6081226496654E-16));
#11171=DIRECTION('ref_axis',(-0.499999999999962,-1.22176848309844E-14,-0.866025403784461));
#11172=DIRECTION('center_axis',(-0.499999999999962,-1.22176848309844E-14,
-0.866025403784461));
#11173=DIRECTION('ref_axis',(-0.866025403784461,-2.14201059389373E-14,0.499999999999962));
#11174=DIRECTION('',(-2.47139046753729E-14,1.,1.6081226496649E-16));
#11175=DIRECTION('center_axis',(-2.47139046753729E-14,1.,1.6081226496649E-16));
#11176=DIRECTION('ref_axis',(-1.,-2.47139046753729E-14,-4.45476988448802E-14));
#11177=DIRECTION('',(-2.47139046753729E-14,1.,1.6081226496649E-16));
#11178=DIRECTION('center_axis',(-1.,-2.47139046753729E-14,-4.26247361584966E-14));
#11179=DIRECTION('ref_axis',(-4.26247361584966E-14,-1.30621461030618E-16,
1.));
#11180=DIRECTION('',(-2.47139046753729E-14,1.,1.6081226496649E-16));
#11181=DIRECTION('center_axis',(-2.47139046753729E-14,1.,1.6081226496649E-16));
#11182=DIRECTION('ref_axis',(-0.500000000000044,-1.24962198443886E-14,0.866025403784413));
#11183=DIRECTION('',(-2.47139046753729E-14,1.,1.6081226496649E-16));
#11184=DIRECTION('center_axis',(-0.500000000000037,-1.24962198443885E-14,
0.866025403784417));
#11185=DIRECTION('ref_axis',(0.866025403784417,2.12894844779067E-14,0.500000000000037));
#11186=DIRECTION('center_axis',(2.47475477973312E-14,-1.,-1.80998138141424E-16));
#11187=DIRECTION('ref_axis',(4.79662991762352E-14,1.80998138142611E-16,
-1.));
#11188=DIRECTION('center_axis',(-0.500000000000041,-1.27083328586669E-14,
0.866025403784415));
#11189=DIRECTION('ref_axis',(-0.866025403784415,-2.22509658210984E-14,-0.500000000000041));
#11190=DIRECTION('',(2.48148545767732E-14,-1.,-3.47455824002832E-16));
#11191=DIRECTION('center_axis',(2.48148545767732E-14,-1.,-3.47455824002832E-16));
#11192=DIRECTION('ref_axis',(-0.965925826289046,-2.38793807267284E-14,-0.258819045102603));
#11193=DIRECTION('center_axis',(4.45476988448866E-14,6.56502914282276E-17,
-1.));
#11194=DIRECTION('ref_axis',(1.,-8.21224891005748E-16,4.45476988448866E-14));
#11195=DIRECTION('',(4.45476988448866E-14,6.56502914282276E-17,-1.));
#11196=DIRECTION('center_axis',(4.45476988448866E-14,6.56502914282276E-17,
-1.));
#11197=DIRECTION('ref_axis',(1.,-8.21224891005747E-16,4.45476988448866E-14));
#11198=DIRECTION('',(4.45476988448866E-14,6.56502914282276E-17,-1.));
#11199=DIRECTION('center_axis',(4.45476988448801E-14,2.13893658568156E-15,
-1.));
#11200=DIRECTION('ref_axis',(-1.,8.21224891005748E-16,-4.45476988448801E-14));
#11201=DIRECTION('center_axis',(-4.45476988448801E-14,-2.13893658568156E-15,
1.));
#11202=DIRECTION('ref_axis',(-1.,8.21224891005748E-16,-4.45476988448801E-14));
#11203=DIRECTION('center_axis',(-4.45476988448866E-14,-1.96888976221453E-15,
1.));
#11204=DIRECTION('ref_axis',(-1.,8.21224891005748E-16,-4.45476988448866E-14));
#11205=DIRECTION('',(-4.45476988448866E-14,-1.96888976221453E-15,1.));
#11206=DIRECTION('center_axis',(-0.500000000000041,-1.27937346294983E-14,
0.866025403784415));
#11207=DIRECTION('ref_axis',(-0.866025403784415,-2.12894844779066E-14,-0.500000000000041));
#11208=DIRECTION('',(2.4985658118436E-14,-1.,-3.47455824002832E-16));
#11209=DIRECTION('center_axis',(2.4985658118436E-14,-1.,-3.47455824002832E-16));
#11210=DIRECTION('ref_axis',(-0.965925826289049,-2.40443642788422E-14,-0.258819045102594));
#11211=DIRECTION('axis',(0.,0.,1.));
#11212=DIRECTION('refdir',(1.,0.,0.));
#11213=DIRECTION('center_axis',(-1.,4.99600361082095E-16,-3.8320542262398E-22));
#11214=DIRECTION('ref_axis',(-3.8320542262398E-22,3.40597615085944E-21,
1.));
#11215=DIRECTION('',(-3.8320542262398E-22,3.40597615085944E-21,1.));
#11216=DIRECTION('',(4.99600361082095E-16,1.,-6.4601845850176E-16));
#11217=DIRECTION('',(-3.8320542262398E-22,3.40597615085944E-21,1.));
#11218=DIRECTION('',(4.99600361082095E-16,1.,-6.4601845850176E-16));
#11219=DIRECTION('center_axis',(-0.499999999999999,8.09268576917233E-16,
0.86602540378444));
#11220=DIRECTION('ref_axis',(0.866025403784439,1.70299532032827E-21,0.499999999999999));
#11221=DIRECTION('',(0.866025403784439,1.70299532032827E-21,0.499999999999998));
#11222=DIRECTION('',(0.866025403784439,1.70299532032827E-21,0.499999999999998));
#11223=DIRECTION('',(4.99600361082095E-16,1.,-6.4601845850176E-16));
#11224=DIRECTION('center_axis',(0.500000000000011,3.09668215835156E-16,
0.866025403784433));
#11225=DIRECTION('ref_axis',(0.866025403784432,1.63224413965178E-8,-0.500000000000011));
#11226=DIRECTION('',(0.866025403784432,1.63224413965178E-8,-0.500000000000011));
#11227=DIRECTION('',(0.866025403784432,1.63224413965178E-8,-0.500000000000011));
#11228=DIRECTION('',(4.99600361082095E-16,1.,-6.4601845850176E-16));
#11229=DIRECTION('center_axis',(1.,-4.99600361082083E-16,1.77635687853628E-14));
#11230=DIRECTION('ref_axis',(1.77635687772081E-14,-1.63224413965228E-8,
-1.));
#11231=DIRECTION('',(1.77635687772081E-14,-1.63224413965228E-8,-1.));
#11232=DIRECTION('',(1.77635687772081E-14,-1.63224413965228E-8,-1.));
#11233=DIRECTION('',(4.99600361082095E-16,1.,-6.4601845850176E-16));
#11234=DIRECTION('center_axis',(0.499999999999999,-8.09268576917233E-16,
-0.86602540378444));
#11235=DIRECTION('ref_axis',(-0.866025403784439,-1.70299532032827E-21,-0.499999999999999));
#11236=DIRECTION('',(-0.866025403784439,-1.70299532032827E-21,-0.499999999999998));
#11237=DIRECTION('',(-0.866025403784439,-1.70299532032827E-21,-0.499999999999998));
#11238=DIRECTION('',(4.99600361082095E-16,1.,-6.4601845850176E-16));
#11239=DIRECTION('center_axis',(-0.500000000000003,-3.09668215835181E-16,
-0.866025403784437));
#11240=DIRECTION('ref_axis',(-0.866025403784437,1.70298085577471E-21,0.500000000000003));
#11241=DIRECTION('',(-0.866025403784437,1.70298085577471E-21,0.500000000000003));
#11242=DIRECTION('',(-0.866025403784437,1.70298085577471E-21,0.500000000000003));
#11243=DIRECTION('center_axis',(-1.,4.99600361082095E-16,-3.8320542262398E-22));
#11244=DIRECTION('ref_axis',(-3.8320542262398E-22,3.40597615085944E-21,
1.));
#11245=DIRECTION('',(-3.8320542262398E-22,3.40597615085944E-21,1.));
#11246=DIRECTION('',(4.99600361082095E-16,1.,-6.4601845850176E-16));
#11247=DIRECTION('',(-3.8320542262398E-22,3.40597615085944E-21,1.));
#11248=DIRECTION('',(4.99600361082095E-16,1.,-6.4601845850176E-16));
#11249=DIRECTION('center_axis',(-0.499999999999999,8.09268576917233E-16,
0.86602540378444));
#11250=DIRECTION('ref_axis',(0.866025403784439,1.70299532032827E-21,0.499999999999999));
#11251=DIRECTION('',(0.866025403784439,1.70299532032827E-21,0.499999999999998));
#11252=DIRECTION('',(0.866025403784439,1.70299532032827E-21,0.499999999999998));
#11253=DIRECTION('',(4.99600361082095E-16,1.,-6.4601845850176E-16));
#11254=DIRECTION('center_axis',(0.500000000000011,3.09668215835156E-16,
0.866025403784433));
#11255=DIRECTION('ref_axis',(0.866025403784432,1.63224413965178E-8,-0.500000000000011));
#11256=DIRECTION('',(0.866025403784432,1.63224413965178E-8,-0.500000000000011));
#11257=DIRECTION('',(0.866025403784432,1.63224413965178E-8,-0.500000000000011));
#11258=DIRECTION('',(4.99600361082095E-16,1.,-6.4601845850176E-16));
#11259=DIRECTION('center_axis',(1.,-4.99600361082083E-16,1.77635687853628E-14));
#11260=DIRECTION('ref_axis',(1.77635687772081E-14,-1.63224413965228E-8,
-1.));
#11261=DIRECTION('',(1.77635687772081E-14,-1.63224413965228E-8,-1.));
#11262=DIRECTION('',(1.77635687772081E-14,-1.63224413965228E-8,-1.));
#11263=DIRECTION('',(4.99600361082095E-16,1.,-6.4601845850176E-16));
#11264=DIRECTION('center_axis',(0.499999999999999,-8.09268576917233E-16,
-0.86602540378444));
#11265=DIRECTION('ref_axis',(-0.866025403784439,-1.70299532032827E-21,-0.499999999999999));
#11266=DIRECTION('',(-0.866025403784439,-1.70299532032827E-21,-0.499999999999998));
#11267=DIRECTION('',(-0.866025403784439,-1.70299532032827E-21,-0.499999999999998));
#11268=DIRECTION('',(4.99600361082095E-16,1.,-6.4601845850176E-16));
#11269=DIRECTION('center_axis',(-0.500000000000003,-3.09668215835181E-16,
-0.866025403784437));
#11270=DIRECTION('ref_axis',(-0.866025403784437,1.70298085577471E-21,0.500000000000003));
#11271=DIRECTION('',(-0.866025403784437,1.70298085577471E-21,0.500000000000003));
#11272=DIRECTION('',(-0.866025403784437,1.70298085577471E-21,0.500000000000003));
#11273=DIRECTION('center_axis',(-0.500000000000007,-3.09668215835156E-16,
-0.866025403784434));
#11274=DIRECTION('ref_axis',(-0.866025403784434,1.70298088101826E-21,0.500000000000007));
#11275=DIRECTION('',(-0.866025403784434,1.70298085577471E-21,0.500000000000007));
#11276=DIRECTION('',(4.99600361082095E-16,1.,-6.4601845850176E-16));
#11277=DIRECTION('',(-0.866025403784434,1.70298085577471E-21,0.500000000000007));
#11278=DIRECTION('',(4.99600361082095E-16,1.,-6.4601845850176E-16));
#11279=DIRECTION('center_axis',(-1.,4.99600361082103E-16,1.18423785461296E-14));
#11280=DIRECTION('ref_axis',(1.18423785461296E-14,3.40597615085944E-21,
1.));
#11281=DIRECTION('',(1.18423785461296E-14,3.40597615085944E-21,1.));
#11282=DIRECTION('',(1.18423785461296E-14,3.40597615085944E-21,1.));
#11283=DIRECTION('',(4.99600361082095E-16,1.,-6.4601845850176E-16));
#11284=DIRECTION('center_axis',(-0.499999999999897,-3.09668215835257E-16,
-0.866025403784498));
#11285=DIRECTION('ref_axis',(-0.866025403784498,9.46689492825243E-15,0.499999999999897));
#11286=DIRECTION('',(-0.866025403784498,9.46689492825243E-15,0.499999999999897));
#11287=DIRECTION('',(-0.866025403784498,9.46689492825243E-15,0.499999999999897));
#11288=DIRECTION('',(4.99600361082095E-16,1.,-6.4601845850176E-16));
#11289=DIRECTION('center_axis',(1.,-4.99600361082103E-16,-1.18423785461296E-14));
#11290=DIRECTION('ref_axis',(-1.18423785461296E-14,-3.40597615085944E-21,
-1.));
#11291=DIRECTION('',(-1.18423785461296E-14,-3.40597615085944E-21,-1.));
#11292=DIRECTION('',(-1.18423785461296E-14,-3.40597615085944E-21,-1.));
#11293=DIRECTION('',(4.99600361082095E-16,1.,-6.4601845850176E-16));
#11294=DIRECTION('center_axis',(0.499999999999985,-8.09268576917259E-16,
-0.866025403784448));
#11295=DIRECTION('ref_axis',(-0.866025403784448,-1.70299532032827E-21,-0.499999999999984));
#11296=DIRECTION('',(-0.866025403784448,-1.70299532032827E-21,-0.499999999999984));
#11297=DIRECTION('',(-0.866025403784448,-1.70299532032827E-21,-0.499999999999984));
#11298=DIRECTION('',(4.99600361082095E-16,1.,-6.4601845850176E-16));
#11299=DIRECTION('center_axis',(-0.500000000000007,-3.09668215835156E-16,
-0.866025403784434));
#11300=DIRECTION('ref_axis',(-0.866025403784434,1.70298088101826E-21,0.500000000000007));
#11301=DIRECTION('',(-0.866025403784434,1.70298085577471E-21,0.500000000000007));
#11302=DIRECTION('',(-0.866025403784434,1.70298085577471E-21,0.500000000000007));
#11303=DIRECTION('',(4.99600361082095E-16,1.,-6.4601845850176E-16));
#11304=DIRECTION('center_axis',(-1.,4.99600361082103E-16,1.18423785461296E-14));
#11305=DIRECTION('ref_axis',(1.18423785461296E-14,3.40597615085944E-21,
1.));
#11306=DIRECTION('',(1.18423785461296E-14,3.40597615085944E-21,1.));
#11307=DIRECTION('',(1.18423785461296E-14,3.40597615085944E-21,1.));
#11308=DIRECTION('',(4.99600361082095E-16,1.,-6.4601845850176E-16));
#11309=DIRECTION('center_axis',(0.500000000000038,-8.09268576917259E-16,
-0.866025403784417));
#11310=DIRECTION('ref_axis',(-0.866025403784417,-7.69185244853029E-15,-0.500000000000038));
#11311=DIRECTION('',(-0.866025403784417,-7.69185244853029E-15,-0.500000000000038));
#11312=DIRECTION('',(-0.866025403784417,-7.69185244853029E-15,-0.500000000000038));
#11313=DIRECTION('',(4.99600361082095E-16,1.,-6.4601845850176E-16));
#11314=DIRECTION('center_axis',(1.,-4.99600361082103E-16,-1.18423785461296E-14));
#11315=DIRECTION('ref_axis',(-1.18423785461296E-14,-3.40597615085944E-21,
-1.));
#11316=DIRECTION('',(-1.18423785461296E-14,-3.40597615085944E-21,-1.));
#11317=DIRECTION('',(-1.18423785461296E-14,-3.40597615085944E-21,-1.));
#11318=DIRECTION('',(4.99600361082095E-16,1.,-6.4601845850176E-16));
#11319=DIRECTION('center_axis',(0.499999999999985,-8.09268576917259E-16,
-0.866025403784448));
#11320=DIRECTION('ref_axis',(-0.866025403784448,-1.70299532032827E-21,-0.499999999999984));
#11321=DIRECTION('',(-0.866025403784448,-1.70299532032827E-21,-0.499999999999984));
#11322=DIRECTION('',(-0.866025403784448,-1.70299532032827E-21,-0.499999999999984));
#11323=DIRECTION('',(4.99600361082095E-16,1.,-6.4601845850176E-16));
#11324=DIRECTION('center_axis',(-0.500000000000007,-3.09668215835156E-16,
-0.866025403784434));
#11325=DIRECTION('ref_axis',(-0.866025403784434,1.70298088101826E-21,0.500000000000007));
#11326=DIRECTION('',(-0.866025403784434,1.70298085577471E-21,0.500000000000007));
#11327=DIRECTION('',(-0.866025403784434,1.70298085577471E-21,0.500000000000007));
#11328=DIRECTION('',(4.99600361082095E-16,1.,-6.4601845850176E-16));
#11329=DIRECTION('center_axis',(0.500000000000038,-8.09268576917259E-16,
-0.866025403784417));
#11330=DIRECTION('ref_axis',(-0.866025403784417,-7.69185244853029E-15,-0.500000000000038));
#11331=DIRECTION('',(-0.866025403784417,-7.69185244853029E-15,-0.500000000000038));
#11332=DIRECTION('',(-0.866025403784417,-7.69185244853029E-15,-0.500000000000038));
#11333=DIRECTION('',(4.99600361082095E-16,1.,-6.4601845850176E-16));
#11334=DIRECTION('center_axis',(0.500000000000011,3.09668215835156E-16,
0.866025403784433));
#11335=DIRECTION('ref_axis',(0.866025403784432,1.63224413965178E-8,-0.500000000000011));
#11336=DIRECTION('',(0.866025403784432,1.63224413965178E-8,-0.500000000000011));
#11337=DIRECTION('',(0.866025403784432,1.63224413965178E-8,-0.500000000000011));
#11338=DIRECTION('',(4.99600361082095E-16,1.,-6.4601845850176E-16));
#11339=DIRECTION('center_axis',(1.,-4.99600361082083E-16,1.77635687853628E-14));
#11340=DIRECTION('ref_axis',(1.77635687772081E-14,-1.63224413965228E-8,
-1.));
#11341=DIRECTION('',(1.77635687772081E-14,-1.63224413965228E-8,-1.));
#11342=DIRECTION('',(1.77635687772081E-14,-1.63224413965228E-8,-1.));
#11343=DIRECTION('',(4.99600361082095E-16,1.,-6.4601845850176E-16));
#11344=DIRECTION('center_axis',(0.499999999999999,-8.09268576917233E-16,
-0.86602540378444));
#11345=DIRECTION('ref_axis',(-0.866025403784439,-1.70299532032827E-21,-0.499999999999999));
#11346=DIRECTION('',(-0.866025403784439,-1.70299532032827E-21,-0.499999999999998));
#11347=DIRECTION('',(-0.866025403784439,-1.70299532032827E-21,-0.499999999999998));
#11348=DIRECTION('',(4.99600361082095E-16,1.,-6.4601845850176E-16));
#11349=DIRECTION('center_axis',(-0.500000000000003,-3.09668215835181E-16,
-0.866025403784437));
#11350=DIRECTION('ref_axis',(-0.866025403784437,1.70298085577471E-21,0.500000000000003));
#11351=DIRECTION('',(-0.866025403784437,1.70298085577471E-21,0.500000000000003));
#11352=DIRECTION('',(-0.866025403784437,1.70298085577471E-21,0.500000000000003));
#11353=DIRECTION('',(4.99600361082095E-16,1.,-6.4601845850176E-16));
#11354=DIRECTION('center_axis',(1.,-4.99600361082145E-16,-7.69377267850823E-14));
#11355=DIRECTION('ref_axis',(-7.69377267850823E-14,-7.69377305742639E-14,
-1.));
#11356=DIRECTION('',(-7.69377267850823E-14,-7.69377305742639E-14,-1.));
#11357=DIRECTION('',(-7.69377267850823E-14,-7.69377305742639E-14,-1.));
#11358=DIRECTION('',(4.99600361082095E-16,1.,-6.4601845850176E-16));
#11359=DIRECTION('center_axis',(4.99600361082095E-16,1.,-6.4601845850176E-16));
#11360=DIRECTION('ref_axis',(1.,-4.99600361082098E-16,3.83205441819583E-22));
#11361=DIRECTION('center_axis',(2.9605947323345E-14,-1.,3.40597610037234E-21));
#11362=DIRECTION('ref_axis',(1.,2.9605947323345E-14,3.83205422098061E-22));
#11363=DIRECTION('center_axis',(-2.9605947323345E-14,1.,-3.40597610037234E-21));
#11364=DIRECTION('ref_axis',(1.,2.9605947323345E-14,3.83205422098061E-22));
#11365=DIRECTION('',(4.99600361082095E-16,1.,-6.4601845850176E-16));
#11366=DIRECTION('center_axis',(0.500000000000012,3.09668215835156E-16,
0.866025403784432));
#11367=DIRECTION('ref_axis',(0.866025403784432,-1.70298083053117E-21,-0.500000000000012));
#11368=DIRECTION('',(0.866025403784432,-1.70298085577471E-21,-0.500000000000012));
#11369=DIRECTION('',(0.866025403784432,-1.70298085577471E-21,-0.500000000000012));
#11370=DIRECTION('',(4.99600361082095E-16,1.,-6.4601845850176E-16));
#11371=DIRECTION('center_axis',(1.,-4.99600361082103E-16,-1.18423785461296E-14));
#11372=DIRECTION('ref_axis',(-1.18423785461296E-14,-3.40597615085944E-21,
-1.));
#11373=DIRECTION('',(-1.18423785461296E-14,-3.40597615085944E-21,-1.));
#11374=DIRECTION('',(-1.18423785461296E-14,-3.40597615085944E-21,-1.));
#11375=DIRECTION('',(4.99600361082095E-16,1.,-6.4601845850176E-16));
#11376=DIRECTION('center_axis',(4.99600361082095E-16,1.,-6.4601845850176E-16));
#11377=DIRECTION('ref_axis',(1.,-4.99600361082098E-16,3.83205441819583E-22));
#11378=DIRECTION('center_axis',(2.9605947323345E-14,-1.,3.40597610037234E-21));
#11379=DIRECTION('ref_axis',(1.,2.9605947323345E-14,3.83205422098061E-22));
#11380=DIRECTION('center_axis',(-2.9605947323345E-14,1.,-3.40597610037234E-21));
#11381=DIRECTION('ref_axis',(1.,2.9605947323345E-14,3.83205422098061E-22));
#11382=DIRECTION('',(4.99600361082095E-16,1.,-6.4601845850176E-16));
#11383=DIRECTION('center_axis',(2.42230477716829E-13,6.46018458501659E-16,
1.));
#11384=DIRECTION('ref_axis',(1.,8.36366670192719E-27,-2.42230477716829E-13));
#11385=DIRECTION('',(1.,8.36366670192719E-27,-2.42230477716829E-13));
#11386=DIRECTION('',(1.,8.36366670192719E-27,-2.42230477716829E-13));
#11387=DIRECTION('',(4.99600361082095E-16,1.,-6.4601845850176E-16));
#11388=DIRECTION('center_axis',(-1.,4.99600361082103E-16,1.18423785461296E-14));
#11389=DIRECTION('ref_axis',(1.18423785461296E-14,3.40597615085944E-21,
1.));
#11390=DIRECTION('',(1.18423785461296E-14,3.40597615085944E-21,1.));
#11391=DIRECTION('',(1.18423785461296E-14,3.40597615085944E-21,1.));
#11392=DIRECTION('',(4.99600361082095E-16,1.,-6.4601845850176E-16));
#11393=DIRECTION('center_axis',(-0.499999999999989,8.09268576917259E-16,
0.866025403784445));
#11394=DIRECTION('ref_axis',(0.866025403784445,1.70299532032827E-21,0.499999999999989));
#11395=DIRECTION('',(0.866025403784445,1.70299532032827E-21,0.499999999999989));
#11396=DIRECTION('',(0.866025403784445,1.70299532032827E-21,0.499999999999989));
#11397=DIRECTION('',(4.99600361082095E-16,1.,-6.4601845850176E-16));
#11398=DIRECTION('center_axis',(0.500000000000012,3.09668215835156E-16,
0.866025403784432));
#11399=DIRECTION('ref_axis',(0.866025403784432,-1.70298083053117E-21,-0.500000000000012));
#11400=DIRECTION('',(0.866025403784432,-1.70298085577471E-21,-0.500000000000012));
#11401=DIRECTION('',(0.866025403784432,-1.70298085577471E-21,-0.500000000000012));
#11402=DIRECTION('',(4.99600361082095E-16,1.,-6.4601845850176E-16));
#11403=DIRECTION('center_axis',(1.,-4.99600361082103E-16,-1.18423785461296E-14));
#11404=DIRECTION('ref_axis',(-1.18423785461296E-14,-3.40597615085944E-21,
-1.));
#11405=DIRECTION('',(-1.18423785461296E-14,-3.40597615085944E-21,-1.));
#11406=DIRECTION('',(-1.18423785461296E-14,-3.40597615085944E-21,-1.));
#11407=DIRECTION('',(4.99600361082095E-16,1.,-6.4601845850176E-16));
#11408=DIRECTION('center_axis',(2.42230477716829E-13,6.46018458501659E-16,
1.));
#11409=DIRECTION('ref_axis',(1.,8.36366670192719E-27,-2.42230477716829E-13));
#11410=DIRECTION('',(1.,8.36366670192719E-27,-2.42230477716829E-13));
#11411=DIRECTION('',(1.,8.36366670192719E-27,-2.42230477716829E-13));
#11412=DIRECTION('',(4.99600361082095E-16,1.,-6.4601845850176E-16));
#11413=DIRECTION('center_axis',(-1.,4.99600361082103E-16,1.18423785461296E-14));
#11414=DIRECTION('ref_axis',(1.18423785461296E-14,3.40597615085944E-21,
1.));
#11415=DIRECTION('',(1.18423785461296E-14,3.40597615085944E-21,1.));
#11416=DIRECTION('',(1.18423785461296E-14,3.40597615085944E-21,1.));
#11417=DIRECTION('',(4.99600361082095E-16,1.,-6.4601845850176E-16));
#11418=DIRECTION('center_axis',(-0.499999999999989,8.09268576917259E-16,
0.866025403784445));
#11419=DIRECTION('ref_axis',(0.866025403784445,1.70299532032827E-21,0.499999999999989));
#11420=DIRECTION('',(0.866025403784445,1.70299532032827E-21,0.499999999999989));
#11421=DIRECTION('',(0.866025403784445,1.70299532032827E-21,0.499999999999989));
#11422=DIRECTION('',(4.99600361082095E-16,1.,-6.4601845850176E-16));
#11423=DIRECTION('center_axis',(0.500000000000012,3.09668215835156E-16,
0.866025403784432));
#11424=DIRECTION('ref_axis',(0.866025403784432,-1.70298083053117E-21,-0.500000000000012));
#11425=DIRECTION('',(0.866025403784432,-1.70298085577471E-21,-0.500000000000012));
#11426=DIRECTION('',(0.866025403784432,-1.70298085577471E-21,-0.500000000000012));
#11427=DIRECTION('',(4.99600361082095E-16,1.,-6.4601845850176E-16));
#11428=DIRECTION('center_axis',(1.,-4.99600361082103E-16,-1.18423785461296E-14));
#11429=DIRECTION('ref_axis',(-1.18423785461296E-14,-3.40597615085944E-21,
-1.));
#11430=DIRECTION('',(-1.18423785461296E-14,-3.40597615085944E-21,-1.));
#11431=DIRECTION('',(-1.18423785461296E-14,-3.40597615085944E-21,-1.));
#11432=DIRECTION('',(4.99600361082095E-16,1.,-6.4601845850176E-16));
#11433=DIRECTION('center_axis',(2.42230477716829E-13,6.46018458501659E-16,
1.));
#11434=DIRECTION('ref_axis',(1.,8.36366670192719E-27,-2.42230477716829E-13));
#11435=DIRECTION('',(1.,8.36366670192719E-27,-2.42230477716829E-13));
#11436=DIRECTION('',(1.,8.36366670192719E-27,-2.42230477716829E-13));
#11437=DIRECTION('',(4.99600361082095E-16,1.,-6.4601845850176E-16));
#11438=DIRECTION('center_axis',(-1.,4.99600361082103E-16,1.18423785461296E-14));
#11439=DIRECTION('ref_axis',(1.18423785461296E-14,3.40597615085944E-21,
1.));
#11440=DIRECTION('',(1.18423785461296E-14,3.40597615085944E-21,1.));
#11441=DIRECTION('',(1.18423785461296E-14,3.40597615085944E-21,1.));
#11442=DIRECTION('',(4.99600361082095E-16,1.,-6.4601845850176E-16));
#11443=DIRECTION('center_axis',(-0.499999999999989,8.09268576917259E-16,
0.866025403784445));
#11444=DIRECTION('ref_axis',(0.866025403784445,1.70299532032827E-21,0.499999999999989));
#11445=DIRECTION('',(0.866025403784445,1.70299532032827E-21,0.499999999999989));
#11446=DIRECTION('',(0.866025403784445,1.70299532032827E-21,0.499999999999989));
#11447=DIRECTION('',(4.99600361082095E-16,1.,-6.4601845850176E-16));
#11448=DIRECTION('center_axis',(0.500000000000012,3.09668215835156E-16,
0.866025403784432));
#11449=DIRECTION('ref_axis',(0.866025403784432,-1.70298083053117E-21,-0.500000000000012));
#11450=DIRECTION('',(0.866025403784432,-1.70298085577471E-21,-0.500000000000012));
#11451=DIRECTION('',(0.866025403784432,-1.70298085577471E-21,-0.500000000000012));
#11452=DIRECTION('',(4.99600361082095E-16,1.,-6.4601845850176E-16));
#11453=DIRECTION('center_axis',(1.,-4.99600361082103E-16,-1.18423785461296E-14));
#11454=DIRECTION('ref_axis',(-1.18423785461296E-14,-3.40597615085944E-21,
-1.));
#11455=DIRECTION('',(-1.18423785461296E-14,-3.40597615085944E-21,-1.));
#11456=DIRECTION('',(-1.18423785461296E-14,-3.40597615085944E-21,-1.));
#11457=DIRECTION('',(4.99600361082095E-16,1.,-6.4601845850176E-16));
#11458=DIRECTION('center_axis',(4.99600361082095E-16,1.,-6.4601845850176E-16));
#11459=DIRECTION('ref_axis',(-3.83205422098392E-22,6.4601845850177E-16,
1.));
#11460=DIRECTION('center_axis',(8.36356896450016E-27,-1.,3.40597615085944E-21));
#11461=DIRECTION('ref_axis',(-3.83205422098392E-22,3.40597611510059E-21,
1.));
#11462=DIRECTION('center_axis',(-8.36356896450016E-27,1.,-3.40597615085944E-21));
#11463=DIRECTION('ref_axis',(-3.83205422098392E-22,3.40597611510059E-21,
1.));
#11464=DIRECTION('',(4.99600361082095E-16,1.,-6.4601845850176E-16));
#11465=DIRECTION('center_axis',(0.499999999999999,-8.09268576917233E-16,
-0.86602540378444));
#11466=DIRECTION('ref_axis',(-0.866025403784439,-1.70299532032827E-21,-0.499999999999999));
#11467=DIRECTION('',(-0.866025403784439,-1.70299532032827E-21,-0.499999999999998));
#11468=DIRECTION('',(-0.866025403784439,-1.70299532032827E-21,-0.499999999999998));
#11469=DIRECTION('',(4.99600361082095E-16,1.,-6.4601845850176E-16));
#11470=DIRECTION('center_axis',(-0.500000000000003,-3.09668215835181E-16,
-0.866025403784437));
#11471=DIRECTION('ref_axis',(-0.866025403784437,1.70298085577471E-21,0.500000000000003));
#11472=DIRECTION('',(-0.866025403784437,1.70298085577471E-21,0.500000000000003));
#11473=DIRECTION('',(-0.866025403784437,1.70298085577471E-21,0.500000000000003));
#11474=DIRECTION('',(4.99600361082095E-16,1.,-6.4601845850176E-16));
#11475=DIRECTION('center_axis',(-1.,4.99600361082095E-16,-3.8320542262398E-22));
#11476=DIRECTION('ref_axis',(-3.8320542262398E-22,3.40597615085944E-21,
1.));
#11477=DIRECTION('',(-3.8320542262398E-22,3.40597615085944E-21,1.));
#11478=DIRECTION('',(-3.8320542262398E-22,3.40597615085944E-21,1.));
#11479=DIRECTION('',(4.99600361082095E-16,1.,-6.4601845850176E-16));
#11480=DIRECTION('center_axis',(-0.499999999999999,8.09268576917233E-16,
0.86602540378444));
#11481=DIRECTION('ref_axis',(0.866025403784439,1.70299532032827E-21,0.499999999999999));
#11482=DIRECTION('',(0.866025403784439,1.70299532032827E-21,0.499999999999998));
#11483=DIRECTION('',(0.866025403784439,1.70299532032827E-21,0.499999999999998));
#11484=DIRECTION('',(4.99600361082095E-16,1.,-6.4601845850176E-16));
#11485=DIRECTION('center_axis',(4.99600361082095E-16,1.,-6.4601845850176E-16));
#11486=DIRECTION('ref_axis',(-1.,4.99600361082097E-16,-3.83205439886112E-22));
#11487=DIRECTION('center_axis',(2.08983157576584E-14,-1.,3.40597615085944E-21));
#11488=DIRECTION('ref_axis',(-1.,-2.08983157576584E-14,-3.83205425965038E-22));
#11489=DIRECTION('center_axis',(-2.08983157576584E-14,1.,-3.40597615085944E-21));
#11490=DIRECTION('ref_axis',(-1.,-2.08983157576584E-14,-3.83205425965038E-22));
#11491=DIRECTION('',(4.99600361082095E-16,1.,-6.4601845850176E-16));
#11492=DIRECTION('center_axis',(-0.499999999999897,-3.09668215835257E-16,
-0.866025403784498));
#11493=DIRECTION('ref_axis',(-0.866025403784498,9.46689492825243E-15,0.499999999999897));
#11494=DIRECTION('',(-0.866025403784498,9.46689492825243E-15,0.499999999999897));
#11495=DIRECTION('',(-0.866025403784498,9.46689492825243E-15,0.499999999999897));
#11496=DIRECTION('',(4.99600361082095E-16,1.,-6.4601845850176E-16));
#11497=DIRECTION('center_axis',(0.499999999999985,-8.09268576917259E-16,
-0.866025403784448));
#11498=DIRECTION('ref_axis',(-0.866025403784448,-1.70299532032827E-21,-0.499999999999984));
#11499=DIRECTION('',(-0.866025403784448,-1.70299532032827E-21,-0.499999999999984));
#11500=DIRECTION('',(-0.866025403784448,-1.70299532032827E-21,-0.499999999999984));
#11501=DIRECTION('center_axis',(8.36356896450016E-27,-1.,3.40597615085944E-21));
#11502=DIRECTION('ref_axis',(1.,8.36363488693232E-27,3.8320542262398E-22));
#11503=DIRECTION('center_axis',(8.36356896450016E-27,-1.,3.40597615085944E-21));
#11504=DIRECTION('ref_axis',(1.,8.36363488693232E-27,3.8320542262398E-22));
#11505=DIRECTION('center_axis',(-1.,4.99600361082103E-16,1.18423785461296E-14));
#11506=DIRECTION('ref_axis',(1.18423785461296E-14,3.40597615085944E-21,
1.));
#11507=DIRECTION('',(1.18423785461296E-14,3.40597615085944E-21,1.));
#11508=DIRECTION('',(4.99600361082095E-16,1.,-6.4601845850176E-16));
#11509=DIRECTION('',(1.18423785461296E-14,3.40597615085944E-21,1.));
#11510=DIRECTION('',(4.99600361082095E-16,1.,-6.4601845850176E-16));
#11511=DIRECTION('center_axis',(-0.499999999999989,8.09268576917259E-16,
0.866025403784445));
#11512=DIRECTION('ref_axis',(0.866025403784445,1.70299532032827E-21,0.499999999999989));
#11513=DIRECTION('',(0.866025403784445,1.70299532032827E-21,0.499999999999989));
#11514=DIRECTION('',(0.866025403784445,1.70299532032827E-21,0.499999999999989));
#11515=DIRECTION('',(4.99600361082095E-16,1.,-6.4601845850176E-16));
#11516=DIRECTION('center_axis',(0.500000000000012,3.09668215835156E-16,
0.866025403784432));
#11517=DIRECTION('ref_axis',(0.866025403784432,-1.70298083053117E-21,-0.500000000000012));
#11518=DIRECTION('',(0.866025403784432,-1.70298085577471E-21,-0.500000000000012));
#11519=DIRECTION('',(0.866025403784432,-1.70298085577471E-21,-0.500000000000012));
#11520=DIRECTION('',(4.99600361082095E-16,1.,-6.4601845850176E-16));
#11521=DIRECTION('center_axis',(1.,-4.99600361082103E-16,-1.18423785461296E-14));
#11522=DIRECTION('ref_axis',(-1.18423785461296E-14,-3.40597615085944E-21,
-1.));
#11523=DIRECTION('',(-1.18423785461296E-14,-3.40597615085944E-21,-1.));
#11524=DIRECTION('',(-1.18423785461296E-14,-3.40597615085944E-21,-1.));
#11525=DIRECTION('',(4.99600361082095E-16,1.,-6.4601845850176E-16));
#11526=DIRECTION('center_axis',(0.499999999999985,-8.09268576917259E-16,
-0.866025403784448));
#11527=DIRECTION('ref_axis',(-0.866025403784448,-1.70299532032827E-21,-0.499999999999984));
#11528=DIRECTION('',(-0.866025403784448,-1.70299532032827E-21,-0.499999999999984));
#11529=DIRECTION('',(-0.866025403784448,-1.70299532032827E-21,-0.499999999999984));
#11530=DIRECTION('',(4.99600361082095E-16,1.,-6.4601845850176E-16));
#11531=DIRECTION('center_axis',(-0.500000000000007,-3.09668215835156E-16,
-0.866025403784434));
#11532=DIRECTION('ref_axis',(-0.866025403784434,1.70298088101826E-21,0.500000000000007));
#11533=DIRECTION('',(-0.866025403784434,1.70298085577471E-21,0.500000000000007));
#11534=DIRECTION('',(-0.866025403784434,1.70298085577471E-21,0.500000000000007));
#11535=DIRECTION('center_axis',(-0.499999999999989,8.09268576917259E-16,
0.866025403784445));
#11536=DIRECTION('ref_axis',(0.866025403784445,1.70299532032827E-21,0.499999999999989));
#11537=DIRECTION('',(0.866025403784445,1.70299532032827E-21,0.499999999999989));
#11538=DIRECTION('',(4.99600361082095E-16,1.,-6.4601845850176E-16));
#11539=DIRECTION('',(0.866025403784445,1.70299532032827E-21,0.499999999999989));
#11540=DIRECTION('',(4.99600361082095E-16,1.,-6.4601845850176E-16));
#11541=DIRECTION('center_axis',(-1.,4.9960036108206E-16,-5.38429556019455E-14));
#11542=DIRECTION('ref_axis',(-5.38429556019455E-14,3.40597615085944E-21,
1.));
#11543=DIRECTION('',(-5.38429556019455E-14,3.40597615085944E-21,1.));
#11544=DIRECTION('',(-5.38429556019455E-14,3.40597615085944E-21,1.));
#11545=DIRECTION('',(4.99600361082095E-16,1.,-6.4601845850176E-16));
#11546=DIRECTION('center_axis',(0.499999999999999,-8.09268576917233E-16,
-0.86602540378444));
#11547=DIRECTION('ref_axis',(-0.866025403784439,-1.70299532032827E-21,-0.499999999999999));
#11548=DIRECTION('',(-0.866025403784439,-1.70299532032827E-21,-0.499999999999998));
#11549=DIRECTION('',(-0.866025403784439,-1.70299532032827E-21,-0.499999999999998));
#11550=DIRECTION('',(4.99600361082095E-16,1.,-6.4601845850176E-16));
#11551=DIRECTION('center_axis',(-0.500000000000003,-3.09668215835181E-16,
-0.866025403784437));
#11552=DIRECTION('ref_axis',(-0.866025403784437,1.70298085577471E-21,0.500000000000003));
#11553=DIRECTION('',(-0.866025403784437,1.70298085577471E-21,0.500000000000003));
#11554=DIRECTION('',(-0.866025403784437,1.70298085577471E-21,0.500000000000003));
#11555=DIRECTION('',(4.99600361082095E-16,1.,-6.4601845850176E-16));
#11556=DIRECTION('center_axis',(-1.,4.99600361082095E-16,-3.8320542262398E-22));
#11557=DIRECTION('ref_axis',(-3.8320542262398E-22,3.40597615085944E-21,
1.));
#11558=DIRECTION('',(-3.8320542262398E-22,3.40597615085944E-21,1.));
#11559=DIRECTION('',(-3.8320542262398E-22,3.40597615085944E-21,1.));
#11560=DIRECTION('',(4.99600361082095E-16,1.,-6.4601845850176E-16));
#11561=DIRECTION('center_axis',(-0.499999999999999,8.09268576917233E-16,
0.86602540378444));
#11562=DIRECTION('ref_axis',(0.866025403784439,1.70299532032827E-21,0.499999999999999));
#11563=DIRECTION('',(0.866025403784439,1.70299532032827E-21,0.499999999999998));
#11564=DIRECTION('',(0.866025403784439,1.70299532032827E-21,0.499999999999998));
#11565=DIRECTION('',(4.99600361082095E-16,1.,-6.4601845850176E-16));
#11566=DIRECTION('center_axis',(0.500000000000011,3.09668215835156E-16,
0.866025403784433));
#11567=DIRECTION('ref_axis',(0.866025403784432,1.63224413965178E-8,-0.500000000000011));
#11568=DIRECTION('',(0.866025403784432,1.63224413965178E-8,-0.500000000000011));
#11569=DIRECTION('',(0.866025403784432,1.63224413965178E-8,-0.500000000000011));
#11570=DIRECTION('',(4.99600361082095E-16,1.,-6.4601845850176E-16));
#11571=DIRECTION('center_axis',(-1.,4.9960036108206E-16,-5.38429556019455E-14));
#11572=DIRECTION('ref_axis',(-5.38429556019455E-14,3.40597615085944E-21,
1.));
#11573=DIRECTION('',(-5.38429556019455E-14,3.40597615085944E-21,1.));
#11574=DIRECTION('',(-5.38429556019455E-14,3.40597615085944E-21,1.));
#11575=DIRECTION('',(4.99600361082095E-16,1.,-6.4601845850176E-16));
#11576=DIRECTION('center_axis',(-0.500000000000007,-3.09668215835156E-16,
-0.866025403784434));
#11577=DIRECTION('ref_axis',(-0.866025403784434,1.70298088101826E-21,0.500000000000007));
#11578=DIRECTION('',(-0.866025403784434,1.70298085577471E-21,0.500000000000007));
#11579=DIRECTION('',(-0.866025403784434,1.70298085577471E-21,0.500000000000007));
#11580=DIRECTION('',(4.99600361082095E-16,1.,-6.4601845850176E-16));
#11581=DIRECTION('center_axis',(-1.,4.99600361082103E-16,1.18423785461296E-14));
#11582=DIRECTION('ref_axis',(1.18423785461296E-14,3.40597615085944E-21,
1.));
#11583=DIRECTION('',(1.18423785461296E-14,3.40597615085944E-21,1.));
#11584=DIRECTION('',(1.18423785461296E-14,3.40597615085944E-21,1.));
#11585=DIRECTION('',(4.99600361082095E-16,1.,-6.4601845850176E-16));
#11586=DIRECTION('center_axis',(-0.499999999999989,8.09268576917259E-16,
0.866025403784445));
#11587=DIRECTION('ref_axis',(0.866025403784445,1.70299532032827E-21,0.499999999999989));
#11588=DIRECTION('',(0.866025403784445,1.70299532032827E-21,0.499999999999989));
#11589=DIRECTION('',(0.866025403784445,1.70299532032827E-21,0.499999999999989));
#11590=DIRECTION('',(4.99600361082095E-16,1.,-6.4601845850176E-16));
#11591=DIRECTION('center_axis',(-1.,4.9960036108206E-16,-5.38429556019455E-14));
#11592=DIRECTION('ref_axis',(-5.38429556019455E-14,3.40597615085944E-21,
1.));
#11593=DIRECTION('',(-5.38429556019455E-14,3.40597615085944E-21,1.));
#11594=DIRECTION('',(-5.38429556019455E-14,3.40597615085944E-21,1.));
#11595=DIRECTION('',(4.99600361082095E-16,1.,-6.4601845850176E-16));
#11596=DIRECTION('center_axis',(0.499999999999999,-8.09268576917233E-16,
-0.86602540378444));
#11597=DIRECTION('ref_axis',(-0.866025403784439,-1.70299532032827E-21,-0.499999999999999));
#11598=DIRECTION('',(-0.866025403784439,-1.70299532032827E-21,-0.499999999999998));
#11599=DIRECTION('',(-0.866025403784439,-1.70299532032827E-21,-0.499999999999998));
#11600=DIRECTION('',(4.99600361082095E-16,1.,-6.4601845850176E-16));
#11601=DIRECTION('center_axis',(-0.500000000000003,-3.09668215835181E-16,
-0.866025403784437));
#11602=DIRECTION('ref_axis',(-0.866025403784437,1.70298085577471E-21,0.500000000000003));
#11603=DIRECTION('',(-0.866025403784437,1.70298085577471E-21,0.500000000000003));
#11604=DIRECTION('',(-0.866025403784437,1.70298085577471E-21,0.500000000000003));
#11605=DIRECTION('',(4.99600361082095E-16,1.,-6.4601845850176E-16));
#11606=DIRECTION('center_axis',(-1.,4.99600361082095E-16,-3.8320542262398E-22));
#11607=DIRECTION('ref_axis',(-3.8320542262398E-22,3.40597615085944E-21,
1.));
#11608=DIRECTION('',(-3.8320542262398E-22,3.40597615085944E-21,1.));
#11609=DIRECTION('',(-3.8320542262398E-22,3.40597615085944E-21,1.));
#11610=DIRECTION('',(4.99600361082095E-16,1.,-6.4601845850176E-16));
#11611=DIRECTION('center_axis',(-0.499999999999999,8.09268576917233E-16,
0.86602540378444));
#11612=DIRECTION('ref_axis',(0.866025403784439,1.70299532032827E-21,0.499999999999999));
#11613=DIRECTION('',(0.866025403784439,1.70299532032827E-21,0.499999999999998));
#11614=DIRECTION('',(0.866025403784439,1.70299532032827E-21,0.499999999999998));
#11615=DIRECTION('',(4.99600361082095E-16,1.,-6.4601845850176E-16));
#11616=DIRECTION('center_axis',(0.500000000000011,3.09668215835156E-16,
0.866025403784433));
#11617=DIRECTION('ref_axis',(0.866025403784432,1.63224413965178E-8,-0.500000000000011));
#11618=DIRECTION('',(0.866025403784432,1.63224413965178E-8,-0.500000000000011));
#11619=DIRECTION('',(0.866025403784432,1.63224413965178E-8,-0.500000000000011));
#11620=DIRECTION('',(4.99600361082095E-16,1.,-6.4601845850176E-16));
#11621=DIRECTION('center_axis',(-1.,4.9960036108206E-16,-5.38429556019455E-14));
#11622=DIRECTION('ref_axis',(-5.38429556019455E-14,3.40597615085944E-21,
1.));
#11623=DIRECTION('',(-5.38429556019455E-14,3.40597615085944E-21,1.));
#11624=DIRECTION('',(-5.38429556019455E-14,3.40597615085944E-21,1.));
#11625=DIRECTION('',(4.99600361082095E-16,1.,-6.4601845850176E-16));
#11626=DIRECTION('center_axis',(4.99600361082095E-16,1.,-6.4601845850176E-16));
#11627=DIRECTION('ref_axis',(-1.,4.99600361082046E-16,-7.61295792146444E-14));
#11628=DIRECTION('center_axis',(8.36356896450016E-27,-1.,3.40597615085944E-21));
#11629=DIRECTION('ref_axis',(-1.,-8.36355093222401E-27,-7.61295792146444E-14));
#11630=DIRECTION('center_axis',(-8.36356896450016E-27,1.,-3.40597615085944E-21));
#11631=DIRECTION('ref_axis',(-1.,-8.36355093222401E-27,-7.61295792146444E-14));
#11632=DIRECTION('',(4.99600361082095E-16,1.,-6.4601845850176E-16));
#11633=DIRECTION('center_axis',(-0.500000000000007,-3.09668215835156E-16,
-0.866025403784434));
#11634=DIRECTION('ref_axis',(-0.866025403784434,1.70298088101826E-21,0.500000000000007));
#11635=DIRECTION('',(-0.866025403784434,1.70298085577471E-21,0.500000000000007));
#11636=DIRECTION('',(-0.866025403784434,1.70298085577471E-21,0.500000000000007));
#11637=DIRECTION('',(4.99600361082095E-16,1.,-6.4601845850176E-16));
#11638=DIRECTION('center_axis',(-1.,4.99600361082103E-16,1.18423785461296E-14));
#11639=DIRECTION('ref_axis',(1.18423785461296E-14,3.40597615085944E-21,
1.));
#11640=DIRECTION('',(1.18423785461296E-14,3.40597615085944E-21,1.));
#11641=DIRECTION('',(1.18423785461296E-14,3.40597615085944E-21,1.));
#11642=DIRECTION('',(4.99600361082095E-16,1.,-6.4601845850176E-16));
#11643=DIRECTION('center_axis',(4.99600361082095E-16,1.,-6.4601845850176E-16));
#11644=DIRECTION('ref_axis',(-1.,4.99600361082046E-16,-7.61295792146444E-14));
#11645=DIRECTION('center_axis',(8.36356896450016E-27,-1.,3.40597615085944E-21));
#11646=DIRECTION('ref_axis',(-1.,-8.36355093222401E-27,-7.61295792146444E-14));
#11647=DIRECTION('center_axis',(-8.36356896450016E-27,1.,-3.40597615085944E-21));
#11648=DIRECTION('ref_axis',(-1.,-8.36355093222401E-27,-7.61295792146444E-14));
#11649=DIRECTION('',(4.99600361082095E-16,1.,-6.4601845850176E-16));
#11650=DIRECTION('center_axis',(1.,-4.99600361082103E-16,-1.18423785461296E-14));
#11651=DIRECTION('ref_axis',(-1.18423785461296E-14,-3.40597615085944E-21,
-1.));
#11652=DIRECTION('',(-1.18423785461296E-14,-3.40597615085944E-21,-1.));
#11653=DIRECTION('',(-1.18423785461296E-14,-3.40597615085944E-21,-1.));
#11654=DIRECTION('',(4.99600361082095E-16,1.,-6.4601845850176E-16));
#11655=DIRECTION('center_axis',(0.499999999999985,-8.09268576917259E-16,
-0.866025403784448));
#11656=DIRECTION('ref_axis',(-0.866025403784448,-1.70299532032827E-21,-0.499999999999984));
#11657=DIRECTION('',(-0.866025403784448,-1.70299532032827E-21,-0.499999999999984));
#11658=DIRECTION('',(-0.866025403784448,-1.70299532032827E-21,-0.499999999999984));
#11659=DIRECTION('',(4.99600361082095E-16,1.,-6.4601845850176E-16));
#11660=DIRECTION('center_axis',(-0.500000000000007,-3.09668215835156E-16,
-0.866025403784434));
#11661=DIRECTION('ref_axis',(-0.866025403784434,1.70298088101826E-21,0.500000000000007));
#11662=DIRECTION('',(-0.866025403784434,1.70298085577471E-21,0.500000000000007));
#11663=DIRECTION('',(-0.866025403784434,1.70298085577471E-21,0.500000000000007));
#11664=DIRECTION('',(4.99600361082095E-16,1.,-6.4601845850176E-16));
#11665=DIRECTION('center_axis',(0.500000000000098,-8.09268576917259E-16,
-0.866025403784382));
#11666=DIRECTION('ref_axis',(-0.866025403784382,-1.23069628958517E-14,-0.500000000000098));
#11667=DIRECTION('',(-0.866025403784382,-1.23069628958517E-14,-0.500000000000098));
#11668=DIRECTION('',(-0.866025403784382,-1.23069628958517E-14,-0.500000000000098));
#11669=DIRECTION('',(4.99600361082095E-16,1.,-6.4601845850176E-16));
#11670=DIRECTION('center_axis',(0.500000000000011,3.09668215835156E-16,
0.866025403784433));
#11671=DIRECTION('ref_axis',(0.866025403784432,1.63224413965178E-8,-0.500000000000011));
#11672=DIRECTION('',(0.866025403784432,1.63224413965178E-8,-0.500000000000011));
#11673=DIRECTION('',(0.866025403784432,1.63224413965178E-8,-0.500000000000011));
#11674=DIRECTION('',(4.99600361082095E-16,1.,-6.4601845850176E-16));
#11675=DIRECTION('center_axis',(1.,-4.99600361082083E-16,1.77635687853628E-14));
#11676=DIRECTION('ref_axis',(1.77635687772081E-14,-1.63224413965228E-8,
-1.));
#11677=DIRECTION('',(1.77635687772081E-14,-1.63224413965228E-8,-1.));
#11678=DIRECTION('',(1.77635687772081E-14,-1.63224413965228E-8,-1.));
#11679=DIRECTION('',(4.99600361082095E-16,1.,-6.4601845850176E-16));
#11680=DIRECTION('center_axis',(0.499999999999999,-8.09268576917233E-16,
-0.86602540378444));
#11681=DIRECTION('ref_axis',(-0.866025403784439,-1.70299532032827E-21,-0.499999999999999));
#11682=DIRECTION('',(-0.866025403784439,-1.70299532032827E-21,-0.499999999999998));
#11683=DIRECTION('',(-0.866025403784439,-1.70299532032827E-21,-0.499999999999998));
#11684=DIRECTION('',(4.99600361082095E-16,1.,-6.4601845850176E-16));
#11685=DIRECTION('center_axis',(-0.500000000000003,-3.09668215835181E-16,
-0.866025403784437));
#11686=DIRECTION('ref_axis',(-0.866025403784437,1.70298085577471E-21,0.500000000000003));
#11687=DIRECTION('',(-0.866025403784437,1.70298085577471E-21,0.500000000000003));
#11688=DIRECTION('',(-0.866025403784437,1.70298085577471E-21,0.500000000000003));
#11689=DIRECTION('',(4.99600361082095E-16,1.,-6.4601845850176E-16));
#11690=DIRECTION('center_axis',(1.,-4.99600361082091E-16,5.76888844235605E-15));
#11691=DIRECTION('ref_axis',(5.76888844235605E-15,-3.40597615085944E-21,
-1.));
#11692=DIRECTION('',(5.76888844235605E-15,-3.40597615085944E-21,-1.));
#11693=DIRECTION('',(5.76888844235605E-15,-3.40597615085944E-21,-1.));
#11694=DIRECTION('',(4.99600361082095E-16,1.,-6.4601845850176E-16));
#11695=DIRECTION('center_axis',(0.500000000000012,3.09668215835156E-16,
0.866025403784432));
#11696=DIRECTION('ref_axis',(0.866025403784432,-1.70298083053117E-21,-0.500000000000012));
#11697=DIRECTION('',(0.866025403784432,-1.70298085577471E-21,-0.500000000000012));
#11698=DIRECTION('',(0.866025403784432,-1.70298085577471E-21,-0.500000000000012));
#11699=DIRECTION('',(4.99600361082095E-16,1.,-6.4601845850176E-16));
#11700=DIRECTION('center_axis',(1.,-4.99600361082103E-16,-1.18423785461296E-14));
#11701=DIRECTION('ref_axis',(-1.18423785461296E-14,-3.40597615085944E-21,
-1.));
#11702=DIRECTION('',(-1.18423785461296E-14,-3.40597615085944E-21,-1.));
#11703=DIRECTION('',(-1.18423785461296E-14,-3.40597615085944E-21,-1.));
#11704=DIRECTION('',(4.99600361082095E-16,1.,-6.4601845850176E-16));
#11705=DIRECTION('center_axis',(0.499999999999985,-8.09268576917259E-16,
-0.866025403784448));
#11706=DIRECTION('ref_axis',(-0.866025403784448,-1.70299532032827E-21,-0.499999999999984));
#11707=DIRECTION('',(-0.866025403784448,-1.70299532032827E-21,-0.499999999999984));
#11708=DIRECTION('',(-0.866025403784448,-1.70299532032827E-21,-0.499999999999984));
#11709=DIRECTION('',(4.99600361082095E-16,1.,-6.4601845850176E-16));
#11710=DIRECTION('center_axis',(1.,-4.99600361082091E-16,5.76888844235605E-15));
#11711=DIRECTION('ref_axis',(5.76888844235605E-15,-3.40597615085944E-21,
-1.));
#11712=DIRECTION('',(5.76888844235605E-15,-3.40597615085944E-21,-1.));
#11713=DIRECTION('',(5.76888844235605E-15,-3.40597615085944E-21,-1.));
#11714=DIRECTION('',(4.99600361082095E-16,1.,-6.4601845850176E-16));
#11715=DIRECTION('center_axis',(-0.499999999999999,8.09268576917233E-16,
0.86602540378444));
#11716=DIRECTION('ref_axis',(0.866025403784439,1.70299532032827E-21,0.499999999999999));
#11717=DIRECTION('',(0.866025403784439,1.70299532032827E-21,0.499999999999998));
#11718=DIRECTION('',(0.866025403784439,1.70299532032827E-21,0.499999999999998));
#11719=DIRECTION('',(4.99600361082095E-16,1.,-6.4601845850176E-16));
#11720=DIRECTION('center_axis',(0.500000000000011,3.09668215835156E-16,
0.866025403784433));
#11721=DIRECTION('ref_axis',(0.866025403784432,1.63224413965178E-8,-0.500000000000011));
#11722=DIRECTION('',(0.866025403784432,1.63224413965178E-8,-0.500000000000011));
#11723=DIRECTION('',(0.866025403784432,1.63224413965178E-8,-0.500000000000011));
#11724=DIRECTION('',(4.99600361082095E-16,1.,-6.4601845850176E-16));
#11725=DIRECTION('center_axis',(1.,-4.99600361082083E-16,1.77635687853628E-14));
#11726=DIRECTION('ref_axis',(1.77635687772081E-14,-1.63224413965228E-8,
-1.));
#11727=DIRECTION('',(1.77635687772081E-14,-1.63224413965228E-8,-1.));
#11728=DIRECTION('',(1.77635687772081E-14,-1.63224413965228E-8,-1.));
#11729=DIRECTION('',(4.99600361082095E-16,1.,-6.4601845850176E-16));
#11730=DIRECTION('center_axis',(0.499999999999999,-8.09268576917233E-16,
-0.86602540378444));
#11731=DIRECTION('ref_axis',(-0.866025403784439,-1.70299532032827E-21,-0.499999999999999));
#11732=DIRECTION('',(-0.866025403784439,-1.70299532032827E-21,-0.499999999999998));
#11733=DIRECTION('',(-0.866025403784439,-1.70299532032827E-21,-0.499999999999998));
#11734=DIRECTION('',(4.99600361082095E-16,1.,-6.4601845850176E-16));
#11735=DIRECTION('center_axis',(0.499999999999883,3.09668215835257E-16,
0.866025403784506));
#11736=DIRECTION('ref_axis',(0.866025403784506,-1.70298085577471E-21,-0.499999999999883));
#11737=DIRECTION('',(0.866025403784506,-1.70298085577471E-21,-0.499999999999883));
#11738=DIRECTION('',(0.866025403784506,-1.70298085577471E-21,-0.499999999999883));
#11739=DIRECTION('',(4.99600361082095E-16,1.,-6.4601845850176E-16));
#11740=DIRECTION('center_axis',(-0.499999999999989,8.09268576917259E-16,
0.866025403784445));
#11741=DIRECTION('ref_axis',(0.866025403784445,1.70299532032827E-21,0.499999999999989));
#11742=DIRECTION('',(0.866025403784445,1.70299532032827E-21,0.499999999999989));
#11743=DIRECTION('',(0.866025403784445,1.70299532032827E-21,0.499999999999989));
#11744=DIRECTION('',(4.99600361082095E-16,1.,-6.4601845850176E-16));
#11745=DIRECTION('center_axis',(0.500000000000012,3.09668215835156E-16,
0.866025403784432));
#11746=DIRECTION('ref_axis',(0.866025403784432,-1.70298083053117E-21,-0.500000000000012));
#11747=DIRECTION('',(0.866025403784432,-1.70298085577471E-21,-0.500000000000012));
#11748=DIRECTION('',(0.866025403784432,-1.70298085577471E-21,-0.500000000000012));
#11749=DIRECTION('',(4.99600361082095E-16,1.,-6.4601845850176E-16));
#11750=DIRECTION('center_axis',(1.,-4.99600361082103E-16,-1.18423785461296E-14));
#11751=DIRECTION('ref_axis',(-1.18423785461296E-14,-3.40597615085944E-21,
-1.));
#11752=DIRECTION('',(-1.18423785461296E-14,-3.40597615085944E-21,-1.));
#11753=DIRECTION('',(-1.18423785461296E-14,-3.40597615085944E-21,-1.));
#11754=DIRECTION('',(4.99600361082095E-16,1.,-6.4601845850176E-16));
#11755=DIRECTION('center_axis',(4.99600361082095E-16,1.,-6.4601845850176E-16));
#11756=DIRECTION('ref_axis',(0.499999999999771,3.0966821583537E-16,0.866025403784571));
#11757=DIRECTION('center_axis',(8.36356896450016E-27,-1.,3.40597615085944E-21));
#11758=DIRECTION('ref_axis',(0.499999999999771,2.94966605323574E-21,0.866025403784571));
#11759=DIRECTION('center_axis',(-8.36356896450016E-27,1.,-3.40597615085944E-21));
#11760=DIRECTION('ref_axis',(0.499999999999771,2.94966605323574E-21,0.866025403784571));
#11761=DIRECTION('',(4.99600361082095E-16,1.,-6.4601845850176E-16));
#11762=DIRECTION('center_axis',(-1.,4.99600361082103E-16,1.18423785461296E-14));
#11763=DIRECTION('ref_axis',(1.18423785461296E-14,3.40597615085944E-21,
1.));
#11764=DIRECTION('',(1.18423785461296E-14,3.40597615085944E-21,1.));
#11765=DIRECTION('',(1.18423785461296E-14,3.40597615085944E-21,1.));
#11766=DIRECTION('center_axis',(8.36356896450016E-27,-1.,3.40597615085944E-21));
#11767=DIRECTION('ref_axis',(1.,8.36363488693232E-27,3.8320542262398E-22));
#11768=DIRECTION('center_axis',(8.36356896450016E-27,-1.,3.40597615085944E-21));
#11769=DIRECTION('ref_axis',(1.,8.36363488693232E-27,3.8320542262398E-22));
#11770=DIRECTION('center_axis',(-1.,4.99600361082155E-16,1.18423785461296E-14));
#11771=DIRECTION('ref_axis',(1.18423785461296E-14,3.40597615085944E-21,
1.));
#11772=DIRECTION('',(1.18423785461296E-14,3.40597615085944E-21,1.));
#11773=DIRECTION('',(4.99600361082182E-16,1.,2.31457627383202E-15));
#11774=DIRECTION('',(1.18423785461296E-14,3.40597615085944E-21,1.));
#11775=DIRECTION('',(4.99600361082182E-16,1.,2.31457627383202E-15));
#11776=DIRECTION('center_axis',(-0.499999999999987,-1.7546816715942E-15,
0.866025403784446));
#11777=DIRECTION('ref_axis',(0.866025403784446,1.70299532032827E-21,0.499999999999987));
#11778=DIRECTION('',(0.866025403784446,1.70299532032827E-21,0.499999999999987));
#11779=DIRECTION('',(0.866025403784446,1.70299532032827E-21,0.499999999999987));
#11780=DIRECTION('',(4.99600361082182E-16,1.,2.31457627383202E-15));
#11781=DIRECTION('center_axis',(0.50000000000001,-2.25428203267632E-15,
0.866025403784433));
#11782=DIRECTION('ref_axis',(0.866025403784433,-1.70298085577471E-21,-0.50000000000001));
#11783=DIRECTION('',(0.866025403784433,-1.70298085577471E-21,-0.50000000000001));
#11784=DIRECTION('',(0.866025403784433,-1.70298085577471E-21,-0.50000000000001));
#11785=DIRECTION('',(4.99600361082182E-16,1.,2.31457627383202E-15));
#11786=DIRECTION('center_axis',(1.,-4.99600361082155E-16,-1.18423785461296E-14));
#11787=DIRECTION('ref_axis',(-1.18423785461296E-14,-3.40597615085944E-21,
-1.));
#11788=DIRECTION('',(-1.18423785461296E-14,-3.40597615085944E-21,-1.));
#11789=DIRECTION('',(-1.18423785461296E-14,-3.40597615085944E-21,-1.));
#11790=DIRECTION('',(4.99600361082182E-16,1.,2.31457627383202E-15));
#11791=DIRECTION('center_axis',(0.499999999999987,1.7546816715942E-15,-0.866025403784446));
#11792=DIRECTION('ref_axis',(-0.866025403784446,-1.70299532032827E-21,-0.499999999999987));
#11793=DIRECTION('',(-0.866025403784446,-1.70299532032827E-21,-0.499999999999987));
#11794=DIRECTION('',(-0.866025403784446,-1.70299532032827E-21,-0.499999999999987));
#11795=DIRECTION('',(4.99600361082182E-16,1.,2.31457627383202E-15));
#11796=DIRECTION('center_axis',(-0.50000000000001,2.25428203267632E-15,
-0.866025403784433));
#11797=DIRECTION('ref_axis',(-0.866025403784433,1.70298085577471E-21,0.50000000000001));
#11798=DIRECTION('',(-0.866025403784433,1.70298085577471E-21,0.50000000000001));
#11799=DIRECTION('',(-0.866025403784433,1.70298085577471E-21,0.50000000000001));
#11800=DIRECTION('center_axis',(-1.,4.99600361082155E-16,1.18423785461296E-14));
#11801=DIRECTION('ref_axis',(1.18423785461296E-14,3.40597615085944E-21,
1.));
#11802=DIRECTION('',(1.18423785461296E-14,3.40597615085944E-21,1.));
#11803=DIRECTION('',(4.99600361082182E-16,1.,2.31457627383202E-15));
#11804=DIRECTION('',(1.18423785461296E-14,3.40597615085944E-21,1.));
#11805=DIRECTION('',(4.99600361082182E-16,1.,2.31457627383202E-15));
#11806=DIRECTION('center_axis',(-0.499999999999987,-1.7546816715942E-15,
0.866025403784446));
#11807=DIRECTION('ref_axis',(0.866025403784446,1.70299532032827E-21,0.499999999999987));
#11808=DIRECTION('',(0.866025403784446,1.70299532032827E-21,0.499999999999987));
#11809=DIRECTION('',(0.866025403784446,1.70299532032827E-21,0.499999999999987));
#11810=DIRECTION('',(4.99600361082182E-16,1.,2.31457627383202E-15));
#11811=DIRECTION('center_axis',(0.50000000000001,-2.25428203267632E-15,
0.866025403784433));
#11812=DIRECTION('ref_axis',(0.866025403784433,-1.70298085577471E-21,-0.50000000000001));
#11813=DIRECTION('',(0.866025403784433,-1.70298085577471E-21,-0.50000000000001));
#11814=DIRECTION('',(0.866025403784433,-1.70298085577471E-21,-0.50000000000001));
#11815=DIRECTION('',(4.99600361082182E-16,1.,2.31457627383202E-15));
#11816=DIRECTION('center_axis',(1.,-4.99600361082155E-16,-1.18423785461296E-14));
#11817=DIRECTION('ref_axis',(-1.18423785461296E-14,-3.40597615085944E-21,
-1.));
#11818=DIRECTION('',(-1.18423785461296E-14,-3.40597615085944E-21,-1.));
#11819=DIRECTION('',(-1.18423785461296E-14,-3.40597615085944E-21,-1.));
#11820=DIRECTION('',(4.99600361082182E-16,1.,2.31457627383202E-15));
#11821=DIRECTION('center_axis',(0.499999999999987,1.7546816715942E-15,-0.866025403784446));
#11822=DIRECTION('ref_axis',(-0.866025403784446,-1.70299532032827E-21,-0.499999999999987));
#11823=DIRECTION('',(-0.866025403784446,-1.70299532032827E-21,-0.499999999999987));
#11824=DIRECTION('',(-0.866025403784446,-1.70299532032827E-21,-0.499999999999987));
#11825=DIRECTION('',(4.99600361082182E-16,1.,2.31457627383202E-15));
#11826=DIRECTION('center_axis',(-0.50000000000001,2.25428203267632E-15,
-0.866025403784433));
#11827=DIRECTION('ref_axis',(-0.866025403784433,1.70298085577471E-21,0.50000000000001));
#11828=DIRECTION('',(-0.866025403784433,1.70298085577471E-21,0.50000000000001));
#11829=DIRECTION('',(-0.866025403784433,1.70298085577471E-21,0.50000000000001));
#11830=DIRECTION('center_axis',(-1.,4.99600361082182E-16,-3.8320542262398E-22));
#11831=DIRECTION('ref_axis',(-3.8320542262398E-22,3.40597615085944E-21,
1.));
#11832=DIRECTION('',(-3.8320542262398E-22,3.40597615085944E-21,1.));
#11833=DIRECTION('',(4.99600361082182E-16,1.,2.31457627383202E-15));
#11834=DIRECTION('',(-3.8320542262398E-22,3.40597615085944E-21,1.));
#11835=DIRECTION('',(4.99600361082182E-16,1.,2.31457627383202E-15));
#11836=DIRECTION('center_axis',(-0.499999999999999,-1.75468167159417E-15,
0.86602540378444));
#11837=DIRECTION('ref_axis',(0.866025403784439,1.70299532032827E-21,0.499999999999999));
#11838=DIRECTION('',(0.866025403784439,1.70299532032827E-21,0.499999999999998));
#11839=DIRECTION('',(0.866025403784439,1.70299532032827E-21,0.499999999999998));
#11840=DIRECTION('',(4.99600361082182E-16,1.,2.31457627383202E-15));
#11841=DIRECTION('center_axis',(0.500000000000011,-2.25428203267633E-15,
0.866025403784433));
#11842=DIRECTION('ref_axis',(0.866025403784432,1.63224413965178E-8,-0.500000000000011));
#11843=DIRECTION('',(0.866025403784432,1.63224413965178E-8,-0.500000000000011));
#11844=DIRECTION('',(0.866025403784432,1.63224413965178E-8,-0.500000000000011));
#11845=DIRECTION('',(4.99600361082182E-16,1.,2.31457627383202E-15));
#11846=DIRECTION('center_axis',(1.,-4.99600361082223E-16,1.77635687853628E-14));
#11847=DIRECTION('ref_axis',(1.77635687772081E-14,-1.63224413965228E-8,
-1.));
#11848=DIRECTION('',(1.77635687772081E-14,-1.63224413965228E-8,-1.));
#11849=DIRECTION('',(1.77635687772081E-14,-1.63224413965228E-8,-1.));
#11850=DIRECTION('',(4.99600361082182E-16,1.,2.31457627383202E-15));
#11851=DIRECTION('center_axis',(0.499999999999999,1.75468167159417E-15,
-0.86602540378444));
#11852=DIRECTION('ref_axis',(-0.866025403784439,-1.70299532032827E-21,-0.499999999999999));
#11853=DIRECTION('',(-0.866025403784439,-1.70299532032827E-21,-0.499999999999998));
#11854=DIRECTION('',(-0.866025403784439,-1.70299532032827E-21,-0.499999999999998));
#11855=DIRECTION('',(4.99600361082182E-16,1.,2.31457627383202E-15));
#11856=DIRECTION('center_axis',(-0.500000000000001,2.25428203267632E-15,
-0.866025403784438));
#11857=DIRECTION('ref_axis',(-0.866025403784438,1.70298085577471E-21,0.500000000000001));
#11858=DIRECTION('',(-0.866025403784438,1.70298085577471E-21,0.500000000000001));
#11859=DIRECTION('',(-0.866025403784438,1.70298085577471E-21,0.500000000000001));
#11860=DIRECTION('center_axis',(-1.,4.99600361082182E-16,-3.8320542262398E-22));
#11861=DIRECTION('ref_axis',(-3.8320542262398E-22,3.40597615085944E-21,
1.));
#11862=DIRECTION('',(-3.8320542262398E-22,3.40597615085944E-21,1.));
#11863=DIRECTION('',(4.99600361082182E-16,1.,2.31457627383202E-15));
#11864=DIRECTION('',(-3.8320542262398E-22,3.40597615085944E-21,1.));
#11865=DIRECTION('',(4.99600361082182E-16,1.,2.31457627383202E-15));
#11866=DIRECTION('center_axis',(-0.499999999999999,-1.75468167159417E-15,
0.86602540378444));
#11867=DIRECTION('ref_axis',(0.866025403784439,1.70299532032827E-21,0.499999999999999));
#11868=DIRECTION('',(0.866025403784439,1.70299532032827E-21,0.499999999999998));
#11869=DIRECTION('',(0.866025403784439,1.70299532032827E-21,0.499999999999998));
#11870=DIRECTION('',(4.99600361082182E-16,1.,2.31457627383202E-15));
#11871=DIRECTION('center_axis',(0.500000000000011,-2.25428203267633E-15,
0.866025403784433));
#11872=DIRECTION('ref_axis',(0.866025403784432,1.63224413965178E-8,-0.500000000000011));
#11873=DIRECTION('',(0.866025403784432,1.63224413965178E-8,-0.500000000000011));
#11874=DIRECTION('',(0.866025403784432,1.63224413965178E-8,-0.500000000000011));
#11875=DIRECTION('',(4.99600361082182E-16,1.,2.31457627383202E-15));
#11876=DIRECTION('center_axis',(1.,-4.99600361082223E-16,1.77635687853628E-14));
#11877=DIRECTION('ref_axis',(1.77635687772081E-14,-1.63224413965228E-8,
-1.));
#11878=DIRECTION('',(1.77635687772081E-14,-1.63224413965228E-8,-1.));
#11879=DIRECTION('',(1.77635687772081E-14,-1.63224413965228E-8,-1.));
#11880=DIRECTION('',(4.99600361082182E-16,1.,2.31457627383202E-15));
#11881=DIRECTION('center_axis',(0.499999999999999,1.75468167159417E-15,
-0.86602540378444));
#11882=DIRECTION('ref_axis',(-0.866025403784439,-1.70299532032827E-21,-0.499999999999999));
#11883=DIRECTION('',(-0.866025403784439,-1.70299532032827E-21,-0.499999999999998));
#11884=DIRECTION('',(-0.866025403784439,-1.70299532032827E-21,-0.499999999999998));
#11885=DIRECTION('',(4.99600361082182E-16,1.,2.31457627383202E-15));
#11886=DIRECTION('center_axis',(-0.500000000000001,2.25428203267632E-15,
-0.866025403784438));
#11887=DIRECTION('ref_axis',(-0.866025403784438,1.70298085577471E-21,0.500000000000001));
#11888=DIRECTION('',(-0.866025403784438,1.70298085577471E-21,0.500000000000001));
#11889=DIRECTION('',(-0.866025403784438,1.70298085577471E-21,0.500000000000001));
#11890=DIRECTION('center_axis',(-1.,4.99600361082182E-16,-3.8320542262398E-22));
#11891=DIRECTION('ref_axis',(-3.8320542262398E-22,3.40597615085944E-21,
1.));
#11892=DIRECTION('',(-3.8320542262398E-22,3.40597615085944E-21,1.));
#11893=DIRECTION('',(4.99600361082182E-16,1.,2.31457627383202E-15));
#11894=DIRECTION('',(-3.8320542262398E-22,3.40597615085944E-21,1.));
#11895=DIRECTION('',(4.99600361082182E-16,1.,2.31457627383202E-15));
#11896=DIRECTION('center_axis',(-0.499999999999999,-1.75468167159417E-15,
0.86602540378444));
#11897=DIRECTION('ref_axis',(0.866025403784439,1.70299532032827E-21,0.499999999999999));
#11898=DIRECTION('',(0.866025403784439,1.70299532032827E-21,0.499999999999998));
#11899=DIRECTION('',(0.866025403784439,1.70299532032827E-21,0.499999999999998));
#11900=DIRECTION('',(4.99600361082182E-16,1.,2.31457627383202E-15));
#11901=DIRECTION('center_axis',(0.500000000000011,-2.25428203267633E-15,
0.866025403784433));
#11902=DIRECTION('ref_axis',(0.866025403784432,1.63224413965178E-8,-0.500000000000011));
#11903=DIRECTION('',(0.866025403784432,1.63224413965178E-8,-0.500000000000011));
#11904=DIRECTION('',(0.866025403784432,1.63224413965178E-8,-0.500000000000011));
#11905=DIRECTION('',(4.99600361082182E-16,1.,2.31457627383202E-15));
#11906=DIRECTION('center_axis',(1.,-4.99600361082223E-16,1.77635687853628E-14));
#11907=DIRECTION('ref_axis',(1.77635687772081E-14,-1.63224413965228E-8,
-1.));
#11908=DIRECTION('',(1.77635687772081E-14,-1.63224413965228E-8,-1.));
#11909=DIRECTION('',(1.77635687772081E-14,-1.63224413965228E-8,-1.));
#11910=DIRECTION('',(4.99600361082182E-16,1.,2.31457627383202E-15));
#11911=DIRECTION('center_axis',(0.499999999999999,1.75468167159417E-15,
-0.86602540378444));
#11912=DIRECTION('ref_axis',(-0.866025403784439,-1.70299532032827E-21,-0.499999999999999));
#11913=DIRECTION('',(-0.866025403784439,-1.70299532032827E-21,-0.499999999999998));
#11914=DIRECTION('',(-0.866025403784439,-1.70299532032827E-21,-0.499999999999998));
#11915=DIRECTION('',(4.99600361082182E-16,1.,2.31457627383202E-15));
#11916=DIRECTION('center_axis',(-0.500000000000001,2.25428203267632E-15,
-0.866025403784438));
#11917=DIRECTION('ref_axis',(-0.866025403784438,1.70298085577471E-21,0.500000000000001));
#11918=DIRECTION('',(-0.866025403784438,1.70298085577471E-21,0.500000000000001));
#11919=DIRECTION('',(-0.866025403784438,1.70298085577471E-21,0.500000000000001));
#11920=DIRECTION('center_axis',(-1.,4.99600361082155E-16,1.18423785461296E-14));
#11921=DIRECTION('ref_axis',(1.18423785461296E-14,3.40597615085944E-21,
1.));
#11922=DIRECTION('',(1.18423785461296E-14,3.40597615085944E-21,1.));
#11923=DIRECTION('',(4.99600361082182E-16,1.,2.31457627383202E-15));
#11924=DIRECTION('',(1.18423785461296E-14,3.40597615085944E-21,1.));
#11925=DIRECTION('',(4.99600361082182E-16,1.,2.31457627383202E-15));
#11926=DIRECTION('center_axis',(-0.499999999999987,-1.7546816715942E-15,
0.866025403784446));
#11927=DIRECTION('ref_axis',(0.866025403784446,1.70299532032827E-21,0.499999999999987));
#11928=DIRECTION('',(0.866025403784446,1.70299532032827E-21,0.499999999999987));
#11929=DIRECTION('',(0.866025403784446,1.70299532032827E-21,0.499999999999987));
#11930=DIRECTION('',(4.99600361082182E-16,1.,2.31457627383202E-15));
#11931=DIRECTION('center_axis',(0.50000000000001,-2.25428203267632E-15,
0.866025403784433));
#11932=DIRECTION('ref_axis',(0.866025403784433,-1.70298085577471E-21,-0.50000000000001));
#11933=DIRECTION('',(0.866025403784433,-1.70298085577471E-21,-0.50000000000001));
#11934=DIRECTION('',(0.866025403784433,-1.70298085577471E-21,-0.50000000000001));
#11935=DIRECTION('',(4.99600361082182E-16,1.,2.31457627383202E-15));
#11936=DIRECTION('center_axis',(1.,-4.99600361082155E-16,-1.18423785461296E-14));
#11937=DIRECTION('ref_axis',(-1.18423785461296E-14,-3.40597615085944E-21,
-1.));
#11938=DIRECTION('',(-1.18423785461296E-14,-3.40597615085944E-21,-1.));
#11939=DIRECTION('',(-1.18423785461296E-14,-3.40597615085944E-21,-1.));
#11940=DIRECTION('',(4.99600361082182E-16,1.,2.31457627383202E-15));
#11941=DIRECTION('center_axis',(0.499999999999987,1.7546816715942E-15,-0.866025403784446));
#11942=DIRECTION('ref_axis',(-0.866025403784446,-1.70299532032827E-21,-0.499999999999987));
#11943=DIRECTION('',(-0.866025403784446,-1.70299532032827E-21,-0.499999999999987));
#11944=DIRECTION('',(-0.866025403784446,-1.70299532032827E-21,-0.499999999999987));
#11945=DIRECTION('',(4.99600361082182E-16,1.,2.31457627383202E-15));
#11946=DIRECTION('center_axis',(-0.50000000000001,2.25428203267632E-15,
-0.866025403784433));
#11947=DIRECTION('ref_axis',(-0.866025403784433,1.70298085577471E-21,0.50000000000001));
#11948=DIRECTION('',(-0.866025403784433,1.70298085577471E-21,0.50000000000001));
#11949=DIRECTION('',(-0.866025403784433,1.70298085577471E-21,0.50000000000001));
#11950=DIRECTION('center_axis',(0.499999999999999,1.75468167159417E-15,
-0.86602540378444));
#11951=DIRECTION('ref_axis',(-0.866025403784439,-1.70299532032827E-21,-0.499999999999999));
#11952=DIRECTION('',(-0.866025403784439,-1.70299532032827E-21,-0.499999999999998));
#11953=DIRECTION('',(4.99600361082182E-16,1.,2.31457627383202E-15));
#11954=DIRECTION('',(-0.866025403784439,-1.70299532032827E-21,-0.499999999999998));
#11955=DIRECTION('',(4.99600361082182E-16,1.,2.31457627383202E-15));
#11956=DIRECTION('center_axis',(-0.500000000000001,2.25428203267632E-15,
-0.866025403784438));
#11957=DIRECTION('ref_axis',(-0.866025403784438,1.70298085577471E-21,0.500000000000001));
#11958=DIRECTION('',(-0.866025403784438,1.70298085577471E-21,0.500000000000001));
#11959=DIRECTION('',(-0.866025403784438,1.70298085577471E-21,0.500000000000001));
#11960=DIRECTION('',(4.99600361082182E-16,1.,2.31457627383202E-15));
#11961=DIRECTION('center_axis',(-1.,4.99600361082182E-16,-3.8320542262398E-22));
#11962=DIRECTION('ref_axis',(-3.8320542262398E-22,3.40597615085944E-21,
1.));
#11963=DIRECTION('',(-3.8320542262398E-22,3.40597615085944E-21,1.));
#11964=DIRECTION('',(-3.8320542262398E-22,3.40597615085944E-21,1.));
#11965=DIRECTION('',(4.99600361082182E-16,1.,2.31457627383202E-15));
#11966=DIRECTION('center_axis',(-0.499999999999999,-1.75468167159417E-15,
0.86602540378444));
#11967=DIRECTION('ref_axis',(0.866025403784439,1.70299532032827E-21,0.499999999999999));
#11968=DIRECTION('',(0.866025403784439,1.70299532032827E-21,0.499999999999998));
#11969=DIRECTION('',(0.866025403784439,1.70299532032827E-21,0.499999999999998));
#11970=DIRECTION('',(4.99600361082182E-16,1.,2.31457627383202E-15));
#11971=DIRECTION('center_axis',(0.500000000000001,-2.25428203267632E-15,
0.866025403784438));
#11972=DIRECTION('ref_axis',(0.866025403784438,-1.70298085577471E-21,-0.500000000000001));
#11973=DIRECTION('',(0.866025403784438,-1.70298085577471E-21,-0.500000000000001));
#11974=DIRECTION('',(0.866025403784438,-1.70298085577471E-21,-0.500000000000001));
#11975=DIRECTION('',(4.99600361082182E-16,1.,2.31457627383202E-15));
#11976=DIRECTION('center_axis',(1.,-4.99600361082182E-16,3.8320542262398E-22));
#11977=DIRECTION('ref_axis',(3.8320542262398E-22,-3.40597615085944E-21,
-1.));
#11978=DIRECTION('',(3.8320542262398E-22,-3.40597615085944E-21,-1.));
#11979=DIRECTION('',(3.8320542262398E-22,-3.40597615085944E-21,-1.));
#11980=DIRECTION('center_axis',(-0.499999999999989,-1.75468167159417E-15,
0.866025403784445));
#11981=DIRECTION('ref_axis',(0.866025403784445,1.70299532032827E-21,0.499999999999989));
#11982=DIRECTION('',(0.866025403784445,1.70299532032827E-21,0.499999999999989));
#11983=DIRECTION('',(4.99600361082182E-16,1.,2.31457627383202E-15));
#11984=DIRECTION('',(0.866025403784445,1.70299532032827E-21,0.499999999999989));
#11985=DIRECTION('',(4.99600361082182E-16,1.,2.31457627383202E-15));
#11986=DIRECTION('center_axis',(0.500000000000012,-2.2542820326763E-15,
0.866025403784432));
#11987=DIRECTION('ref_axis',(0.866025403784432,-1.70298083053117E-21,-0.500000000000012));
#11988=DIRECTION('',(0.866025403784432,-1.70298085577471E-21,-0.500000000000012));
#11989=DIRECTION('',(0.866025403784432,-1.70298085577471E-21,-0.500000000000012));
#11990=DIRECTION('',(4.99600361082182E-16,1.,2.31457627383202E-15));
#11991=DIRECTION('center_axis',(-0.500000000000026,-1.7546816715941E-15,
0.866025403784424));
#11992=DIRECTION('ref_axis',(0.866025403784423,1.70299532032827E-21,0.500000000000026));
#11993=DIRECTION('',(0.866025403784423,1.70299534557182E-21,0.500000000000026));
#11994=DIRECTION('',(0.866025403784423,1.70299534557182E-21,0.500000000000026));
#11995=DIRECTION('',(4.99600361082182E-16,1.,2.31457627383202E-15));
#11996=DIRECTION('center_axis',(4.99600361082182E-16,1.,2.31457627383202E-15));
#11997=DIRECTION('ref_axis',(-0.500000000000018,-1.75468167159415E-15,0.866025403784428));
#11998=DIRECTION('center_axis',(1.04491578788338E-14,-1.,-1.80984689364573E-14));
#11999=DIRECTION('ref_axis',(-0.500000000000018,-2.08983128079924E-14,0.866025403784428));
#12000=DIRECTION('center_axis',(-1.04491578788338E-14,1.,1.80984689364573E-14));
#12001=DIRECTION('ref_axis',(-0.500000000000018,-2.08983128079924E-14,0.866025403784428));
#12002=DIRECTION('',(4.99600361082182E-16,1.,2.31457627383202E-15));
#12003=DIRECTION('center_axis',(-0.500000000000001,2.25428203267632E-15,
-0.866025403784438));
#12004=DIRECTION('ref_axis',(-0.866025403784438,1.70298085577471E-21,0.500000000000001));
#12005=DIRECTION('',(-0.866025403784438,1.70298085577471E-21,0.500000000000001));
#12006=DIRECTION('',(-0.866025403784438,1.70298085577471E-21,0.500000000000001));
#12007=DIRECTION('',(4.99600361082182E-16,1.,2.31457627383202E-15));
#12008=DIRECTION('center_axis',(-1.,4.99600361082182E-16,-3.8320542262398E-22));
#12009=DIRECTION('ref_axis',(-3.8320542262398E-22,3.40597615085944E-21,
1.));
#12010=DIRECTION('',(-3.8320542262398E-22,3.40597615085944E-21,1.));
#12011=DIRECTION('',(-3.8320542262398E-22,3.40597615085944E-21,1.));
#12012=DIRECTION('',(4.99600361082182E-16,1.,2.31457627383202E-15));
#12013=DIRECTION('center_axis',(-0.499999999999999,-1.75468167159417E-15,
0.86602540378444));
#12014=DIRECTION('ref_axis',(0.866025403784439,1.70299532032827E-21,0.499999999999999));
#12015=DIRECTION('',(0.866025403784439,1.70299532032827E-21,0.499999999999998));
#12016=DIRECTION('',(0.866025403784439,1.70299532032827E-21,0.499999999999998));
#12017=DIRECTION('',(4.99600361082182E-16,1.,2.31457627383202E-15));
#12018=DIRECTION('center_axis',(0.500000000000011,-2.25428203267633E-15,
0.866025403784433));
#12019=DIRECTION('ref_axis',(0.866025403784432,1.63224413965178E-8,-0.500000000000011));
#12020=DIRECTION('',(0.866025403784432,1.63224413965178E-8,-0.500000000000011));
#12021=DIRECTION('',(0.866025403784432,1.63224413965178E-8,-0.500000000000011));
#12022=DIRECTION('',(4.99600361082182E-16,1.,2.31457627383202E-15));
#12023=DIRECTION('center_axis',(-1.,4.99600361082182E-16,-3.83205428934867E-22));
#12024=DIRECTION('ref_axis',(-3.8320542262398E-22,6.47735140221545E-15,
1.));
#12025=DIRECTION('',(-3.8320542262398E-22,6.47735140221545E-15,1.));
#12026=DIRECTION('',(-3.8320542262398E-22,6.47735140221545E-15,1.));
#12027=DIRECTION('',(4.99600361082182E-16,1.,2.31457627383202E-15));
#12028=DIRECTION('center_axis',(-0.50000000000001,2.25428203267632E-15,
-0.866025403784433));
#12029=DIRECTION('ref_axis',(-0.866025403784433,1.70298085577471E-21,0.50000000000001));
#12030=DIRECTION('',(-0.866025403784433,1.70298085577471E-21,0.50000000000001));
#12031=DIRECTION('',(-0.866025403784433,1.70298085577471E-21,0.50000000000001));
#12032=DIRECTION('',(4.99600361082182E-16,1.,2.31457627383202E-15));
#12033=DIRECTION('center_axis',(-1.,4.99600361082155E-16,1.18423785461296E-14));
#12034=DIRECTION('ref_axis',(1.18423785461296E-14,3.40597615085944E-21,
1.));
#12035=DIRECTION('',(1.18423785461296E-14,3.40597615085944E-21,1.));
#12036=DIRECTION('',(1.18423785461296E-14,3.40597615085944E-21,1.));
#12037=DIRECTION('',(4.99600361082182E-16,1.,2.31457627383202E-15));
#12038=DIRECTION('center_axis',(-0.499999999999987,-1.7546816715942E-15,
0.866025403784446));
#12039=DIRECTION('ref_axis',(0.866025403784446,1.70299532032827E-21,0.499999999999987));
#12040=DIRECTION('',(0.866025403784446,1.70299532032827E-21,0.499999999999987));
#12041=DIRECTION('',(0.866025403784446,1.70299532032827E-21,0.499999999999987));
#12042=DIRECTION('',(4.99600361082182E-16,1.,2.31457627383202E-15));
#12043=DIRECTION('center_axis',(-1.,4.99600361082182E-16,-3.83205428934867E-22));
#12044=DIRECTION('ref_axis',(-3.8320542262398E-22,6.47735140221545E-15,
1.));
#12045=DIRECTION('',(-3.8320542262398E-22,6.47735140221545E-15,1.));
#12046=DIRECTION('',(-3.8320542262398E-22,6.47735140221545E-15,1.));
#12047=DIRECTION('',(4.99600361082182E-16,1.,2.31457627383202E-15));
#12048=DIRECTION('center_axis',(0.499999999999999,1.75468167159417E-15,
-0.86602540378444));
#12049=DIRECTION('ref_axis',(-0.866025403784439,-1.70299532032827E-21,-0.499999999999999));
#12050=DIRECTION('',(-0.866025403784439,-1.70299532032827E-21,-0.499999999999998));
#12051=DIRECTION('',(-0.866025403784439,-1.70299532032827E-21,-0.499999999999998));
#12052=DIRECTION('',(4.99600361082182E-16,1.,2.31457627383202E-15));
#12053=DIRECTION('center_axis',(-0.500000000000001,2.25428203267632E-15,
-0.866025403784438));
#12054=DIRECTION('ref_axis',(-0.866025403784438,1.70298085577471E-21,0.500000000000001));
#12055=DIRECTION('',(-0.866025403784438,1.70298085577471E-21,0.500000000000001));
#12056=DIRECTION('',(-0.866025403784438,1.70298085577471E-21,0.500000000000001));
#12057=DIRECTION('',(4.99600361082182E-16,1.,2.31457627383202E-15));
#12058=DIRECTION('center_axis',(-1.,4.99600361082182E-16,-3.8320542262398E-22));
#12059=DIRECTION('ref_axis',(-3.8320542262398E-22,3.40597615085944E-21,
1.));
#12060=DIRECTION('',(-3.8320542262398E-22,3.40597615085944E-21,1.));
#12061=DIRECTION('',(-3.8320542262398E-22,3.40597615085944E-21,1.));
#12062=DIRECTION('',(4.99600361082182E-16,1.,2.31457627383202E-15));
#12063=DIRECTION('center_axis',(-0.499999999999999,-1.75468167159417E-15,
0.86602540378444));
#12064=DIRECTION('ref_axis',(0.866025403784439,1.70299532032827E-21,0.499999999999999));
#12065=DIRECTION('',(0.866025403784439,1.70299532032827E-21,0.499999999999998));
#12066=DIRECTION('',(0.866025403784439,1.70299532032827E-21,0.499999999999998));
#12067=DIRECTION('',(4.99600361082182E-16,1.,2.31457627383202E-15));
#12068=DIRECTION('center_axis',(4.99600361082182E-16,1.,2.31457627383202E-15));
#12069=DIRECTION('ref_axis',(-1.,4.99600361082326E-16,-6.26949476561551E-14));
#12070=DIRECTION('center_axis',(2.08983157576583E-14,-1.,3.40597746352398E-21));
#12071=DIRECTION('ref_axis',(-1.,-2.08983157576583E-14,-6.26949476561552E-14));
#12072=DIRECTION('center_axis',(-2.08983157576583E-14,1.,-3.40597746352398E-21));
#12073=DIRECTION('ref_axis',(-1.,-2.08983157576583E-14,-6.26949476561552E-14));
#12074=DIRECTION('',(4.99600361082182E-16,1.,2.31457627383202E-15));
#12075=DIRECTION('center_axis',(-0.499999999999961,2.25428203267635E-15,
-0.866025403784461));
#12076=DIRECTION('ref_axis',(-0.866025403784461,9.46689492825285E-15,0.499999999999961));
#12077=DIRECTION('',(-0.866025403784461,9.46689492825285E-15,0.499999999999961));
#12078=DIRECTION('',(-0.866025403784461,9.46689492825285E-15,0.499999999999961));
#12079=DIRECTION('',(4.99600361082182E-16,1.,2.31457627383202E-15));
#12080=DIRECTION('center_axis',(0.499999999999987,1.7546816715942E-15,-0.866025403784446));
#12081=DIRECTION('ref_axis',(-0.866025403784446,-1.70299532032827E-21,-0.499999999999987));
#12082=DIRECTION('',(-0.866025403784446,-1.70299532032827E-21,-0.499999999999987));
#12083=DIRECTION('',(-0.866025403784446,-1.70299532032827E-21,-0.499999999999987));
#12084=DIRECTION('',(4.99600361082182E-16,1.,2.31457627383202E-15));
#12085=DIRECTION('center_axis',(-0.50000000000001,2.25428203267632E-15,
-0.866025403784433));
#12086=DIRECTION('ref_axis',(-0.866025403784433,1.70298085577471E-21,0.50000000000001));
#12087=DIRECTION('',(-0.866025403784433,1.70298085577471E-21,0.50000000000001));
#12088=DIRECTION('',(-0.866025403784433,1.70298085577471E-21,0.50000000000001));
#12089=DIRECTION('',(4.99600361082182E-16,1.,2.31457627383202E-15));
#12090=DIRECTION('center_axis',(-1.,4.99600361082155E-16,1.18423785461296E-14));
#12091=DIRECTION('ref_axis',(1.18423785461296E-14,3.40597615085944E-21,
1.));
#12092=DIRECTION('',(1.18423785461296E-14,3.40597615085944E-21,1.));
#12093=DIRECTION('',(1.18423785461296E-14,3.40597615085944E-21,1.));
#12094=DIRECTION('',(4.99600361082182E-16,1.,2.31457627383202E-15));
#12095=DIRECTION('center_axis',(-0.499999999999961,2.25428203267635E-15,
-0.866025403784461));
#12096=DIRECTION('ref_axis',(-0.866025403784461,9.46689492825285E-15,0.499999999999961));
#12097=DIRECTION('',(-0.866025403784461,9.46689492825285E-15,0.499999999999961));
#12098=DIRECTION('',(-0.866025403784461,9.46689492825285E-15,0.499999999999961));
#12099=DIRECTION('',(4.99600361082182E-16,1.,2.31457627383202E-15));
#12100=DIRECTION('center_axis',(1.,-4.99600361082155E-16,-1.18423785461296E-14));
#12101=DIRECTION('ref_axis',(-1.18423785461296E-14,-3.40597615085944E-21,
-1.));
#12102=DIRECTION('',(-1.18423785461296E-14,-3.40597615085944E-21,-1.));
#12103=DIRECTION('',(-1.18423785461296E-14,-3.40597615085944E-21,-1.));
#12104=DIRECTION('',(4.99600361082182E-16,1.,2.31457627383202E-15));
#12105=DIRECTION('center_axis',(0.499999999999987,1.7546816715942E-15,-0.866025403784446));
#12106=DIRECTION('ref_axis',(-0.866025403784446,-1.70299532032827E-21,-0.499999999999987));
#12107=DIRECTION('',(-0.866025403784446,-1.70299532032827E-21,-0.499999999999987));
#12108=DIRECTION('',(-0.866025403784446,-1.70299532032827E-21,-0.499999999999987));
#12109=DIRECTION('',(4.99600361082182E-16,1.,2.31457627383202E-15));
#12110=DIRECTION('center_axis',(-0.50000000000001,2.25428203267632E-15,
-0.866025403784433));
#12111=DIRECTION('ref_axis',(-0.866025403784433,1.70298085577471E-21,0.50000000000001));
#12112=DIRECTION('',(-0.866025403784433,1.70298085577471E-21,0.50000000000001));
#12113=DIRECTION('',(-0.866025403784433,1.70298085577471E-21,0.50000000000001));
#12114=DIRECTION('',(4.99600361082182E-16,1.,2.31457627383202E-15));
#12115=DIRECTION('center_axis',(-1.,4.99600361082155E-16,1.18423785461296E-14));
#12116=DIRECTION('ref_axis',(1.18423785461296E-14,3.40597615085944E-21,
1.));
#12117=DIRECTION('',(1.18423785461296E-14,3.40597615085944E-21,1.));
#12118=DIRECTION('',(1.18423785461296E-14,3.40597615085944E-21,1.));
#12119=DIRECTION('',(4.99600361082182E-16,1.,2.31457627383202E-15));
#12120=DIRECTION('center_axis',(0.500000000000071,1.75468167159399E-15,
-0.866025403784397));
#12121=DIRECTION('ref_axis',(-0.866025403784397,-7.69185244853011E-15,-0.500000000000071));
#12122=DIRECTION('',(-0.866025403784397,-7.69185244853011E-15,-0.500000000000071));
#12123=DIRECTION('',(-0.866025403784397,-7.69185244853011E-15,-0.500000000000071));
#12124=DIRECTION('',(4.99600361082182E-16,1.,2.31457627383202E-15));
#12125=DIRECTION('center_axis',(1.,-4.99600361082155E-16,-1.18423785461296E-14));
#12126=DIRECTION('ref_axis',(-1.18423785461296E-14,-3.40597615085944E-21,
-1.));
#12127=DIRECTION('',(-1.18423785461296E-14,-3.40597615085944E-21,-1.));
#12128=DIRECTION('',(-1.18423785461296E-14,-3.40597615085944E-21,-1.));
#12129=DIRECTION('',(4.99600361082182E-16,1.,2.31457627383202E-15));
#12130=DIRECTION('center_axis',(0.499999999999987,1.7546816715942E-15,-0.866025403784446));
#12131=DIRECTION('ref_axis',(-0.866025403784446,-1.70299532032827E-21,-0.499999999999987));
#12132=DIRECTION('',(-0.866025403784446,-1.70299532032827E-21,-0.499999999999987));
#12133=DIRECTION('',(-0.866025403784446,-1.70299532032827E-21,-0.499999999999987));
#12134=DIRECTION('',(4.99600361082182E-16,1.,2.31457627383202E-15));
#12135=DIRECTION('center_axis',(-0.50000000000001,2.25428203267632E-15,
-0.866025403784433));
#12136=DIRECTION('ref_axis',(-0.866025403784433,1.70298085577471E-21,0.50000000000001));
#12137=DIRECTION('',(-0.866025403784433,1.70298085577471E-21,0.50000000000001));
#12138=DIRECTION('',(-0.866025403784433,1.70298085577471E-21,0.50000000000001));
#12139=DIRECTION('',(4.99600361082182E-16,1.,2.31457627383202E-15));
#12140=DIRECTION('center_axis',(0.500000000000071,1.75468167159399E-15,
-0.866025403784397));
#12141=DIRECTION('ref_axis',(-0.866025403784397,-7.69185244853011E-15,-0.500000000000071));
#12142=DIRECTION('',(-0.866025403784397,-7.69185244853011E-15,-0.500000000000071));
#12143=DIRECTION('',(-0.866025403784397,-7.69185244853011E-15,-0.500000000000071));
#12144=DIRECTION('',(4.99600361082182E-16,1.,2.31457627383202E-15));
#12145=DIRECTION('center_axis',(0.500000000000011,-2.25428203267633E-15,
0.866025403784433));
#12146=DIRECTION('ref_axis',(0.866025403784432,1.63224413965178E-8,-0.500000000000011));
#12147=DIRECTION('',(0.866025403784432,1.63224413965178E-8,-0.500000000000011));
#12148=DIRECTION('',(0.866025403784432,1.63224413965178E-8,-0.500000000000011));
#12149=DIRECTION('',(4.99600361082182E-16,1.,2.31457627383202E-15));
#12150=DIRECTION('center_axis',(1.,-4.99600361082223E-16,1.77635687853628E-14));
#12151=DIRECTION('ref_axis',(1.77635687772081E-14,-1.63224413965228E-8,
-1.));
#12152=DIRECTION('',(1.77635687772081E-14,-1.63224413965228E-8,-1.));
#12153=DIRECTION('',(1.77635687772081E-14,-1.63224413965228E-8,-1.));
#12154=DIRECTION('',(4.99600361082182E-16,1.,2.31457627383202E-15));
#12155=DIRECTION('center_axis',(0.499999999999999,1.75468167159417E-15,
-0.86602540378444));
#12156=DIRECTION('ref_axis',(-0.866025403784439,-1.70299532032827E-21,-0.499999999999999));
#12157=DIRECTION('',(-0.866025403784439,-1.70299532032827E-21,-0.499999999999998));
#12158=DIRECTION('',(-0.866025403784439,-1.70299532032827E-21,-0.499999999999998));
#12159=DIRECTION('',(4.99600361082182E-16,1.,2.31457627383202E-15));
#12160=DIRECTION('center_axis',(-0.500000000000001,2.25428203267632E-15,
-0.866025403784438));
#12161=DIRECTION('ref_axis',(-0.866025403784438,1.70298085577471E-21,0.500000000000001));
#12162=DIRECTION('',(-0.866025403784438,1.70298085577471E-21,0.500000000000001));
#12163=DIRECTION('',(-0.866025403784438,1.70298085577471E-21,0.500000000000001));
#12164=DIRECTION('',(4.99600361082182E-16,1.,2.31457627383202E-15));
#12165=DIRECTION('center_axis',(1.,-4.99600361082195E-16,5.76888844235612E-15));
#12166=DIRECTION('ref_axis',(5.76888844235611E-15,-7.69185415151039E-15,
-1.));
#12167=DIRECTION('',(5.76888844235611E-15,-7.69185415151039E-15,-1.));
#12168=DIRECTION('',(5.76888844235611E-15,-7.69185415151039E-15,-1.));
#12169=DIRECTION('',(4.99600361082182E-16,1.,2.31457627383202E-15));
#12170=DIRECTION('center_axis',(0.50000000000001,-2.25428203267632E-15,
0.866025403784433));
#12171=DIRECTION('ref_axis',(0.866025403784433,-1.70298085577471E-21,-0.50000000000001));
#12172=DIRECTION('',(0.866025403784433,-1.70298085577471E-21,-0.50000000000001));
#12173=DIRECTION('',(0.866025403784433,-1.70298085577471E-21,-0.50000000000001));
#12174=DIRECTION('',(4.99600361082182E-16,1.,2.31457627383202E-15));
#12175=DIRECTION('center_axis',(1.,-4.99600361082155E-16,-1.18423785461296E-14));
#12176=DIRECTION('ref_axis',(-1.18423785461296E-14,-3.40597615085944E-21,
-1.));
#12177=DIRECTION('',(-1.18423785461296E-14,-3.40597615085944E-21,-1.));
#12178=DIRECTION('',(-1.18423785461296E-14,-3.40597615085944E-21,-1.));
#12179=DIRECTION('',(4.99600361082182E-16,1.,2.31457627383202E-15));
#12180=DIRECTION('center_axis',(0.499999999999987,1.7546816715942E-15,-0.866025403784446));
#12181=DIRECTION('ref_axis',(-0.866025403784446,-1.70299532032827E-21,-0.499999999999987));
#12182=DIRECTION('',(-0.866025403784446,-1.70299532032827E-21,-0.499999999999987));
#12183=DIRECTION('',(-0.866025403784446,-1.70299532032827E-21,-0.499999999999987));
#12184=DIRECTION('',(4.99600361082182E-16,1.,2.31457627383202E-15));
#12185=DIRECTION('center_axis',(1.,-4.99600361082195E-16,5.76888844235612E-15));
#12186=DIRECTION('ref_axis',(5.76888844235611E-15,-7.69185415151039E-15,
-1.));
#12187=DIRECTION('',(5.76888844235611E-15,-7.69185415151039E-15,-1.));
#12188=DIRECTION('',(5.76888844235611E-15,-7.69185415151039E-15,-1.));
#12189=DIRECTION('',(4.99600361082182E-16,1.,2.31457627383202E-15));
#12190=DIRECTION('center_axis',(-0.499999999999999,-1.75468167159417E-15,
0.86602540378444));
#12191=DIRECTION('ref_axis',(0.866025403784439,1.70299532032827E-21,0.499999999999999));
#12192=DIRECTION('',(0.866025403784439,1.70299532032827E-21,0.499999999999998));
#12193=DIRECTION('',(0.866025403784439,1.70299532032827E-21,0.499999999999998));
#12194=DIRECTION('',(4.99600361082182E-16,1.,2.31457627383202E-15));
#12195=DIRECTION('center_axis',(0.500000000000011,-2.25428203267633E-15,
0.866025403784433));
#12196=DIRECTION('ref_axis',(0.866025403784432,1.63224413965178E-8,-0.500000000000011));
#12197=DIRECTION('',(0.866025403784432,1.63224413965178E-8,-0.500000000000011));
#12198=DIRECTION('',(0.866025403784432,1.63224413965178E-8,-0.500000000000011));
#12199=DIRECTION('',(4.99600361082182E-16,1.,2.31457627383202E-15));
#12200=DIRECTION('center_axis',(1.,-4.99600361082223E-16,1.77635687853628E-14));
#12201=DIRECTION('ref_axis',(1.77635687772081E-14,-1.63224413965228E-8,
-1.));
#12202=DIRECTION('',(1.77635687772081E-14,-1.63224413965228E-8,-1.));
#12203=DIRECTION('',(1.77635687772081E-14,-1.63224413965228E-8,-1.));
#12204=DIRECTION('',(4.99600361082182E-16,1.,2.31457627383202E-15));
#12205=DIRECTION('center_axis',(0.499999999999999,1.75468167159417E-15,
-0.86602540378444));
#12206=DIRECTION('ref_axis',(-0.866025403784439,-1.70299532032827E-21,-0.499999999999999));
#12207=DIRECTION('',(-0.866025403784439,-1.70299532032827E-21,-0.499999999999998));
#12208=DIRECTION('',(-0.866025403784439,-1.70299532032827E-21,-0.499999999999998));
#12209=DIRECTION('',(4.99600361082182E-16,1.,2.31457627383202E-15));
#12210=DIRECTION('center_axis',(0.499999999999958,-2.25428203267638E-15,
0.866025403784463));
#12211=DIRECTION('ref_axis',(0.866025403784463,-7.69185244851454E-15,-0.499999999999958));
#12212=DIRECTION('',(0.866025403784463,-7.69185244851454E-15,-0.499999999999958));
#12213=DIRECTION('',(0.866025403784463,-7.69185244851454E-15,-0.499999999999958));
#12214=DIRECTION('',(4.99600361082182E-16,1.,2.31457627383202E-15));
#12215=DIRECTION('center_axis',(-0.499999999999989,-1.75468167159417E-15,
0.866025403784445));
#12216=DIRECTION('ref_axis',(0.866025403784445,1.70299532032827E-21,0.499999999999989));
#12217=DIRECTION('',(0.866025403784445,1.70299532032827E-21,0.499999999999989));
#12218=DIRECTION('',(0.866025403784445,1.70299532032827E-21,0.499999999999989));
#12219=DIRECTION('',(4.99600361082182E-16,1.,2.31457627383202E-15));
#12220=DIRECTION('center_axis',(0.500000000000012,-2.2542820326763E-15,
0.866025403784432));
#12221=DIRECTION('ref_axis',(0.866025403784432,-1.70298083053117E-21,-0.500000000000012));
#12222=DIRECTION('',(0.866025403784432,-1.70298085577471E-21,-0.500000000000012));
#12223=DIRECTION('',(0.866025403784432,-1.70298085577471E-21,-0.500000000000012));
#12224=DIRECTION('',(4.99600361082182E-16,1.,2.31457627383202E-15));
#12225=DIRECTION('center_axis',(1.,-4.99600361082155E-16,-1.18423785461296E-14));
#12226=DIRECTION('ref_axis',(-1.18423785461296E-14,-3.40597615085944E-21,
-1.));
#12227=DIRECTION('',(-1.18423785461296E-14,-3.40597615085944E-21,-1.));
#12228=DIRECTION('',(-1.18423785461296E-14,-3.40597615085944E-21,-1.));
#12229=DIRECTION('',(4.99600361082182E-16,1.,2.31457627383202E-15));
#12230=DIRECTION('center_axis',(0.499999999999958,-2.25428203267638E-15,
0.866025403784463));
#12231=DIRECTION('ref_axis',(0.866025403784463,-7.69185244851454E-15,-0.499999999999958));
#12232=DIRECTION('',(0.866025403784463,-7.69185244851454E-15,-0.499999999999958));
#12233=DIRECTION('',(0.866025403784463,-7.69185244851454E-15,-0.499999999999958));
#12234=DIRECTION('',(4.99600361082182E-16,1.,2.31457627383202E-15));
#12235=DIRECTION('center_axis',(-1.,4.99600361082155E-16,1.18423785461296E-14));
#12236=DIRECTION('ref_axis',(1.18423785461296E-14,3.40597615085944E-21,
1.));
#12237=DIRECTION('',(1.18423785461296E-14,3.40597615085944E-21,1.));
#12238=DIRECTION('',(1.18423785461296E-14,3.40597615085944E-21,1.));
#12239=DIRECTION('',(4.99600361082182E-16,1.,2.31457627383202E-15));
#12240=DIRECTION('center_axis',(-0.499999999999989,-1.75468167159417E-15,
0.866025403784445));
#12241=DIRECTION('ref_axis',(0.866025403784445,1.70299532032827E-21,0.499999999999989));
#12242=DIRECTION('',(0.866025403784445,1.70299532032827E-21,0.499999999999989));
#12243=DIRECTION('',(0.866025403784445,1.70299532032827E-21,0.499999999999989));
#12244=DIRECTION('',(4.99600361082182E-16,1.,2.31457627383202E-15));
#12245=DIRECTION('center_axis',(0.500000000000012,-2.2542820326763E-15,
0.866025403784432));
#12246=DIRECTION('ref_axis',(0.866025403784432,-1.70298083053117E-21,-0.500000000000012));
#12247=DIRECTION('',(0.866025403784432,-1.70298085577471E-21,-0.500000000000012));
#12248=DIRECTION('',(0.866025403784432,-1.70298085577471E-21,-0.500000000000012));
#12249=DIRECTION('',(4.99600361082182E-16,1.,2.31457627383202E-15));
#12250=DIRECTION('center_axis',(1.,-4.99600361082155E-16,-1.18423785461296E-14));
#12251=DIRECTION('ref_axis',(-1.18423785461296E-14,-3.40597615085944E-21,
-1.));
#12252=DIRECTION('',(-1.18423785461296E-14,-3.40597615085944E-21,-1.));
#12253=DIRECTION('',(-1.18423785461296E-14,-3.40597615085944E-21,-1.));
#12254=DIRECTION('',(4.99600361082182E-16,1.,2.31457627383202E-15));
#12255=DIRECTION('center_axis',(-0.500000000000026,-1.7546816715941E-15,
0.866025403784424));
#12256=DIRECTION('ref_axis',(0.866025403784423,1.70299532032827E-21,0.500000000000026));
#12257=DIRECTION('',(0.866025403784423,1.70299534557182E-21,0.500000000000026));
#12258=DIRECTION('',(0.866025403784423,1.70299534557182E-21,0.500000000000026));
#12259=DIRECTION('',(4.99600361082182E-16,1.,2.31457627383202E-15));
#12260=DIRECTION('center_axis',(-1.,4.99600361082155E-16,1.18423785461296E-14));
#12261=DIRECTION('ref_axis',(1.18423785461296E-14,3.40597615085944E-21,
1.));
#12262=DIRECTION('',(1.18423785461296E-14,3.40597615085944E-21,1.));
#12263=DIRECTION('',(1.18423785461296E-14,3.40597615085944E-21,1.));
#12264=DIRECTION('center_axis',(8.36356896450016E-27,-1.,3.40597615085944E-21));
#12265=DIRECTION('ref_axis',(1.,8.36363488693232E-27,3.8320542262398E-22));
#12266=DIRECTION('center_axis',(8.36356896450016E-27,-1.,3.40597615085944E-21));
#12267=DIRECTION('ref_axis',(1.,8.36363488693232E-27,3.8320542262398E-22));
#12268=DIRECTION('',(0.,0.,1.));
#12269=DIRECTION('',(1.,0.,0.));
#12270=DIRECTION('',(0.,0.,1.));
#12271=DIRECTION('',(1.,0.,0.));
#12272=CARTESIAN_POINT('',(0.,0.,0.));
#12273=CARTESIAN_POINT('',(0.,0.,0.));
#12274=CARTESIAN_POINT('Origin',(221.725584892579,396.972378195321,60.1746924738536));
#12275=CARTESIAN_POINT('',(203.526295196287,396.97237819532,57.6841497920604));
#12276=CARTESIAN_POINT('',(214.92487458887,396.972378195321,57.6841497920609));
#12277=CARTESIAN_POINT('',(177.975584892579,396.97237819532,57.6841497920592));
#12278=CARTESIAN_POINT('',(203.026295196287,396.97237819532,59.5501751958447));
#12279=CARTESIAN_POINT('Origin',(203.526295196287,396.972378195321,58.6841497920603));
#12280=CARTESIAN_POINT('',(207.725584892578,396.972378195321,62.2633113669988));
#12281=CARTESIAN_POINT('',(210.173740789361,396.972378195321,63.6767548330243));
#12282=CARTESIAN_POINT('',(210.725584892578,396.972378195321,62.2633113669988));
#12283=CARTESIAN_POINT('Origin',(209.225584892579,396.972378195321,59.6652351556454));
#12284=CARTESIAN_POINT('',(215.42487458887,396.972378195321,59.5501751958452));
#12285=CARTESIAN_POINT('',(215.302784147651,396.972378195321,59.6206641449484));
#12286=CARTESIAN_POINT('Origin',(214.92487458887,396.972378195321,58.6841497920608));
#12287=CARTESIAN_POINT('Origin',(184.4753754046,396.97237819532,78.4371450939113));
#12288=CARTESIAN_POINT('',(178.026295196287,396.97237819532,59.5501751958437));
#12289=CARTESIAN_POINT('',(178.526295196287,396.97237819532,57.6841497920591));
#12290=CARTESIAN_POINT('Origin',(178.526295196287,396.97237819532,58.6841497920592));
#12291=CARTESIAN_POINT('',(182.725584892578,396.97237819532,62.2633113669977));
#12292=CARTESIAN_POINT('',(186.88349405561,396.97237819532,64.6638813415402));
#12293=CARTESIAN_POINT('',(185.725584892578,396.97237819532,62.2633113669978));
#12294=CARTESIAN_POINT('Origin',(184.225584892578,396.97237819532,59.6652351556444));
#12295=CARTESIAN_POINT('',(190.42487458887,396.97237819532,59.5501751958442));
#12296=CARTESIAN_POINT('',(185.720688865493,396.97237819532,62.266138089553));
#12297=CARTESIAN_POINT('',(189.92487458887,396.97237819532,57.6841497920596));
#12298=CARTESIAN_POINT('Origin',(189.92487458887,396.97237819532,58.6841497920597));
#12299=CARTESIAN_POINT('',(159.35048014859,396.972378195319,57.6841497920584));
#12300=CARTESIAN_POINT('Origin',(184.4753754046,396.97237819532,78.4371450939114));
#12301=CARTESIAN_POINT('',(160.725584892578,396.972378195319,62.2633113669966));
#12302=CARTESIAN_POINT('',(157.725584892578,396.972378195319,62.2633113669964));
#12303=CARTESIAN_POINT('Origin',(159.225584892578,396.972378195319,59.6652351556433));
#12304=CARTESIAN_POINT('',(165.42487458887,396.97237819532,59.550175195843));
#12305=CARTESIAN_POINT('',(170.095688865494,396.97237819532,56.8534793158996));
#12306=CARTESIAN_POINT('',(164.92487458887,396.97237819532,57.6841497920586));
#12307=CARTESIAN_POINT('Origin',(164.924874588869,396.97237819532,58.6841497920586));
#12308=CARTESIAN_POINT('',(153.526295196287,396.972378195319,57.6841497920581));
#12309=CARTESIAN_POINT('',(159.35048014859,396.972378195319,57.6841497920584));
#12310=CARTESIAN_POINT('',(153.026295196287,396.972378195319,59.5501751958425));
#12311=CARTESIAN_POINT('Origin',(153.526295196287,396.972378195319,58.6841497920581));
#12312=CARTESIAN_POINT('',(171.25849405561,396.97237819532,70.0765401151922));
#12313=CARTESIAN_POINT('Origin',(209.225584892579,396.572378195321,59.6652351556455));
#12314=CARTESIAN_POINT('',(207.725584892579,398.640814283033,62.2633113669985));
#12315=CARTESIAN_POINT('',(207.725584892578,396.572378195321,62.2633113669988));
#12316=CARTESIAN_POINT('',(210.725584892578,398.640814283034,62.2633113669984));
#12317=CARTESIAN_POINT('Ctrl Pts',(207.725584892579,398.640814283033,62.2633113669984));
#12318=CARTESIAN_POINT('Ctrl Pts',(207.924328230925,398.558325255396,62.3780558868921));
#12319=CARTESIAN_POINT('Ctrl Pts',(208.155244515055,398.489081506359,62.4792479667566));
#12320=CARTESIAN_POINT('Ctrl Pts',(208.670456399739,398.389853908524,62.6269198474477));
#12321=CARTESIAN_POINT('Ctrl Pts',(208.958166541352,398.365170877161,62.665235155645));
#12322=CARTESIAN_POINT('Ctrl Pts',(209.493003243806,398.365170877161,62.6652351556451));
#12323=CARTESIAN_POINT('Ctrl Pts',(209.780713385419,398.389853908524,62.6269198474478));
#12324=CARTESIAN_POINT('Ctrl Pts',(210.295925270102,398.489081506359,62.4792479667567));
#12325=CARTESIAN_POINT('Ctrl Pts',(210.526841554232,398.558325255396,62.3780558868924));
#12326=CARTESIAN_POINT('Ctrl Pts',(210.725584892578,398.640814283033,62.2633113669986));
#12327=CARTESIAN_POINT('',(210.725584892578,396.572378195321,62.2633113669989));
#12328=CARTESIAN_POINT('Origin',(203.026295196287,396.57237819532,59.5501751958447));
#12329=CARTESIAN_POINT('',(203.026295196287,401.442899581631,59.5501751958435));
#12330=CARTESIAN_POINT('',(203.026295196287,396.57237819532,59.5501751958447));
#12331=CARTESIAN_POINT('Origin',(218.84680327198,407.572378195319,68.684149792061));
#12332=CARTESIAN_POINT('Origin',(203.526295196287,396.572378195321,58.6841497920604));
#12333=CARTESIAN_POINT('',(203.526295196287,407.572378195317,57.6841497920575));
#12334=CARTESIAN_POINT('',(203.526295196287,396.57237819532,57.6841497920604));
#12335=CARTESIAN_POINT('Ctrl Pts',(203.026295196287,401.442899581631,59.5501751958434));
#12336=CARTESIAN_POINT('Ctrl Pts',(202.985864320337,401.477684323792,59.52683241873));
#12337=CARTESIAN_POINT('Ctrl Pts',(202.949374139198,401.515194101151,59.5019620516749));
#12338=CARTESIAN_POINT('Ctrl Pts',(202.758519709262,401.739443041225,59.3553538570155));
#12339=CARTESIAN_POINT('Ctrl Pts',(202.663216583883,401.973439907536,59.2113482045235));
#12340=CARTESIAN_POINT('Ctrl Pts',(202.545965672596,402.474136542732,58.9327390076075));
#12341=CARTESIAN_POINT('Ctrl Pts',(202.526295196287,402.741305631889,58.7980253630343));
#12342=CARTESIAN_POINT('Ctrl Pts',(202.526295196287,403.687404253853,58.3644685080306));
#12343=CARTESIAN_POINT('Ctrl Pts',(202.672900180223,404.461350031301,58.1025163273956));
#12344=CARTESIAN_POINT('Ctrl Pts',(203.060999687354,406.036717118721,57.7621026623573));
#12345=CARTESIAN_POINT('Ctrl Pts',(203.304776888198,406.83768508319,57.6841497920578));
#12346=CARTESIAN_POINT('Ctrl Pts',(203.526295196287,407.572378195316,57.6841497920576));
#12347=CARTESIAN_POINT('Origin',(189.92487458887,409.572378240018,58.6841497920597));
#12348=CARTESIAN_POINT('',(190.42487458887,401.442899581629,59.5501751958442));
#12349=CARTESIAN_POINT('',(190.424874588869,409.572378240018,59.5501751958442));
#12350=CARTESIAN_POINT('',(189.92487458887,407.572378195319,57.6841497920597));
#12351=CARTESIAN_POINT('Ctrl Pts',(190.42487458887,401.442899581629,59.5501751958441));
#12352=CARTESIAN_POINT('Ctrl Pts',(190.508582108015,401.514917424477,59.5018466371325));
#12353=CARTESIAN_POINT('Ctrl Pts',(190.579020913955,401.603003074053,59.4442170293478));
#12354=CARTESIAN_POINT('Ctrl Pts',(190.859840068808,402.04638230527,59.1633978744951));
#12355=CARTESIAN_POINT('Ctrl Pts',(190.92487458887,402.55073207053,58.8853571400722));
#12356=CARTESIAN_POINT('Ctrl Pts',(190.92487458887,403.619013613053,58.395809036859));
#12357=CARTESIAN_POINT('Ctrl Pts',(190.786624921607,404.39422587446,58.1316865624236));
#12358=CARTESIAN_POINT('Ctrl Pts',(190.539585845612,405.44324198591,57.8846474864282));
#12359=CARTESIAN_POINT('Ctrl Pts',(190.423510944294,405.875436458453,57.8070816721357));
#12360=CARTESIAN_POINT('Ctrl Pts',(190.175507264437,406.741950102747,57.7068727663326));
#12361=CARTESIAN_POINT('Ctrl Pts',(190.044250738252,407.176452298903,57.6841497920597));
#12362=CARTESIAN_POINT('Ctrl Pts',(189.92487458887,407.572378195319,57.6841497920597));
#12363=CARTESIAN_POINT('',(189.92487458887,409.572378240018,57.6841497920597));
#12364=CARTESIAN_POINT('Origin',(193.656925396438,409.572378240018,57.6841497920599));
#12365=CARTESIAN_POINT('',(185.725584892578,398.640814283033,62.2633113669978));
#12366=CARTESIAN_POINT('',(185.725584892578,409.572378240018,62.2633113669978));
#12367=CARTESIAN_POINT('Origin',(174.60436651318,407.572378195319,68.6841497920591));
#12368=CARTESIAN_POINT('Origin',(184.225584892578,409.572378240018,59.6652351556444));
#12369=CARTESIAN_POINT('',(182.725584892578,398.640814283033,62.2633113669977));
#12370=CARTESIAN_POINT('',(182.725584892578,409.572378240018,62.2633113669977));
#12371=CARTESIAN_POINT('Ctrl Pts',(185.725584892578,398.640814283033,62.2633113669978));
#12372=CARTESIAN_POINT('Ctrl Pts',(185.526841554232,398.558325255396,62.3780558868915));
#12373=CARTESIAN_POINT('Ctrl Pts',(185.295925270102,398.489081506359,62.479247966756));
#12374=CARTESIAN_POINT('Ctrl Pts',(184.780713385419,398.389853908524,62.6269198474471));
#12375=CARTESIAN_POINT('Ctrl Pts',(184.493003243805,398.365170877161,62.6652351556444));
#12376=CARTESIAN_POINT('Ctrl Pts',(183.958166541351,398.365170877161,62.6652351556444));
#12377=CARTESIAN_POINT('Ctrl Pts',(183.670456399738,398.389853908524,62.626919847447));
#12378=CARTESIAN_POINT('Ctrl Pts',(183.155244515054,398.489081506359,62.4792479667558));
#12379=CARTESIAN_POINT('Ctrl Pts',(182.924328230924,398.558325255396,62.3780558868914));
#12380=CARTESIAN_POINT('Ctrl Pts',(182.725584892578,398.640814283033,62.2633113669976));
#12381=CARTESIAN_POINT('Origin',(164.924874588869,409.572378240018,58.6841497920586));
#12382=CARTESIAN_POINT('',(165.42487458887,401.442899581629,59.5501751958431));
#12383=CARTESIAN_POINT('',(165.424874588869,409.572378240018,59.5501751958431));
#12384=CARTESIAN_POINT('',(164.92487458887,407.572378195319,57.6841497920586));
#12385=CARTESIAN_POINT('Ctrl Pts',(165.42487458887,401.442899581629,59.5501751958427));
#12386=CARTESIAN_POINT('Ctrl Pts',(165.508582108015,401.514917424477,59.5018466371312));
#12387=CARTESIAN_POINT('Ctrl Pts',(165.579020913954,401.603003074053,59.4442170293466));
#12388=CARTESIAN_POINT('Ctrl Pts',(165.859840068807,402.04638230527,59.163397874494));
#12389=CARTESIAN_POINT('Ctrl Pts',(165.924874588869,402.55073207053,58.8853571400711));
#12390=CARTESIAN_POINT('Ctrl Pts',(165.924874588869,403.619013613053,58.3958090368579));
#12391=CARTESIAN_POINT('Ctrl Pts',(165.786624921606,404.39422587446,58.1316865624225));
#12392=CARTESIAN_POINT('Ctrl Pts',(165.539585845611,405.44324198591,57.8846474864271));
#12393=CARTESIAN_POINT('Ctrl Pts',(165.423510944293,405.875436458453,57.8070816721346));
#12394=CARTESIAN_POINT('Ctrl Pts',(165.175507264436,406.741950102747,57.7068727663315));
#12395=CARTESIAN_POINT('Ctrl Pts',(165.044250738251,407.176452298903,57.6841497920586));
#12396=CARTESIAN_POINT('Ctrl Pts',(164.924874588869,407.572378195319,57.6841497920586));
#12397=CARTESIAN_POINT('',(164.924874588869,409.572378240018,57.6841497920586));
#12398=CARTESIAN_POINT('Origin',(168.656925396438,409.572378240018,57.6841497920588));
#12399=CARTESIAN_POINT('',(160.725584892578,398.640814283033,62.2633113669967));
#12400=CARTESIAN_POINT('',(160.725584892578,409.572378240017,62.2633113669966));
#12401=CARTESIAN_POINT('Origin',(149.60436651318,407.572378195319,68.684149792058));
#12402=CARTESIAN_POINT('Origin',(169.225584892578,393.072378217668,61.9746362324022));
#12403=CARTESIAN_POINT('',(170.225584892578,393.572378240018,61.9746362324023));
#12404=CARTESIAN_POINT('',(168.725584892578,393.572378240018,61.1086108286178));
#12405=CARTESIAN_POINT('Origin',(169.225584892578,393.572378240019,61.9746362324022));
#12406=CARTESIAN_POINT('',(170.225584892578,398.855588201705,61.9746362324022));
#12407=CARTESIAN_POINT('',(170.225584892578,393.072378217668,61.9746362324023));
#12408=CARTESIAN_POINT('',(168.725584892578,399.596714623341,61.1086108286177));
#12409=CARTESIAN_POINT('Ctrl Pts',(170.225584892578,398.855588201704,61.9746362324021));
#12410=CARTESIAN_POINT('Ctrl Pts',(170.225584892578,398.950915058665,61.8507905637875));
#12411=CARTESIAN_POINT('Ctrl Pts',(170.201454164072,399.056733130808,61.7192749845904));
#12412=CARTESIAN_POINT('Ctrl Pts',(170.101373727694,399.263283615393,61.4741123988502));
#12413=CARTESIAN_POINT('Ctrl Pts',(170.025535871287,399.363961300643,61.3603736487378));
#12414=CARTESIAN_POINT('Ctrl Pts',(169.851534078471,399.522819044866,61.1863718559215));
#12415=CARTESIAN_POINT('Ctrl Pts',(169.745531718745,399.594952860414,61.1101091008784));
#12416=CARTESIAN_POINT('Ctrl Pts',(169.562162741585,399.671432559374,61.0306270811131));
#12417=CARTESIAN_POINT('Ctrl Pts',(169.497008442421,399.691785094806,61.009736474257));
#12418=CARTESIAN_POINT('Ctrl Pts',(169.3628726579,399.719141795286,60.9817425705425));
#12419=CARTESIAN_POINT('Ctrl Pts',(169.293891282376,399.726143386605,60.9746362324021));
#12420=CARTESIAN_POINT('Ctrl Pts',(169.099923359817,399.726143386605,60.9746362324021));
#12421=CARTESIAN_POINT('Ctrl Pts',(168.970569625768,399.701291607265,60.9997441501774));
#12422=CARTESIAN_POINT('Ctrl Pts',(168.809714031247,399.639382746964,61.0638993555673));
#12423=CARTESIAN_POINT('Ctrl Pts',(168.76630029315,399.619042364787,61.0851037811373));
#12424=CARTESIAN_POINT('Ctrl Pts',(168.725584892578,399.596714623341,61.1086108286175));
#12425=CARTESIAN_POINT('',(168.725584892578,393.072378217668,61.1086108286178));
#12426=CARTESIAN_POINT('Origin',(163.327639475558,389.572378240018,64.225116068205));
#12427=CARTESIAN_POINT('',(162.225584892578,397.257995564379,64.86138757835));
#12428=CARTESIAN_POINT('Origin',(155.60436651318,407.572378195319,68.6841497920582));
#12429=CARTESIAN_POINT('',(162.225584892578,393.572378240018,64.8613875783502));
#12430=CARTESIAN_POINT('',(162.225584892578,389.572378240018,64.86138757835));
#12431=CARTESIAN_POINT('',(164.820121710487,393.572378240018,63.3634310481079));
#12432=CARTESIAN_POINT('Origin',(224.225584892579,393.072378217664,61.9746362324038));
#12433=CARTESIAN_POINT('',(224.725584892579,393.572378240019,61.1086108286193));
#12434=CARTESIAN_POINT('',(223.225584892579,393.572378240019,61.9746362324037));
#12435=CARTESIAN_POINT('Origin',(224.225584892579,393.572378240016,61.9746362324037));
#12436=CARTESIAN_POINT('',(224.725584892579,399.596714623345,61.1086108286178));
#12437=CARTESIAN_POINT('',(224.725584892579,393.072378217664,61.1086108286194));
#12438=CARTESIAN_POINT('',(223.225584892579,398.855588201706,61.9746362324023));
#12439=CARTESIAN_POINT('Ctrl Pts',(224.725584892578,399.596714623343,61.1086108286173));
#12440=CARTESIAN_POINT('Ctrl Pts',(224.69298951659,399.614589459823,61.0897918795164));
#12441=CARTESIAN_POINT('Ctrl Pts',(224.658788779523,399.631131684018,61.0725100254153));
#12442=CARTESIAN_POINT('Ctrl Pts',(224.562162741586,399.671432559377,61.0306270811131));
#12443=CARTESIAN_POINT('Ctrl Pts',(224.497008442422,399.691785094808,61.009736474257));
#12444=CARTESIAN_POINT('Ctrl Pts',(224.362872657901,399.719141795288,60.9817425705425));
#12445=CARTESIAN_POINT('Ctrl Pts',(224.293891282377,399.726143386608,60.9746362324021));
#12446=CARTESIAN_POINT('Ctrl Pts',(224.225584892579,399.726143386608,60.9746362324021));
#12447=CARTESIAN_POINT('Ctrl Pts',(224.099923359818,399.726143386608,60.9746362324021));
#12448=CARTESIAN_POINT('Ctrl Pts',(223.970569625769,399.701291607267,60.9997441501774));
#12449=CARTESIAN_POINT('Ctrl Pts',(223.73968090477,399.612428937518,61.0918311761959));
#12450=CARTESIAN_POINT('Ctrl Pts',(223.637824338231,399.548986837,61.1585515250233));
#12451=CARTESIAN_POINT('Ctrl Pts',(223.452197329213,399.395661797458,61.3249393574054));
#12452=CARTESIAN_POINT('Ctrl Pts',(223.366488765289,399.28958501693,61.4437035580548));
#12453=CARTESIAN_POINT('Ctrl Pts',(223.253074340493,399.070454514184,61.7023149169909));
#12454=CARTESIAN_POINT('Ctrl Pts',(223.225584892579,398.957450912773,61.8422993867194));
#12455=CARTESIAN_POINT('Ctrl Pts',(223.225584892579,398.855588201706,61.9746362324023));
#12456=CARTESIAN_POINT('',(223.225584892579,393.072378217664,61.9746362324038));
#12457=CARTESIAN_POINT('Origin',(221.725584892578,393.572378240019,71.8773040488998));
#12458=CARTESIAN_POINT('',(223.225584892578,393.572378240019,82.1818956540404));
#12459=CARTESIAN_POINT('',(223.225584892578,393.572378240019,71.9307553840257));
#12460=CARTESIAN_POINT('',(224.725584892578,393.572378240019,83.0479210578249));
#12461=CARTESIAN_POINT('Origin',(224.225584892578,393.572378240022,82.1818956540405));
#12462=CARTESIAN_POINT('',(231.225584892578,393.572378240019,79.2951443080939));
#12463=CARTESIAN_POINT('',(229.269094418996,393.572378240019,80.4247246096818));
#12464=CARTESIAN_POINT('',(232.725584892578,393.572378240019,76.6970680967407));
#12465=CARTESIAN_POINT('Origin',(229.725584892578,393.57237824002,76.6970680967393));
#12466=CARTESIAN_POINT('',(232.725584892578,393.572378240019,67.4594637897067));
#12467=CARTESIAN_POINT('',(232.725584892578,393.572378240019,69.6683839193034));
#12468=CARTESIAN_POINT('',(231.225584892578,393.572378240019,64.8613875783533));
#12469=CARTESIAN_POINT('Origin',(229.725584892578,393.572378240018,67.4594637897053));
#12470=CARTESIAN_POINT('',(225.606842219363,393.572378240019,61.6174049834635));
#12471=CARTESIAN_POINT('Origin',(223.225584892578,396.572378195319,71.9842067191516));
#12472=CARTESIAN_POINT('',(223.225584892578,396.572378195319,68.6841497920606));
#12473=CARTESIAN_POINT('Origin',(223.225584892578,407.572378195319,68.6841497920612));
#12474=CARTESIAN_POINT('',(223.225584892578,396.572378195319,82.1818956540397));
#12475=CARTESIAN_POINT('',(223.225584892577,396.572378195319,89.1100988843154));
#12476=CARTESIAN_POINT('',(223.225584892578,393.072378217669,82.1818956540405));
#12477=CARTESIAN_POINT('Origin',(170.225584892577,396.572378195319,83.9139464616082));
#12478=CARTESIAN_POINT('',(170.225584892577,393.572378240018,82.1818956540391));
#12479=CARTESIAN_POINT('',(170.225584892578,393.572378240018,77.8956252552528));
#12480=CARTESIAN_POINT('',(170.225584892577,396.572378195319,82.1818956540391));
#12481=CARTESIAN_POINT('',(170.225584892577,393.072378217668,82.1818956540391));
#12482=CARTESIAN_POINT('',(170.225584892578,396.572378195319,68.6841497920599));
#12483=CARTESIAN_POINT('',(170.225584892578,396.572378195319,71.9842067191526));
#12484=CARTESIAN_POINT('Origin',(170.225584892578,407.572378195319,68.6841497920589));
#12485=CARTESIAN_POINT('Origin',(106.725584892578,407.572378195319,68.684149792056));
#12486=CARTESIAN_POINT('',(153.526295196287,407.572378195319,57.6841497920581));
#12487=CARTESIAN_POINT('',(153.026295196287,401.442899581629,59.5501751958425));
#12488=CARTESIAN_POINT('Ctrl Pts',(153.526295196287,407.572378195319,57.6841497920581));
#12489=CARTESIAN_POINT('Ctrl Pts',(153.406919046906,407.176452298903,57.6841497920581));
#12490=CARTESIAN_POINT('Ctrl Pts',(153.27566252072,406.741950102747,57.706872766331));
#12491=CARTESIAN_POINT('Ctrl Pts',(153.027658840863,405.875436458452,57.807081672134));
#12492=CARTESIAN_POINT('Ctrl Pts',(152.911583939546,405.44324198591,57.8846474864265));
#12493=CARTESIAN_POINT('Ctrl Pts',(152.66454486355,404.39422587446,58.1316865624219));
#12494=CARTESIAN_POINT('Ctrl Pts',(152.526295196287,403.619013613053,58.3958090368573));
#12495=CARTESIAN_POINT('Ctrl Pts',(152.526295196287,402.55073207053,58.8853571400706));
#12496=CARTESIAN_POINT('Ctrl Pts',(152.591329716349,402.04638230527,59.1633978744934));
#12497=CARTESIAN_POINT('Ctrl Pts',(152.872148871202,401.603003074053,59.4442170293461));
#12498=CARTESIAN_POINT('Ctrl Pts',(152.942587677142,401.514917424477,59.5018466371308));
#12499=CARTESIAN_POINT('Ctrl Pts',(153.026295196287,401.442899581629,59.5501751958423));
#12500=CARTESIAN_POINT('',(135.225584892578,407.57237819532,57.6841497920573));
#12501=CARTESIAN_POINT('',(234.725165916623,407.572378195322,57.6841497920618));
#12502=CARTESIAN_POINT('',(135.225584892578,396.572378195319,68.6841497920574));
#12503=CARTESIAN_POINT('Origin',(135.225584892578,407.572378195319,68.6841497920573));
#12504=CARTESIAN_POINT('',(137.225584892578,396.572378195319,68.6841497920574));
#12505=CARTESIAN_POINT('',(106.725584892578,396.572378195319,68.6841497920633));
#12506=CARTESIAN_POINT('',(137.225584892578,396.772890901182,66.5934383859178));
#12507=CARTESIAN_POINT('Origin',(137.225584892578,407.572378195319,68.6841497920574));
#12508=CARTESIAN_POINT('',(138.725584892578,397.621736473398,63.9953621745645));
#12509=CARTESIAN_POINT('Ctrl Pts',(137.225584892578,396.772890901181,66.5934383859178));
#12510=CARTESIAN_POINT('Ctrl Pts',(137.225584892578,396.847044544449,66.2104006668286));
#12511=CARTESIAN_POINT('Ctrl Pts',(137.303052287109,396.948241261206,65.8072967078571));
#12512=CARTESIAN_POINT('Ctrl Pts',(137.610145545731,397.175665036589,65.0707131004302));
#12513=CARTESIAN_POINT('Ctrl Pts',(137.839524364759,397.3010093192,64.736858226617));
#12514=CARTESIAN_POINT('Ctrl Pts',(138.282085298433,397.484452341981,64.2942972929432));
#12515=CARTESIAN_POINT('Ctrl Pts',(138.49243277502,397.558307423117,64.1299726123989));
#12516=CARTESIAN_POINT('Ctrl Pts',(138.725584892578,397.621736473398,63.9953621745644));
#12517=CARTESIAN_POINT('',(145.225584892578,400.519719757965,60.2425854248322));
#12518=CARTESIAN_POINT('Origin',(130.60436651318,407.572378195319,68.6841497920571));
#12519=CARTESIAN_POINT('',(148.225584892578,400.519719757966,60.2425854248319));
#12520=CARTESIAN_POINT('Ctrl Pts',(145.225584892578,400.519719757965,60.2425854248321));
#12521=CARTESIAN_POINT('Ctrl Pts',(145.320048866871,400.584999085346,60.1880466238455));
#12522=CARTESIAN_POINT('Ctrl Pts',(145.419017909114,400.646702809364,60.1377920830263));
#12523=CARTESIAN_POINT('Ctrl Pts',(145.703137792052,400.802353591609,60.0133410903598));
#12524=CARTESIAN_POINT('Ctrl Pts',(145.896895222083,400.885114348492,59.9499850958893));
#12525=CARTESIAN_POINT('Ctrl Pts',(146.301239047809,400.999425473147,59.8636382866198));
#12526=CARTESIAN_POINT('Ctrl Pts',(146.511888347675,401.030763926887,59.8406616361856));
#12527=CARTESIAN_POINT('Ctrl Pts',(146.725584892578,401.030763926887,59.8406616361856));
#12528=CARTESIAN_POINT('Ctrl Pts',(146.92125614414,401.030763926887,59.8406616361856));
#12529=CARTESIAN_POINT('Ctrl Pts',(147.116166462827,401.004404838539,59.8600056313552));
#12530=CARTESIAN_POINT('Ctrl Pts',(147.492948441865,400.905994379712,59.9341143066525));
#12531=CARTESIAN_POINT('Ctrl Pts',(147.674876292208,400.834131354034,59.9888432790222));
#12532=CARTESIAN_POINT('Ctrl Pts',(147.97934341944,400.679207823471,60.1114203818292));
#12533=CARTESIAN_POINT('Ctrl Pts',(148.106359465546,400.602110486723,60.1737505924411));
#12534=CARTESIAN_POINT('Ctrl Pts',(148.225584892577,400.519719757965,60.242585424832));
#12535=CARTESIAN_POINT('',(156.225584892578,397.257995564379,64.8613875783498));
#12536=CARTESIAN_POINT('Origin',(162.846803271975,407.572378195319,68.6841497920585));
#12537=CARTESIAN_POINT('',(157.725584892578,396.640766045429,67.4594637897031));
#12538=CARTESIAN_POINT('Ctrl Pts',(156.225584892578,397.257995564379,64.8613875783498));
#12539=CARTESIAN_POINT('Ctrl Pts',(156.45810197777,397.208241531488,64.9956313800769));
#12540=CARTESIAN_POINT('Ctrl Pts',(156.668535257956,397.150582219892,65.1597734679623));
#12541=CARTESIAN_POINT('Ctrl Pts',(157.111638416892,397.009093424773,65.6028766268983));
#12542=CARTESIAN_POINT('Ctrl Pts',(157.341548875792,396.914107129191,65.9375381622429));
#12543=CARTESIAN_POINT('Ctrl Pts',(157.648614412959,396.750833426913,66.6749742405044));
#12544=CARTESIAN_POINT('Ctrl Pts',(157.725584892578,396.683498002284,67.078036078557));
#12545=CARTESIAN_POINT('Ctrl Pts',(157.725584892578,396.640766045428,67.4594637897031));
#12546=CARTESIAN_POINT('',(157.725584892578,396.572378195319,68.6841497920584));
#12547=CARTESIAN_POINT('Origin',(157.725584892578,407.572378195319,68.6841497920583));
#12548=CARTESIAN_POINT('',(160.725584892578,396.572378195317,68.6841497920585));
#12549=CARTESIAN_POINT('',(106.725584892578,396.572378195319,68.6841497920633));
#12550=CARTESIAN_POINT('',(160.725584892578,396.640766045429,67.4594637897033));
#12551=CARTESIAN_POINT('Origin',(160.725584892578,407.572378195319,68.6841497920584));
#12552=CARTESIAN_POINT('Ctrl Pts',(160.725584892578,396.640766045428,67.4594637897032));
#12553=CARTESIAN_POINT('Ctrl Pts',(160.725584892578,396.683498002284,67.0780360785571));
#12554=CARTESIAN_POINT('Ctrl Pts',(160.802555372197,396.750833426913,66.6749742405045));
#12555=CARTESIAN_POINT('Ctrl Pts',(161.109620909363,396.914107129191,65.9375381622431));
#12556=CARTESIAN_POINT('Ctrl Pts',(161.339531368263,397.009093424773,65.6028766268984));
#12557=CARTESIAN_POINT('Ctrl Pts',(161.782634527199,397.150582219892,65.1597734679625));
#12558=CARTESIAN_POINT('Ctrl Pts',(161.993067807386,397.208241531488,64.995631380077));
#12559=CARTESIAN_POINT('Ctrl Pts',(162.225584892578,397.257995564379,64.8613875783499));
#12560=CARTESIAN_POINT('',(106.725584892578,396.572378195319,68.6841497920633));
#12561=CARTESIAN_POINT('',(231.225584892578,397.25799556438,64.8613875783511));
#12562=CARTESIAN_POINT('Origin',(237.846803271984,407.572378195319,68.6841497920619));
#12563=CARTESIAN_POINT('',(232.725584892578,396.640766045429,67.4594637897047));
#12564=CARTESIAN_POINT('Ctrl Pts',(232.725584892578,396.640766045429,67.4594637897047));
#12565=CARTESIAN_POINT('Ctrl Pts',(232.725584892578,396.683498002284,67.0780360785585));
#12566=CARTESIAN_POINT('Ctrl Pts',(232.648614412959,396.750833426913,66.6749742405058));
#12567=CARTESIAN_POINT('Ctrl Pts',(232.341548875793,396.914107129191,65.9375381622444));
#12568=CARTESIAN_POINT('Ctrl Pts',(232.111638416893,397.009093424774,65.6028766268997));
#12569=CARTESIAN_POINT('Ctrl Pts',(231.668535257957,397.150582219892,65.1597734679637));
#12570=CARTESIAN_POINT('Ctrl Pts',(231.45810197777,397.208241531489,64.9956313800781));
#12571=CARTESIAN_POINT('Ctrl Pts',(231.225584892578,397.257995564379,64.861387578351));
#12572=CARTESIAN_POINT('',(232.725584892578,396.572378195319,68.6841497920617));
#12573=CARTESIAN_POINT('Origin',(232.725584892578,407.572378195319,68.6841497920617));
#12574=CARTESIAN_POINT('',(234.725584892578,396.572378195318,68.6841497920618));
#12575=CARTESIAN_POINT('',(106.725584892578,396.572378195319,68.6841497920633));
#12576=CARTESIAN_POINT('',(234.725584892579,407.572378195322,57.6841497920618));
#12577=CARTESIAN_POINT('Origin',(234.725584892578,407.572378195319,68.6841497920618));
#12578=CARTESIAN_POINT('',(214.92487458887,407.572378195317,57.684149792058));
#12579=CARTESIAN_POINT('',(234.725165916623,407.572378195322,57.6841497920618));
#12580=CARTESIAN_POINT('',(215.42487458887,401.442899581631,59.5501751958441));
#12581=CARTESIAN_POINT('Ctrl Pts',(214.92487458887,407.572378195316,57.6841497920581));
#12582=CARTESIAN_POINT('Ctrl Pts',(215.044250738251,407.176452298902,57.6841497920582));
#12583=CARTESIAN_POINT('Ctrl Pts',(215.175507264444,406.741950102751,57.7068727663335));
#12584=CARTESIAN_POINT('Ctrl Pts',(215.423510944296,405.875436458458,57.807081672136));
#12585=CARTESIAN_POINT('Ctrl Pts',(215.539585845612,405.443241985918,57.8846474864279));
#12586=CARTESIAN_POINT('Ctrl Pts',(215.786624921607,404.394225874467,58.1316865624225));
#12587=CARTESIAN_POINT('Ctrl Pts',(215.92487458887,403.619013613058,58.3958090368581));
#12588=CARTESIAN_POINT('Ctrl Pts',(215.92487458887,402.550732070533,58.8853571400718));
#12589=CARTESIAN_POINT('Ctrl Pts',(215.859840068808,402.046382305272,59.1633978744948));
#12590=CARTESIAN_POINT('Ctrl Pts',(215.579020913955,401.603003074055,59.4442170293476));
#12591=CARTESIAN_POINT('Ctrl Pts',(215.508582108015,401.514917424479,59.5018466371323));
#12592=CARTESIAN_POINT('Ctrl Pts',(215.42487458887,401.442899581631,59.5501751958439));
#12593=CARTESIAN_POINT('Origin',(199.604366513176,407.572378195319,68.6841497920602));
#12594=CARTESIAN_POINT('',(234.725165916623,407.572378195322,57.6841497920618));
#12595=CARTESIAN_POINT('',(178.026295196287,401.442899581629,59.5501751958437));
#12596=CARTESIAN_POINT('Origin',(193.846803271975,407.572378195319,68.6841497920599));
#12597=CARTESIAN_POINT('',(178.526295196287,407.572378195319,57.6841497920592));
#12598=CARTESIAN_POINT('Ctrl Pts',(178.526295196287,407.572378195319,57.6841497920592));
#12599=CARTESIAN_POINT('Ctrl Pts',(178.304776888198,406.837685083192,57.6841497920592));
#12600=CARTESIAN_POINT('Ctrl Pts',(178.060999687358,406.03671711872,57.7621026623562));
#12601=CARTESIAN_POINT('Ctrl Pts',(177.672900180223,404.461350031299,58.1025163273951));
#12602=CARTESIAN_POINT('Ctrl Pts',(177.526295196287,403.68740425385,58.3644685080304));
#12603=CARTESIAN_POINT('Ctrl Pts',(177.526295196287,402.741305631886,58.7980253630347));
#12604=CARTESIAN_POINT('Ctrl Pts',(177.545965672596,402.474136542729,58.9327390076078));
#12605=CARTESIAN_POINT('Ctrl Pts',(177.663216583883,401.973439907534,59.2113482045237));
#12606=CARTESIAN_POINT('Ctrl Pts',(177.758519709262,401.739443041223,59.3553538570156));
#12607=CARTESIAN_POINT('Ctrl Pts',(177.949374139198,401.515194101149,59.5019620516749));
#12608=CARTESIAN_POINT('Ctrl Pts',(177.985864320337,401.47768432379,59.52683241873));
#12609=CARTESIAN_POINT('Ctrl Pts',(178.026295196287,401.442899581629,59.5501751958434));
#12610=CARTESIAN_POINT('',(234.725165916623,407.572378195322,57.6841497920618));
#12611=CARTESIAN_POINT('',(157.725584892578,398.640814283033,62.2633113669965));
#12612=CARTESIAN_POINT('Ctrl Pts',(160.725584892578,398.640814283033,62.2633113669967));
#12613=CARTESIAN_POINT('Ctrl Pts',(160.59698288223,398.587437627121,62.3375597722895));
#12614=CARTESIAN_POINT('Ctrl Pts',(160.459544850636,398.541060760584,62.4040299541975));
#12615=CARTESIAN_POINT('Ctrl Pts',(159.970360191091,398.410044119118,62.5949429775332));
#12616=CARTESIAN_POINT('Ctrl Pts',(159.5880467912,398.365170877161,62.6652351556433));
#12617=CARTESIAN_POINT('Ctrl Pts',(159.225584892578,398.365170877161,62.6652351556433));
#12618=CARTESIAN_POINT('Ctrl Pts',(158.863122993956,398.365170877161,62.6652351556433));
#12619=CARTESIAN_POINT('Ctrl Pts',(158.480809594065,398.410044119118,62.5949429775331));
#12620=CARTESIAN_POINT('Ctrl Pts',(157.99162493452,398.541060760585,62.4040299541973));
#12621=CARTESIAN_POINT('Ctrl Pts',(157.854186902926,398.587437627121,62.3375597722893));
#12622=CARTESIAN_POINT('Ctrl Pts',(157.725584892578,398.640814283033,62.2633113669964));
#12623=CARTESIAN_POINT('Origin',(168.846803271975,407.572378195319,68.6841497920588));
#12624=CARTESIAN_POINT('Origin',(224.075118598985,389.572378240011,60.733063938915));
#12625=CARTESIAN_POINT('',(231.225584892578,389.572378240012,64.8613875783531));
#12626=CARTESIAN_POINT('Origin',(79.2255848925765,396.57237819532,102.684263646236));
#12627=CARTESIAN_POINT('',(168.725584892577,396.572378195319,83.0479210578235));
#12628=CARTESIAN_POINT('Origin',(169.225584892577,396.57237819532,82.1818956540391));
#12629=CARTESIAN_POINT('',(162.225584892578,396.572378195319,79.2951443080906));
#12630=CARTESIAN_POINT('',(136.164477772324,396.572378195319,64.2487570968311));
#12631=CARTESIAN_POINT('',(160.725584892578,396.572378195319,76.6970680967373));
#12632=CARTESIAN_POINT('Origin',(163.725584892578,396.57237819532,76.6970680967374));
#12633=CARTESIAN_POINT('',(160.725584892578,396.572378195318,74.5978312393885));
#12634=CARTESIAN_POINT('',(157.725584892578,396.572378195319,76.6970680967371));
#12635=CARTESIAN_POINT('',(157.725584892577,396.572378195319,89.6906658714884));
#12636=CARTESIAN_POINT('',(156.225584892578,396.572378195319,79.2951443080904));
#12637=CARTESIAN_POINT('Origin',(154.725584892578,396.572378195322,76.697068096737));
#12638=CARTESIAN_POINT('',(148.225584892577,396.572378195319,83.9139464616071));
#12639=CARTESIAN_POINT('',(118.286692012831,396.57237819532,101.199174324966));
#12640=CARTESIAN_POINT('',(145.225584892577,396.57237819532,83.9139464616069));
#12641=CARTESIAN_POINT('Origin',(146.725584892577,396.572378195321,81.3158702502536));
#12642=CARTESIAN_POINT('',(138.725584892578,396.572378195319,80.1611697118741));
#12643=CARTESIAN_POINT('',(121.289477772324,396.572378195319,70.0944285723754));
#12644=CARTESIAN_POINT('',(137.225584892578,396.572378195319,77.5630935005207));
#12645=CARTESIAN_POINT('Origin',(140.225584892578,396.572378195321,77.5630935005208));
#12646=CARTESIAN_POINT('',(137.225584892577,396.572378195319,84.6388510160782));
#12647=CARTESIAN_POINT('',(135.225584892576,396.57237819532,102.684263646239));
#12648=CARTESIAN_POINT('',(135.225584892576,396.57237819532,110.684263646241));
#12649=CARTESIAN_POINT('',(137.225584892577,396.57237819532,102.684263646239));
#12650=CARTESIAN_POINT('',(79.2255848925765,396.57237819532,102.684263646236));
#12651=CARTESIAN_POINT('',(137.225584892577,396.57237819532,84.4912967307962));
#12652=CARTESIAN_POINT('',(137.225584892577,396.572378195319,84.6388510160782));
#12653=CARTESIAN_POINT('',(138.725584892577,396.57237819532,83.6252713270118));
#12654=CARTESIAN_POINT('Origin',(138.225584892577,396.572378195321,84.4912967307962));
#12655=CARTESIAN_POINT('',(143.725584892577,396.57237819532,86.5120226729602));
#12656=CARTESIAN_POINT('',(123.039477772324,396.572378195319,74.568893158595));
#12657=CARTESIAN_POINT('',(145.225584892577,396.572378195319,89.1100988843135));
#12658=CARTESIAN_POINT('Origin',(142.225584892577,396.572378195321,89.1100988843134));
#12659=CARTESIAN_POINT('',(145.225584892577,396.57237819532,98.3477031913475));
#12660=CARTESIAN_POINT('',(145.225584892577,396.572378195319,94.4342351826955));
#12661=CARTESIAN_POINT('',(143.725584892577,396.57237819532,100.945779402701));
#12662=CARTESIAN_POINT('Origin',(142.225584892577,396.572378195321,98.3477031913474));
#12663=CARTESIAN_POINT('',(140.71444185461,396.57237819532,102.684263646239));
#12664=CARTESIAN_POINT('',(115.91169201283,396.57237819532,117.004137944032));
#12665=CARTESIAN_POINT('',(152.736727930543,396.57237819532,102.684263646239));
#12666=CARTESIAN_POINT('',(79.2255848925765,396.57237819532,102.684263646236));
#12667=CARTESIAN_POINT('',(149.725584892577,396.57237819532,100.945779402701));
#12668=CARTESIAN_POINT('',(123.664477772323,396.572378195319,85.8993921914415));
#12669=CARTESIAN_POINT('',(148.225584892577,396.57237819532,98.3477031913477));
#12670=CARTESIAN_POINT('Origin',(151.225584892577,396.572378195321,98.3477031913478));
#12671=CARTESIAN_POINT('',(148.225584892577,396.572378195319,89.1100988843137));
#12672=CARTESIAN_POINT('',(148.225584892577,396.572378195319,95.8971812652763));
#12673=CARTESIAN_POINT('',(149.725584892577,396.57237819532,86.5120226729604));
#12674=CARTESIAN_POINT('Origin',(151.225584892577,396.572378195321,89.1100988843138));
#12675=CARTESIAN_POINT('',(157.725584892577,396.572378195319,81.8932205194438));
#12676=CARTESIAN_POINT('',(123.786692012831,396.57237819532,101.487849459561));
#12677=CARTESIAN_POINT('',(160.725584892577,396.572378195319,81.8932205194439));
#12678=CARTESIAN_POINT('Origin',(159.225584892577,396.572378195322,84.4912967307972));
#12679=CARTESIAN_POINT('',(168.725584892577,396.572378195319,86.5120226729613));
#12680=CARTESIAN_POINT('',(138.664477772324,396.572378195319,69.1562343849429));
#12681=CARTESIAN_POINT('',(170.225584892577,396.572378195319,89.1100988843147));
#12682=CARTESIAN_POINT('Origin',(167.225584892577,396.572378195322,89.1100988843145));
#12683=CARTESIAN_POINT('',(170.225584892577,396.572378195319,98.3477031913486));
#12684=CARTESIAN_POINT('',(170.225584892577,396.57237819532,100.515983418794));
#12685=CARTESIAN_POINT('',(168.725584892577,396.572378195319,100.945779402702));
#12686=CARTESIAN_POINT('Origin',(167.225584892577,396.572378195322,98.3477031913485));
#12687=CARTESIAN_POINT('',(165.71444185461,396.57237819532,102.68426364624));
#12688=CARTESIAN_POINT('',(130.78669201283,396.57237819532,122.849809419578));
#12689=CARTESIAN_POINT('',(227.736727930546,396.572378195319,102.684263646243));
#12690=CARTESIAN_POINT('',(134.225584892576,396.57237819532,102.684263646239));
#12691=CARTESIAN_POINT('',(224.725584892577,396.572378195319,100.945779402703));
#12692=CARTESIAN_POINT('',(195.164477772324,396.572378195319,83.8786662492795));
#12693=CARTESIAN_POINT('',(223.225584892577,396.572378195319,98.3477031913492));
#12694=CARTESIAN_POINT('Origin',(226.225584892577,396.572378195318,98.3477031913494));
#12695=CARTESIAN_POINT('',(223.225584892577,396.572378195319,89.1100988843152));
#12696=CARTESIAN_POINT('',(223.225584892577,396.572378195319,100.515983418797));
#12697=CARTESIAN_POINT('',(224.725584892578,396.572378195319,86.512022672962));
#12698=CARTESIAN_POINT('Origin',(226.225584892577,396.572378195316,89.1100988843154));
#12699=CARTESIAN_POINT('',(232.725584892578,396.572378195319,81.8932205194453));
#12700=CARTESIAN_POINT('',(187.28669201283,396.572378195319,108.127377555244));
#12701=CARTESIAN_POINT('',(235.725584892578,396.572378195319,81.8932205194454));
#12702=CARTESIAN_POINT('Origin',(234.225584892578,396.572378195315,84.4912967307987));
#12703=CARTESIAN_POINT('',(243.725584892578,396.572378195319,86.5120226729628));
#12704=CARTESIAN_POINT('',(202.164477772325,396.572378195319,62.5167062892637));
#12705=CARTESIAN_POINT('',(245.225584892577,396.572378195319,89.1100988843162));
#12706=CARTESIAN_POINT('Origin',(242.225584892577,396.572378195316,89.1100988843161));
#12707=CARTESIAN_POINT('',(245.225584892577,396.572378195319,98.3477031913502));
#12708=CARTESIAN_POINT('',(245.225584892577,396.572378195319,95.8971812652803));
#12709=CARTESIAN_POINT('',(243.725584892577,396.572378195319,100.945779402704));
#12710=CARTESIAN_POINT('Origin',(242.225584892577,396.572378195318,98.3477031913501));
#12711=CARTESIAN_POINT('',(240.714441854608,396.572378195319,102.684263646243));
#12712=CARTESIAN_POINT('',(202.286692012829,396.57237819532,124.870535361743));
#12713=CARTESIAN_POINT('',(244.714441854608,396.572378195319,102.684263646243));
#12714=CARTESIAN_POINT('',(134.225584892576,396.57237819532,102.684263646239));
#12715=CARTESIAN_POINT('',(244.725584892576,396.572378195319,102.677830210274));
#12716=CARTESIAN_POINT('',(178.661692012828,396.57237819532,140.819836548106));
#12717=CARTESIAN_POINT('',(247.225584892577,396.572378195319,98.3477031913519));
#12718=CARTESIAN_POINT('Origin',(242.225584892576,396.572378195319,98.3477031913516));
#12719=CARTESIAN_POINT('',(247.225584892577,396.572378195319,89.1100988843179));
#12720=CARTESIAN_POINT('',(247.225584892577,396.572378195319,103.114059630151));
#12721=CARTESIAN_POINT('',(244.725584892577,396.572378195319,84.7799718653955));
#12722=CARTESIAN_POINT('Origin',(242.225584892577,396.572378195319,89.1100988843177));
#12723=CARTESIAN_POINT('',(236.725584892578,396.572378195319,80.1611697118769));
#12724=CARTESIAN_POINT('',(186.539477772325,396.572378195319,51.1862072564168));
#12725=CARTESIAN_POINT('',(234.725584892578,396.572378195319,76.697068096739));
#12726=CARTESIAN_POINT('Origin',(238.725584892578,396.572378195319,76.6970680967392));
#12727=CARTESIAN_POINT('',(234.725584892577,396.572378195319,89.6906658714917));
#12728=CARTESIAN_POINT('',(232.725584892578,396.572378195319,76.6970680967387));
#12729=CARTESIAN_POINT('',(232.725584892578,396.572378195319,85.0718637179748));
#12730=CARTESIAN_POINT('',(231.225584892578,396.572378195319,79.2951443080919));
#12731=CARTESIAN_POINT('Origin',(229.725584892578,396.572378195313,76.6970680967386));
#12732=CARTESIAN_POINT('',(224.725584892578,396.572378195319,83.0479210578242));
#12733=CARTESIAN_POINT('',(189.78669201283,396.572378195319,103.219900267132));
#12734=CARTESIAN_POINT('Origin',(224.225584892578,396.572378195314,82.1818956540397));
#12735=CARTESIAN_POINT('',(216.125584892577,396.572378195319,95.109206719152));
#12736=CARTESIAN_POINT('',(201.225584892577,396.572378195319,95.1092067191513));
#12737=CARTESIAN_POINT('',(140.225584892577,396.572378195319,95.1092067191486));
#12738=CARTESIAN_POINT('',(201.225584892578,396.572378195319,76.259206719151));
#12739=CARTESIAN_POINT('',(201.225584892577,396.572378195319,94.5217351826962));
#12740=CARTESIAN_POINT('',(216.125584892578,396.572378195319,76.2592067191516));
#12741=CARTESIAN_POINT('',(140.225584892578,396.572378195319,76.2592067191483));
#12742=CARTESIAN_POINT('',(216.125584892577,396.572378195319,94.5217351826969));
#12743=CARTESIAN_POINT('',(192.225584892577,396.572378195319,95.1092067191509));
#12744=CARTESIAN_POINT('',(177.325584892577,396.572378195319,95.1092067191503));
#12745=CARTESIAN_POINT('',(135.725584892577,396.572378195319,95.1092067191484));
#12746=CARTESIAN_POINT('',(177.325584892578,396.572378195319,76.2592067191499));
#12747=CARTESIAN_POINT('',(177.325584892577,396.572378195319,94.5217351826952));
#12748=CARTESIAN_POINT('',(192.225584892578,396.572378195319,76.2592067191506));
#12749=CARTESIAN_POINT('',(135.725584892578,396.572378195319,76.2592067191481));
#12750=CARTESIAN_POINT('',(192.225584892577,396.572378195319,94.5217351826958));
#12751=CARTESIAN_POINT('Origin',(221.725584892578,393.572378240019,71.8773040488998));
#12752=CARTESIAN_POINT('',(160.725584892578,393.572378240017,67.4594637897034));
#12753=CARTESIAN_POINT('Origin',(163.725584892578,393.572378240018,67.4594637897034));
#12754=CARTESIAN_POINT('',(160.725584892578,393.572378240017,76.6970680967374));
#12755=CARTESIAN_POINT('',(160.725584892578,393.572378240017,69.6683839193002));
#12756=CARTESIAN_POINT('',(162.225584892578,393.572378240018,79.2951443080908));
#12757=CARTESIAN_POINT('Origin',(163.725584892578,393.572378240018,76.6970680967374));
#12758=CARTESIAN_POINT('',(168.725584892577,393.572378240018,83.0479210578234));
#12759=CARTESIAN_POINT('',(164.182075366159,393.572378240018,80.4247246096796));
#12760=CARTESIAN_POINT('Origin',(169.225584892577,393.572378240018,82.181895654039));
#12761=CARTESIAN_POINT('Origin',(146.725584892578,389.772378240017,81.3158702502536));
#12762=CARTESIAN_POINT('',(148.225584892578,389.972378240017,83.9139464616071));
#12763=CARTESIAN_POINT('',(148.425584892577,389.572378240017,84.2603566231208));
#12764=CARTESIAN_POINT('',(148.225584892578,389.972378240017,83.9139464616071));
#12765=CARTESIAN_POINT('',(145.025584892578,389.572378240017,84.2603566231206));
#12766=CARTESIAN_POINT('Origin',(146.725584892578,389.572378240017,81.3158702502536));
#12767=CARTESIAN_POINT('',(145.225584892578,389.972378240017,83.9139464616069));
#12768=CARTESIAN_POINT('',(145.025584892578,389.572378240017,84.2603566231206));
#12769=CARTESIAN_POINT('Origin',(146.725584892578,389.972378240017,81.3158702502536));
#12770=CARTESIAN_POINT('Origin',(157.879723647283,389.772378240017,78.5710669604602));
#12771=CARTESIAN_POINT('',(156.225584892578,389.972378240017,79.2951443080904));
#12772=CARTESIAN_POINT('',(156.425584892578,389.572378240017,79.6415544696042));
#12773=CARTESIAN_POINT('',(156.225584892578,389.972378240017,79.2951443080904));
#12774=CARTESIAN_POINT('',(157.979723647283,389.572378240017,78.7442720412171));
#12775=CARTESIAN_POINT('',(157.779723647283,389.972378240017,78.3978618797033));
#12776=CARTESIAN_POINT('Origin',(154.725584892578,389.772378240017,76.697068096737));
#12777=CARTESIAN_POINT('',(157.725584892578,389.972378240017,76.6970680967371));
#12778=CARTESIAN_POINT('',(158.125584892578,389.572378240017,76.6970680967371));
#12779=CARTESIAN_POINT('',(157.725584892578,389.972378240017,76.6970680967371));
#12780=CARTESIAN_POINT('Origin',(154.725584892578,389.572378240017,76.697068096737));
#12781=CARTESIAN_POINT('Origin',(154.725584892578,389.972378240017,76.697068096737));
#12782=CARTESIAN_POINT('Origin',(157.925584892578,389.772378240017,81.1906615287748));
#12783=CARTESIAN_POINT('',(157.725584892578,389.972378240017,67.4594637897031));
#12784=CARTESIAN_POINT('',(158.125584892578,389.572378240017,67.4594637897031));
#12785=CARTESIAN_POINT('',(157.725584892578,389.972378240017,67.4594637897031));
#12786=CARTESIAN_POINT('',(158.125584892578,389.572378240017,81.1906615287748));
#12787=CARTESIAN_POINT('',(157.725584892578,389.972378240017,81.1906615287748));
#12788=CARTESIAN_POINT('Origin',(154.725584892578,389.772378240017,67.459463789703));
#12789=CARTESIAN_POINT('',(156.225584892578,389.972378240017,64.8613875783498));
#12790=CARTESIAN_POINT('',(156.425584892578,389.572378240017,64.514977416836));
#12791=CARTESIAN_POINT('',(156.225584892578,389.972378240017,64.8613875783498));
#12792=CARTESIAN_POINT('Origin',(154.725584892578,389.572378240017,67.459463789703));
#12793=CARTESIAN_POINT('Origin',(154.725584892578,389.972378240017,67.459463789703));
#12794=CARTESIAN_POINT('Origin',(167.771289713707,389.772378240018,71.2963632571372));
#12795=CARTESIAN_POINT('',(148.225584892579,389.972378240017,60.2425854248324));
#12796=CARTESIAN_POINT('',(148.425584892579,389.572378240017,59.8961752633186));
#12797=CARTESIAN_POINT('',(148.225584892579,389.972378240017,60.2425854248324));
#12798=CARTESIAN_POINT('',(167.871289713707,389.572378240018,71.1231581763803));
#12799=CARTESIAN_POINT('',(167.671289713707,389.972378240018,71.4695683378941));
#12800=CARTESIAN_POINT('Origin',(146.725584892578,389.772378240017,62.8406616361856));
#12801=CARTESIAN_POINT('',(145.225584892579,389.972378240017,60.2425854248322));
#12802=CARTESIAN_POINT('Origin',(146.725584892578,389.972378240017,62.8406616361856));
#12803=CARTESIAN_POINT('',(145.025584892579,389.572378240017,59.8961752633184));
#12804=CARTESIAN_POINT('',(145.225584892579,389.972378240017,60.2425854248322));
#12805=CARTESIAN_POINT('Origin',(146.725584892578,389.572378240017,62.8406616361856));
#12806=CARTESIAN_POINT('Origin',(148.683897410412,389.772378240017,58.0149876540434));
#12807=CARTESIAN_POINT('',(138.725584892578,389.972378240017,63.9953621745645));
#12808=CARTESIAN_POINT('',(138.525584892578,389.572378240017,63.6489520130507));
#12809=CARTESIAN_POINT('',(138.725584892578,389.972378240017,63.9953621745645));
#12810=CARTESIAN_POINT('',(148.583897410412,389.572378240017,57.8417825732865));
#12811=CARTESIAN_POINT('',(148.783897410412,389.972378240017,58.1881927348003));
#12812=CARTESIAN_POINT('Origin',(140.225584892578,389.772378240017,66.5934383859179));
#12813=CARTESIAN_POINT('',(137.225584892578,389.972378240017,66.5934383859178));
#12814=CARTESIAN_POINT('',(136.825584892578,389.572378240017,66.5934383859177));
#12815=CARTESIAN_POINT('',(137.225584892578,389.972378240017,66.5934383859178));
#12816=CARTESIAN_POINT('Origin',(140.225584892578,389.572378240017,66.5934383859179));
#12817=CARTESIAN_POINT('Origin',(140.225584892578,389.972378240017,66.5934383859179));
#12818=CARTESIAN_POINT('Origin',(137.025584892578,389.772378240017,76.1388466733647));
#12819=CARTESIAN_POINT('',(137.225584892578,389.972378240017,77.5630935005207));
#12820=CARTESIAN_POINT('',(136.825584892578,389.572378240017,77.5630935005207));
#12821=CARTESIAN_POINT('',(137.225584892578,389.972378240017,77.5630935005207));
#12822=CARTESIAN_POINT('',(136.825584892578,389.572378240017,76.1388466733647));
#12823=CARTESIAN_POINT('',(137.225584892578,389.972378240017,76.1388466733647));
#12824=CARTESIAN_POINT('Origin',(140.225584892578,389.772378240017,77.5630935005208));
#12825=CARTESIAN_POINT('',(138.725584892578,389.972378240017,80.1611697118741));
#12826=CARTESIAN_POINT('',(138.525584892578,389.572378240017,80.5075798733878));
#12827=CARTESIAN_POINT('',(138.725584892578,389.972378240017,80.1611697118741));
#12828=CARTESIAN_POINT('Origin',(140.225584892578,389.572378240017,77.5630935005208));
#12829=CARTESIAN_POINT('Origin',(140.225584892578,389.972378240017,77.5630935005208));
#12830=CARTESIAN_POINT('Origin',(153.321289713706,389.772378240017,88.8189439270416));
#12831=CARTESIAN_POINT('',(153.221289713706,389.572378240017,88.9921490077985));
#12832=CARTESIAN_POINT('',(153.421289713706,389.972378240017,88.6457388462847));
#12833=CARTESIAN_POINT('Origin',(156.225584892578,389.572378240017,64.8613875783498));
#12834=CARTESIAN_POINT('',(156.225584892578,389.572378240017,64.8613875783498));
#12835=CARTESIAN_POINT('',(148.225584892579,389.572378240017,60.2425854248324));
#12836=CARTESIAN_POINT('Origin',(154.725584892578,389.572378240017,67.459463789703));
#12837=CARTESIAN_POINT('',(157.725584892578,389.572378240017,67.4594637897031));
#12838=CARTESIAN_POINT('Origin',(157.725584892578,389.572378240018,76.6970680967371));
#12839=CARTESIAN_POINT('',(157.725584892578,389.572378240018,76.6970680967371));
#12840=CARTESIAN_POINT('Origin',(154.725584892578,389.572378240017,76.697068096737));
#12841=CARTESIAN_POINT('',(156.225584892578,389.572378240017,79.2951443080904));
#12842=CARTESIAN_POINT('Origin',(148.225584892578,389.572378240017,83.913946461607));
#12843=CARTESIAN_POINT('',(148.225584892578,389.572378240017,83.913946461607));
#12844=CARTESIAN_POINT('Origin',(146.725584892578,389.572378240017,81.3158702502536));
#12845=CARTESIAN_POINT('',(145.225584892578,389.572378240017,83.9139464616069));
#12846=CARTESIAN_POINT('Origin',(174.725376327023,389.572378240018,85.6842549608133));
#12847=CARTESIAN_POINT('',(233.725584892576,389.572378240019,118.284263646249));
#12848=CARTESIAN_POINT('',(235.325584892576,389.572378240019,116.684263646249));
#12849=CARTESIAN_POINT('Origin',(233.725584892576,389.572378240019,116.684263646249));
#12850=CARTESIAN_POINT('',(136.225584892576,389.572378240017,118.284263646244));
#12851=CARTESIAN_POINT('',(180.32527115945,389.572378240018,118.284263646246));
#12852=CARTESIAN_POINT('',(134.625584892576,389.572378240017,116.684263646244));
#12853=CARTESIAN_POINT('Origin',(136.225584892576,389.572378240017,116.684263646244));
#12854=CARTESIAN_POINT('',(134.625584892579,389.572378240017,58.6841497920571));
#12855=CARTESIAN_POINT('',(134.625584892577,389.572378240017,102.184259303528));
#12856=CARTESIAN_POINT('',(136.225584892579,389.572378240017,57.0841497920571));
#12857=CARTESIAN_POINT('Origin',(136.225584892579,389.572378240017,58.6841497920571));
#12858=CARTESIAN_POINT('',(233.725584892579,389.572378240019,57.0841497920615));
#12859=CARTESIAN_POINT('',(154.475480609802,389.572378240017,57.0841497920579));
#12860=CARTESIAN_POINT('',(235.325584892579,389.572378240019,58.6841497920616));
#12861=CARTESIAN_POINT('Origin',(233.725584892579,389.572378240019,58.6841497920615));
#12862=CARTESIAN_POINT('',(235.325584892578,389.572378240019,76.6970680967405));
#12863=CARTESIAN_POINT('',(235.325584892578,389.572378240019,81.1906615287782));
#12864=CARTESIAN_POINT('',(237.025584892578,389.572378240019,79.6415544696077));
#12865=CARTESIAN_POINT('Origin',(238.725584892578,389.572378240019,76.6970680967406));
#12866=CARTESIAN_POINT('',(245.025584892577,389.572378240019,84.2603566231248));
#12867=CARTESIAN_POINT('',(218.971289713707,389.572378240019,69.2179022880568));
#12868=CARTESIAN_POINT('',(247.825584892577,389.57237824002,89.1100988843179));
#12869=CARTESIAN_POINT('Origin',(242.225584892577,389.572378240019,89.1100988843177));
#12870=CARTESIAN_POINT('',(247.825584892577,389.57237824002,98.3477031913519));
#12871=CARTESIAN_POINT('',(247.825584892577,389.57237824002,94.6140552874376));
#12872=CARTESIAN_POINT('',(245.025584892577,389.572378240019,103.197445452545));
#12873=CARTESIAN_POINT('Origin',(242.225584892577,389.572378240019,98.3477031913516));
#12874=CARTESIAN_POINT('',(237.025584892577,389.572378240019,107.816247606061));
#12875=CARTESIAN_POINT('',(218.454723647281,389.572378240019,118.538139345115));
#12876=CARTESIAN_POINT('',(235.325584892576,389.572378240019,110.760733978928));
#12877=CARTESIAN_POINT('Origin',(238.725584892576,389.572378240019,110.760733978929));
#12878=CARTESIAN_POINT('',(235.325584892577,389.572378240019,98.6842593035315));
#12879=CARTESIAN_POINT('',(155.725584892576,389.572378240017,114.084263646237));
#12880=CARTESIAN_POINT('',(139.225584892576,389.572378240017,114.084263646241));
#12881=CARTESIAN_POINT('',(211.475480609803,389.572378240019,114.084263646223));
#12882=CARTESIAN_POINT('',(158.125584892576,389.572378240017,111.684263646244));
#12883=CARTESIAN_POINT('Origin',(155.725584892576,389.572378240017,111.684263646244));
#12884=CARTESIAN_POINT('',(158.125584892576,389.572378240017,110.760733978925));
#12885=CARTESIAN_POINT('',(158.125584892577,389.572378240017,99.6842593035258));
#12886=CARTESIAN_POINT('',(156.425584892576,389.572378240017,107.816247606058));
#12887=CARTESIAN_POINT('Origin',(154.725584892576,389.572378240017,110.760733978925));
#12888=CARTESIAN_POINT('',(148.425584892577,389.572378240017,103.197445452541));
#12889=CARTESIAN_POINT('',(158.496289713705,389.572378240017,109.011769591949));
#12890=CARTESIAN_POINT('',(145.025584892577,389.572378240017,103.19744545254));
#12891=CARTESIAN_POINT('Origin',(146.725584892577,389.572378240017,106.141931825408));
#12892=CARTESIAN_POINT('',(138.525584892576,389.572378240017,106.950222202273));
#12893=CARTESIAN_POINT('',(159.954723647282,389.572378240017,94.5781031737426));
#12894=CARTESIAN_POINT('',(136.825584892576,389.572378240017,109.89470857514));
#12895=CARTESIAN_POINT('Origin',(140.225584892576,389.572378240017,109.89470857514));
#12896=CARTESIAN_POINT('',(136.825584892576,389.572378240017,111.684263646243));
#12897=CARTESIAN_POINT('',(136.825584892577,389.572378240017,96.9234563641912));
#12898=CARTESIAN_POINT('Origin',(139.225584892576,389.572378240017,111.684263646243));
#12899=CARTESIAN_POINT('',(176.925584892578,389.572378240018,75.8592067191501));
#12900=CARTESIAN_POINT('',(192.625584892578,389.572378240018,75.8592067191508));
#12901=CARTESIAN_POINT('',(183.475480609801,389.572378240018,75.8592067191504));
#12902=CARTESIAN_POINT('',(176.925584892577,389.572378240018,97.3092067191503));
#12903=CARTESIAN_POINT('',(176.925584892577,389.572378240018,86.0217308399816));
#12904=CARTESIAN_POINT('',(192.625584892577,389.572378240018,97.309206719151));
#12905=CARTESIAN_POINT('',(183.4754806098,389.572378240018,97.3092067191506));
#12906=CARTESIAN_POINT('',(192.625584892577,389.572378240018,86.0217308399823));
#12907=CARTESIAN_POINT('',(216.525584892577,389.572378240019,97.309206719152));
#12908=CARTESIAN_POINT('',(200.825584892577,389.572378240019,97.3092067191513));
#12909=CARTESIAN_POINT('',(187.9754806098,389.572378240018,97.3092067191508));
#12910=CARTESIAN_POINT('',(216.525584892578,389.572378240019,75.8592067191519));
#12911=CARTESIAN_POINT('',(216.525584892577,389.572378240019,86.0217308399834));
#12912=CARTESIAN_POINT('',(200.825584892578,389.572378240019,75.8592067191512));
#12913=CARTESIAN_POINT('',(187.975480609801,389.572378240018,75.8592067191506));
#12914=CARTESIAN_POINT('',(200.825584892577,389.572378240019,86.0217308399827));
#12915=CARTESIAN_POINT('',(143.925584892577,389.572378240017,86.1656125114464));
#12916=CARTESIAN_POINT('',(145.625584892577,389.572378240017,89.1100988843135));
#12917=CARTESIAN_POINT('Origin',(142.225584892577,389.572378240017,89.1100988843134));
#12918=CARTESIAN_POINT('',(138.925584892578,389.572378240017,83.278861165498));
#12919=CARTESIAN_POINT('',(155.371289713706,389.572378240017,92.7737932709907));
#12920=CARTESIAN_POINT('',(136.825584892578,389.572378240017,84.4912967307961));
#12921=CARTESIAN_POINT('Origin',(138.225584892578,389.572378240017,84.4912967307962));
#12922=CARTESIAN_POINT('',(136.825584892577,389.572378240017,102.966505344864));
#12923=CARTESIAN_POINT('',(136.825584892578,389.572378240017,84.2217504420194));
#12924=CARTESIAN_POINT('',(138.925584892577,389.572378240017,104.178940910163));
#12925=CARTESIAN_POINT('Origin',(138.225584892577,389.572378240017,102.966505344864));
#12926=CARTESIAN_POINT('',(143.925584892577,389.572378240017,101.292189564215));
#12927=CARTESIAN_POINT('',(155.604723647282,389.572378240017,94.549235660283));
#12928=CARTESIAN_POINT('',(145.625584892577,389.572378240017,98.3477031913476));
#12929=CARTESIAN_POINT('Origin',(142.225584892577,389.572378240017,98.3477031913474));
#12930=CARTESIAN_POINT('',(145.625584892577,389.572378240017,85.934230839982));
#12931=CARTESIAN_POINT('Origin',(211.475480609803,389.772378240019,113.884263646239));
#12932=CARTESIAN_POINT('',(155.725584892576,389.972378240017,113.684263646244));
#12933=CARTESIAN_POINT('',(155.725584892576,389.972378240017,113.684263646244));
#12934=CARTESIAN_POINT('',(139.225584892576,389.972378240017,113.684263646243));
#12935=CARTESIAN_POINT('',(139.225584892576,389.572378240017,114.084263646241));
#12936=CARTESIAN_POINT('',(211.475480609803,389.972378240019,113.684263646254));
#12937=CARTESIAN_POINT('Origin',(155.725584892576,389.772378240024,111.684263646244));
#12938=CARTESIAN_POINT('',(157.725584892576,389.972378240031,111.684263646244));
#12939=CARTESIAN_POINT('Origin',(155.725584892576,389.972378240031,111.684263646244));
#12940=CARTESIAN_POINT('',(157.725584892576,389.972378240031,111.684263646244));
#12941=CARTESIAN_POINT('Origin',(157.925584892577,389.772378240017,99.6842593035258));
#12942=CARTESIAN_POINT('',(157.725584892576,389.972378240017,110.760733978925));
#12943=CARTESIAN_POINT('',(157.725584892576,389.972378240017,110.760733978925));
#12944=CARTESIAN_POINT('',(157.725584892577,389.972378240017,99.6842593035258));
#12945=CARTESIAN_POINT('Origin',(154.725584892576,389.772378240017,110.760733978925));
#12946=CARTESIAN_POINT('',(156.225584892576,389.972378240017,108.162657767572));
#12947=CARTESIAN_POINT('',(156.225584892576,389.972378240017,108.162657767572));
#12948=CARTESIAN_POINT('Origin',(154.725584892576,389.972378240017,110.760733978925));
#12949=CARTESIAN_POINT('Origin',(158.396289713705,389.772378240017,109.184974672706));
#12950=CARTESIAN_POINT('',(148.225584892577,389.972378240017,103.543855614054));
#12951=CARTESIAN_POINT('',(148.225584892577,389.972378240017,103.543855614054));
#12952=CARTESIAN_POINT('',(158.296289713705,389.972378240017,109.358179753463));
#12953=CARTESIAN_POINT('Origin',(146.725584892577,389.772378240017,106.141931825408));
#12954=CARTESIAN_POINT('',(145.225584892577,389.972378240017,103.543855614054));
#12955=CARTESIAN_POINT('',(145.225584892577,389.972378240017,103.543855614054));
#12956=CARTESIAN_POINT('Origin',(146.725584892577,389.972378240017,106.141931825408));
#12957=CARTESIAN_POINT('Origin',(160.054723647282,389.772378240017,94.7513082544995));
#12958=CARTESIAN_POINT('',(138.725584892576,389.972378240017,107.296632363786));
#12959=CARTESIAN_POINT('',(138.725584892576,389.972378240017,107.296632363786));
#12960=CARTESIAN_POINT('',(160.154723647282,389.972378240017,94.9245133352564));
#12961=CARTESIAN_POINT('Origin',(140.225584892576,389.772378240017,109.89470857514));
#12962=CARTESIAN_POINT('',(137.225584892576,389.972378240017,109.89470857514));
#12963=CARTESIAN_POINT('Origin',(140.225584892576,389.972378240017,109.89470857514));
#12964=CARTESIAN_POINT('',(137.225584892576,389.972378240017,109.89470857514));
#12965=CARTESIAN_POINT('Origin',(137.025584892577,389.772378240017,96.9234563641912));
#12966=CARTESIAN_POINT('',(137.225584892576,389.972378240017,111.684263646243));
#12967=CARTESIAN_POINT('',(137.225584892576,389.972378240017,111.684263646243));
#12968=CARTESIAN_POINT('',(137.225584892577,389.972378240017,96.9234563641912));
#12969=CARTESIAN_POINT('Origin',(139.225584892576,389.772378240024,111.684263646243));
#12970=CARTESIAN_POINT('Origin',(139.225584892576,389.972378240031,111.684263646243));
#12971=CARTESIAN_POINT('Origin',(156.225584892576,389.572378240017,108.162657767572));
#12972=CARTESIAN_POINT('',(156.225584892576,398.033657219667,108.162657767572));
#12973=CARTESIAN_POINT('',(156.225584892576,389.572378240017,108.162657767572));
#12974=CARTESIAN_POINT('',(148.225584892577,396.606015915654,103.543855614054));
#12975=CARTESIAN_POINT('Origin',(146.736727930542,407.57237819532,102.684263646239));
#12976=CARTESIAN_POINT('',(148.225584892577,389.572378240017,103.543855614054));
#12977=CARTESIAN_POINT('Origin',(154.725584892576,389.572378240017,110.760733978925));
#12978=CARTESIAN_POINT('',(157.725584892576,400.104404777768,110.760733978925));
#12979=CARTESIAN_POINT('',(157.725584892576,389.572378240017,110.760733978925));
#12980=CARTESIAN_POINT('Ctrl Pts',(156.225584892576,398.033657219668,108.162657767572));
#12981=CARTESIAN_POINT('Ctrl Pts',(156.380091608332,398.084890228412,108.251862261505));
#12982=CARTESIAN_POINT('Ctrl Pts',(156.522125925279,398.144444461662,108.352539307385));
#12983=CARTESIAN_POINT('Ctrl Pts',(156.964793389506,398.372320647374,108.722092207397));
#12984=CARTESIAN_POINT('Ctrl Pts',(157.224452785794,398.594859809646,109.055761208352));
#12985=CARTESIAN_POINT('Ctrl Pts',(157.576615682236,399.129845959273,109.749351823693));
#12986=CARTESIAN_POINT('Ctrl Pts',(157.670707684137,399.443074073255,110.107862541921));
#12987=CARTESIAN_POINT('Ctrl Pts',(157.719625423015,399.869174315427,110.538399232923));
#12988=CARTESIAN_POINT('Ctrl Pts',(157.725584892576,399.985998897159,110.651249026656));
#12989=CARTESIAN_POINT('Ctrl Pts',(157.725584892576,400.104404777768,110.760733978925));
#12990=CARTESIAN_POINT('Origin',(157.725584892576,389.572378240017,113.684263646239));
#12991=CARTESIAN_POINT('',(157.725584892576,401.247822874985,111.684263646241));
#12992=CARTESIAN_POINT('',(157.725584892576,401.072378336877,111.684263646241));
#12993=CARTESIAN_POINT('Origin',(157.725584892577,407.57237819532,102.68426364624));
#12994=CARTESIAN_POINT('Origin',(155.725584892576,401.072378336877,111.684263646241));
#12995=CARTESIAN_POINT('',(155.725584892576,407.572378195322,113.684263646239));
#12996=CARTESIAN_POINT('',(155.725584892576,401.072378336878,113.684263646241));
#12997=CARTESIAN_POINT('Ctrl Pts',(155.725584892576,407.572378195322,113.684263646239));
#12998=CARTESIAN_POINT('Ctrl Pts',(156.170226460679,406.529601286071,113.68426364624));
#12999=CARTESIAN_POINT('Ctrl Pts',(156.655239860302,405.401513859959,113.528042564538));
#13000=CARTESIAN_POINT('Ctrl Pts',(157.428383193026,403.223312400821,112.852160318416));
#13001=CARTESIAN_POINT('Ctrl Pts',(157.725584892576,402.175328524567,112.336048178541));
#13002=CARTESIAN_POINT('Ctrl Pts',(157.725584892576,401.247822874985,111.684263646241));
#13003=CARTESIAN_POINT('Origin',(248.225584892576,389.572378240025,113.684263646245));
#13004=CARTESIAN_POINT('',(139.225584892576,407.572378195322,113.684263646239));
#13005=CARTESIAN_POINT('',(139.225584892576,401.072378336878,113.68426364624));
#13006=CARTESIAN_POINT('',(135.225584892576,407.572378195322,113.684263646239));
#13007=CARTESIAN_POINT('',(79.225584892576,407.572378195322,113.684263646236));
#13008=CARTESIAN_POINT('',(135.225584892576,409.572378240017,113.684263646238));
#13009=CARTESIAN_POINT('',(135.225584892576,411.072378336876,113.684263646238));
#13010=CARTESIAN_POINT('',(234.725584892576,409.572378240019,113.684263646242));
#13011=CARTESIAN_POINT('',(126.975480609799,409.572378240017,113.684263646238));
#13012=CARTESIAN_POINT('',(234.725584892576,407.572378195322,113.684263646243));
#13013=CARTESIAN_POINT('',(234.725584892576,389.572378240025,113.684263646248));
#13014=CARTESIAN_POINT('',(230.725584892576,407.572378195322,113.684263646243));
#13015=CARTESIAN_POINT('',(134.225584892576,407.572378195322,113.684263646239));
#13016=CARTESIAN_POINT('',(230.725584892576,393.572378240019,113.684263646248));
#13017=CARTESIAN_POINT('',(230.725584892576,389.572378240025,113.684263646247));
#13018=CARTESIAN_POINT('',(212.725584892576,393.572378240019,113.684263646247));
#13019=CARTESIAN_POINT('',(234.975584892577,393.572378240019,113.684263646247));
#13020=CARTESIAN_POINT('',(212.725584892576,407.572378195322,113.684263646242));
#13021=CARTESIAN_POINT('',(212.725584892576,389.572378240025,113.684263646247));
#13022=CARTESIAN_POINT('',(205.725584892576,407.572378195322,113.684263646242));
#13023=CARTESIAN_POINT('',(134.225584892576,407.572378195322,113.684263646239));
#13024=CARTESIAN_POINT('',(205.725584892576,393.572378240019,113.684263646246));
#13025=CARTESIAN_POINT('',(205.725584892576,389.572378240025,113.684263646246));
#13026=CARTESIAN_POINT('',(187.725584892575,393.572378240018,113.684263646245));
#13027=CARTESIAN_POINT('',(222.475584892577,393.572378240019,113.68426364625));
#13028=CARTESIAN_POINT('',(187.725584892575,407.572378195319,113.684263646245));
#13029=CARTESIAN_POINT('',(187.725584892576,389.572378240018,113.684263646245));
#13030=CARTESIAN_POINT('',(180.725584892576,407.572378195322,113.684263646241));
#13031=CARTESIAN_POINT('',(79.2255848925761,407.572378195322,113.684263646236));
#13032=CARTESIAN_POINT('',(180.725584892576,393.572378240018,113.684263646245));
#13033=CARTESIAN_POINT('',(180.725584892576,401.072378336878,113.684263646242));
#13034=CARTESIAN_POINT('',(162.725584892576,393.572378240017,113.684263646245));
#13035=CARTESIAN_POINT('',(209.975584892577,393.572378240019,113.684263646253));
#13036=CARTESIAN_POINT('',(162.725584892576,407.572378195322,113.68426364624));
#13037=CARTESIAN_POINT('',(162.725584892576,401.072378336878,113.684263646241));
#13038=CARTESIAN_POINT('',(79.225584892576,407.572378195322,113.684263646236));
#13039=CARTESIAN_POINT('',(218.725584892576,399.572378240018,113.684263646247));
#13040=CARTESIAN_POINT('Origin',(221.725584892576,399.572378240018,113.684263646244));
#13041=CARTESIAN_POINT('',(143.725584892576,399.572378240017,113.684263646244));
#13042=CARTESIAN_POINT('Origin',(146.725584892576,399.572378240017,113.684263646241));
#13043=CARTESIAN_POINT('Origin',(142.225584892577,389.772378240017,89.1100988843134));
#13044=CARTESIAN_POINT('',(143.725584892577,389.972378240017,86.5120226729601));
#13045=CARTESIAN_POINT('',(143.725584892577,389.972378240017,86.5120226729601));
#13046=CARTESIAN_POINT('',(145.225584892577,389.972378240017,89.1100988843135));
#13047=CARTESIAN_POINT('',(145.625584892577,389.572378240017,89.1100988843135));
#13048=CARTESIAN_POINT('Origin',(142.225584892577,389.972378240017,89.1100988843134));
#13049=CARTESIAN_POINT('Origin',(155.271289713706,389.772378240017,92.9469983517475));
#13050=CARTESIAN_POINT('',(138.725584892578,389.972378240017,83.6252713270118));
#13051=CARTESIAN_POINT('',(138.725584892578,389.972378240017,83.6252713270118));
#13052=CARTESIAN_POINT('',(155.171289713706,389.972378240017,93.1202034325044));
#13053=CARTESIAN_POINT('Origin',(138.225584892578,389.772378240017,84.4912967307962));
#13054=CARTESIAN_POINT('',(137.225584892578,389.972378240017,84.4912967307962));
#13055=CARTESIAN_POINT('Origin',(138.225584892578,389.972378240017,84.4912967307962));
#13056=CARTESIAN_POINT('',(137.225584892578,389.972378240017,84.4912967307962));
#13057=CARTESIAN_POINT('Origin',(137.025584892578,389.772378240017,84.2217504420194));
#13058=CARTESIAN_POINT('',(137.225584892577,389.972378240017,102.966505344864));
#13059=CARTESIAN_POINT('',(137.225584892577,389.972378240017,102.966505344864));
#13060=CARTESIAN_POINT('',(137.225584892578,389.972378240017,84.2217504420194));
#13061=CARTESIAN_POINT('Origin',(138.225584892577,389.772378240017,102.966505344864));
#13062=CARTESIAN_POINT('',(138.725584892577,389.972378240017,103.832530748649));
#13063=CARTESIAN_POINT('Origin',(138.225584892577,389.972378240017,102.966505344864));
#13064=CARTESIAN_POINT('',(138.725584892577,389.972378240017,103.832530748649));
#13065=CARTESIAN_POINT('Origin',(155.504723647282,389.772378240017,94.3760305795261));
#13066=CARTESIAN_POINT('',(143.725584892577,389.972378240017,100.945779402701));
#13067=CARTESIAN_POINT('',(143.725584892577,389.972378240017,100.945779402701));
#13068=CARTESIAN_POINT('',(155.404723647282,389.972378240017,94.2028254987692));
#13069=CARTESIAN_POINT('Origin',(142.225584892577,389.772378240017,98.3477031913474));
#13070=CARTESIAN_POINT('',(145.225584892577,389.972378240017,98.3477031913476));
#13071=CARTESIAN_POINT('',(145.225584892577,389.972378240017,98.3477031913476));
#13072=CARTESIAN_POINT('Origin',(142.225584892577,389.972378240017,98.3477031913474));
#13073=CARTESIAN_POINT('Origin',(145.425584892577,389.772378240017,85.934230839982));
#13074=CARTESIAN_POINT('',(145.225584892577,389.972378240017,85.934230839982));
#13075=CARTESIAN_POINT('Origin',(137.225584892578,389.572378240017,82.7592459232273));
#13076=CARTESIAN_POINT('',(137.225584892578,389.572378240017,84.4912967307962));
#13077=CARTESIAN_POINT('',(137.225584892577,396.575999717677,102.966505344864));
#13078=CARTESIAN_POINT('Origin',(137.225584892577,407.57237819532,102.684263646239));
#13079=CARTESIAN_POINT('',(137.225584892577,389.572378240017,102.966505344864));
#13080=CARTESIAN_POINT('Origin',(138.225584892578,389.572378240017,84.4912967307962));
#13081=CARTESIAN_POINT('',(138.725584892578,389.572378240017,83.6252713270118));
#13082=CARTESIAN_POINT('Origin',(143.725584892577,389.572378240017,86.5120226729601));
#13083=CARTESIAN_POINT('',(143.725584892577,389.572378240017,86.5120226729601));
#13084=CARTESIAN_POINT('Origin',(142.225584892577,389.572378240017,89.1100988843134));
#13085=CARTESIAN_POINT('',(145.225584892577,389.572378240017,89.1100988843135));
#13086=CARTESIAN_POINT('Origin',(233.725584892576,389.772378240018,116.684263646249));
#13087=CARTESIAN_POINT('',(235.725584892576,389.972378240016,116.684263646249));
#13088=CARTESIAN_POINT('',(235.325584892576,389.572378240019,116.684263646249));
#13089=CARTESIAN_POINT('',(233.725584892576,389.972378240016,118.684263646249));
#13090=CARTESIAN_POINT('Origin',(233.725584892576,389.972378240016,116.684263646249));
#13091=CARTESIAN_POINT('',(233.725584892576,389.972378240016,118.684263646249));
#13092=CARTESIAN_POINT('Origin',(235.525584892577,389.772378240022,98.6842593035315));
#13093=CARTESIAN_POINT('',(235.725584892576,389.972378240025,110.760733978928));
#13094=CARTESIAN_POINT('',(235.325584892576,389.572378240019,110.760733978928));
#13095=CARTESIAN_POINT('',(235.725584892577,389.972378240025,98.6842593035315));
#13096=CARTESIAN_POINT('Origin',(238.725584892576,389.772378240024,110.760733978929));
#13097=CARTESIAN_POINT('',(237.225584892576,389.972378240028,108.162657767575));
#13098=CARTESIAN_POINT('',(237.025584892577,389.572378240019,107.816247606061));
#13099=CARTESIAN_POINT('Origin',(238.725584892576,389.972378240028,110.760733978929));
#13100=CARTESIAN_POINT('Origin',(218.554723647281,389.77237824002,118.711344425872));
#13101=CARTESIAN_POINT('',(245.225584892576,389.972378240023,103.543855614058));
#13102=CARTESIAN_POINT('',(245.025584892577,389.572378240019,103.197445452545));
#13103=CARTESIAN_POINT('',(218.654723647281,389.972378240022,118.884549506628));
#13104=CARTESIAN_POINT('Origin',(242.225584892577,389.772378240019,98.3477031913516));
#13105=CARTESIAN_POINT('',(248.225584892577,389.97237824002,98.3477031913519));
#13106=CARTESIAN_POINT('',(247.825584892577,389.57237824002,98.3477031913519));
#13107=CARTESIAN_POINT('Origin',(242.225584892577,389.972378240019,98.3477031913516));
#13108=CARTESIAN_POINT('Origin',(248.025584892577,389.77237824002,94.6140552874377));
#13109=CARTESIAN_POINT('',(248.225584892577,389.97237824002,89.1100988843179));
#13110=CARTESIAN_POINT('',(247.825584892577,389.57237824002,89.1100988843179));
#13111=CARTESIAN_POINT('',(248.225584892577,389.97237824002,94.6140552874377));
#13112=CARTESIAN_POINT('Origin',(242.225584892577,389.772378240019,89.1100988843177));
#13113=CARTESIAN_POINT('',(245.225584892577,389.97237824002,83.9139464616111));
#13114=CARTESIAN_POINT('',(245.025584892577,389.572378240019,84.2603566231248));
#13115=CARTESIAN_POINT('Origin',(242.225584892577,389.972378240019,89.1100988843177));
#13116=CARTESIAN_POINT('Origin',(219.071289713707,389.772378240017,69.0446972072998));
#13117=CARTESIAN_POINT('',(237.225584892578,389.972378240016,79.2951443080939));
#13118=CARTESIAN_POINT('',(237.025584892578,389.572378240019,79.6415544696077));
#13119=CARTESIAN_POINT('',(219.171289713707,389.972378240016,68.8714921265429));
#13120=CARTESIAN_POINT('Origin',(238.725584892578,389.772378240016,76.6970680967406));
#13121=CARTESIAN_POINT('',(235.725584892578,389.972378240012,76.6970680967405));
#13122=CARTESIAN_POINT('',(235.325584892578,389.572378240019,76.6970680967405));
#13123=CARTESIAN_POINT('Origin',(238.725584892578,389.972378240012,76.6970680967406));
#13124=CARTESIAN_POINT('Origin',(235.525584892578,389.772378240019,81.1906615287783));
#13125=CARTESIAN_POINT('',(235.725584892579,389.972378240019,58.6841497920616));
#13126=CARTESIAN_POINT('',(235.325584892579,389.572378240019,58.6841497920616));
#13127=CARTESIAN_POINT('',(235.725584892578,389.972378240019,81.1906615287783));
#13128=CARTESIAN_POINT('Origin',(233.725584892579,389.772378240018,58.6841497920615));
#13129=CARTESIAN_POINT('',(233.725584892579,389.972378240016,56.6841497920615));
#13130=CARTESIAN_POINT('',(233.725584892579,389.572378240019,57.0841497920615));
#13131=CARTESIAN_POINT('Origin',(233.725584892579,389.972378240016,58.6841497920615));
#13132=CARTESIAN_POINT('Origin',(154.475480609802,389.772378240017,56.884149792058));
#13133=CARTESIAN_POINT('',(136.225584892579,389.972378240017,56.6841497920572));
#13134=CARTESIAN_POINT('',(136.225584892579,389.572378240017,57.0841497920571));
#13135=CARTESIAN_POINT('',(154.475480609802,389.972378240017,56.684149792058));
#13136=CARTESIAN_POINT('Origin',(136.225584892579,389.772378240017,58.6841497920571));
#13137=CARTESIAN_POINT('',(134.225584892579,389.972378240017,58.6841497920571));
#13138=CARTESIAN_POINT('',(134.625584892579,389.572378240017,58.6841497920571));
#13139=CARTESIAN_POINT('Origin',(136.225584892579,389.972378240017,58.6841497920571));
#13140=CARTESIAN_POINT('Origin',(134.425584892577,389.772378240017,102.184259303528));
#13141=CARTESIAN_POINT('',(134.225584892576,389.972378240017,116.684263646244));
#13142=CARTESIAN_POINT('',(134.625584892576,389.572378240017,116.684263646244));
#13143=CARTESIAN_POINT('',(134.225584892577,389.972378240017,102.184259303528));
#13144=CARTESIAN_POINT('Origin',(136.225584892576,389.772378240017,116.684263646244));
#13145=CARTESIAN_POINT('',(136.225584892576,389.972378240017,118.684263646244));
#13146=CARTESIAN_POINT('',(136.225584892576,389.572378240017,118.284263646244));
#13147=CARTESIAN_POINT('Origin',(136.225584892576,389.972378240017,116.684263646244));
#13148=CARTESIAN_POINT('Origin',(180.32527115945,389.772378240018,118.484263646246));
#13149=CARTESIAN_POINT('',(180.32527115945,389.972378240018,118.684263646246));
#13150=CARTESIAN_POINT('Origin',(235.725584892578,389.572378240015,76.6970680967406));
#13151=CARTESIAN_POINT('',(235.725584892579,395.716082226535,58.6841497920616));
#13152=CARTESIAN_POINT('',(235.725584892579,394.072378240016,58.6841497920616));
#13153=CARTESIAN_POINT('',(235.725584892579,401.428674253503,54.6841497920618));
#13154=CARTESIAN_POINT('',(235.725584892579,399.348821551807,56.1404783321556));
#13155=CARTESIAN_POINT('',(235.725584892578,409.572378240019,54.6841497920618));
#13156=CARTESIAN_POINT('',(235.725584892579,399.572378240016,54.6841497920618));
#13157=CARTESIAN_POINT('',(235.725584892578,409.572378240019,56.6841497920618));
#13158=CARTESIAN_POINT('',(235.725584892578,409.572378240019,69.1842023764389));
#13159=CARTESIAN_POINT('',(235.725584892579,407.572378195322,56.6841497920618));
#13160=CARTESIAN_POINT('',(235.725584892579,399.572378240016,56.6841497920618));
#13161=CARTESIAN_POINT('',(235.725584892578,395.572378195319,68.6841497920618));
#13162=CARTESIAN_POINT('Origin',(235.725584892578,407.572378195319,68.6841497920618));
#13163=CARTESIAN_POINT('',(235.725584892578,395.572378195313,76.6970680967391));
#13164=CARTESIAN_POINT('',(235.725584892577,395.572378195319,89.6906658714918));
#13165=CARTESIAN_POINT('',(235.725584892578,389.572378240015,76.6970680967406));
#13166=CARTESIAN_POINT('Origin',(233.725584892579,394.072378240016,58.6841497920615));
#13167=CARTESIAN_POINT('',(233.725584892579,398.572378240019,56.6841497920615));
#13168=CARTESIAN_POINT('',(233.725584892579,394.072378240016,56.6841497920615));
#13169=CARTESIAN_POINT('Origin',(233.725584892579,395.716082226535,58.6841497920615));
#13170=CARTESIAN_POINT('Origin',(134.225584892579,398.572378240017,56.6841497920571));
#13171=CARTESIAN_POINT('',(136.225584892579,398.572378240017,56.6841497920572));
#13172=CARTESIAN_POINT('',(136.225584892578,404.072378240017,56.6841497920572));
#13173=CARTESIAN_POINT('',(134.225584892579,398.572378240017,56.6841497920571));
#13174=CARTESIAN_POINT('',(186.575584892579,394.072378240018,56.6841497920594));
#13175=CARTESIAN_POINT('Origin',(184.225584892579,394.072378240018,56.6841497920593));
#13176=CARTESIAN_POINT('Origin',(136.225584892578,404.072378240017,58.6841497920572));
#13177=CARTESIAN_POINT('',(134.225584892579,395.716082226533,58.6841497920571));
#13178=CARTESIAN_POINT('',(134.225584892578,404.072378240017,58.6841497920571));
#13179=CARTESIAN_POINT('Origin',(136.225584892579,395.716082226533,58.6841497920571));
#13180=CARTESIAN_POINT('Origin',(134.225584892576,409.572378240017,118.684263646244));
#13181=CARTESIAN_POINT('',(134.225584892576,409.572378240017,116.684263646244));
#13182=CARTESIAN_POINT('',(134.225584892576,409.572378240017,116.684263646244));
#13183=CARTESIAN_POINT('',(134.225584892576,409.572378240017,114.684263646238));
#13184=CARTESIAN_POINT('',(134.225584892575,409.572378240017,120.684263646244));
#13185=CARTESIAN_POINT('',(134.225584892576,407.572378195323,114.684263646239));
#13186=CARTESIAN_POINT('',(134.225584892576,411.072378336877,114.684263646238));
#13187=CARTESIAN_POINT('',(134.225584892577,395.57237819532,102.684263646239));
#13188=CARTESIAN_POINT('Origin',(134.225584892576,407.57237819532,102.684263646239));
#13189=CARTESIAN_POINT('',(134.225584892578,395.57237819532,68.6841497920573));
#13190=CARTESIAN_POINT('',(134.225584892576,395.57237819532,110.684263646241));
#13191=CARTESIAN_POINT('',(134.225584892578,407.572378195319,56.6841497920573));
#13192=CARTESIAN_POINT('Origin',(134.225584892578,407.572378195319,68.6841497920573));
#13193=CARTESIAN_POINT('',(134.225584892578,409.572378240017,56.6841497920573));
#13194=CARTESIAN_POINT('',(134.225584892578,409.572378240017,56.6841497920573));
#13195=CARTESIAN_POINT('',(134.225584892578,409.572378240017,54.6841497920573));
#13196=CARTESIAN_POINT('',(134.225584892578,409.572378240017,56.6841497920573));
#13197=CARTESIAN_POINT('',(134.225584892579,401.428674253501,54.6841497920573));
#13198=CARTESIAN_POINT('',(134.225584892578,409.572378240017,54.6841497920573));
#13199=CARTESIAN_POINT('',(134.225584892578,390.55396727848,62.2987015917886));
#13200=CARTESIAN_POINT('Origin',(136.225584892576,409.572378240017,116.684263646244));
#13201=CARTESIAN_POINT('',(136.225584892576,409.572378240017,118.684263646244));
#13202=CARTESIAN_POINT('',(136.225584892576,409.572378240017,118.684263646244));
#13203=CARTESIAN_POINT('Origin',(136.225584892576,409.572378240017,116.684263646244));
#13204=CARTESIAN_POINT('Origin',(185.925165991877,409.572378240018,118.684263646246));
#13205=CARTESIAN_POINT('',(233.725584892576,409.572378240019,118.684263646243));
#13206=CARTESIAN_POINT('',(233.725584892576,399.572378240021,118.684263646249));
#13207=CARTESIAN_POINT('',(203.750270653101,409.572378240019,118.684263646242));
#13208=CARTESIAN_POINT('',(220.125584892576,399.572378240018,118.684263646248));
#13209=CARTESIAN_POINT('Origin',(221.725584892576,399.572378240018,118.684263646248));
#13210=CARTESIAN_POINT('',(145.125584892576,399.572378240017,118.684263646245));
#13211=CARTESIAN_POINT('Origin',(146.725584892576,399.572378240017,118.684263646245));
#13212=CARTESIAN_POINT('',(218.725584892576,402.572378240018,118.684263646248));
#13213=CARTESIAN_POINT('',(218.725584892576,396.572378240018,118.684263646248));
#13214=CARTESIAN_POINT('',(218.725584892576,403.072378240018,118.684263646248));
#13215=CARTESIAN_POINT('',(149.725584892576,396.572378240018,118.684263646245));
#13216=CARTESIAN_POINT('',(167.825375442227,396.572378240018,118.684263646246));
#13217=CARTESIAN_POINT('',(149.725584892576,402.572378240018,118.684263646245));
#13218=CARTESIAN_POINT('',(149.725584892576,406.072378240018,118.684263646245));
#13219=CARTESIAN_POINT('',(202.325375442227,402.572378240018,118.684263646247));
#13220=CARTESIAN_POINT('Origin',(233.725584892576,399.572378240021,116.684263646249));
#13221=CARTESIAN_POINT('',(235.725584892575,409.572378240019,116.684263646249));
#13222=CARTESIAN_POINT('',(235.725584892576,399.572378240021,116.684263646249));
#13223=CARTESIAN_POINT('Origin',(233.725584892576,409.572378240018,116.684263646249));
#13224=CARTESIAN_POINT('Origin',(187.975480609801,389.772378240018,76.0592067191506));
#13225=CARTESIAN_POINT('',(216.125584892578,389.972378240019,76.2592067191518));
#13226=CARTESIAN_POINT('',(216.525584892578,389.572378240019,75.8592067191519));
#13227=CARTESIAN_POINT('',(201.225584892578,389.972378240018,76.2592067191512));
#13228=CARTESIAN_POINT('',(187.975480609801,389.972378240018,76.2592067191506));
#13229=CARTESIAN_POINT('',(201.225584892578,389.972378240018,76.2592067191512));
#13230=CARTESIAN_POINT('Origin',(187.9754806098,389.772378240018,97.1092067191508));
#13231=CARTESIAN_POINT('',(201.225584892577,389.972378240018,96.9092067191513));
#13232=CARTESIAN_POINT('',(200.825584892577,389.572378240019,97.3092067191513));
#13233=CARTESIAN_POINT('',(216.125584892577,389.972378240019,96.909206719152));
#13234=CARTESIAN_POINT('',(187.9754806098,389.972378240018,96.9092067191508));
#13235=CARTESIAN_POINT('',(216.125584892577,389.972378240019,96.909206719152));
#13236=CARTESIAN_POINT('Origin',(201.025584892577,389.772378240018,86.0217308399827));
#13237=CARTESIAN_POINT('',(201.225584892577,389.972378240018,86.0217308399827));
#13238=CARTESIAN_POINT('Origin',(216.325584892577,389.772378240019,86.0217308399834));
#13239=CARTESIAN_POINT('',(216.125584892577,389.972378240019,86.0217308399834));
#13240=CARTESIAN_POINT('Origin',(216.125584892577,393.072378217668,86.3592067191516));
#13241=CARTESIAN_POINT('',(216.125584892577,391.322378240017,96.909206719152));
#13242=CARTESIAN_POINT('',(216.125584892577,391.322378240017,96.909206719152));
#13243=CARTESIAN_POINT('',(216.125584892577,391.322378240017,98.959206719152));
#13244=CARTESIAN_POINT('',(216.125584892577,391.322378240017,98.959206719152));
#13245=CARTESIAN_POINT('',(216.125584892577,392.452378195319,98.959206719152));
#13246=CARTESIAN_POINT('',(216.125584892577,392.452378195319,98.959206719152));
#13247=CARTESIAN_POINT('',(216.125584892577,396.302378195319,95.109206719152));
#13248=CARTESIAN_POINT('',(216.125584892577,396.302378195319,95.109206719152));
#13249=CARTESIAN_POINT('',(216.125584892577,396.572378195319,95.109206719152));
#13250=CARTESIAN_POINT('',(216.125584892578,395.672378195319,76.2592067191518));
#13251=CARTESIAN_POINT('',(216.125584892578,396.572378195319,76.2592067191516));
#13252=CARTESIAN_POINT('',(216.125584892578,393.172378195319,73.7592067191518));
#13253=CARTESIAN_POINT('',(216.125584892578,395.672378195319,76.2592067191518));
#13254=CARTESIAN_POINT('',(216.125584892578,391.322378240017,73.7592067191518));
#13255=CARTESIAN_POINT('',(216.125584892578,393.172378195319,73.7592067191518));
#13256=CARTESIAN_POINT('',(216.125584892578,391.322378240017,76.2592067191518));
#13257=CARTESIAN_POINT('',(216.125584892578,391.322378240017,73.7592067191518));
#13258=CARTESIAN_POINT('',(216.125584892578,391.322378240017,76.2592067191518));
#13259=CARTESIAN_POINT('Origin',(201.225584892577,391.322378240017,96.9092067191514));
#13260=CARTESIAN_POINT('',(201.225584892577,391.322378240017,96.9092067191514));
#13261=CARTESIAN_POINT('',(201.225584892577,391.322378240017,96.9092067191514));
#13262=CARTESIAN_POINT('',(201.225584892577,391.322378240017,96.9092067191514));
#13263=CARTESIAN_POINT('Origin',(183.4754806098,389.772378240018,97.1092067191506));
#13264=CARTESIAN_POINT('',(177.325584892577,389.972378240018,96.9092067191503));
#13265=CARTESIAN_POINT('',(176.925584892577,389.572378240018,97.3092067191503));
#13266=CARTESIAN_POINT('',(192.225584892577,389.972378240018,96.9092067191509));
#13267=CARTESIAN_POINT('',(183.4754806098,389.972378240018,96.9092067191505));
#13268=CARTESIAN_POINT('',(192.225584892577,389.972378240018,96.9092067191509));
#13269=CARTESIAN_POINT('Origin',(183.475480609801,389.772378240018,76.0592067191504));
#13270=CARTESIAN_POINT('',(192.225584892578,389.972378240018,76.2592067191508));
#13271=CARTESIAN_POINT('',(192.625584892578,389.572378240018,75.8592067191508));
#13272=CARTESIAN_POINT('',(177.325584892578,389.972378240018,76.2592067191501));
#13273=CARTESIAN_POINT('',(183.475480609801,389.972378240018,76.2592067191504));
#13274=CARTESIAN_POINT('',(177.325584892578,389.972378240018,76.2592067191501));
#13275=CARTESIAN_POINT('Origin',(192.425584892577,389.772378240018,86.0217308399823));
#13276=CARTESIAN_POINT('',(192.225584892577,389.972378240018,86.0217308399823));
#13277=CARTESIAN_POINT('Origin',(177.125584892577,389.772378240018,86.0217308399816));
#13278=CARTESIAN_POINT('',(177.325584892577,389.972378240018,86.0217308399817));
#13279=CARTESIAN_POINT('Origin',(177.325584892577,393.072378217668,86.3592067191499));
#13280=CARTESIAN_POINT('',(177.325584892578,391.322378240017,76.2592067191501));
#13281=CARTESIAN_POINT('',(177.325584892578,391.322378240017,76.2592067191501));
#13282=CARTESIAN_POINT('',(177.325584892578,391.322378240017,73.7592067191501));
#13283=CARTESIAN_POINT('',(177.325584892578,391.322378240017,73.7592067191501));
#13284=CARTESIAN_POINT('',(177.325584892578,393.172378195319,73.7592067191501));
#13285=CARTESIAN_POINT('',(177.325584892578,393.172378195319,73.7592067191501));
#13286=CARTESIAN_POINT('',(177.325584892578,395.672378195319,76.2592067191501));
#13287=CARTESIAN_POINT('',(177.325584892578,395.672378195319,76.2592067191501));
#13288=CARTESIAN_POINT('',(177.325584892578,396.572378195319,76.2592067191499));
#13289=CARTESIAN_POINT('',(177.325584892577,396.302378195319,95.1092067191503));
#13290=CARTESIAN_POINT('',(177.325584892577,396.572378195319,95.1092067191503));
#13291=CARTESIAN_POINT('',(177.325584892577,392.452378195319,98.9592067191503));
#13292=CARTESIAN_POINT('',(177.325584892577,396.302378195319,95.1092067191503));
#13293=CARTESIAN_POINT('',(177.325584892577,391.322378240017,98.9592067191503));
#13294=CARTESIAN_POINT('',(177.325584892577,392.452378195319,98.9592067191503));
#13295=CARTESIAN_POINT('',(177.325584892577,391.322378240017,96.9092067191503));
#13296=CARTESIAN_POINT('',(177.325584892577,391.322378240017,98.9592067191503));
#13297=CARTESIAN_POINT('',(177.325584892577,391.322378240017,96.9092067191503));
#13298=CARTESIAN_POINT('Origin',(192.225584892578,391.322378240017,76.2592067191508));
#13299=CARTESIAN_POINT('',(192.225584892578,391.322378240017,76.2592067191508));
#13300=CARTESIAN_POINT('',(192.225584892578,391.322378240017,76.2592067191508));
#13301=CARTESIAN_POINT('',(192.225584892578,391.322378240017,76.2592067191508));
#13302=CARTESIAN_POINT('Origin',(192.225584892577,392.452378195319,98.9592067191509));
#13303=CARTESIAN_POINT('',(192.225584892577,396.302378195319,95.1092067191509));
#13304=CARTESIAN_POINT('',(192.225584892577,392.452378195319,98.9592067191509));
#13305=CARTESIAN_POINT('',(192.225584892577,396.302378195319,95.1092067191509));
#13306=CARTESIAN_POINT('',(192.225584892577,392.452378195319,98.9592067191509));
#13307=CARTESIAN_POINT('',(192.225584892577,396.302378195319,95.1092067191509));
#13308=CARTESIAN_POINT('Origin',(192.225584892577,391.322378240017,98.959206719151));
#13309=CARTESIAN_POINT('',(192.225584892577,391.322378240017,98.959206719151));
#13310=CARTESIAN_POINT('',(192.225584892577,392.452378195319,98.9592067191509));
#13311=CARTESIAN_POINT('',(192.225584892577,391.322378240017,98.959206719151));
#13312=CARTESIAN_POINT('Origin',(192.225584892577,391.322378240017,96.9092067191509));
#13313=CARTESIAN_POINT('',(192.225584892577,391.322378240017,96.9092067191509));
#13314=CARTESIAN_POINT('',(192.225584892577,391.322378240017,98.959206719151));
#13315=CARTESIAN_POINT('',(192.225584892577,391.322378240017,96.9092067191509));
#13316=CARTESIAN_POINT('Origin',(192.225584892577,389.572378240017,96.9092067191509));
#13317=CARTESIAN_POINT('',(192.225584892577,391.322378240017,96.9092067191509));
#13318=CARTESIAN_POINT('Origin',(192.225584892578,391.322378240017,73.7592067191508));
#13319=CARTESIAN_POINT('',(192.225584892578,391.322378240017,73.7592067191508));
#13320=CARTESIAN_POINT('',(192.225584892578,391.322378240017,73.7592067191508));
#13321=CARTESIAN_POINT('',(192.225584892578,391.322378240017,73.7592067191508));
#13322=CARTESIAN_POINT('Origin',(192.225584892578,393.172378195319,73.7592067191508));
#13323=CARTESIAN_POINT('',(192.225584892578,393.172378195319,73.7592067191508));
#13324=CARTESIAN_POINT('',(192.225584892578,393.172378195319,73.7592067191508));
#13325=CARTESIAN_POINT('',(192.225584892578,393.172378195319,73.7592067191508));
#13326=CARTESIAN_POINT('Origin',(192.225584892578,395.672378195319,76.2592067191508));
#13327=CARTESIAN_POINT('',(192.225584892578,395.672378195319,76.2592067191508));
#13328=CARTESIAN_POINT('',(192.225584892578,395.672378195319,76.2592067191508));
#13329=CARTESIAN_POINT('',(192.225584892578,395.672378195319,76.2592067191508));
#13330=CARTESIAN_POINT('Origin',(192.225584892578,396.572378195319,76.2592067191506));
#13331=CARTESIAN_POINT('',(192.225584892578,396.572378195319,76.2592067191506));
#13332=CARTESIAN_POINT('Origin',(192.225584892577,396.302378195319,95.1092067191509));
#13333=CARTESIAN_POINT('',(192.225584892577,396.572378195319,95.1092067191509));
#13334=CARTESIAN_POINT('Origin',(192.225584892577,393.072378217668,86.3592067191506));
#13335=CARTESIAN_POINT('Origin',(201.225584892578,395.672378195319,76.2592067191512));
#13336=CARTESIAN_POINT('',(201.225584892578,395.672378195319,76.2592067191512));
#13337=CARTESIAN_POINT('',(201.225584892578,396.572378195319,76.259206719151));
#13338=CARTESIAN_POINT('',(201.225584892578,395.672378195319,76.2592067191512));
#13339=CARTESIAN_POINT('Origin',(201.225584892578,393.172378195319,73.7592067191512));
#13340=CARTESIAN_POINT('',(201.225584892578,393.172378195319,73.7592067191512));
#13341=CARTESIAN_POINT('',(201.225584892578,395.672378195319,76.2592067191512));
#13342=CARTESIAN_POINT('',(201.225584892578,393.172378195319,73.7592067191512));
#13343=CARTESIAN_POINT('Origin',(201.225584892578,391.322378240017,73.7592067191512));
#13344=CARTESIAN_POINT('',(201.225584892578,391.322378240017,73.7592067191512));
#13345=CARTESIAN_POINT('',(201.225584892578,393.172378195319,73.7592067191512));
#13346=CARTESIAN_POINT('',(201.225584892578,391.322378240017,73.7592067191512));
#13347=CARTESIAN_POINT('Origin',(201.225584892578,391.322378240017,76.2592067191512));
#13348=CARTESIAN_POINT('',(201.225584892578,391.322378240017,76.2592067191512));
#13349=CARTESIAN_POINT('',(201.225584892578,391.322378240017,73.7592067191512));
#13350=CARTESIAN_POINT('',(201.225584892578,391.322378240017,76.2592067191512));
#13351=CARTESIAN_POINT('Origin',(201.225584892578,389.572378240017,76.2592067191512));
#13352=CARTESIAN_POINT('',(201.225584892578,391.322378240017,76.2592067191512));
#13353=CARTESIAN_POINT('Origin',(201.225584892577,391.322378240017,98.9592067191514));
#13354=CARTESIAN_POINT('',(201.225584892577,391.322378240017,98.9592067191514));
#13355=CARTESIAN_POINT('',(201.225584892577,391.322378240017,98.9592067191514));
#13356=CARTESIAN_POINT('',(201.225584892577,391.322378240017,98.9592067191514));
#13357=CARTESIAN_POINT('Origin',(201.225584892577,392.452378195319,98.9592067191514));
#13358=CARTESIAN_POINT('',(201.225584892577,392.452378195319,98.9592067191514));
#13359=CARTESIAN_POINT('',(201.225584892577,392.452378195319,98.9592067191514));
#13360=CARTESIAN_POINT('',(201.225584892577,392.452378195319,98.9592067191514));
#13361=CARTESIAN_POINT('Origin',(201.225584892577,396.302378195319,95.1092067191513));
#13362=CARTESIAN_POINT('',(201.225584892577,396.302378195319,95.1092067191513));
#13363=CARTESIAN_POINT('',(201.225584892577,396.302378195319,95.1092067191513));
#13364=CARTESIAN_POINT('',(201.225584892577,396.302378195319,95.1092067191513));
#13365=CARTESIAN_POINT('Origin',(201.225584892577,396.572378195319,95.1092067191513));
#13366=CARTESIAN_POINT('',(201.225584892577,396.572378195319,95.1092067191513));
#13367=CARTESIAN_POINT('Origin',(201.225584892577,393.072378217668,86.3592067191509));
#13368=CARTESIAN_POINT('Origin',(169.225584892577,393.072378217668,82.181895654039));
#13369=CARTESIAN_POINT('',(168.725584892577,393.072378217668,83.0479210578234));
#13370=CARTESIAN_POINT('Origin',(162.225584892578,389.572378240018,79.2951443080907));
#13371=CARTESIAN_POINT('',(162.225584892577,409.572378240018,79.2951443080907));
#13372=CARTESIAN_POINT('Origin',(224.225584892578,393.072378217669,82.1818956540406));
#13373=CARTESIAN_POINT('',(224.725584892578,393.072378217669,83.0479210578251));
#13374=CARTESIAN_POINT('Origin',(159.225584892577,393.572378240017,93.7289010378313));
#13375=CARTESIAN_POINT('',(170.225584892577,393.572378240018,98.3477031913488));
#13376=CARTESIAN_POINT('',(168.725584892577,393.572378240018,100.945779402702));
#13377=CARTESIAN_POINT('Origin',(167.225584892577,393.572378240018,98.3477031913485));
#13378=CARTESIAN_POINT('',(170.225584892577,393.572378240018,89.1100988843148));
#13379=CARTESIAN_POINT('',(170.225584892577,393.572378240018,96.0383021145903));
#13380=CARTESIAN_POINT('',(168.725584892577,393.572378240018,86.5120226729614));
#13381=CARTESIAN_POINT('Origin',(167.225584892577,393.572378240018,89.1100988843145));
#13382=CARTESIAN_POINT('',(160.725584892578,393.572378240017,81.8932205194441));
#13383=CARTESIAN_POINT('',(166.725584892577,393.572378240018,85.3573221345819));
#13384=CARTESIAN_POINT('',(157.725584892578,393.572378240017,81.8932205194439));
#13385=CARTESIAN_POINT('Origin',(159.225584892577,393.572378240017,84.4912967307971));
#13386=CARTESIAN_POINT('',(149.725584892577,393.572378240017,86.5120226729606));
#13387=CARTESIAN_POINT('',(155.725584892577,393.572378240017,83.0479210578229));
#13388=CARTESIAN_POINT('',(148.225584892577,393.572378240017,89.1100988843139));
#13389=CARTESIAN_POINT('Origin',(151.225584892577,393.572378240017,89.1100988843138));
#13390=CARTESIAN_POINT('',(148.225584892577,393.572378240017,98.3477031913479));
#13391=CARTESIAN_POINT('',(148.225584892577,393.572378240017,91.4194999610723));
#13392=CARTESIAN_POINT('',(149.725584892577,393.572378240017,100.945779402701));
#13393=CARTESIAN_POINT('Origin',(151.225584892577,393.572378240017,98.3477031913478));
#13394=CARTESIAN_POINT('',(157.725584892577,393.572378240017,105.564581556219));
#13395=CARTESIAN_POINT('',(151.725584892577,393.572378240017,102.10047994108));
#13396=CARTESIAN_POINT('',(160.725584892577,393.572378240017,105.564581556219));
#13397=CARTESIAN_POINT('Origin',(159.225584892577,393.572378240017,102.966505344865));
#13398=CARTESIAN_POINT('',(162.725584892577,393.572378240017,104.409881017839));
#13399=CARTESIAN_POINT('Origin',(159.225584892578,389.572378240017,84.4912967307971));
#13400=CARTESIAN_POINT('',(160.725584892578,389.572378240018,81.8932205194439));
#13401=CARTESIAN_POINT('',(157.725584892578,389.572378240017,81.8932205194437));
#13402=CARTESIAN_POINT('Origin',(168.725584892577,389.572378240018,86.5120226729613));
#13403=CARTESIAN_POINT('',(168.725584892577,389.572378240018,86.5120226729613));
#13404=CARTESIAN_POINT('Origin',(167.225584892577,389.572378240018,89.1100988843145));
#13405=CARTESIAN_POINT('',(170.225584892577,389.572378240018,89.1100988843147));
#13406=CARTESIAN_POINT('Origin',(170.225584892577,389.572378240018,98.3477031913486));
#13407=CARTESIAN_POINT('',(170.225584892577,389.572378240018,98.3477031913486));
#13408=CARTESIAN_POINT('Origin',(167.225584892577,389.572378240018,98.3477031913485));
#13409=CARTESIAN_POINT('',(168.725584892577,389.572378240018,100.945779402702));
#13410=CARTESIAN_POINT('Origin',(160.725584892577,389.572378240018,105.564581556219));
#13411=CARTESIAN_POINT('',(160.725584892576,396.956175072854,105.564581556219));
#13412=CARTESIAN_POINT('',(160.725584892577,389.572378240018,105.564581556219));
#13413=CARTESIAN_POINT('Origin',(165.71444185461,407.57237819532,102.68426364624));
#13414=CARTESIAN_POINT('Origin',(221.725584892576,393.572378240019,108.413097735829));
#13415=CARTESIAN_POINT('',(210.725584892576,393.572378240019,111.684263646247));
#13416=CARTESIAN_POINT('Origin',(212.725584892576,393.57237824002,111.684263646246));
#13417=CARTESIAN_POINT('',(232.725584892576,393.572378240019,111.684263646248));
#13418=CARTESIAN_POINT('Origin',(230.725584892576,393.57237824002,111.684263646246));
#13419=CARTESIAN_POINT('',(232.725584892576,393.572378240019,110.760733978929));
#13420=CARTESIAN_POINT('',(232.725584892577,393.572378240019,109.586915857379));
#13421=CARTESIAN_POINT('',(231.225584892576,393.572378240019,108.162657767575));
#13422=CARTESIAN_POINT('Origin',(229.725584892576,393.57237824002,110.760733978927));
#13423=CARTESIAN_POINT('',(223.225584892577,393.572378240019,103.543855614058));
#13424=CARTESIAN_POINT('',(223.717306736235,393.572378240019,103.827751352859));
#13425=CARTESIAN_POINT('',(220.225584892577,393.572378240019,103.543855614058));
#13426=CARTESIAN_POINT('Origin',(221.725584892577,393.572378240018,106.14193182541));
#13427=CARTESIAN_POINT('',(212.225584892576,393.572378240019,108.162657767574));
#13428=CARTESIAN_POINT('',(215.733863048918,393.572378240019,106.137152429617));
#13429=CARTESIAN_POINT('',(210.725584892576,393.572378240019,110.760733978928));
#13430=CARTESIAN_POINT('Origin',(213.725584892576,393.57237824002,110.760733978927));
#13431=CARTESIAN_POINT('',(210.725584892576,393.572378240019,110.048680691038));
#13432=CARTESIAN_POINT('Origin',(221.725584892577,389.572378240023,106.141931825411));
#13433=CARTESIAN_POINT('',(223.225584892577,396.606015915654,103.543855614056));
#13434=CARTESIAN_POINT('',(223.225584892577,389.572378240022,103.543855614058));
#13435=CARTESIAN_POINT('',(220.225584892577,396.606015915654,103.543855614056));
#13436=CARTESIAN_POINT('Ctrl Pts',(223.225584892577,396.606015915654,103.543855614056));
#13437=CARTESIAN_POINT('Ctrl Pts',(223.11294835672,396.60091851914,103.478824879758));
#13438=CARTESIAN_POINT('Ctrl Pts',(222.995376087081,396.596947248588,103.420765883781));
#13439=CARTESIAN_POINT('Ctrl Pts',(222.504888799021,396.584233288305,103.21741368409));
#13440=CARTESIAN_POINT('Ctrl Pts',(222.102701759573,396.581903235712,103.141931825409));
#13441=CARTESIAN_POINT('Ctrl Pts',(221.349129881425,396.581903235712,103.141931825409));
#13442=CARTESIAN_POINT('Ctrl Pts',(220.947603212555,396.584227445031,103.217150937256));
#13443=CARTESIAN_POINT('Ctrl Pts',(220.456972589266,396.596907426653,103.420184116818));
#13444=CARTESIAN_POINT('Ctrl Pts',(220.338782328242,396.600893135469,103.478501044103));
#13445=CARTESIAN_POINT('Ctrl Pts',(220.225584892577,396.606015915654,103.543855614056));
#13446=CARTESIAN_POINT('',(220.225584892577,389.572378240022,103.543855614058));
#13447=CARTESIAN_POINT('Origin',(223.225584892577,389.572378240022,103.543855614058));
#13448=CARTESIAN_POINT('',(231.225584892577,398.033657219666,108.162657767573));
#13449=CARTESIAN_POINT('',(231.225584892577,389.572378240023,108.162657767575));
#13450=CARTESIAN_POINT('Origin',(221.736727930551,407.57237819532,102.684263646242));
#13451=CARTESIAN_POINT('Origin',(229.725584892576,389.572378240024,110.760733978928));
#13452=CARTESIAN_POINT('',(232.725584892576,400.104404777765,110.760733978926));
#13453=CARTESIAN_POINT('',(232.725584892576,389.572378240024,110.760733978928));
#13454=CARTESIAN_POINT('Ctrl Pts',(232.725584892576,400.104404777766,110.760733978925));
#13455=CARTESIAN_POINT('Ctrl Pts',(232.725584892576,399.98599889716,110.651249026661));
#13456=CARTESIAN_POINT('Ctrl Pts',(232.719625423016,399.869174315432,110.53839923293));
#13457=CARTESIAN_POINT('Ctrl Pts',(232.67070768414,399.443074073262,110.107862541932));
#13458=CARTESIAN_POINT('Ctrl Pts',(232.576615682239,399.129845959278,109.749351823703));
#13459=CARTESIAN_POINT('Ctrl Pts',(232.224452785799,398.594859809649,109.055761208359));
#13460=CARTESIAN_POINT('Ctrl Pts',(231.96479338951,398.372320647375,108.722092207403));
#13461=CARTESIAN_POINT('Ctrl Pts',(231.522125925283,398.144444461662,108.352539307387));
#13462=CARTESIAN_POINT('Ctrl Pts',(231.380091608334,398.084890228412,108.251862261507));
#13463=CARTESIAN_POINT('Ctrl Pts',(231.225584892577,398.033657219666,108.162657767573));
#13464=CARTESIAN_POINT('Origin',(232.725584892576,389.572378240024,110.760733978928));
#13465=CARTESIAN_POINT('',(232.725584892576,401.247822874985,111.684263646245));
#13466=CARTESIAN_POINT('',(232.725584892576,389.572378240024,111.684263646247));
#13467=CARTESIAN_POINT('Origin',(232.725584892577,407.572378195319,102.684263646243));
#13468=CARTESIAN_POINT('Origin',(230.725584892576,389.572378240024,111.684263646247));
#13469=CARTESIAN_POINT('Ctrl Pts',(230.725584892576,407.572378195322,113.684263646242));
#13470=CARTESIAN_POINT('Ctrl Pts',(230.9639946293,407.013257802109,113.684263646243));
#13471=CARTESIAN_POINT('Ctrl Pts',(231.22558620969,406.400846506739,113.639075321725));
#13472=CARTESIAN_POINT('Ctrl Pts',(231.720871983736,405.1835971999,113.439453665651));
#13473=CARTESIAN_POINT('Ctrl Pts',(231.953508711831,404.578370744003,113.284766951734));
#13474=CARTESIAN_POINT('Ctrl Pts',(232.294099062794,403.576900387988,112.944176600772));
#13475=CARTESIAN_POINT('Ctrl Pts',(232.443895689672,403.084759984598,112.741588941202));
#13476=CARTESIAN_POINT('Ctrl Pts',(232.660280462916,402.126244528304,112.256522494397));
#13477=CARTESIAN_POINT('Ctrl Pts',(232.725584892576,401.65973937036,111.973729053173));
#13478=CARTESIAN_POINT('Ctrl Pts',(232.725584892576,401.247822874985,111.684263646244));
#13479=CARTESIAN_POINT('Origin',(229.725584892578,389.572378240013,67.4594637897063));
#13480=CARTESIAN_POINT('',(232.725584892578,389.572378240013,67.4594637897065));
#13481=CARTESIAN_POINT('Origin',(232.725584892578,389.572378240013,67.4594637897065));
#13482=CARTESIAN_POINT('',(232.725584892578,389.572378240015,76.6970680967405));
#13483=CARTESIAN_POINT('Origin',(229.725584892578,389.572378240015,76.6970680967404));
#13484=CARTESIAN_POINT('',(231.225584892578,389.572378240016,79.2951443080937));
#13485=CARTESIAN_POINT('Origin',(231.225584892578,389.572378240016,79.2951443080937));
#13486=CARTESIAN_POINT('Origin',(196.725584892576,393.572378240018,108.413097735828));
#13487=CARTESIAN_POINT('',(207.725584892576,393.572378240019,111.684263646247));
#13488=CARTESIAN_POINT('Origin',(205.725584892576,393.572378240019,111.684263646245));
#13489=CARTESIAN_POINT('',(207.725584892576,393.572378240019,110.760733978927));
#13490=CARTESIAN_POINT('',(207.725584892577,393.572378240019,109.586915857378));
#13491=CARTESIAN_POINT('',(206.225584892576,393.572378240019,108.162657767574));
#13492=CARTESIAN_POINT('Origin',(204.725584892576,393.572378240019,110.760733978926));
#13493=CARTESIAN_POINT('',(198.225584892577,393.572378240018,103.543855614057));
#13494=CARTESIAN_POINT('',(198.717306736235,393.572378240018,103.827751352858));
#13495=CARTESIAN_POINT('',(195.225584892577,393.572378240018,103.543855614057));
#13496=CARTESIAN_POINT('Origin',(196.725584892577,393.572378240018,106.141931825409));
#13497=CARTESIAN_POINT('',(187.225584892576,393.572378240018,108.162657767573));
#13498=CARTESIAN_POINT('',(191.583653555935,393.572378240018,105.646525651635));
#13499=CARTESIAN_POINT('',(185.725584892576,393.572378240018,110.760733978926));
#13500=CARTESIAN_POINT('Origin',(188.725584892576,393.572378240018,110.760733978926));
#13501=CARTESIAN_POINT('',(185.725584892576,393.572378240018,111.684263646245));
#13502=CARTESIAN_POINT('',(185.725584892576,393.572378240018,109.586915857376));
#13503=CARTESIAN_POINT('Origin',(187.725584892576,393.572378240018,111.684263646245));
#13504=CARTESIAN_POINT('Origin',(198.225584892577,389.572378240022,103.543855614057));
#13505=CARTESIAN_POINT('',(206.225584892577,398.033657219666,108.162657767572));
#13506=CARTESIAN_POINT('',(206.225584892577,389.572378240023,108.162657767574));
#13507=CARTESIAN_POINT('',(198.225584892577,396.606015915654,103.543855614055));
#13508=CARTESIAN_POINT('Origin',(196.736727930551,407.572378195319,102.684263646241));
#13509=CARTESIAN_POINT('',(198.225584892577,389.572378240022,103.543855614057));
#13510=CARTESIAN_POINT('Origin',(204.725584892576,389.572378240024,110.760733978927));
#13511=CARTESIAN_POINT('',(207.725584892576,400.104404777765,110.760733978925));
#13512=CARTESIAN_POINT('',(207.725584892576,389.572378240024,110.760733978927));
#13513=CARTESIAN_POINT('Ctrl Pts',(207.725584892576,400.104404777766,110.760733978924));
#13514=CARTESIAN_POINT('Ctrl Pts',(207.725584892576,399.98599889716,110.651249026659));
#13515=CARTESIAN_POINT('Ctrl Pts',(207.719625423016,399.869174315432,110.538399232929));
#13516=CARTESIAN_POINT('Ctrl Pts',(207.67070768414,399.443074073262,110.107862541931));
#13517=CARTESIAN_POINT('Ctrl Pts',(207.576615682239,399.129845959278,109.749351823701));
#13518=CARTESIAN_POINT('Ctrl Pts',(207.224452785799,398.594859809649,109.055761208358));
#13519=CARTESIAN_POINT('Ctrl Pts',(206.96479338951,398.372320647375,108.722092207401));
#13520=CARTESIAN_POINT('Ctrl Pts',(206.522125925283,398.144444461662,108.352539307386));
#13521=CARTESIAN_POINT('Ctrl Pts',(206.380091608334,398.084890228412,108.251862261506));
#13522=CARTESIAN_POINT('Ctrl Pts',(206.225584892577,398.033657219666,108.162657767572));
#13523=CARTESIAN_POINT('Origin',(207.725584892576,389.572378240024,110.760733978927));
#13524=CARTESIAN_POINT('',(207.725584892576,401.247822874985,111.684263646243));
#13525=CARTESIAN_POINT('',(207.725584892576,389.572378240024,111.684263646246));
#13526=CARTESIAN_POINT('Origin',(207.725584892577,407.572378195319,102.684263646242));
#13527=CARTESIAN_POINT('Origin',(205.725584892576,389.572378240024,111.684263646246));
#13528=CARTESIAN_POINT('Ctrl Pts',(205.725584892576,407.572378195322,113.684263646241));
#13529=CARTESIAN_POINT('Ctrl Pts',(205.9639946293,407.013257802109,113.684263646242));
#13530=CARTESIAN_POINT('Ctrl Pts',(206.225586209691,406.40084650674,113.639075321724));
#13531=CARTESIAN_POINT('Ctrl Pts',(206.720871983736,405.1835971999,113.43945366565));
#13532=CARTESIAN_POINT('Ctrl Pts',(206.953508711831,404.578370744003,113.284766951733));
#13533=CARTESIAN_POINT('Ctrl Pts',(207.294099062794,403.576900387989,112.944176600771));
#13534=CARTESIAN_POINT('Ctrl Pts',(207.443895689672,403.084759984599,112.741588941201));
#13535=CARTESIAN_POINT('Ctrl Pts',(207.660280462916,402.126244528304,112.256522494396));
#13536=CARTESIAN_POINT('Ctrl Pts',(207.725584892576,401.65973937036,111.973729053172));
#13537=CARTESIAN_POINT('Ctrl Pts',(207.725584892576,401.247822874985,111.684263646243));
#13538=CARTESIAN_POINT('Origin',(171.725584892576,393.572378240018,108.413097735827));
#13539=CARTESIAN_POINT('',(170.225584892577,393.572378240018,103.543855614055));
#13540=CARTESIAN_POINT('',(173.225584892577,393.572378240018,103.543855614056));
#13541=CARTESIAN_POINT('Origin',(171.725584892576,393.572378240018,106.141931825409));
#13542=CARTESIAN_POINT('',(162.225584892576,393.572378240017,108.162657767572));
#13543=CARTESIAN_POINT('',(169.733863048919,393.572378240018,103.827751352858));
#13544=CARTESIAN_POINT('',(160.725584892576,393.572378240017,110.760733978925));
#13545=CARTESIAN_POINT('Origin',(163.725584892576,393.572378240017,110.760733978925));
#13546=CARTESIAN_POINT('',(160.725584892576,393.572378240017,111.684263646244));
#13547=CARTESIAN_POINT('',(160.725584892576,393.572378240017,109.586915857376));
#13548=CARTESIAN_POINT('Origin',(162.725584892576,393.572378240018,111.684263646243));
#13549=CARTESIAN_POINT('',(182.725584892576,393.572378240018,111.684263646245));
#13550=CARTESIAN_POINT('Origin',(180.725584892576,393.572378240019,111.684263646244));
#13551=CARTESIAN_POINT('',(182.725584892576,393.572378240018,110.760733978926));
#13552=CARTESIAN_POINT('',(182.725584892576,393.572378240018,111.048680691034));
#13553=CARTESIAN_POINT('',(181.225584892576,393.572378240018,108.162657767573));
#13554=CARTESIAN_POINT('Origin',(179.725584892576,393.572378240018,110.760733978926));
#13555=CARTESIAN_POINT('',(177.717306736234,393.572378240018,106.137152429616));
#13556=CARTESIAN_POINT('Origin',(171.725584892577,389.572378240018,106.141931825409));
#13557=CARTESIAN_POINT('',(173.225584892577,396.606015915654,103.543855614055));
#13558=CARTESIAN_POINT('',(173.225584892577,389.572378240018,103.543855614055));
#13559=CARTESIAN_POINT('',(170.225584892576,396.606015915654,103.543855614055));
#13560=CARTESIAN_POINT('Ctrl Pts',(170.225584892577,396.606015915655,103.543855614056));
#13561=CARTESIAN_POINT('Ctrl Pts',(170.338221428434,396.60091851914,103.478824879758));
#13562=CARTESIAN_POINT('Ctrl Pts',(170.455793698073,396.596947248588,103.420765883781));
#13563=CARTESIAN_POINT('Ctrl Pts',(170.946280986133,396.584233288305,103.21741368409));
#13564=CARTESIAN_POINT('Ctrl Pts',(171.348468025581,396.581903235712,103.141931825409));
#13565=CARTESIAN_POINT('Ctrl Pts',(172.102039903729,396.581903235712,103.141931825409));
#13566=CARTESIAN_POINT('Ctrl Pts',(172.503566572599,396.584227445031,103.217150937256));
#13567=CARTESIAN_POINT('Ctrl Pts',(172.994197195888,396.596907426654,103.420184116818));
#13568=CARTESIAN_POINT('Ctrl Pts',(173.112387456912,396.600893135469,103.478501044103));
#13569=CARTESIAN_POINT('Ctrl Pts',(173.225584892577,396.606015915655,103.543855614056));
#13570=CARTESIAN_POINT('',(170.225584892577,389.572378240018,103.543855614055));
#13571=CARTESIAN_POINT('Origin',(181.225584892577,389.572378240018,108.162657767573));
#13572=CARTESIAN_POINT('',(181.225584892576,398.033657219667,108.162657767573));
#13573=CARTESIAN_POINT('',(181.225584892577,389.572378240018,108.162657767573));
#13574=CARTESIAN_POINT('Origin',(171.736727930542,407.57237819532,102.68426364624));
#13575=CARTESIAN_POINT('Origin',(179.725584892576,389.572378240018,110.760733978926));
#13576=CARTESIAN_POINT('',(182.725584892576,400.104404777768,110.760733978926));
#13577=CARTESIAN_POINT('',(182.725584892576,389.572378240018,110.760733978926));
#13578=CARTESIAN_POINT('Ctrl Pts',(181.225584892576,398.033657219667,108.162657767573));
#13579=CARTESIAN_POINT('Ctrl Pts',(181.380091608332,398.084890228412,108.251862261506));
#13580=CARTESIAN_POINT('Ctrl Pts',(181.52212592528,398.144444461662,108.352539307386));
#13581=CARTESIAN_POINT('Ctrl Pts',(181.964793389506,398.372320647374,108.722092207398));
#13582=CARTESIAN_POINT('Ctrl Pts',(182.224452785794,398.594859809646,109.055761208353));
#13583=CARTESIAN_POINT('Ctrl Pts',(182.576615682236,399.129845959273,109.749351823694));
#13584=CARTESIAN_POINT('Ctrl Pts',(182.670707684137,399.443074073255,110.107862541922));
#13585=CARTESIAN_POINT('Ctrl Pts',(182.719625423015,399.869174315427,110.538399232924));
#13586=CARTESIAN_POINT('Ctrl Pts',(182.725584892576,399.985998897159,110.651249026658));
#13587=CARTESIAN_POINT('Ctrl Pts',(182.725584892576,400.104404777768,110.760733978926));
#13588=CARTESIAN_POINT('Origin',(182.725584892576,389.572378240018,113.68426364624));
#13589=CARTESIAN_POINT('',(182.725584892577,401.247822874985,111.684263646242));
#13590=CARTESIAN_POINT('',(182.725584892576,401.072378336878,111.684263646242));
#13591=CARTESIAN_POINT('Origin',(182.725584892577,407.572378195319,102.684263646241));
#13592=CARTESIAN_POINT('Origin',(180.725584892576,401.072378336878,111.684263646242));
#13593=CARTESIAN_POINT('Ctrl Pts',(180.725584892576,407.572378195322,113.68426364624));
#13594=CARTESIAN_POINT('Ctrl Pts',(180.9639946293,407.013257802109,113.68426364624));
#13595=CARTESIAN_POINT('Ctrl Pts',(181.225586209691,406.40084650674,113.639075321723));
#13596=CARTESIAN_POINT('Ctrl Pts',(181.720871983736,405.1835971999,113.439453665649));
#13597=CARTESIAN_POINT('Ctrl Pts',(181.953508711831,404.578370744003,113.284766951732));
#13598=CARTESIAN_POINT('Ctrl Pts',(182.294099062794,403.576900387989,112.94417660077));
#13599=CARTESIAN_POINT('Ctrl Pts',(182.443895689672,403.084759984599,112.7415889412));
#13600=CARTESIAN_POINT('Ctrl Pts',(182.660280462916,402.126244528304,112.256522494395));
#13601=CARTESIAN_POINT('Ctrl Pts',(182.725584892576,401.65973937036,111.973729053171));
#13602=CARTESIAN_POINT('Ctrl Pts',(182.725584892576,401.247822874985,111.684263646242));
#13603=CARTESIAN_POINT('Origin',(234.225584892577,393.572378240019,93.7289010378347));
#13604=CARTESIAN_POINT('',(243.725584892577,393.57237824002,86.5120226729648));
#13605=CARTESIAN_POINT('',(245.225584892577,393.57237824002,89.1100988843181));
#13606=CARTESIAN_POINT('Origin',(242.225584892577,393.572378240018,89.1100988843168));
#13607=CARTESIAN_POINT('',(235.725584892578,393.572378240019,81.8932205194474));
#13608=CARTESIAN_POINT('',(237.725584892578,393.572378240019,83.0479210578258));
#13609=CARTESIAN_POINT('',(232.725584892578,393.572378240019,81.8932205194473));
#13610=CARTESIAN_POINT('Origin',(234.225584892578,393.572378240017,84.4912967307995));
#13611=CARTESIAN_POINT('',(224.725584892577,393.572378240019,86.5120226729639));
#13612=CARTESIAN_POINT('',(226.725584892577,393.572378240019,85.3573221345839));
#13613=CARTESIAN_POINT('',(223.225584892577,393.572378240019,89.1100988843172));
#13614=CARTESIAN_POINT('Origin',(226.225584892577,393.572378240018,89.1100988843161));
#13615=CARTESIAN_POINT('',(223.225584892577,393.572378240019,98.3477031913512));
#13616=CARTESIAN_POINT('',(223.225584892577,393.572378240019,96.0383021145926));
#13617=CARTESIAN_POINT('',(224.725584892577,393.572378240019,100.945779402705));
#13618=CARTESIAN_POINT('Origin',(226.225584892577,393.57237824002,98.3477031913501));
#13619=CARTESIAN_POINT('',(232.725584892577,393.572378240019,105.564581556222));
#13620=CARTESIAN_POINT('',(230.725584892577,393.572378240019,104.409881017842));
#13621=CARTESIAN_POINT('',(235.725584892577,393.572378240019,105.564581556222));
#13622=CARTESIAN_POINT('Origin',(234.225584892577,393.572378240022,102.966505344868));
#13623=CARTESIAN_POINT('',(243.725584892577,393.57237824002,100.945779402706));
#13624=CARTESIAN_POINT('',(241.725584892576,393.572378240019,102.100479941084));
#13625=CARTESIAN_POINT('',(245.225584892577,393.57237824002,98.3477031913522));
#13626=CARTESIAN_POINT('Origin',(242.225584892577,393.57237824002,98.3477031913508));
#13627=CARTESIAN_POINT('',(245.225584892577,393.57237824002,91.4194999610765));
#13628=CARTESIAN_POINT('Origin',(226.225584892577,389.572378240018,89.1100988843171));
#13629=CARTESIAN_POINT('',(224.725584892578,389.572378240018,86.5120226729638));
#13630=CARTESIAN_POINT('',(223.225584892577,389.572378240018,89.110098884317));
#13631=CARTESIAN_POINT('Origin',(224.725584892578,389.572378240018,86.5120226729638));
#13632=CARTESIAN_POINT('',(232.725584892578,389.572378240017,81.8932205194471));
#13633=CARTESIAN_POINT('Origin',(234.225584892578,389.572378240017,84.4912967308005));
#13634=CARTESIAN_POINT('',(235.725584892578,389.572378240017,81.8932205194472));
#13635=CARTESIAN_POINT('Origin',(235.725584892578,389.572378240017,81.8932205194472));
#13636=CARTESIAN_POINT('',(243.725584892578,389.572378240018,86.5120226729646));
#13637=CARTESIAN_POINT('Origin',(242.225584892577,389.572378240018,89.1100988843178));
#13638=CARTESIAN_POINT('',(245.225584892577,389.572378240018,89.110098884318));
#13639=CARTESIAN_POINT('Origin',(245.225584892577,389.572378240018,89.110098884318));
#13640=CARTESIAN_POINT('',(245.225584892577,389.572378240021,98.347703191352));
#13641=CARTESIAN_POINT('Origin',(150.525584892576,401.072378240018,118.684263646245));
#13642=CARTESIAN_POINT('',(150.525584892576,397.372378240018,119.484263646245));
#13643=CARTESIAN_POINT('Origin',(150.525584892576,396.572378240018,118.684263646245));
#13644=CARTESIAN_POINT('',(150.525584892576,401.772378240018,119.484263646245));
#13645=CARTESIAN_POINT('',(150.525584892576,401.072378240018,119.484263646245));
#13646=CARTESIAN_POINT('Origin',(150.525584892576,402.572378240018,118.684263646245));
#13647=CARTESIAN_POINT('Origin',(184.225584892576,399.572378240018,119.484263646246));
#13648=CARTESIAN_POINT('',(217.925584892576,397.372378240018,119.484263646248));
#13649=CARTESIAN_POINT('',(166.975584892576,397.372378240018,119.484263646246));
#13650=CARTESIAN_POINT('',(217.925584892576,401.772378240018,119.484263646248));
#13651=CARTESIAN_POINT('',(217.925584892576,398.072378240018,119.484263646248));
#13652=CARTESIAN_POINT('',(201.475584892576,401.772378240018,119.484263646247));
#13653=CARTESIAN_POINT('Origin',(166.975584892576,396.972378240018,119.084263646246));
#13654=CARTESIAN_POINT('Origin',(217.925584892576,396.572378240018,118.684263646248));
#13655=CARTESIAN_POINT('Origin',(217.925584892576,398.072378240018,118.684263646248));
#13656=CARTESIAN_POINT('Origin',(217.925584892576,402.572378240018,118.684263646248));
#13657=CARTESIAN_POINT('Origin',(201.475584892576,402.172378240018,119.084263646247));
#13658=CARTESIAN_POINT('Origin',(221.725584892576,399.572378240018,115.684263646248));
#13659=CARTESIAN_POINT('',(218.725584892576,399.572378240018,115.684263646248));
#13660=CARTESIAN_POINT('Origin',(221.725584892576,399.572378240018,115.684263646248));
#13661=CARTESIAN_POINT('',(218.725584892576,399.572378240018,115.684263646248));
#13662=CARTESIAN_POINT('Origin',(221.725584892576,399.572378240018,115.684263646248));
#13663=CARTESIAN_POINT('',(220.125584892576,399.572378240018,115.684263646248));
#13664=CARTESIAN_POINT('Origin',(221.725584892576,399.572378240018,115.684263646248));
#13665=CARTESIAN_POINT('Origin',(146.725584892576,399.572378240017,115.684263646245));
#13666=CARTESIAN_POINT('',(143.725584892576,399.572378240017,115.684263646245));
#13667=CARTESIAN_POINT('Origin',(146.725584892576,399.572378240017,115.684263646245));
#13668=CARTESIAN_POINT('',(143.725584892576,399.572378240017,115.684263646245));
#13669=CARTESIAN_POINT('Origin',(146.725584892576,399.572378240017,115.684263646245));
#13670=CARTESIAN_POINT('',(145.125584892576,399.572378240017,115.684263646245));
#13671=CARTESIAN_POINT('Origin',(146.725584892576,399.572378240017,115.684263646245));
#13672=CARTESIAN_POINT('Origin',(234.725584892576,389.572378240025,114.684263646248));
#13673=CARTESIAN_POINT('',(235.725584892575,409.572378240019,114.684263646243));
#13674=CARTESIAN_POINT('Origin',(234.725584892576,409.572378240025,114.684263646243));
#13675=CARTESIAN_POINT('',(235.725584892576,407.572378195322,114.684263646244));
#13676=CARTESIAN_POINT('',(235.725584892576,389.572378240025,114.684263646248));
#13677=CARTESIAN_POINT('Origin',(234.725584892576,407.572378195322,114.684263646244));
#13678=CARTESIAN_POINT('Origin',(234.725584892577,407.572378195319,102.684263646243));
#13679=CARTESIAN_POINT('',(235.725584892576,398.697096398932,110.760733978926));
#13680=CARTESIAN_POINT('',(234.725584892576,399.436703215297,110.087694784536));
#13681=CARTESIAN_POINT('Origin',(234.725584892576,398.697096398932,110.760733978926));
#13682=CARTESIAN_POINT('Origin',(234.725584892577,407.572378195319,102.684263646243));
#13683=CARTESIAN_POINT('Origin',(235.725584892577,407.572378195319,102.684263646243));
#13684=CARTESIAN_POINT('Ctrl Pts',(236.725584892576,397.417380577691,106.912268303994));
#13685=CARTESIAN_POINT('Ctrl Pts',(235.951618227652,397.587921535902,107.321880677803));
#13686=CARTESIAN_POINT('Ctrl Pts',(234.944453802177,398.117121374118,108.442708481426));
#13687=CARTESIAN_POINT('Ctrl Pts',(234.725584892576,399.014310100888,109.623524452099));
#13688=CARTESIAN_POINT('Ctrl Pts',(234.725584892576,399.436703215297,110.087694784536));
#13689=CARTESIAN_POINT('Ctrl Pts',(236.822044791679,397.476664556489,107.054659032526));
#13690=CARTESIAN_POINT('Ctrl Pts',(236.084471726398,397.643704302161,107.439679574518));
#13691=CARTESIAN_POINT('Ctrl Pts',(235.116260819462,398.154824361676,108.492510871994));
#13692=CARTESIAN_POINT('Ctrl Pts',(234.883311956464,399.023768899824,109.633875280058));
#13693=CARTESIAN_POINT('Ctrl Pts',(234.875184542747,399.436703215297,110.087694784536));
#13694=CARTESIAN_POINT('Ctrl Pts',(237.014338734983,397.500754433915,107.377692159696));
#13695=CARTESIAN_POINT('Ctrl Pts',(236.349382744812,397.66356249326,107.717004128497));
#13696=CARTESIAN_POINT('Ctrl Pts',(235.459001600313,398.150203367062,108.642053873405));
#13697=CARTESIAN_POINT('Ctrl Pts',(235.198167115527,398.9837484489,109.70285181789));
#13698=CARTESIAN_POINT('Ctrl Pts',(235.173877955206,399.386068152932,110.13377248532));
#13699=CARTESIAN_POINT('Ctrl Pts',(237.254539094363,397.202928873768,107.917730219316));
#13700=CARTESIAN_POINT('Ctrl Pts',(236.681163049501,397.370101740024,108.213550557469));
#13701=CARTESIAN_POINT('Ctrl Pts',(235.899146314942,397.868258904722,109.014433359512));
#13702=CARTESIAN_POINT('Ctrl Pts',(235.630413686067,398.724496882417,109.966155146608));
#13703=CARTESIAN_POINT('Ctrl Pts',(235.594337210852,399.138615100907,110.358953756096));
#13704=CARTESIAN_POINT('Ctrl Pts',(237.273747663608,396.761348988521,108.134850978754));
#13705=CARTESIAN_POINT('Ctrl Pts',(236.710371253579,396.940216969476,108.445664451231));
#13706=CARTESIAN_POINT('Ctrl Pts',(235.959676589151,397.487609516049,109.291910850015));
#13707=CARTESIAN_POINT('Ctrl Pts',(235.744969747498,398.419953945045,110.231310208986));
#13708=CARTESIAN_POINT('Ctrl Pts',(235.725584892576,398.86306378042,110.609704336878));
#13709=CARTESIAN_POINT('Ctrl Pts',(237.225584892576,396.494198976089,108.162657767574));
#13710=CARTESIAN_POINT('Ctrl Pts',(236.645109893884,396.680243657773,108.497795164326));
#13711=CARTESIAN_POINT('Ctrl Pts',(235.889736574777,397.257552572191,109.414836094564));
#13712=CARTESIAN_POINT('Ctrl Pts',(235.725584892576,398.236303910484,110.380958252386));
#13713=CARTESIAN_POINT('Ctrl Pts',(235.725584892576,398.697096398932,110.760733978926));
#13714=CARTESIAN_POINT('',(237.225584892576,396.494198976089,108.162657767574));
#13715=CARTESIAN_POINT('Ctrl Pts',(235.725584892576,398.697096398932,110.760733978926));
#13716=CARTESIAN_POINT('Ctrl Pts',(235.725584892576,398.236303910484,110.380958252386));
#13717=CARTESIAN_POINT('Ctrl Pts',(235.889736574777,397.257552572191,109.414836094564));
#13718=CARTESIAN_POINT('Ctrl Pts',(236.645109893884,396.680243657773,108.497795164326));
#13719=CARTESIAN_POINT('Ctrl Pts',(237.225584892576,396.494198976089,108.162657767574));
#13720=CARTESIAN_POINT('',(236.725584892577,397.417380577691,106.912268303994));
#13721=CARTESIAN_POINT('Origin',(236.725584892577,396.494198976088,107.296632363789));
#13722=CARTESIAN_POINT('Ctrl Pts',(236.725584892576,397.417380577691,106.912268303994));
#13723=CARTESIAN_POINT('Ctrl Pts',(235.951618227652,397.587921535902,107.321880677803));
#13724=CARTESIAN_POINT('Ctrl Pts',(234.944453802177,398.117121374118,108.442708481426));
#13725=CARTESIAN_POINT('Ctrl Pts',(234.725584892576,399.014310100888,109.623524452099));
#13726=CARTESIAN_POINT('Ctrl Pts',(234.725584892576,399.436703215297,110.087694784536));
#13727=CARTESIAN_POINT('Ctrl Pts',(244.714441854608,396.572378195319,102.684263646243));
#13728=CARTESIAN_POINT('Ctrl Pts',(241.981134968739,396.572378195319,104.130832823716));
#13729=CARTESIAN_POINT('Ctrl Pts',(239.248923521145,396.861371375862,105.576822253905));
#13730=CARTESIAN_POINT('Ctrl Pts',(236.725584892576,397.417380577691,106.912268303993));
#13731=CARTESIAN_POINT('Ctrl Pts',(244.789241679694,396.572378195319,102.813820743689));
#13732=CARTESIAN_POINT('Ctrl Pts',(242.061366712022,396.58946189884,104.269777109699));
#13733=CARTESIAN_POINT('Ctrl Pts',(239.33594236651,396.899327457039,105.72093741585));
#13734=CARTESIAN_POINT('Ctrl Pts',(236.822044791679,397.476664556489,107.054659032526));
#13735=CARTESIAN_POINT('Ctrl Pts',(244.938588387807,396.503916062146,103.072496830084));
#13736=CARTESIAN_POINT('Ctrl Pts',(242.221515046403,396.544936248384,104.556168196977));
#13737=CARTESIAN_POINT('Ctrl Pts',(239.509478511641,396.887096425244,106.030321856551));
#13738=CARTESIAN_POINT('Ctrl Pts',(237.014338739491,397.500754439976,107.377692164981));
#13739=CARTESIAN_POINT('Ctrl Pts',(245.148818016602,396.169342277419,103.436625228413));
#13740=CARTESIAN_POINT('Ctrl Pts',(242.439622670894,396.212258041669,104.977940023547));
#13741=CARTESIAN_POINT('Ctrl Pts',(239.73733696744,396.566692800924,106.512422673557));
#13742=CARTESIAN_POINT('Ctrl Pts',(237.25453910123,397.202928880874,107.91773022825));
#13743=CARTESIAN_POINT('Ctrl Pts',(245.214441854608,395.796777670576,103.550289050028));
#13744=CARTESIAN_POINT('Ctrl Pts',(242.49409074408,395.813144184136,105.121260162173));
#13745=CARTESIAN_POINT('Ctrl Pts',(239.776799523057,396.143113861758,106.689055286816));
#13746=CARTESIAN_POINT('Ctrl Pts',(237.273747663608,396.76134898852,108.134850978754));
#13747=CARTESIAN_POINT('Ctrl Pts',(245.214441854608,395.57237819532,103.550289050028));
#13748=CARTESIAN_POINT('Ctrl Pts',(242.481134968739,395.572378195319,105.128364516362));
#13749=CARTESIAN_POINT('Ctrl Pts',(239.748923521145,395.887643483184,106.705807531114));
#13750=CARTESIAN_POINT('Ctrl Pts',(237.225584892577,396.494198976088,108.162657767574));
#13751=CARTESIAN_POINT('',(245.214441854608,395.57237819532,103.550289050028));
#13752=CARTESIAN_POINT('Origin',(244.714441854608,395.57237819532,102.684263646243));
#13753=CARTESIAN_POINT('Origin',(244.714441854603,407.572378195319,102.684263646243));
#13754=CARTESIAN_POINT('Origin',(245.214441854603,407.57237819532,103.550289050028));
#13755=CARTESIAN_POINT('Origin',(242.225584892576,395.572378195324,98.3477031913516));
#13756=CARTESIAN_POINT('',(245.225584892576,395.572378195324,103.543855614058));
#13757=CARTESIAN_POINT('Origin',(244.725584892576,395.572378195324,102.677830210274));
#13758=CARTESIAN_POINT('',(248.225584892577,395.572378195324,98.3477031913519));
#13759=CARTESIAN_POINT('Origin',(242.225584892576,395.572378195324,98.3477031913516));
#13760=CARTESIAN_POINT('Origin',(247.225584892577,395.572378195324,98.3477031913519));
#13761=CARTESIAN_POINT('Origin',(247.225584892577,395.572378195319,103.114059630151));
#13762=CARTESIAN_POINT('',(248.225584892577,395.572378195319,89.1100988843179));
#13763=CARTESIAN_POINT('Origin',(247.225584892577,395.572378195319,89.1100988843179));
#13764=CARTESIAN_POINT('',(248.225584892577,395.572378195319,103.114059630151));
#13765=CARTESIAN_POINT('Origin',(242.225584892577,395.572378195324,89.1100988843177));
#13766=CARTESIAN_POINT('',(245.225584892577,395.572378195324,83.9139464616111));
#13767=CARTESIAN_POINT('Origin',(244.725584892577,395.572378195324,84.7799718653955));
#13768=CARTESIAN_POINT('Origin',(242.225584892577,395.572378195324,89.1100988843177));
#13769=CARTESIAN_POINT('Origin',(186.539477772325,395.572378195319,51.1862072564168));
#13770=CARTESIAN_POINT('',(237.225584892578,395.572378195319,79.2951443080925));
#13771=CARTESIAN_POINT('Origin',(236.725584892578,395.572378195319,80.1611697118769));
#13772=CARTESIAN_POINT('',(187.039477772325,395.572378195319,50.3201818526324));
#13773=CARTESIAN_POINT('Origin',(238.725584892578,395.572378195313,76.6970680967392));
#13774=CARTESIAN_POINT('Origin',(234.725584892578,395.572378195313,76.697068096739));
#13775=CARTESIAN_POINT('Origin',(238.725584892578,395.572378195313,76.6970680967392));
#13776=CARTESIAN_POINT('Origin',(234.725584892577,395.572378195319,89.6906658714917));
#13777=CARTESIAN_POINT('Origin',(234.725584892578,395.572378195319,68.6841497920618));
#13778=CARTESIAN_POINT('Origin',(234.725584892578,407.572378195319,68.6841497920618));
#13779=CARTESIAN_POINT('Origin',(234.725584892579,407.572378195322,56.6841497920618));
#13780=CARTESIAN_POINT('Origin',(234.725584892579,399.572378240016,56.6841497920617));
#13781=CARTESIAN_POINT('',(234.725584892579,409.572378240019,57.6841497920584));
#13782=CARTESIAN_POINT('Origin',(234.725584892579,409.572378240018,56.6841497920617));
#13783=CARTESIAN_POINT('',(234.725584892579,399.572378240016,57.6841497920617));
#13784=CARTESIAN_POINT('Origin',(178.661692012828,395.57237819532,140.819836548106));
#13785=CARTESIAN_POINT('',(179.161692012828,395.57237819532,141.68586195189));
#13786=CARTESIAN_POINT('Origin',(79.2255848925766,407.57237819532,102.684263646236));
#13787=CARTESIAN_POINT('',(235.725584892577,396.956175072853,105.56458155622));
#13788=CARTESIAN_POINT('Origin',(240.714441854603,407.572378195319,102.684263646243));
#13789=CARTESIAN_POINT('',(232.725584892577,396.956175072853,105.56458155622));
#13790=CARTESIAN_POINT('Ctrl Pts',(232.725584892577,396.956175072854,105.56458155622));
#13791=CARTESIAN_POINT('Ctrl Pts',(232.837699226319,396.973736981695,105.629310796987));
#13792=CARTESIAN_POINT('Ctrl Pts',(232.954764076235,396.990069274969,105.687169969923));
#13793=CARTESIAN_POINT('Ctrl Pts',(233.444107143145,397.048764634623,105.890348476113));
#13794=CARTESIAN_POINT('Ctrl Pts',(233.846640791236,397.073478756245,105.966505344867));
#13795=CARTESIAN_POINT('Ctrl Pts',(234.225584892577,397.073478756245,105.966505344867));
#13796=CARTESIAN_POINT('Ctrl Pts',(234.604918619395,397.073478756245,105.966505344867));
#13797=CARTESIAN_POINT('Ctrl Pts',(235.007835722253,397.048712936743,105.89019356644));
#13798=CARTESIAN_POINT('Ctrl Pts',(235.497092726895,396.989973449717,105.686830399361));
#13799=CARTESIAN_POINT('Ctrl Pts',(235.613797358666,396.973685790838,105.629122119016));
#13800=CARTESIAN_POINT('Ctrl Pts',(235.725584892577,396.956175072854,105.56458155622));
#13801=CARTESIAN_POINT('Origin',(227.736727930551,407.57237819532,102.684263646243));
#13802=CARTESIAN_POINT('',(157.725584892576,396.956175072854,105.564581556218));
#13803=CARTESIAN_POINT('Ctrl Pts',(160.725584892576,396.956175072854,105.564581556219));
#13804=CARTESIAN_POINT('Ctrl Pts',(160.638014606754,396.969892332062,105.615140284311));
#13805=CARTESIAN_POINT('Ctrl Pts',(160.547843667671,396.982801433508,105.661297577952));
#13806=CARTESIAN_POINT('Ctrl Pts',(160.455393581597,396.994658729735,105.702847901712));
#13807=CARTESIAN_POINT('Ctrl Pts',(160.350147507892,397.008157190642,105.750149192848));
#13808=CARTESIAN_POINT('Ctrl Pts',(160.242136189908,397.020266588736,105.791395831467));
#13809=CARTESIAN_POINT('Ctrl Pts',(160.131858052858,397.030682886111,105.826342577106));
#13810=CARTESIAN_POINT('Ctrl Pts',(160.121093973276,397.031699604899,105.829753675273));
#13811=CARTESIAN_POINT('Ctrl Pts',(160.110308296774,397.032700233454,105.83310474391));
#13812=CARTESIAN_POINT('Ctrl Pts',(160.099501486866,397.033684516077,105.836395549424));
#13813=CARTESIAN_POINT('Ctrl Pts',(159.996753001482,397.043042832682,105.867683717268));
#13814=CARTESIAN_POINT('Ctrl Pts',(159.892370951515,397.050894298017,105.893440968248));
#13815=CARTESIAN_POINT('Ctrl Pts',(159.786772406337,397.057069671306,105.913549425603));
#13816=CARTESIAN_POINT('Ctrl Pts',(159.722095476211,397.06085196003,105.925865440838));
#13817=CARTESIAN_POINT('Ctrl Pts',(159.656962201051,397.064006424611,105.936062184118));
#13818=CARTESIAN_POINT('Ctrl Pts',(159.591468406707,397.066503553021,105.944109961682));
#13819=CARTESIAN_POINT('Ctrl Pts',(159.522702168415,397.069125452225,105.952559852167));
#13820=CARTESIAN_POINT('Ctrl Pts',(159.453649233246,397.071018332982,105.958627069339));
#13821=CARTESIAN_POINT('Ctrl Pts',(159.384422896697,397.07216418722,105.962297475245));
#13822=CARTESIAN_POINT('Ctrl Pts',(159.352668637319,397.072689792857,105.963981097794));
#13823=CARTESIAN_POINT('Ctrl Pts',(159.320888328735,397.073058179158,105.965159818894));
#13824=CARTESIAN_POINT('Ctrl Pts',(159.289092946902,397.073268604507,105.965833057376));
#13825=CARTESIAN_POINT('Ctrl Pts',(159.276615978679,397.073351178462,105.966097245905));
#13826=CARTESIAN_POINT('Ctrl Pts',(159.264137402378,397.073409428167,105.966283579033));
#13827=CARTESIAN_POINT('Ctrl Pts',(159.251657881714,397.073443335544,105.966392042598));
#13828=CARTESIAN_POINT('Ctrl Pts',(159.242967102859,397.073466948752,105.966467576979));
#13829=CARTESIAN_POINT('Ctrl Pts',(159.23427603175,397.073478756245,105.966505344865));
#13830=CARTESIAN_POINT('Ctrl Pts',(159.225584892577,397.073478756245,105.966505344865));
#13831=CARTESIAN_POINT('Ctrl Pts',(159.216893753403,397.073478756245,105.966505344865));
#13832=CARTESIAN_POINT('Ctrl Pts',(159.208202682294,397.073466948752,105.966467576979));
#13833=CARTESIAN_POINT('Ctrl Pts',(159.199511903439,397.073443335544,105.966392042598));
#13834=CARTESIAN_POINT('Ctrl Pts',(159.187032382775,397.073409428167,105.966283579033));
#13835=CARTESIAN_POINT('Ctrl Pts',(159.174553806474,397.073351178462,105.966097245905));
#13836=CARTESIAN_POINT('Ctrl Pts',(159.162076838251,397.073268604507,105.965833057376));
#13837=CARTESIAN_POINT('Ctrl Pts',(159.130281456419,397.073058179158,105.965159818894));
#13838=CARTESIAN_POINT('Ctrl Pts',(159.098501147836,397.072689792857,105.963981097794));
#13839=CARTESIAN_POINT('Ctrl Pts',(159.066746888459,397.07216418722,105.962297475245));
#13840=CARTESIAN_POINT('Ctrl Pts',(158.997520551912,397.071018332982,105.958627069339));
#13841=CARTESIAN_POINT('Ctrl Pts',(158.928467616745,397.069125452225,105.952559852167));
#13842=CARTESIAN_POINT('Ctrl Pts',(158.859701378455,397.066503553021,105.944109961683));
#13843=CARTESIAN_POINT('Ctrl Pts',(158.752769132485,397.062426471338,105.930970290382));
#13844=CARTESIAN_POINT('Ctrl Pts',(158.64679793534,397.056594415701,105.912102816533));
#13845=CARTESIAN_POINT('Ctrl Pts',(158.542204856393,397.049145849099,105.887633900745));
#13846=CARTESIAN_POINT('Ctrl Pts',(158.478143753594,397.044583755741,105.872647194689));
#13847=CARTESIAN_POINT('Ctrl Pts',(158.414599625619,397.039416291911,105.855558906673));
#13848=CARTESIAN_POINT('Ctrl Pts',(158.351668298318,397.03368451608,105.836395549434));
#13849=CARTESIAN_POINT('Ctrl Pts',(158.240952388456,397.023600527651,105.802681203595));
#13850=CARTESIAN_POINT('Ctrl Pts',(158.132454647144,397.011796520608,105.762642498575));
#13851=CARTESIAN_POINT('Ctrl Pts',(158.026673499594,396.998571533466,105.716525620035));
#13852=CARTESIAN_POINT('Ctrl Pts',(158.016348364305,396.99728066279,105.712024222375));
#13853=CARTESIAN_POINT('Ctrl Pts',(158.006049111125,396.995976293767,105.707464908072));
#13854=CARTESIAN_POINT('Ctrl Pts',(157.995776203567,396.994658729736,105.702847901716));
#13855=CARTESIAN_POINT('Ctrl Pts',(157.903326117488,396.982801433509,105.661297577955));
#13856=CARTESIAN_POINT('Ctrl Pts',(157.813155178402,396.969892332062,105.615140284313));
#13857=CARTESIAN_POINT('Ctrl Pts',(157.725584892576,396.956175072854,105.564581556218));
#13858=CARTESIAN_POINT('Origin',(152.736727930542,407.57237819532,102.684263646239));
#13859=CARTESIAN_POINT('',(138.725584892576,396.632474966245,103.832530748649));
#13860=CARTESIAN_POINT('Origin',(140.71444185461,407.57237819532,102.684263646239));
#13861=CARTESIAN_POINT('Ctrl Pts',(137.225584892577,396.575999717678,102.966505344864));
#13862=CARTESIAN_POINT('Ctrl Pts',(137.225584892577,396.579227397144,103.092258503187));
#13863=CARTESIAN_POINT('Ctrl Pts',(137.250749145538,396.585046740951,103.226280262413));
#13864=CARTESIAN_POINT('Ctrl Pts',(137.352904992645,396.599975233487,103.472684691094));
#13865=CARTESIAN_POINT('Ctrl Pts',(137.429890842272,396.608962907744,103.585077086614));
#13866=CARTESIAN_POINT('Ctrl Pts',(137.607377533194,396.62498511838,103.762459256995));
#13867=CARTESIAN_POINT('Ctrl Pts',(137.719714963898,396.633072672206,103.83935180792));
#13868=CARTESIAN_POINT('Ctrl Pts',(137.965991202133,396.644327232871,103.941377866882));
#13869=CARTESIAN_POINT('Ctrl Pts',(138.099938278092,396.647367612886,103.966505344864));
#13870=CARTESIAN_POINT('Ctrl Pts',(138.225584892577,396.647367612886,103.966505344864));
#13871=CARTESIAN_POINT('Ctrl Pts',(138.351280899749,396.647367612886,103.966505344864));
#13872=CARTESIAN_POINT('Ctrl Pts',(138.48527718882,396.644324805224,103.941358275092));
#13873=CARTESIAN_POINT('Ctrl Pts',(138.648770699751,396.636850566246,103.873598788594));
#13874=CARTESIAN_POINT('Ctrl Pts',(138.687998385891,396.634752688572,103.854231328401));
#13875=CARTESIAN_POINT('Ctrl Pts',(138.725584892576,396.632474966245,103.832530748649));
#13876=CARTESIAN_POINT('Origin',(135.225584892576,407.57237819532,102.684263646239));
#13877=CARTESIAN_POINT('',(137.225584892576,401.247822874985,111.68426364624));
#13878=CARTESIAN_POINT('Ctrl Pts',(137.225584892576,401.247822874985,111.68426364624));
#13879=CARTESIAN_POINT('Ctrl Pts',(137.225584892576,401.65973937036,111.973729053168));
#13880=CARTESIAN_POINT('Ctrl Pts',(137.290889322236,402.126244528304,112.256522494392));
#13881=CARTESIAN_POINT('Ctrl Pts',(137.50727409548,403.084759984598,112.741588941197));
#13882=CARTESIAN_POINT('Ctrl Pts',(137.657070722358,403.576900387988,112.944176600767));
#13883=CARTESIAN_POINT('Ctrl Pts',(137.997661073321,404.578370744003,113.28476695173));
#13884=CARTESIAN_POINT('Ctrl Pts',(138.230297801416,405.1835971999,113.439453665647));
#13885=CARTESIAN_POINT('Ctrl Pts',(138.725583575461,406.400846506739,113.639075321721));
#13886=CARTESIAN_POINT('Ctrl Pts',(138.987175155851,407.013257802109,113.684263646238));
#13887=CARTESIAN_POINT('Ctrl Pts',(139.225584892575,407.572378195322,113.684263646238));
#13888=CARTESIAN_POINT('',(137.225584892577,399.265183486678,109.89470857514));
#13889=CARTESIAN_POINT('Origin',(137.225584892577,407.57237819532,102.684263646239));
#13890=CARTESIAN_POINT('',(138.725584892576,397.586084848267,107.296632363786));
#13891=CARTESIAN_POINT('Ctrl Pts',(138.725584892576,397.586084848267,107.296632363786));
#13892=CARTESIAN_POINT('Ctrl Pts',(138.490425449203,397.648792638205,107.432401731721));
#13893=CARTESIAN_POINT('Ctrl Pts',(138.279926390807,397.728743481217,107.59772638979));
#13894=CARTESIAN_POINT('Ctrl Pts',(137.809769775312,397.974097696678,108.067883005285));
#13895=CARTESIAN_POINT('Ctrl Pts',(137.576647049193,398.181891059647,108.430603274703));
#13896=CARTESIAN_POINT('Ctrl Pts',(137.285298883552,398.681549588375,109.1769392853));
#13897=CARTESIAN_POINT('Ctrl Pts',(137.225584892576,398.974190140132,109.559453481659));
#13898=CARTESIAN_POINT('Ctrl Pts',(137.225584892576,399.265183486678,109.89470857514));
#13899=CARTESIAN_POINT('',(145.225584892576,396.606015915654,103.543855614054));
#13900=CARTESIAN_POINT('Origin',(146.71444185461,407.57237819532,102.684263646239));
#13901=CARTESIAN_POINT('Ctrl Pts',(145.225584892577,396.606015915655,103.543855614055));
#13902=CARTESIAN_POINT('Ctrl Pts',(145.338221428434,396.60091851914,103.478824879757));
#13903=CARTESIAN_POINT('Ctrl Pts',(145.455793698073,396.596947248588,103.42076588378));
#13904=CARTESIAN_POINT('Ctrl Pts',(145.946280986133,396.584233288305,103.217413684089));
#13905=CARTESIAN_POINT('Ctrl Pts',(146.348468025581,396.581903235712,103.141931825408));
#13906=CARTESIAN_POINT('Ctrl Pts',(147.102039903729,396.581903235712,103.141931825408));
#13907=CARTESIAN_POINT('Ctrl Pts',(147.503566572599,396.584227445031,103.217150937255));
#13908=CARTESIAN_POINT('Ctrl Pts',(147.994197195888,396.596907426654,103.420184116817));
#13909=CARTESIAN_POINT('Ctrl Pts',(148.112387456912,396.600893135469,103.478501044102));
#13910=CARTESIAN_POINT('Ctrl Pts',(148.225584892577,396.606015915655,103.543855614055));
#13911=CARTESIAN_POINT('',(160.725584892576,401.247822874985,111.684263646241));
#13912=CARTESIAN_POINT('Ctrl Pts',(160.725584892576,401.247822874985,111.684263646241));
#13913=CARTESIAN_POINT('Ctrl Pts',(160.725584892576,402.175328524567,112.336048178541));
#13914=CARTESIAN_POINT('Ctrl Pts',(161.022786592126,403.22331240082,112.852160318416));
#13915=CARTESIAN_POINT('Ctrl Pts',(161.79592992485,405.401513859958,113.528042564538));
#13916=CARTESIAN_POINT('Ctrl Pts',(162.280943324473,406.529601286071,113.68426364624));
#13917=CARTESIAN_POINT('Ctrl Pts',(162.725584892575,407.572378195322,113.684263646239));
#13918=CARTESIAN_POINT('',(160.725584892576,400.104404777768,110.760733978925));
#13919=CARTESIAN_POINT('Origin',(160.725584892577,407.57237819532,102.68426364624));
#13920=CARTESIAN_POINT('',(162.225584892576,398.033657219667,108.162657767572));
#13921=CARTESIAN_POINT('Ctrl Pts',(160.725584892576,400.104404777768,110.760733978925));
#13922=CARTESIAN_POINT('Ctrl Pts',(160.725584892576,399.960388314882,110.627567995243));
#13923=CARTESIAN_POINT('Ctrl Pts',(160.734555598292,399.817283306983,110.487971173621));
#13924=CARTESIAN_POINT('Ctrl Pts',(160.794659640104,399.399719140187,110.057768740902));
#13925=CARTESIAN_POINT('Ctrl Pts',(160.881941920378,399.141303043311,109.758051603886));
#13926=CARTESIAN_POINT('Ctrl Pts',(161.143902841837,398.703232912968,109.201005682888));
#13927=CARTESIAN_POINT('Ctrl Pts',(161.368949389711,398.472819394534,108.871620124006));
#13928=CARTESIAN_POINT('Ctrl Pts',(161.789137248549,398.206599332957,108.456826172839));
#13929=CARTESIAN_POINT('Ctrl Pts',(161.99475568843,398.110198065007,108.295927070722));
#13930=CARTESIAN_POINT('Ctrl Pts',(162.225584892576,398.033657219667,108.162657767572));
#13931=CARTESIAN_POINT('Origin',(171.71444185461,407.57237819532,102.68426364624));
#13932=CARTESIAN_POINT('',(185.725584892575,401.247822874988,111.684263646245));
#13933=CARTESIAN_POINT('Ctrl Pts',(187.725584892575,407.572378195319,113.684263646245));
#13934=CARTESIAN_POINT('Ctrl Pts',(187.280943324473,406.529601286069,113.684263646245));
#13935=CARTESIAN_POINT('Ctrl Pts',(186.795929924844,405.401513859961,113.52804256454));
#13936=CARTESIAN_POINT('Ctrl Pts',(186.022786592125,403.223312400823,112.852160318419));
#13937=CARTESIAN_POINT('Ctrl Pts',(185.725584892576,402.17532852457,112.336048178544));
#13938=CARTESIAN_POINT('Ctrl Pts',(185.725584892576,401.247822874989,111.684263646245));
#13939=CARTESIAN_POINT('',(185.725584892576,400.104404777767,110.760733978926));
#13940=CARTESIAN_POINT('Origin',(185.725584892576,407.572378195319,102.684263646241));
#13941=CARTESIAN_POINT('',(187.225584892576,398.033657219667,108.162657767572));
#13942=CARTESIAN_POINT('Ctrl Pts',(185.725584892576,400.104404777768,110.760733978925));
#13943=CARTESIAN_POINT('Ctrl Pts',(185.725584892576,399.960388314882,110.627567995244));
#13944=CARTESIAN_POINT('Ctrl Pts',(185.734555598292,399.817283306983,110.487971173622));
#13945=CARTESIAN_POINT('Ctrl Pts',(185.794659640104,399.399719140187,110.057768740903));
#13946=CARTESIAN_POINT('Ctrl Pts',(185.881941920378,399.14130304331,109.758051603887));
#13947=CARTESIAN_POINT('Ctrl Pts',(186.143902841837,398.703232912968,109.201005682889));
#13948=CARTESIAN_POINT('Ctrl Pts',(186.368949389711,398.472819394534,108.871620124008));
#13949=CARTESIAN_POINT('Ctrl Pts',(186.789137248549,398.206599332957,108.45682617284));
#13950=CARTESIAN_POINT('Ctrl Pts',(186.99475568843,398.110198065007,108.295927070723));
#13951=CARTESIAN_POINT('Ctrl Pts',(187.225584892576,398.033657219667,108.162657767572));
#13952=CARTESIAN_POINT('',(195.225584892577,396.606015915654,103.543855614055));
#13953=CARTESIAN_POINT('Origin',(196.714441854603,407.572378195319,102.684263646241));
#13954=CARTESIAN_POINT('Ctrl Pts',(198.225584892577,396.606015915655,103.543855614055));
#13955=CARTESIAN_POINT('Ctrl Pts',(198.11294835672,396.60091851914,103.478824879757));
#13956=CARTESIAN_POINT('Ctrl Pts',(197.995376087081,396.596947248588,103.42076588378));
#13957=CARTESIAN_POINT('Ctrl Pts',(197.504888799021,396.584233288305,103.217413684089));
#13958=CARTESIAN_POINT('Ctrl Pts',(197.102701759573,396.581903235712,103.141931825408));
#13959=CARTESIAN_POINT('Ctrl Pts',(196.349129881425,396.581903235712,103.141931825408));
#13960=CARTESIAN_POINT('Ctrl Pts',(195.947603212555,396.584227445031,103.217150937255));
#13961=CARTESIAN_POINT('Ctrl Pts',(195.456972589266,396.596907426653,103.420184116817));
#13962=CARTESIAN_POINT('Ctrl Pts',(195.338782328242,396.600893135469,103.478501044102));
#13963=CARTESIAN_POINT('Ctrl Pts',(195.225584892577,396.606015915655,103.543855614055));
#13964=CARTESIAN_POINT('',(210.725584892576,401.247822874985,111.684263646244));
#13965=CARTESIAN_POINT('Ctrl Pts',(210.725584892576,401.247822874986,111.684263646244));
#13966=CARTESIAN_POINT('Ctrl Pts',(210.725584892576,402.175328524568,112.336048178544));
#13967=CARTESIAN_POINT('Ctrl Pts',(211.022786592126,403.223312400821,112.852160318419));
#13968=CARTESIAN_POINT('Ctrl Pts',(211.795929924849,405.401513859959,113.52804256454));
#13969=CARTESIAN_POINT('Ctrl Pts',(212.280943324473,406.529601286071,113.684263646243));
#13970=CARTESIAN_POINT('Ctrl Pts',(212.725584892576,407.572378195322,113.684263646242));
#13971=CARTESIAN_POINT('',(210.725584892576,400.104404777765,110.760733978925));
#13972=CARTESIAN_POINT('Origin',(210.725584892577,407.57237819532,102.684263646242));
#13973=CARTESIAN_POINT('',(212.225584892576,398.033657219666,108.162657767572));
#13974=CARTESIAN_POINT('Ctrl Pts',(212.225584892576,398.033657219666,108.162657767572));
#13975=CARTESIAN_POINT('Ctrl Pts',(211.99475568843,398.110198065006,108.295927070723));
#13976=CARTESIAN_POINT('Ctrl Pts',(211.789137248549,398.206599332956,108.45682617284));
#13977=CARTESIAN_POINT('Ctrl Pts',(211.36894938971,398.472819394534,108.871620124008));
#13978=CARTESIAN_POINT('Ctrl Pts',(211.143902841837,398.703232912967,109.201005682889));
#13979=CARTESIAN_POINT('Ctrl Pts',(210.881941920378,399.14130304331,109.758051603888));
#13980=CARTESIAN_POINT('Ctrl Pts',(210.794659640104,399.399719140187,110.057768740903));
#13981=CARTESIAN_POINT('Ctrl Pts',(210.734555598293,399.817283306982,110.487971173622));
#13982=CARTESIAN_POINT('Ctrl Pts',(210.725584892576,399.96038831488,110.627567995244));
#13983=CARTESIAN_POINT('Ctrl Pts',(210.725584892576,400.104404777766,110.760733978924));
#13984=CARTESIAN_POINT('Origin',(221.714441854603,407.57237819532,102.684263646242));
#13985=CARTESIAN_POINT('Origin',(134.225584892578,409.572378240017,57.6841497920573));
#13986=CARTESIAN_POINT('',(214.92487458887,396.572378195321,57.6841497920609));
#13987=CARTESIAN_POINT('',(135.225584892578,409.572378240017,57.6841497920573));
#13988=CARTESIAN_POINT('',(207.325125457947,409.572378240019,57.6841497920572));
#13989=CARTESIAN_POINT('',(135.225584892578,409.572378240017,57.6841497920573));
#13990=CARTESIAN_POINT('',(153.526295196287,409.572378240017,57.6841497920581));
#13991=CARTESIAN_POINT('',(178.526295196287,409.572378240018,57.6841497920592));
#13992=CARTESIAN_POINT('Origin',(174.725376327023,409.572378240018,85.6842549608133));
#13993=CARTESIAN_POINT('',(233.725584892579,409.572378240019,52.6841497920603));
#13994=CARTESIAN_POINT('Origin',(233.725584892579,409.572378240018,54.6841497920617));
#13995=CARTESIAN_POINT('',(136.225584892578,409.572378240017,52.6841497920574));
#13996=CARTESIAN_POINT('',(233.400480146087,409.572378240019,52.6841497920603));
#13997=CARTESIAN_POINT('Origin',(136.225584892578,409.572378240017,54.6841497920573));
#13998=CARTESIAN_POINT('Origin',(135.225584892578,409.572378240017,56.6841497920573));
#13999=CARTESIAN_POINT('Origin',(238.725584892578,389.572378240015,76.6970680967407));
#14000=CARTESIAN_POINT('',(237.225584892578,389.572378240016,79.295144308094));
#14001=CARTESIAN_POINT('Origin',(245.225584892578,389.572378240017,83.9139464616113));
#14002=CARTESIAN_POINT('',(245.225584892577,389.57237824002,83.9139464616111));
#14003=CARTESIAN_POINT('Origin',(187.725584892576,389.572378240018,111.684263646245));
#14004=CARTESIAN_POINT('',(185.725584892576,389.572378240018,111.684263646245));
#14005=CARTESIAN_POINT('Origin',(185.725584892576,389.572378240018,110.760733978926));
#14006=CARTESIAN_POINT('',(185.725584892576,389.572378240018,110.760733978926));
#14007=CARTESIAN_POINT('Origin',(188.725584892576,389.572378240018,110.760733978926));
#14008=CARTESIAN_POINT('',(187.225584892576,389.572378240018,108.162657767572));
#14009=CARTESIAN_POINT('Origin',(242.225584892577,389.57237824002,98.3477031913516));
#14010=CARTESIAN_POINT('',(248.225584892577,389.57237824002,98.3477031913519));
#14011=CARTESIAN_POINT('',(245.225584892576,389.57237824002,103.543855614058));
#14012=CARTESIAN_POINT('Origin',(242.225584892577,389.57237824002,89.1100988843177));
#14013=CARTESIAN_POINT('',(248.225584892577,389.57237824002,89.1100988843179));
#14014=CARTESIAN_POINT('Origin',(174.725376327023,409.572378240018,85.6842549608133));
#14015=CARTESIAN_POINT('Origin',(135.225584892576,409.572378240024,114.684263646238));
#14016=CARTESIAN_POINT('',(235.725584892576,409.572378240019,98.6842593035317));
#14017=CARTESIAN_POINT('Origin',(248.225584892577,389.572378240022,103.543855614059));
#14018=CARTESIAN_POINT('Origin',(233.725584892579,399.572378240016,54.6841497920617));
#14019=CARTESIAN_POINT('',(233.725584892579,404.284970266987,52.6841497920617));
#14020=CARTESIAN_POINT('Origin',(233.725584892579,401.428674253503,54.6841497920617));
#14021=CARTESIAN_POINT('',(233.725584892579,399.572378240016,52.6841497920617));
#14022=CARTESIAN_POINT('Origin',(134.225584892579,404.284970266985,52.6841497920572));
#14023=CARTESIAN_POINT('',(136.225584892579,404.284970266985,52.6841497920574));
#14024=CARTESIAN_POINT('Origin',(136.225584892579,401.428674253501,54.6841497920573));
#14025=CARTESIAN_POINT('',(134.225584892579,404.284970266985,52.6841497920573));
#14026=CARTESIAN_POINT('Origin',(223.225584892577,389.572378240021,98.347703191351));
#14027=CARTESIAN_POINT('',(223.225584892577,389.572378240021,98.347703191351));
#14028=CARTESIAN_POINT('Origin',(226.225584892577,389.572378240021,98.3477031913511));
#14029=CARTESIAN_POINT('',(224.725584892577,389.572378240021,100.945779402704));
#14030=CARTESIAN_POINT('Origin',(232.725584892577,389.572378240022,105.564581556222));
#14031=CARTESIAN_POINT('',(232.725584892577,389.572378240022,105.564581556222));
#14032=CARTESIAN_POINT('Origin',(234.225584892577,389.572378240022,102.966505344869));
#14033=CARTESIAN_POINT('',(235.725584892577,389.572378240022,105.564581556222));
#14034=CARTESIAN_POINT('Origin',(243.725584892577,389.572378240021,100.945779402705));
#14035=CARTESIAN_POINT('',(243.725584892577,389.572378240021,100.945779402705));
#14036=CARTESIAN_POINT('Origin',(210.725584892578,396.572378195321,62.2633113669989));
#14037=CARTESIAN_POINT('',(215.42487458887,396.572378195321,59.5501751958453));
#14038=CARTESIAN_POINT('Origin',(237.225584892576,389.572378240023,108.162657767575));
#14039=CARTESIAN_POINT('',(237.225584892576,389.572378240023,108.162657767575));
#14040=CARTESIAN_POINT('Origin',(238.725584892576,389.572378240024,110.760733978929));
#14041=CARTESIAN_POINT('',(235.725584892576,389.572378240024,110.760733978929));
#14042=CARTESIAN_POINT('Origin',(235.725584892576,389.572378240024,111.684263646248));
#14043=CARTESIAN_POINT('Origin',(212.225584892576,389.572378240023,108.162657767574));
#14044=CARTESIAN_POINT('',(212.225584892576,389.572378240023,108.162657767574));
#14045=CARTESIAN_POINT('Origin',(213.725584892576,389.572378240024,110.760733978928));
#14046=CARTESIAN_POINT('',(210.725584892576,389.572378240024,110.760733978927));
#14047=CARTESIAN_POINT('Origin',(210.725584892576,389.572378240024,111.684263646247));
#14048=CARTESIAN_POINT('',(210.725584892576,389.572378240024,111.684263646247));
#14049=CARTESIAN_POINT('Origin',(212.725584892576,389.572378240024,111.684263646247));
#14050=CARTESIAN_POINT('Origin',(196.725584892577,389.572378240023,106.14193182541));
#14051=CARTESIAN_POINT('',(195.225584892577,389.572378240022,103.543855614056));
#14052=CARTESIAN_POINT('Origin',(188.925165906611,389.572378240023,107.181404211611));
#14053=CARTESIAN_POINT('Origin',(214.92487458887,396.572378195321,58.6841497920609));
#14054=CARTESIAN_POINT('Origin',(242.225584892577,389.572378240021,98.3477031913519));
#14055=CARTESIAN_POINT('Origin',(134.225584892579,409.572378240017,52.6841497920573));
#14056=CARTESIAN_POINT('',(136.225584892578,409.572378240017,52.6841497920574));
#14057=CARTESIAN_POINT('Origin',(136.225584892578,409.572378240017,54.6841497920573));
#14058=CARTESIAN_POINT('Origin',(135.225584892576,411.072378336877,114.684263646238));
#14059=CARTESIAN_POINT('Origin',(135.225584892576,407.572378195323,114.684263646239));
#14060=CARTESIAN_POINT('Origin',(135.225584892576,407.57237819532,102.684263646239));
#14061=CARTESIAN_POINT('Origin',(135.225584892577,395.57237819532,102.684263646239));
#14062=CARTESIAN_POINT('Origin',(135.225584892576,395.57237819532,110.684263646241));
#14063=CARTESIAN_POINT('Origin',(135.225584892578,395.57237819532,68.6841497920574));
#14064=CARTESIAN_POINT('Origin',(135.225584892578,407.572378195319,68.6841497920573));
#14065=CARTESIAN_POINT('Origin',(135.225584892578,407.572378195319,56.6841497920573));
#14066=CARTESIAN_POINT('Origin',(135.225584892578,409.572378240017,56.6841497920573));
#14067=CARTESIAN_POINT('Origin',(137.225584892578,389.572378240017,66.5934383859178));
#14068=CARTESIAN_POINT('',(137.225584892578,389.572378240017,66.5934383859178));
#14069=CARTESIAN_POINT('',(137.225584892578,389.572378240017,77.5630935005207));
#14070=CARTESIAN_POINT('Origin',(141.233932418835,389.572378240017,62.5471670550592));
#14071=CARTESIAN_POINT('',(145.225584892579,389.572378240017,60.2425854248322));
#14072=CARTESIAN_POINT('',(138.725584892578,389.572378240017,63.9953621745645));
#14073=CARTESIAN_POINT('Origin',(140.225584892578,389.572378240017,66.5934383859179));
#14074=CARTESIAN_POINT('Origin',(140.225584892576,389.572378240017,109.89470857514));
#14075=CARTESIAN_POINT('',(138.725584892576,389.572378240017,107.296632363786));
#14076=CARTESIAN_POINT('',(137.225584892576,389.572378240017,109.89470857514));
#14077=CARTESIAN_POINT('Origin',(145.225584892577,389.572378240017,103.543855614054));
#14078=CARTESIAN_POINT('',(145.225584892577,389.572378240017,103.543855614054));
#14079=CARTESIAN_POINT('Origin',(139.225584892576,401.072378336877,111.68426364624));
#14080=CARTESIAN_POINT('',(137.225584892576,401.072378336877,111.68426364624));
#14081=CARTESIAN_POINT('Origin',(137.225584892576,389.572378240017,108.162657767571));
#14082=CARTESIAN_POINT('Origin',(142.225584892577,389.572378240017,98.3477031913474));
#14083=CARTESIAN_POINT('',(143.725584892577,389.572378240017,100.945779402701));
#14084=CARTESIAN_POINT('',(145.225584892577,389.572378240017,98.3477031913476));
#14085=CARTESIAN_POINT('Origin',(137.225584892577,389.572378240017,104.698556152433));
#14086=CARTESIAN_POINT('',(138.725584892577,389.572378240017,103.832530748649));
#14087=CARTESIAN_POINT('Origin',(138.225584892577,389.572378240017,102.966505344864));
#14088=CARTESIAN_POINT('Origin',(138.725584892578,389.572378240017,80.1611697118741));
#14089=CARTESIAN_POINT('',(138.725584892578,389.572378240017,80.1611697118741));
#14090=CARTESIAN_POINT('Origin',(140.225584892578,389.572378240017,77.5630935005208));
#14091=CARTESIAN_POINT('Origin',(145.225584892577,399.572378240017,86.184206719152));
#14092=CARTESIAN_POINT('Origin',(159.225584892578,409.572378240017,59.6652351556433));
#14093=CARTESIAN_POINT('',(157.725584892578,409.572378240017,62.2633113669965));
#14094=CARTESIAN_POINT('Origin',(160.725584892578,389.572378240018,67.4594637897033));
#14095=CARTESIAN_POINT('',(160.725584892578,389.572378240018,67.4594637897033));
#14096=CARTESIAN_POINT('',(160.725584892577,409.572378240018,76.6970680967373));
#14097=CARTESIAN_POINT('Origin',(159.225584892577,389.572378240018,102.966505344865));
#14098=CARTESIAN_POINT('',(157.725584892577,389.572378240017,105.564581556218));
#14099=CARTESIAN_POINT('Origin',(163.725584892576,389.572378240018,110.760733978925));
#14100=CARTESIAN_POINT('',(162.225584892576,389.572378240018,108.162657767572));
#14101=CARTESIAN_POINT('',(160.725584892576,389.572378240018,110.760733978925));
#14102=CARTESIAN_POINT('Origin',(170.225584892577,389.572378240018,103.543855614055));
#14103=CARTESIAN_POINT('Origin',(162.725584892576,401.072378336878,111.684263646241));
#14104=CARTESIAN_POINT('',(160.725584892576,401.072378336878,111.684263646241));
#14105=CARTESIAN_POINT('Origin',(160.725584892576,389.572378240018,110.760733978925));
#14106=CARTESIAN_POINT('Origin',(163.725584892578,389.572378240018,76.6970680967374));
#14107=CARTESIAN_POINT('Origin',(163.725584892578,389.572378240018,67.4594637897034));
#14108=CARTESIAN_POINT('Origin',(146.725584892577,389.572378240017,106.141931825408));
#14109=CARTESIAN_POINT('Origin',(157.725584892578,389.572378240017,81.8932205194437));
#14110=CARTESIAN_POINT('',(149.725584892577,389.572378240017,86.5120226729604));
#14111=CARTESIAN_POINT('Origin',(151.225584892577,389.572378240017,89.1100988843138));
#14112=CARTESIAN_POINT('',(148.225584892577,389.572378240017,89.1100988843137));
#14113=CARTESIAN_POINT('Origin',(148.225584892577,389.572378240017,89.1100988843137));
#14114=CARTESIAN_POINT('',(148.225584892577,389.572378240017,98.3477031913477));
#14115=CARTESIAN_POINT('Origin',(151.225584892577,389.572378240017,98.3477031913478));
#14116=CARTESIAN_POINT('',(149.725584892577,389.572378240017,100.945779402701));
#14117=CARTESIAN_POINT('Origin',(149.725584892577,389.572378240017,100.945779402701));
#14118=CARTESIAN_POINT('Origin',(146.725584892578,389.572378240017,62.8406616361856));
#14119=CARTESIAN_POINT('Origin',(157.725584892578,409.572378240017,62.2633113669965));
#14120=CARTESIAN_POINT('',(153.026295196287,409.572378240017,59.5501751958425));
#14121=CARTESIAN_POINT('Origin',(153.526295196287,409.572378240017,58.6841497920581));
#14122=CARTESIAN_POINT('Origin',(146.725584892576,399.572378240017,118.684263646245));
#14123=CARTESIAN_POINT('',(145.125584892576,399.572378240017,118.684263646245));
#14124=CARTESIAN_POINT('Origin',(221.725584892576,399.572378240018,118.684263646248));
#14125=CARTESIAN_POINT('',(220.125584892576,399.572378240018,118.684263646248));
#14126=CARTESIAN_POINT('Origin',(184.475375404601,394.072378240018,63.6841497920593));
#14127=CARTESIAN_POINT('',(186.575584892578,394.072378240018,63.6841497920594));
#14128=CARTESIAN_POINT('Origin',(184.225584892578,394.072378240018,63.6841497920593));
#14129=CARTESIAN_POINT('Origin',(184.225584892579,394.072378240018,56.6841497920593));
#14130=CARTESIAN_POINT('',(186.575584892579,394.072378240018,56.6841497920594));
#14131=CARTESIAN_POINT('Origin',(182.725584892578,409.572378240018,62.2633113669977));
#14132=CARTESIAN_POINT('',(178.026295196287,409.572378240018,59.5501751958437));
#14133=CARTESIAN_POINT('Origin',(178.526295196287,409.572378240018,58.6841497920592));
#14134=CARTESIAN_POINT('',(0.,0.,0.));
#14135=CARTESIAN_POINT('Origin',(152.421737315285,389.572378981244,108.140291347004));
#14136=CARTESIAN_POINT('',(152.421737315285,389.572378981244,108.140291347004));
#14137=CARTESIAN_POINT('',(152.421737315285,389.572378981244,111.140291347004));
#14138=CARTESIAN_POINT('',(152.421737315285,389.572378981244,108.140291347004));
#14139=CARTESIAN_POINT('',(152.421737315285,392.572378981244,111.140291347004));
#14140=CARTESIAN_POINT('',(152.421737315285,389.572378981244,111.140291347004));
#14141=CARTESIAN_POINT('',(152.421737315285,392.572378981244,108.140291347004));
#14142=CARTESIAN_POINT('',(152.421737315285,392.572378981244,108.140291347004));
#14143=CARTESIAN_POINT('',(152.421737315285,389.572378981244,108.140291347004));
#14144=CARTESIAN_POINT('Origin',(149.823661103932,389.572378981245,106.640291347004));
#14145=CARTESIAN_POINT('',(149.823661103932,389.572378981245,106.640291347004));
#14146=CARTESIAN_POINT('',(149.823661103932,389.572378981245,106.640291347004));
#14147=CARTESIAN_POINT('',(149.823661103932,392.572378981245,106.640291347004));
#14148=CARTESIAN_POINT('',(149.823661103932,392.572378981245,106.640291347004));
#14149=CARTESIAN_POINT('',(149.823661103932,389.572378981245,106.640291347004));
#14150=CARTESIAN_POINT('Origin',(147.225584892578,389.572378932277,108.140291347004));
#14151=CARTESIAN_POINT('',(147.225584892578,389.572378932277,108.140291347004));
#14152=CARTESIAN_POINT('',(147.225584892578,389.572378932277,108.140291347004));
#14153=CARTESIAN_POINT('',(147.225584892578,392.572378932277,108.140291347004));
#14154=CARTESIAN_POINT('',(147.225584892578,392.572378932277,108.140291347004));
#14155=CARTESIAN_POINT('',(147.225584892578,389.572378932277,108.140291347004));
#14156=CARTESIAN_POINT('Origin',(147.225584892578,389.572378981244,111.140291347004));
#14157=CARTESIAN_POINT('',(147.225584892578,389.572378981244,111.140291347004));
#14158=CARTESIAN_POINT('',(147.225584892578,389.572378981244,111.140291347004));
#14159=CARTESIAN_POINT('',(147.225584892578,392.572378981244,111.140291347004));
#14160=CARTESIAN_POINT('',(147.225584892578,392.572378981244,111.140291347004));
#14161=CARTESIAN_POINT('',(147.225584892578,389.572378981244,111.140291347004));
#14162=CARTESIAN_POINT('Origin',(149.823661103932,389.572378981244,112.640291347004));
#14163=CARTESIAN_POINT('',(149.823661103932,389.572378981244,112.640291347004));
#14164=CARTESIAN_POINT('',(149.823661103932,389.572378981244,112.640291347004));
#14165=CARTESIAN_POINT('',(149.823661103932,392.572378981244,112.640291347004));
#14166=CARTESIAN_POINT('',(149.823661103932,392.572378981244,112.640291347004));
#14167=CARTESIAN_POINT('',(149.823661103932,389.572378981244,112.640291347004));
#14168=CARTESIAN_POINT('Origin',(152.421737315285,389.572378981244,111.140291347004));
#14169=CARTESIAN_POINT('',(152.421737315285,389.572378981244,111.140291347004));
#14170=CARTESIAN_POINT('',(152.421737315285,392.572378981244,111.140291347004));
#14171=CARTESIAN_POINT('Origin',(146.225737315285,389.572378981244,108.140291347004));
#14172=CARTESIAN_POINT('',(146.225737315285,389.572378981244,108.140291347004));
#14173=CARTESIAN_POINT('',(146.225737315285,389.572378981244,111.140291347004));
#14174=CARTESIAN_POINT('',(146.225737315285,389.572378981244,108.140291347004));
#14175=CARTESIAN_POINT('',(146.225737315285,392.572378981244,111.140291347004));
#14176=CARTESIAN_POINT('',(146.225737315285,389.572378981244,111.140291347004));
#14177=CARTESIAN_POINT('',(146.225737315285,392.572378981244,108.140291347004));
#14178=CARTESIAN_POINT('',(146.225737315285,392.572378981244,108.140291347004));
#14179=CARTESIAN_POINT('',(146.225737315285,389.572378981244,108.140291347004));
#14180=CARTESIAN_POINT('Origin',(143.627661103932,389.572378981245,106.640291347004));
#14181=CARTESIAN_POINT('',(143.627661103932,389.572378981245,106.640291347004));
#14182=CARTESIAN_POINT('',(143.627661103932,389.572378981245,106.640291347004));
#14183=CARTESIAN_POINT('',(143.627661103932,392.572378981245,106.640291347004));
#14184=CARTESIAN_POINT('',(143.627661103932,392.572378981245,106.640291347004));
#14185=CARTESIAN_POINT('',(143.627661103932,389.572378981245,106.640291347004));
#14186=CARTESIAN_POINT('Origin',(141.029584892578,389.572378932277,108.140291347004));
#14187=CARTESIAN_POINT('',(141.029584892578,389.572378932277,108.140291347004));
#14188=CARTESIAN_POINT('',(141.029584892578,389.572378932277,108.140291347004));
#14189=CARTESIAN_POINT('',(141.029584892578,392.572378932277,108.140291347004));
#14190=CARTESIAN_POINT('',(141.029584892578,392.572378932277,108.140291347004));
#14191=CARTESIAN_POINT('',(141.029584892578,389.572378932277,108.140291347004));
#14192=CARTESIAN_POINT('Origin',(141.029584892578,389.572378981244,111.140291347004));
#14193=CARTESIAN_POINT('',(141.029584892578,389.572378981244,111.140291347004));
#14194=CARTESIAN_POINT('',(141.029584892578,389.572378981244,111.140291347004));
#14195=CARTESIAN_POINT('',(141.029584892578,392.572378981244,111.140291347004));
#14196=CARTESIAN_POINT('',(141.029584892578,392.572378981244,111.140291347004));
#14197=CARTESIAN_POINT('',(141.029584892578,389.572378981244,111.140291347004));
#14198=CARTESIAN_POINT('Origin',(143.627661103932,389.572378981244,112.640291347004));
#14199=CARTESIAN_POINT('',(143.627661103932,389.572378981244,112.640291347004));
#14200=CARTESIAN_POINT('',(143.627661103932,389.572378981244,112.640291347004));
#14201=CARTESIAN_POINT('',(143.627661103932,392.572378981244,112.640291347004));
#14202=CARTESIAN_POINT('',(143.627661103932,392.572378981244,112.640291347004));
#14203=CARTESIAN_POINT('',(143.627661103932,389.572378981244,112.640291347004));
#14204=CARTESIAN_POINT('Origin',(146.225737315285,389.572378981244,111.140291347004));
#14205=CARTESIAN_POINT('',(146.225737315285,389.572378981244,111.140291347004));
#14206=CARTESIAN_POINT('',(146.225737315285,392.572378981244,111.140291347004));
#14207=CARTESIAN_POINT('Origin',(143.127661103932,389.572378240017,105.77426594322));
#14208=CARTESIAN_POINT('',(143.127661103932,389.572378240017,105.77426594322));
#14209=CARTESIAN_POINT('',(140.529584892578,389.572378240017,107.27426594322));
#14210=CARTESIAN_POINT('',(143.127661103932,389.572378240017,105.77426594322));
#14211=CARTESIAN_POINT('',(140.529584892578,392.572378240017,107.27426594322));
#14212=CARTESIAN_POINT('',(140.529584892578,389.572378240017,107.27426594322));
#14213=CARTESIAN_POINT('',(143.127661103932,392.572378240017,105.77426594322));
#14214=CARTESIAN_POINT('',(143.127661103932,392.572378240017,105.77426594322));
#14215=CARTESIAN_POINT('',(143.127661103932,389.572378240017,105.77426594322));
#14216=CARTESIAN_POINT('Origin',(143.127661103932,389.572378240017,104.293212262816));
#14217=CARTESIAN_POINT('',(143.127661103932,389.572378240017,104.293212262816));
#14218=CARTESIAN_POINT('',(143.127661103932,389.572378240017,102.77426594322));
#14219=CARTESIAN_POINT('',(143.127661103932,392.572378240017,104.293212262816));
#14220=CARTESIAN_POINT('',(143.127661103932,392.572378240017,102.77426594322));
#14221=CARTESIAN_POINT('',(143.127661103932,389.572378240017,104.293212262816));
#14222=CARTESIAN_POINT('Origin',(144.127508681225,389.572378240017,103.715949994918));
#14223=CARTESIAN_POINT('',(144.127508681225,389.572378240017,103.715949994918));
#14224=CARTESIAN_POINT('',(145.025584892577,389.572378240017,103.197445452541));
#14225=CARTESIAN_POINT('',(144.127508681225,392.572378240017,103.715949994918));
#14226=CARTESIAN_POINT('',(145.025584892577,392.572378240017,103.197445452541));
#14227=CARTESIAN_POINT('',(144.127508681225,389.572378240017,103.715949994918));
#14228=CARTESIAN_POINT('Origin',(144.127508681225,389.572378240017,105.77426594322));
#14229=CARTESIAN_POINT('',(144.127508681225,389.572378240017,105.77426594322));
#14230=CARTESIAN_POINT('',(144.127508681225,389.572378240017,105.77426594322));
#14231=CARTESIAN_POINT('',(144.127508681225,392.572378240017,105.77426594322));
#14232=CARTESIAN_POINT('',(144.127508681225,392.572378240017,105.77426594322));
#14233=CARTESIAN_POINT('',(144.127508681225,389.572378240017,105.77426594322));
#14234=CARTESIAN_POINT('Origin',(146.725584892578,389.572378240017,107.27426594322));
#14235=CARTESIAN_POINT('',(146.725584892578,389.572378240017,107.27426594322));
#14236=CARTESIAN_POINT('',(146.725584892578,389.572378240017,107.27426594322));
#14237=CARTESIAN_POINT('',(146.725584892578,392.572378240017,107.27426594322));
#14238=CARTESIAN_POINT('',(146.725584892578,392.572378240017,107.27426594322));
#14239=CARTESIAN_POINT('',(146.725584892578,389.572378240017,107.27426594322));
#14240=CARTESIAN_POINT('Origin',(149.323661103932,389.572378240017,105.77426594322));
#14241=CARTESIAN_POINT('',(149.323661103932,389.572378240017,105.77426594322));
#14242=CARTESIAN_POINT('',(149.323661103932,389.572378240017,105.77426594322));
#14243=CARTESIAN_POINT('',(149.323661103932,392.572378240017,105.77426594322));
#14244=CARTESIAN_POINT('',(149.323661103932,392.572378240017,105.77426594322));
#14245=CARTESIAN_POINT('',(149.323661103932,389.572378240017,105.77426594322));
#14246=CARTESIAN_POINT('Origin',(149.323661103932,389.572378240017,103.715949994919));
#14247=CARTESIAN_POINT('',(149.323661103932,389.572378240017,103.715949994919));
#14248=CARTESIAN_POINT('',(149.323661103932,389.572378240017,102.77426594322));
#14249=CARTESIAN_POINT('',(149.323661103932,392.572378240017,103.715949994919));
#14250=CARTESIAN_POINT('',(149.323661103932,392.572378240017,102.77426594322));
#14251=CARTESIAN_POINT('',(149.323661103932,389.572378240017,103.715949994919));
#14252=CARTESIAN_POINT('Origin',(150.323508681225,389.572378240017,104.293212262818));
#14253=CARTESIAN_POINT('',(150.323508681225,389.572378240017,104.293212262818));
#14254=CARTESIAN_POINT('',(156.425584892576,389.572378240017,107.816247606058));
#14255=CARTESIAN_POINT('',(150.323508681225,392.572378240017,104.293212262818));
#14256=CARTESIAN_POINT('',(156.425584892576,392.572378240017,107.816247606058));
#14257=CARTESIAN_POINT('',(150.323508681225,389.572378240017,104.293212262818));
#14258=CARTESIAN_POINT('Origin',(150.323508681225,389.572378240017,105.77426594322));
#14259=CARTESIAN_POINT('',(150.323508681225,389.572378240017,105.77426594322));
#14260=CARTESIAN_POINT('',(150.323508681225,389.572378240017,105.77426594322));
#14261=CARTESIAN_POINT('',(150.323508681225,392.572378240017,105.77426594322));
#14262=CARTESIAN_POINT('',(150.323508681225,392.572378240017,105.77426594322));
#14263=CARTESIAN_POINT('',(150.323508681225,389.572378240017,105.77426594322));
#14264=CARTESIAN_POINT('Origin',(152.921584892578,389.572378240017,107.27426594322));
#14265=CARTESIAN_POINT('',(152.921584892578,389.572378240017,107.27426594322));
#14266=CARTESIAN_POINT('',(152.921584892578,389.572378240017,107.27426594322));
#14267=CARTESIAN_POINT('',(152.921584892578,392.572378240017,107.27426594322));
#14268=CARTESIAN_POINT('',(152.921584892578,392.572378240017,107.27426594322));
#14269=CARTESIAN_POINT('',(152.921584892578,389.572378240017,107.27426594322));
#14270=CARTESIAN_POINT('Origin',(154.204215004174,389.572378240017,106.533739103019));
#14271=CARTESIAN_POINT('',(154.204215004174,389.572378240017,106.533739103019));
#14272=CARTESIAN_POINT('',(155.519661103932,389.572378240017,105.77426594322));
#14273=CARTESIAN_POINT('',(154.204215004174,392.572378240017,106.533739103019));
#14274=CARTESIAN_POINT('',(155.519661103932,392.572378240017,105.77426594322));
#14275=CARTESIAN_POINT('',(154.204215004174,389.572378240017,106.533739103019));
#14276=CARTESIAN_POINT('Origin',(155.204215004174,389.572378240017,107.111089372209));
#14277=CARTESIAN_POINT('',(155.204215004174,389.572378965875,107.111089372209));
#14278=CARTESIAN_POINT('',(156.425584892576,389.572378240017,107.816247606058));
#14279=CARTESIAN_POINT('',(155.204215004174,392.572378965875,107.111089372209));
#14280=CARTESIAN_POINT('',(156.425584892576,392.572378240017,107.816247606058));
#14281=CARTESIAN_POINT('',(155.204215004174,389.572378965875,107.111089372209));
#14282=CARTESIAN_POINT('Origin',(153.421584892578,389.572378932277,108.140291347004));
#14283=CARTESIAN_POINT('',(153.421584892578,389.572378932277,108.140291347004));
#14284=CARTESIAN_POINT('',(153.421584892578,389.572378932277,108.140291347004));
#14285=CARTESIAN_POINT('',(153.421584892578,392.572378932277,108.140291347004));
#14286=CARTESIAN_POINT('',(153.421584892578,392.572378932277,108.140291347004));
#14287=CARTESIAN_POINT('',(153.421584892578,389.572378932277,108.140291347004));
#14288=CARTESIAN_POINT('Origin',(153.421584892578,389.572378981244,111.140291347004));
#14289=CARTESIAN_POINT('',(153.421584892578,389.572378981244,111.140291347004));
#14290=CARTESIAN_POINT('',(153.421584892578,389.572378981244,111.140291347004));
#14291=CARTESIAN_POINT('',(153.421584892578,392.572378981244,111.140291347004));
#14292=CARTESIAN_POINT('',(153.421584892578,392.572378981244,111.140291347004));
#14293=CARTESIAN_POINT('',(153.421584892578,389.572378981244,111.140291347004));
#14294=CARTESIAN_POINT('Origin',(156.019661103932,389.572378981244,112.640291347004));
#14295=CARTESIAN_POINT('',(156.019661103932,389.572378981244,112.640291347004));
#14296=CARTESIAN_POINT('',(156.019661103932,389.572378981244,112.640291347004));
#14297=CARTESIAN_POINT('',(156.019661103932,392.572378981244,112.640291347004));
#14298=CARTESIAN_POINT('',(156.019661103932,392.572378981244,112.640291347004));
#14299=CARTESIAN_POINT('',(156.019661103932,389.572378981244,112.640291347004));
#14300=CARTESIAN_POINT('Origin',(158.125584892576,389.572378981244,111.424435680738));
#14301=CARTESIAN_POINT('',(158.125584892576,389.572378981244,111.424435680738));
#14302=CARTESIAN_POINT('',(158.617737315285,389.572378981244,111.140291347004));
#14303=CARTESIAN_POINT('',(158.125584892576,392.572378981244,111.424435680738));
#14304=CARTESIAN_POINT('',(158.617737315285,392.572378981244,111.140291347004));
#14305=CARTESIAN_POINT('',(158.125584892576,389.572378981244,111.424435680738));
#14306=CARTESIAN_POINT('Origin',(158.125584892576,389.572378240017,111.684263646244));
#14307=CARTESIAN_POINT('',(158.125584892576,389.572378240017,111.684263646244));
#14308=CARTESIAN_POINT('',(158.125584892576,389.572378240017,111.684263646244));
#14309=CARTESIAN_POINT('',(158.125584892576,392.572378240017,111.684263646244));
#14310=CARTESIAN_POINT('',(158.125584892576,392.572378240017,111.684263646244));
#14311=CARTESIAN_POINT('',(158.125584892576,389.572378240017,111.684263646244));
#14312=CARTESIAN_POINT('Origin',(155.725584892576,389.572378240017,111.684263646244));
#14313=CARTESIAN_POINT('',(157.894091571451,389.572378240017,112.712650141524));
#14314=CARTESIAN_POINT('Origin',(155.725584892576,389.572378240017,111.684263646244));
#14315=CARTESIAN_POINT('',(157.894091571451,392.572378240017,112.712650141524));
#14316=CARTESIAN_POINT('Origin',(155.725584892576,392.572378240017,111.684263646244));
#14317=CARTESIAN_POINT('',(157.894091571451,389.572378240017,112.712650141524));
#14318=CARTESIAN_POINT('Origin',(156.519508681225,389.572378240017,113.50626594322));
#14319=CARTESIAN_POINT('',(156.519508681225,389.572378240017,113.50626594322));
#14320=CARTESIAN_POINT('',(156.519508681225,389.572378240017,113.50626594322));
#14321=CARTESIAN_POINT('',(156.519508681225,392.572378240017,113.50626594322));
#14322=CARTESIAN_POINT('',(156.519508681225,392.572378240017,113.50626594322));
#14323=CARTESIAN_POINT('',(156.519508681225,389.572378240017,113.50626594322));
#14324=CARTESIAN_POINT('Origin',(156.519508681225,389.572378240017,113.949144441742));
#14325=CARTESIAN_POINT('',(156.519508681225,389.572378240017,113.949144441742));
#14326=CARTESIAN_POINT('',(156.519508681225,389.572378240017,116.50626594322));
#14327=CARTESIAN_POINT('',(156.519508681225,392.572378240017,113.949144441742));
#14328=CARTESIAN_POINT('',(156.519508681225,392.572378240017,116.50626594322));
#14329=CARTESIAN_POINT('',(156.519508681225,389.572378240017,113.949144441742));
#14330=CARTESIAN_POINT('Origin',(155.725584892576,389.572378240017,111.684263646244));
#14331=CARTESIAN_POINT('',(155.725584892576,389.572378240017,114.084263646244));
#14332=CARTESIAN_POINT('Origin',(155.725584892576,389.572378240017,111.684263646244));
#14333=CARTESIAN_POINT('',(155.725584892576,392.572378240017,114.084263646244));
#14334=CARTESIAN_POINT('Origin',(155.725584892576,392.572378240017,111.684263646244));
#14335=CARTESIAN_POINT('',(155.725584892576,389.572378240017,114.084263646244));
#14336=CARTESIAN_POINT('Origin',(155.519661103932,389.572378240017,114.084263646237));
#14337=CARTESIAN_POINT('',(155.519661103932,389.572378240017,114.084263646237));
#14338=CARTESIAN_POINT('',(139.225584892576,389.572378240017,114.084263646241));
#14339=CARTESIAN_POINT('',(155.519661103932,392.572378240017,114.084263646237));
#14340=CARTESIAN_POINT('',(139.225584892576,392.572378240017,114.084263646241));
#14341=CARTESIAN_POINT('',(155.519661103932,389.572378240017,114.084263646237));
#14342=CARTESIAN_POINT('Origin',(155.519661103932,389.572378240017,113.50626594322));
#14343=CARTESIAN_POINT('',(155.519661103932,389.572378240017,113.50626594322));
#14344=CARTESIAN_POINT('',(155.519661103932,389.572378240017,113.50626594322));
#14345=CARTESIAN_POINT('',(155.519661103932,392.572378240017,113.50626594322));
#14346=CARTESIAN_POINT('',(155.519661103932,392.572378240017,113.50626594322));
#14347=CARTESIAN_POINT('',(155.519661103932,389.572378240017,113.50626594322));
#14348=CARTESIAN_POINT('Origin',(152.921584892578,389.572378240017,112.00626594322));
#14349=CARTESIAN_POINT('',(152.921584892578,389.572378240017,112.00626594322));
#14350=CARTESIAN_POINT('',(152.921584892578,389.572378240017,112.00626594322));
#14351=CARTESIAN_POINT('',(152.921584892578,392.572378240017,112.00626594322));
#14352=CARTESIAN_POINT('',(152.921584892578,392.572378240017,112.00626594322));
#14353=CARTESIAN_POINT('',(152.921584892578,389.572378240017,112.00626594322));
#14354=CARTESIAN_POINT('Origin',(150.323508681225,389.572378240017,113.50626594322));
#14355=CARTESIAN_POINT('',(150.323508681225,389.572378240017,113.50626594322));
#14356=CARTESIAN_POINT('',(150.323508681225,389.572378240017,113.50626594322));
#14357=CARTESIAN_POINT('',(150.323508681225,392.572378240017,113.50626594322));
#14358=CARTESIAN_POINT('',(150.323508681225,392.572378240017,113.50626594322));
#14359=CARTESIAN_POINT('',(150.323508681225,389.572378240017,113.50626594322));
#14360=CARTESIAN_POINT('Origin',(150.323508681225,389.572378240017,114.084263646238));
#14361=CARTESIAN_POINT('',(150.323508681225,389.572378240017,114.084263646238));
#14362=CARTESIAN_POINT('',(150.323508681225,389.572378240017,116.50626594322));
#14363=CARTESIAN_POINT('',(150.323508681225,392.572378240017,114.084263646238));
#14364=CARTESIAN_POINT('',(150.323508681225,392.572378240017,116.50626594322));
#14365=CARTESIAN_POINT('',(150.323508681225,389.572378240017,114.084263646238));
#14366=CARTESIAN_POINT('Origin',(149.323661103932,389.572378240017,114.084263646239));
#14367=CARTESIAN_POINT('',(149.323661103932,389.572378240017,114.084263646239));
#14368=CARTESIAN_POINT('',(139.225584892576,389.572378240017,114.084263646241));
#14369=CARTESIAN_POINT('',(149.323661103932,392.572378240017,114.084263646239));
#14370=CARTESIAN_POINT('',(139.225584892576,392.572378240017,114.084263646241));
#14371=CARTESIAN_POINT('',(149.323661103932,389.572378240017,114.084263646239));
#14372=CARTESIAN_POINT('Origin',(149.323661103932,389.572378240017,113.50626594322));
#14373=CARTESIAN_POINT('',(149.323661103932,389.572378240017,113.50626594322));
#14374=CARTESIAN_POINT('',(149.323661103932,389.572378240017,113.50626594322));
#14375=CARTESIAN_POINT('',(149.323661103932,392.572378240017,113.50626594322));
#14376=CARTESIAN_POINT('',(149.323661103932,392.572378240017,113.50626594322));
#14377=CARTESIAN_POINT('',(149.323661103932,389.572378240017,113.50626594322));
#14378=CARTESIAN_POINT('Origin',(146.725584892578,389.572378240017,112.00626594322));
#14379=CARTESIAN_POINT('',(146.725584892578,389.572378240017,112.00626594322));
#14380=CARTESIAN_POINT('',(146.725584892578,389.572378240017,112.00626594322));
#14381=CARTESIAN_POINT('',(146.725584892578,392.572378240017,112.00626594322));
#14382=CARTESIAN_POINT('',(146.725584892578,392.572378240017,112.00626594322));
#14383=CARTESIAN_POINT('',(146.725584892578,389.572378240017,112.00626594322));
#14384=CARTESIAN_POINT('Origin',(144.127508681225,389.572378240017,113.50626594322));
#14385=CARTESIAN_POINT('',(144.127508681225,389.572378240017,113.50626594322));
#14386=CARTESIAN_POINT('',(144.127508681225,389.572378240017,113.50626594322));
#14387=CARTESIAN_POINT('',(144.127508681225,392.572378240017,113.50626594322));
#14388=CARTESIAN_POINT('',(144.127508681225,392.572378240017,113.50626594322));
#14389=CARTESIAN_POINT('',(144.127508681225,389.572378240017,113.50626594322));
#14390=CARTESIAN_POINT('Origin',(144.127508681225,389.572378240017,114.08426364624));
#14391=CARTESIAN_POINT('',(144.127508681225,389.572378240017,114.08426364624));
#14392=CARTESIAN_POINT('',(144.127508681225,389.572378240017,116.50626594322));
#14393=CARTESIAN_POINT('',(144.127508681225,392.572378240017,114.08426364624));
#14394=CARTESIAN_POINT('',(144.127508681225,392.572378240017,116.50626594322));
#14395=CARTESIAN_POINT('',(144.127508681225,389.572378240017,114.08426364624));
#14396=CARTESIAN_POINT('Origin',(143.127661103932,389.572378240017,114.08426364624));
#14397=CARTESIAN_POINT('',(143.127661103932,389.572378240017,114.08426364624));
#14398=CARTESIAN_POINT('',(139.225584892576,389.572378240017,114.084263646241));
#14399=CARTESIAN_POINT('',(143.127661103932,392.572378240017,114.08426364624));
#14400=CARTESIAN_POINT('',(139.225584892576,392.572378240017,114.084263646241));
#14401=CARTESIAN_POINT('',(143.127661103932,389.572378240017,114.08426364624));
#14402=CARTESIAN_POINT('Origin',(143.127661103932,389.572378240017,113.50626594322));
#14403=CARTESIAN_POINT('',(143.127661103932,389.572378240017,113.50626594322));
#14404=CARTESIAN_POINT('',(143.127661103932,389.572378240017,113.50626594322));
#14405=CARTESIAN_POINT('',(143.127661103932,392.572378240017,113.50626594322));
#14406=CARTESIAN_POINT('',(143.127661103932,392.572378240017,113.50626594322));
#14407=CARTESIAN_POINT('',(143.127661103932,389.572378240017,113.50626594322));
#14408=CARTESIAN_POINT('Origin',(140.529584892578,389.572378240017,112.00626594322));
#14409=CARTESIAN_POINT('',(140.529584892578,389.572378240017,112.00626594322));
#14410=CARTESIAN_POINT('',(140.529584892578,389.572378240017,112.00626594322));
#14411=CARTESIAN_POINT('',(140.529584892578,392.572378240017,112.00626594322));
#14412=CARTESIAN_POINT('',(140.529584892578,392.572378240017,112.00626594322));
#14413=CARTESIAN_POINT('',(140.529584892578,389.572378240017,112.00626594322));
#14414=CARTESIAN_POINT('Origin',(137.931508681225,389.572378240017,113.50626594322));
#14415=CARTESIAN_POINT('',(137.931508681225,389.572378240017,113.50626594322));
#14416=CARTESIAN_POINT('',(137.931508681225,389.572378240017,113.50626594322));
#14417=CARTESIAN_POINT('',(137.931508681225,392.572378240017,113.50626594322));
#14418=CARTESIAN_POINT('',(137.931508681225,392.572378240017,113.50626594322));
#14419=CARTESIAN_POINT('',(137.931508681225,389.572378240017,113.50626594322));
#14420=CARTESIAN_POINT('Origin',(137.931508681225,389.572378240017,113.705492668201));
#14421=CARTESIAN_POINT('',(137.931508681225,389.572378240017,113.705492668201));
#14422=CARTESIAN_POINT('',(137.931508681225,389.572378240017,116.50626594322));
#14423=CARTESIAN_POINT('',(137.931508681225,392.572378240017,113.705492668201));
#14424=CARTESIAN_POINT('',(137.931508681225,392.572378240017,116.50626594322));
#14425=CARTESIAN_POINT('',(137.931508681225,389.572378240017,113.705492668201));
#14426=CARTESIAN_POINT('Origin',(139.225584892576,389.572378240017,111.684263646243));
#14427=CARTESIAN_POINT('',(136.917959143627,389.572378981244,112.343705381939));
#14428=CARTESIAN_POINT('Origin',(139.225584892576,389.572378240017,111.684263646243));
#14429=CARTESIAN_POINT('',(136.917959143627,392.572378981244,112.343705381939));
#14430=CARTESIAN_POINT('Origin',(139.225584892576,392.572378240017,111.684263646243));
#14431=CARTESIAN_POINT('',(136.917959143627,389.572378981244,112.343705381939));
#14432=CARTESIAN_POINT('Origin',(137.431661103932,389.572378981244,112.640291347004));
#14433=CARTESIAN_POINT('',(137.431661103932,389.572378981244,112.640291347004));
#14434=CARTESIAN_POINT('',(137.431661103932,389.572378981244,112.640291347004));
#14435=CARTESIAN_POINT('',(137.431661103932,392.572378981244,112.640291347004));
#14436=CARTESIAN_POINT('',(137.431661103932,392.572378981244,112.640291347004));
#14437=CARTESIAN_POINT('',(137.431661103932,389.572378981244,112.640291347004));
#14438=CARTESIAN_POINT('Origin',(140.029737315285,389.572378981244,111.140291347004));
#14439=CARTESIAN_POINT('',(140.029737315285,389.572378981244,111.140291347004));
#14440=CARTESIAN_POINT('',(140.029737315285,389.572378981244,111.140291347004));
#14441=CARTESIAN_POINT('',(140.029737315285,392.572378981244,111.140291347004));
#14442=CARTESIAN_POINT('',(140.029737315285,392.572378981244,111.140291347004));
#14443=CARTESIAN_POINT('',(140.029737315285,389.572378981244,111.140291347004));
#14444=CARTESIAN_POINT('Origin',(140.029737315285,389.572378981244,108.140291347004));
#14445=CARTESIAN_POINT('',(140.029737315285,389.572378981244,108.140291347004));
#14446=CARTESIAN_POINT('',(140.029737315285,389.572378981244,108.140291347004));
#14447=CARTESIAN_POINT('',(140.029737315285,392.572378981244,108.140291347004));
#14448=CARTESIAN_POINT('',(140.029737315285,392.572378981244,108.140291347004));
#14449=CARTESIAN_POINT('',(140.029737315285,389.572378981244,108.140291347004));
#14450=CARTESIAN_POINT('Origin',(138.261496128679,389.572378981245,107.119396821925));
#14451=CARTESIAN_POINT('',(138.261496128679,389.572378981244,107.119396821925));
#14452=CARTESIAN_POINT('',(137.431661103932,389.572378981245,106.640291347004));
#14453=CARTESIAN_POINT('',(138.261496128679,392.572378981244,107.119396821925));
#14454=CARTESIAN_POINT('',(137.431661103932,392.572378981245,106.640291347004));
#14455=CARTESIAN_POINT('',(138.261496128679,389.572378981244,107.119396821925));
#14456=CARTESIAN_POINT('Origin',(140.225584892576,389.572378240017,109.89470857514));
#14457=CARTESIAN_POINT('',(138.525584892576,389.572378240017,106.950222202273));
#14458=CARTESIAN_POINT('Origin',(140.225584892576,389.572378240017,109.89470857514));
#14459=CARTESIAN_POINT('',(138.525584892576,392.572378240017,106.950222202273));
#14460=CARTESIAN_POINT('Origin',(140.225584892576,392.572378240017,109.89470857514));
#14461=CARTESIAN_POINT('',(138.525584892576,389.572378240017,106.950222202273));
#14462=CARTESIAN_POINT('Origin',(139.24695478098,389.572378240017,106.533739103018));
#14463=CARTESIAN_POINT('',(139.24695478098,389.572378240017,106.533739103018));
#14464=CARTESIAN_POINT('',(145.025584892577,389.572378240017,103.197445452541));
#14465=CARTESIAN_POINT('',(139.24695478098,392.572378240017,106.533739103018));
#14466=CARTESIAN_POINT('',(145.025584892577,392.572378240017,103.197445452541));
#14467=CARTESIAN_POINT('',(139.24695478098,389.572378240017,106.533739103018));
#14468=CARTESIAN_POINT('Origin',(140.529584892578,389.572378240017,107.27426594322));
#14469=CARTESIAN_POINT('',(140.529584892578,389.572378240017,107.27426594322));
#14470=CARTESIAN_POINT('',(140.529584892578,392.572378240017,107.27426594322));
#14471=CARTESIAN_POINT('Origin',(189.780546786901,389.572378981244,80.1272786451119));
#14472=CARTESIAN_POINT('Origin',(189.780546786901,392.572378981244,80.1272786451119));
#14473=CARTESIAN_POINT('Origin',(143.127661103932,389.572378240017,92.0422659432195));
#14474=CARTESIAN_POINT('',(143.127661103932,389.572378240017,92.0422659432195));
#14475=CARTESIAN_POINT('',(143.127661103932,389.572378240017,95.0422659432196));
#14476=CARTESIAN_POINT('',(143.127661103932,389.572378240017,92.0422659432195));
#14477=CARTESIAN_POINT('',(143.127661103932,392.572378240017,95.0422659432196));
#14478=CARTESIAN_POINT('',(143.127661103932,389.572378240017,95.0422659432196));
#14479=CARTESIAN_POINT('',(143.127661103932,392.572378240017,92.0422659432195));
#14480=CARTESIAN_POINT('',(143.127661103932,392.572378240017,92.0422659432195));
#14481=CARTESIAN_POINT('',(143.127661103932,389.572378240017,92.0422659432195));
#14482=CARTESIAN_POINT('Origin',(140.529584892578,389.572378240017,90.5422659432196));
#14483=CARTESIAN_POINT('',(140.529584892578,389.572378240017,90.5422659432196));
#14484=CARTESIAN_POINT('',(140.529584892578,389.572378240017,90.5422659432196));
#14485=CARTESIAN_POINT('',(140.529584892578,392.572378240017,90.5422659432196));
#14486=CARTESIAN_POINT('',(140.529584892578,392.572378240017,90.5422659432196));
#14487=CARTESIAN_POINT('',(140.529584892578,389.572378240017,90.5422659432196));
#14488=CARTESIAN_POINT('Origin',(137.931508681225,389.572378240017,92.0422659432196));
#14489=CARTESIAN_POINT('',(137.931508681225,389.572378240017,92.0422659432196));
#14490=CARTESIAN_POINT('',(137.931508681225,389.572378240017,92.0422659432196));
#14491=CARTESIAN_POINT('',(137.931508681225,392.572378240017,92.0422659432196));
#14492=CARTESIAN_POINT('',(137.931508681225,392.572378240017,92.0422659432196));
#14493=CARTESIAN_POINT('',(137.931508681225,389.572378240017,92.0422659432196));
#14494=CARTESIAN_POINT('Origin',(137.931508681225,389.572378240017,95.0422659432196));
#14495=CARTESIAN_POINT('',(137.931508681225,389.572378240017,95.0422659432196));
#14496=CARTESIAN_POINT('',(137.931508681225,389.572378240017,95.0422659432196));
#14497=CARTESIAN_POINT('',(137.931508681225,392.572378240017,95.0422659432196));
#14498=CARTESIAN_POINT('',(137.931508681225,392.572378240017,95.0422659432196));
#14499=CARTESIAN_POINT('',(137.931508681225,389.572378240017,95.0422659432196));
#14500=CARTESIAN_POINT('Origin',(140.529584892578,389.572378240017,96.5422659432196));
#14501=CARTESIAN_POINT('',(140.529584892578,389.572378240017,96.5422659432196));
#14502=CARTESIAN_POINT('',(140.529584892578,389.572378240017,96.5422659432196));
#14503=CARTESIAN_POINT('',(140.529584892578,392.572378240017,96.5422659432196));
#14504=CARTESIAN_POINT('',(140.529584892578,392.572378240017,96.5422659432196));
#14505=CARTESIAN_POINT('',(140.529584892578,389.572378240017,96.5422659432196));
#14506=CARTESIAN_POINT('Origin',(143.127661103932,389.572378240017,95.0422659432196));
#14507=CARTESIAN_POINT('',(143.127661103932,389.572378240017,95.0422659432196));
#14508=CARTESIAN_POINT('',(143.127661103932,392.572378240017,95.0422659432196));
#14509=CARTESIAN_POINT('Origin',(136.825584892577,389.572378240017,102.713022814039));
#14510=CARTESIAN_POINT('',(136.825584892577,389.572378240017,102.713022814039));
#14511=CARTESIAN_POINT('',(136.931661103932,389.572378240017,102.77426594322));
#14512=CARTESIAN_POINT('',(134.333584892578,389.572378240017,101.27426594322));
#14513=CARTESIAN_POINT('',(136.931661103932,392.572378240017,102.77426594322));
#14514=CARTESIAN_POINT('',(136.931661103932,389.572378240017,102.77426594322));
#14515=CARTESIAN_POINT('',(136.825584892577,392.572378240017,102.713022814039));
#14516=CARTESIAN_POINT('',(134.333584892578,392.572378240017,101.27426594322));
#14517=CARTESIAN_POINT('',(136.825584892577,389.572378240017,102.713022814039));
#14518=CARTESIAN_POINT('Origin',(136.825584892577,389.572378240017,101.558373083229));
#14519=CARTESIAN_POINT('',(136.825584892577,389.572378981244,101.558373083229));
#14520=CARTESIAN_POINT('',(136.825584892578,389.572378240017,84.4912967307961));
#14521=CARTESIAN_POINT('',(136.825584892577,392.572378981244,101.558373083229));
#14522=CARTESIAN_POINT('',(136.825584892578,392.572378240017,84.4912967307961));
#14523=CARTESIAN_POINT('',(136.825584892577,389.572378981244,101.558373083229));
#14524=CARTESIAN_POINT('Origin',(137.431661103932,389.572378981244,101.908291347004));
#14525=CARTESIAN_POINT('',(137.431661103932,389.572378981244,101.908291347004));
#14526=CARTESIAN_POINT('',(137.431661103932,389.572378981244,101.908291347004));
#14527=CARTESIAN_POINT('',(137.431661103932,392.572378981244,101.908291347004));
#14528=CARTESIAN_POINT('',(137.431661103932,392.572378981244,101.908291347004));
#14529=CARTESIAN_POINT('',(137.431661103932,389.572378981244,101.908291347004));
#14530=CARTESIAN_POINT('Origin',(140.029737315285,389.572378981244,100.408291347004));
#14531=CARTESIAN_POINT('',(140.029737315285,389.572378981244,100.408291347004));
#14532=CARTESIAN_POINT('',(140.029737315285,389.572378981244,100.408291347004));
#14533=CARTESIAN_POINT('',(140.029737315285,392.572378981244,100.408291347004));
#14534=CARTESIAN_POINT('',(140.029737315285,392.572378981244,100.408291347004));
#14535=CARTESIAN_POINT('',(140.029737315285,389.572378981244,100.408291347004));
#14536=CARTESIAN_POINT('Origin',(140.029737315285,389.572378981244,97.4082913470043));
#14537=CARTESIAN_POINT('',(140.029737315285,389.572378981244,97.4082913470043));
#14538=CARTESIAN_POINT('',(140.029737315285,389.572378981244,97.4082913470043));
#14539=CARTESIAN_POINT('',(140.029737315285,392.572378981244,97.4082913470043));
#14540=CARTESIAN_POINT('',(140.029737315285,392.572378981244,97.4082913470043));
#14541=CARTESIAN_POINT('',(140.029737315285,389.572378981244,97.4082913470043));
#14542=CARTESIAN_POINT('Origin',(137.431661103932,389.572378981244,95.9082913470043));
#14543=CARTESIAN_POINT('',(137.431661103932,389.572378981244,95.9082913470043));
#14544=CARTESIAN_POINT('',(137.431661103932,389.572378981244,95.9082913470043));
#14545=CARTESIAN_POINT('',(137.431661103932,392.572378981244,95.9082913470043));
#14546=CARTESIAN_POINT('',(137.431661103932,392.572378981244,95.9082913470043));
#14547=CARTESIAN_POINT('',(137.431661103932,389.572378981244,95.9082913470043));
#14548=CARTESIAN_POINT('Origin',(136.825584892577,389.572378969821,96.2582096107792));
#14549=CARTESIAN_POINT('',(136.825584892577,389.572378969821,96.2582096107792));
#14550=CARTESIAN_POINT('',(134.833584892578,389.572378932277,97.4082913470043));
#14551=CARTESIAN_POINT('',(136.825584892577,392.572378969821,96.2582096107792));
#14552=CARTESIAN_POINT('',(134.833584892578,392.572378932277,97.4082913470043));
#14553=CARTESIAN_POINT('',(136.825584892577,389.572378969821,96.2582096107792));
#14554=CARTESIAN_POINT('Origin',(136.825584892577,389.572378240017,95.1035090723995));
#14555=CARTESIAN_POINT('',(136.825584892577,389.572378240017,95.1035090723995));
#14556=CARTESIAN_POINT('',(136.825584892578,389.572378240017,84.4912967307961));
#14557=CARTESIAN_POINT('',(136.825584892577,392.572378240017,95.1035090723995));
#14558=CARTESIAN_POINT('',(136.825584892578,392.572378240017,84.4912967307961));
#14559=CARTESIAN_POINT('',(136.825584892577,389.572378240017,95.1035090723995));
#14560=CARTESIAN_POINT('Origin',(136.931661103932,389.572378240017,95.0422659432196));
#14561=CARTESIAN_POINT('',(136.931661103932,389.572378240017,95.0422659432196));
#14562=CARTESIAN_POINT('',(136.931661103932,389.572378240017,95.0422659432196));
#14563=CARTESIAN_POINT('',(136.931661103932,392.572378240017,95.0422659432196));
#14564=CARTESIAN_POINT('',(136.931661103932,392.572378240017,95.0422659432196));
#14565=CARTESIAN_POINT('',(136.931661103932,389.572378240017,95.0422659432196));
#14566=CARTESIAN_POINT('Origin',(136.931661103932,389.572378240017,92.0422659432195));
#14567=CARTESIAN_POINT('',(136.931661103932,389.572378240017,92.0422659432195));
#14568=CARTESIAN_POINT('',(136.931661103932,389.572378240017,92.0422659432195));
#14569=CARTESIAN_POINT('',(136.931661103932,392.572378240017,92.0422659432196));
#14570=CARTESIAN_POINT('',(136.931661103932,392.572378240017,92.0422659432196));
#14571=CARTESIAN_POINT('',(136.931661103932,389.572378240017,92.0422659432195));
#14572=CARTESIAN_POINT('Origin',(136.825584892578,389.572378240017,91.9810228140398));
#14573=CARTESIAN_POINT('',(136.825584892578,389.572378240017,91.9810228140398));
#14574=CARTESIAN_POINT('',(134.333584892578,389.572378240017,90.5422659432196));
#14575=CARTESIAN_POINT('',(136.825584892578,392.572378240017,91.9810228140397));
#14576=CARTESIAN_POINT('',(134.333584892578,392.572378240017,90.5422659432196));
#14577=CARTESIAN_POINT('',(136.825584892578,389.572378240017,91.9810228140398));
#14578=CARTESIAN_POINT('Origin',(136.825584892578,389.572378240017,90.8263730832296));
#14579=CARTESIAN_POINT('',(136.825584892578,389.572378981244,90.8263730832296));
#14580=CARTESIAN_POINT('',(136.825584892578,389.572378240017,84.4912967307961));
#14581=CARTESIAN_POINT('',(136.825584892578,392.572378981244,90.8263730832296));
#14582=CARTESIAN_POINT('',(136.825584892578,392.572378240017,84.4912967307961));
#14583=CARTESIAN_POINT('',(136.825584892578,389.572378981244,90.8263730832296));
#14584=CARTESIAN_POINT('Origin',(137.431661103932,389.572378981245,91.1762913470043));
#14585=CARTESIAN_POINT('',(137.431661103932,389.572378981245,91.1762913470043));
#14586=CARTESIAN_POINT('',(137.431661103932,389.572378981245,91.1762913470043));
#14587=CARTESIAN_POINT('',(137.431661103932,392.572378981245,91.1762913470043));
#14588=CARTESIAN_POINT('',(137.431661103932,392.572378981245,91.1762913470043));
#14589=CARTESIAN_POINT('',(137.431661103932,389.572378981245,91.1762913470043));
#14590=CARTESIAN_POINT('Origin',(140.029737315285,389.572378981244,89.6762913470043));
#14591=CARTESIAN_POINT('',(140.029737315285,389.572378981244,89.6762913470043));
#14592=CARTESIAN_POINT('',(140.029737315285,389.572378981244,89.6762913470043));
#14593=CARTESIAN_POINT('',(140.029737315285,392.572378981244,89.6762913470043));
#14594=CARTESIAN_POINT('',(140.029737315285,392.572378981244,89.6762913470043));
#14595=CARTESIAN_POINT('',(140.029737315285,389.572378981244,89.6762913470043));
#14596=CARTESIAN_POINT('Origin',(140.029737315285,389.572378981244,86.6762913470043));
#14597=CARTESIAN_POINT('',(140.029737315285,389.572378981244,86.6762913470043));
#14598=CARTESIAN_POINT('',(140.029737315285,389.572378981244,86.6762913470043));
#14599=CARTESIAN_POINT('',(140.029737315285,392.572378981244,86.6762913470043));
#14600=CARTESIAN_POINT('',(140.029737315285,392.572378981244,86.6762913470043));
#14601=CARTESIAN_POINT('',(140.029737315285,389.572378981244,86.6762913470043));
#14602=CARTESIAN_POINT('Origin',(137.431661103932,389.572378981244,85.1762913470043));
#14603=CARTESIAN_POINT('',(137.431661103932,389.572378981244,85.1762913470043));
#14604=CARTESIAN_POINT('',(137.431661103932,389.572378981244,85.1762913470043));
#14605=CARTESIAN_POINT('',(137.431661103932,392.572378981244,85.1762913470043));
#14606=CARTESIAN_POINT('',(137.431661103932,392.572378981244,85.1762913470043));
#14607=CARTESIAN_POINT('',(137.431661103932,389.572378981244,85.1762913470043));
#14608=CARTESIAN_POINT('Origin',(136.825584892578,389.572378969822,85.5262096107789));
#14609=CARTESIAN_POINT('',(136.825584892578,389.572378969821,85.5262096107789));
#14610=CARTESIAN_POINT('',(134.833584892578,389.572378932277,86.6762913470043));
#14611=CARTESIAN_POINT('',(136.825584892578,392.572378969821,85.5262096107789));
#14612=CARTESIAN_POINT('',(134.833584892578,392.572378932277,86.6762913470043));
#14613=CARTESIAN_POINT('',(136.825584892578,389.572378969821,85.5262096107789));
#14614=CARTESIAN_POINT('Origin',(136.825584892578,389.572378240017,84.4912967307961));
#14615=CARTESIAN_POINT('',(136.825584892578,389.572378240017,84.4912967307961));
#14616=CARTESIAN_POINT('',(136.825584892578,389.572378240017,84.4912967307961));
#14617=CARTESIAN_POINT('',(136.825584892578,392.572378240017,84.4912967307961));
#14618=CARTESIAN_POINT('',(136.825584892578,392.572378240017,84.4912967307961));
#14619=CARTESIAN_POINT('',(136.825584892578,389.572378240017,84.4912967307961));
#14620=CARTESIAN_POINT('Origin',(138.225584892578,389.572378240017,84.4912967307962));
#14621=CARTESIAN_POINT('',(136.830990515352,389.572378240017,84.3683881346354));
#14622=CARTESIAN_POINT('Origin',(138.225584892578,389.572378240017,84.4912967307962));
#14623=CARTESIAN_POINT('',(136.830990515352,392.572378240017,84.3683881346353));
#14624=CARTESIAN_POINT('Origin',(138.225584892578,392.572378240017,84.4912967307962));
#14625=CARTESIAN_POINT('',(136.830990515352,389.572378240017,84.3683881346354));
#14626=CARTESIAN_POINT('Origin',(136.931661103932,389.572378240017,84.3102659432196));
#14627=CARTESIAN_POINT('',(136.931661103932,389.572378240017,84.3102659432196));
#14628=CARTESIAN_POINT('',(136.931661103932,389.572378240017,84.3102659432196));
#14629=CARTESIAN_POINT('',(136.931661103932,392.572378240017,84.3102659432196));
#14630=CARTESIAN_POINT('',(136.931661103932,392.572378240017,84.3102659432196));
#14631=CARTESIAN_POINT('',(136.931661103932,389.572378240017,84.3102659432196));
#14632=CARTESIAN_POINT('Origin',(136.931661103932,389.572378240017,83.9567303371884));
#14633=CARTESIAN_POINT('',(136.931661103932,389.572378240017,83.9567303371884));
#14634=CARTESIAN_POINT('',(136.931661103932,389.572378240017,81.3102659432195));
#14635=CARTESIAN_POINT('',(136.931661103932,392.572378240017,83.9567303371884));
#14636=CARTESIAN_POINT('',(136.931661103932,392.572378240017,81.3102659432196));
#14637=CARTESIAN_POINT('',(136.931661103932,389.572378240017,83.9567303371884));
#14638=CARTESIAN_POINT('Origin',(138.225584892578,389.572378240017,84.4912967307962));
#14639=CARTESIAN_POINT('',(137.931508681225,389.572378240017,83.1225311621482));
#14640=CARTESIAN_POINT('Origin',(138.225584892578,389.572378240017,84.4912967307962));
#14641=CARTESIAN_POINT('',(137.931508681225,392.572378240017,83.1225311621482));
#14642=CARTESIAN_POINT('Origin',(138.225584892578,392.572378240017,84.4912967307962));
#14643=CARTESIAN_POINT('',(137.931508681225,389.572378240017,83.1225311621482));
#14644=CARTESIAN_POINT('Origin',(137.931508681225,389.572378240017,84.3102659432196));
#14645=CARTESIAN_POINT('',(137.931508681225,389.572378240017,84.3102659432196));
#14646=CARTESIAN_POINT('',(137.931508681225,389.572378240017,84.3102659432196));
#14647=CARTESIAN_POINT('',(137.931508681225,392.572378240017,84.3102659432196));
#14648=CARTESIAN_POINT('',(137.931508681225,392.572378240017,84.3102659432196));
#14649=CARTESIAN_POINT('',(137.931508681225,389.572378240017,84.3102659432196));
#14650=CARTESIAN_POINT('Origin',(140.529584892578,389.572378240017,85.8102659432196));
#14651=CARTESIAN_POINT('',(140.529584892578,389.572378240017,85.8102659432196));
#14652=CARTESIAN_POINT('',(140.529584892578,389.572378240017,85.8102659432196));
#14653=CARTESIAN_POINT('',(140.529584892578,392.572378240017,85.8102659432196));
#14654=CARTESIAN_POINT('',(140.529584892578,392.572378240017,85.8102659432196));
#14655=CARTESIAN_POINT('',(140.529584892578,389.572378240017,85.8102659432196));
#14656=CARTESIAN_POINT('Origin',(141.919845737346,389.572378240017,85.0075984702492));
#14657=CARTESIAN_POINT('',(141.919845737346,389.572378240017,85.0075984702492));
#14658=CARTESIAN_POINT('',(143.127661103932,389.572378240017,84.3102659432196));
#14659=CARTESIAN_POINT('',(141.919845737346,392.572378240017,85.0075984702492));
#14660=CARTESIAN_POINT('',(143.127661103932,392.572378240017,84.3102659432196));
#14661=CARTESIAN_POINT('',(141.919845737346,389.572378240017,85.0075984702492));
#14662=CARTESIAN_POINT('Origin',(142.919845737346,389.572378240017,85.5849487394391));
#14663=CARTESIAN_POINT('',(142.919845737346,389.572378967904,85.5849487394391));
#14664=CARTESIAN_POINT('',(143.925584892577,389.572378240017,86.1656125114463));
#14665=CARTESIAN_POINT('',(142.919845737346,392.572378967904,85.5849487394391));
#14666=CARTESIAN_POINT('',(143.925584892577,392.572378240017,86.1656125114463));
#14667=CARTESIAN_POINT('',(142.919845737346,389.572378967904,85.5849487394391));
#14668=CARTESIAN_POINT('Origin',(141.029584892578,389.572378932277,86.6762913470043));
#14669=CARTESIAN_POINT('',(141.029584892578,389.572378932277,86.6762913470043));
#14670=CARTESIAN_POINT('',(141.029584892578,389.572378932277,86.6762913470043));
#14671=CARTESIAN_POINT('',(141.029584892578,392.572378932277,86.6762913470043));
#14672=CARTESIAN_POINT('',(141.029584892578,392.572378932277,86.6762913470043));
#14673=CARTESIAN_POINT('',(141.029584892578,389.572378932277,86.6762913470043));
#14674=CARTESIAN_POINT('Origin',(141.029584892578,389.572378981244,89.6762913470043));
#14675=CARTESIAN_POINT('',(141.029584892578,389.572378981244,89.6762913470043));
#14676=CARTESIAN_POINT('',(141.029584892578,389.572378981244,89.6762913470043));
#14677=CARTESIAN_POINT('',(141.029584892578,392.572378981244,89.6762913470043));
#14678=CARTESIAN_POINT('',(141.029584892578,392.572378981244,89.6762913470043));
#14679=CARTESIAN_POINT('',(141.029584892578,389.572378981244,89.6762913470043));
#14680=CARTESIAN_POINT('Origin',(143.627661103932,389.572378981245,91.1762913470043));
#14681=CARTESIAN_POINT('',(143.627661103932,389.572378981245,91.1762913470043));
#14682=CARTESIAN_POINT('',(143.627661103932,389.572378981245,91.1762913470043));
#14683=CARTESIAN_POINT('',(143.627661103932,392.572378981245,91.1762913470043));
#14684=CARTESIAN_POINT('',(143.627661103932,392.572378981245,91.1762913470043));
#14685=CARTESIAN_POINT('',(143.627661103932,389.572378981245,91.1762913470043));
#14686=CARTESIAN_POINT('Origin',(145.625584892577,389.572378981244,90.0227895098096));
#14687=CARTESIAN_POINT('',(145.625584892577,389.572378981245,90.0227895098096));
#14688=CARTESIAN_POINT('',(146.225737315285,389.572378981244,89.6762913470043));
#14689=CARTESIAN_POINT('',(145.625584892577,392.572378981245,90.0227895098095));
#14690=CARTESIAN_POINT('',(146.225737315285,392.572378981244,89.6762913470043));
#14691=CARTESIAN_POINT('',(145.625584892577,389.572378981245,90.0227895098096));
#14692=CARTESIAN_POINT('Origin',(145.625584892577,389.572378240017,91.1773512393289));
#14693=CARTESIAN_POINT('',(145.625584892577,389.572378240017,91.1773512393289));
#14694=CARTESIAN_POINT('',(145.625584892577,389.572378240017,98.3477031913476));
#14695=CARTESIAN_POINT('',(145.625584892577,392.572378240017,91.1773512393289));
#14696=CARTESIAN_POINT('',(145.625584892577,392.572378240017,98.3477031913476));
#14697=CARTESIAN_POINT('',(145.625584892577,389.572378240017,91.1773512393289));
#14698=CARTESIAN_POINT('Origin',(144.127508681225,389.572378240017,92.0422659432196));
#14699=CARTESIAN_POINT('',(144.127508681225,389.572378240017,92.0422659432196));
#14700=CARTESIAN_POINT('',(144.127508681225,389.572378240017,92.0422659432196));
#14701=CARTESIAN_POINT('',(144.127508681225,392.572378240017,92.0422659432196));
#14702=CARTESIAN_POINT('',(144.127508681225,392.572378240017,92.0422659432196));
#14703=CARTESIAN_POINT('',(144.127508681225,389.572378240017,92.0422659432196));
#14704=CARTESIAN_POINT('Origin',(144.127508681225,389.572378240017,95.0422659432196));
#14705=CARTESIAN_POINT('',(144.127508681225,389.572378240017,95.0422659432196));
#14706=CARTESIAN_POINT('',(144.127508681225,389.572378240017,95.0422659432196));
#14707=CARTESIAN_POINT('',(144.127508681225,392.572378240017,95.0422659432196));
#14708=CARTESIAN_POINT('',(144.127508681225,392.572378240017,95.0422659432196));
#14709=CARTESIAN_POINT('',(144.127508681225,389.572378240017,95.0422659432196));
#14710=CARTESIAN_POINT('Origin',(145.625584892577,389.572378240017,95.9071806471103));
#14711=CARTESIAN_POINT('',(145.625584892577,389.572378240017,95.9071806471103));
#14712=CARTESIAN_POINT('',(146.725584892578,389.572378240017,96.5422659432196));
#14713=CARTESIAN_POINT('',(145.625584892577,392.572378240017,95.9071806471103));
#14714=CARTESIAN_POINT('',(146.725584892578,392.572378240017,96.5422659432196));
#14715=CARTESIAN_POINT('',(145.625584892577,389.572378240017,95.9071806471103));
#14716=CARTESIAN_POINT('Origin',(145.625584892577,389.572378240017,97.061793184199));
#14717=CARTESIAN_POINT('',(145.625584892577,389.572378981244,97.061793184199));
#14718=CARTESIAN_POINT('',(145.625584892577,389.572378240017,98.3477031913476));
#14719=CARTESIAN_POINT('',(145.625584892577,392.572378981244,97.061793184199));
#14720=CARTESIAN_POINT('',(145.625584892577,392.572378240017,98.3477031913476));
#14721=CARTESIAN_POINT('',(145.625584892577,389.572378981244,97.061793184199));
#14722=CARTESIAN_POINT('Origin',(143.627661103932,389.572378981244,95.9082913470043));
#14723=CARTESIAN_POINT('',(143.627661103932,389.572378981244,95.9082913470043));
#14724=CARTESIAN_POINT('',(143.627661103932,389.572378981244,95.9082913470043));
#14725=CARTESIAN_POINT('',(143.627661103932,392.572378981244,95.9082913470043));
#14726=CARTESIAN_POINT('',(143.627661103932,392.572378981244,95.9082913470043));
#14727=CARTESIAN_POINT('',(143.627661103932,389.572378981244,95.9082913470043));
#14728=CARTESIAN_POINT('Origin',(141.029584892578,389.572378932277,97.4082913470043));
#14729=CARTESIAN_POINT('',(141.029584892578,389.572378932277,97.4082913470043));
#14730=CARTESIAN_POINT('',(141.029584892578,389.572378932277,97.4082913470043));
#14731=CARTESIAN_POINT('',(141.029584892578,392.572378932277,97.4082913470043));
#14732=CARTESIAN_POINT('',(141.029584892578,392.572378932277,97.4082913470043));
#14733=CARTESIAN_POINT('',(141.029584892578,389.572378932277,97.4082913470043));
#14734=CARTESIAN_POINT('Origin',(141.029584892578,389.572378981244,100.408291347004));
#14735=CARTESIAN_POINT('',(141.029584892578,389.572378981244,100.408291347004));
#14736=CARTESIAN_POINT('',(141.029584892578,389.572378981244,100.408291347004));
#14737=CARTESIAN_POINT('',(141.029584892578,392.572378981244,100.408291347004));
#14738=CARTESIAN_POINT('',(141.029584892578,392.572378981244,100.408291347004));
#14739=CARTESIAN_POINT('',(141.029584892578,389.572378981244,100.408291347004));
#14740=CARTESIAN_POINT('Origin',(143.243063203042,389.572378981245,101.686243645396));
#14741=CARTESIAN_POINT('',(143.243063203042,389.572378981245,101.686243645396));
#14742=CARTESIAN_POINT('',(143.627661103932,389.572378981245,101.908291347004));
#14743=CARTESIAN_POINT('',(143.243063203042,392.572378981245,101.686243645396));
#14744=CARTESIAN_POINT('',(143.627661103932,392.572378981245,101.908291347004));
#14745=CARTESIAN_POINT('',(143.243063203042,389.572378981245,101.686243645396));
#14746=CARTESIAN_POINT('Origin',(142.243107203687,389.572378240017,102.263568510801));
#14747=CARTESIAN_POINT('',(142.243107203687,389.572378240017,102.263568510801));
#14748=CARTESIAN_POINT('',(138.925584892577,389.572378240017,104.178940910162));
#14749=CARTESIAN_POINT('',(142.243107203687,392.572378240017,102.263568510801));
#14750=CARTESIAN_POINT('',(138.925584892577,392.572378240017,104.178940910162));
#14751=CARTESIAN_POINT('',(142.243107203687,389.572378240017,102.263568510801));
#14752=CARTESIAN_POINT('Origin',(140.529584892578,389.572378240017,101.27426594322));
#14753=CARTESIAN_POINT('',(140.529584892578,389.572378240017,101.27426594322));
#14754=CARTESIAN_POINT('',(140.529584892578,389.572378240017,101.27426594322));
#14755=CARTESIAN_POINT('',(140.529584892578,392.572378240017,101.27426594322));
#14756=CARTESIAN_POINT('',(140.529584892578,392.572378240017,101.27426594322));
#14757=CARTESIAN_POINT('',(140.529584892578,389.572378240017,101.27426594322));
#14758=CARTESIAN_POINT('Origin',(137.931508681225,389.572378240017,102.77426594322));
#14759=CARTESIAN_POINT('',(137.931508681225,389.572378240017,102.77426594322));
#14760=CARTESIAN_POINT('',(137.931508681225,389.572378240017,102.77426594322));
#14761=CARTESIAN_POINT('',(137.931508681225,392.572378240017,102.77426594322));
#14762=CARTESIAN_POINT('',(137.931508681225,392.572378240017,102.77426594322));
#14763=CARTESIAN_POINT('',(137.931508681225,389.572378240017,102.77426594322));
#14764=CARTESIAN_POINT('Origin',(137.931508681225,389.572378240017,104.335270913512));
#14765=CARTESIAN_POINT('',(137.931508681225,389.572378240017,104.335270913512));
#14766=CARTESIAN_POINT('',(137.931508681225,389.572378240017,105.77426594322));
#14767=CARTESIAN_POINT('',(137.931508681225,392.572378240017,104.335270913512));
#14768=CARTESIAN_POINT('',(137.931508681225,392.572378240017,105.77426594322));
#14769=CARTESIAN_POINT('',(137.931508681225,389.572378240017,104.335270913512));
#14770=CARTESIAN_POINT('Origin',(138.225584892577,389.572378240017,102.966505344864));
#14771=CARTESIAN_POINT('',(136.931661103932,389.572378240017,103.501071738474));
#14772=CARTESIAN_POINT('Origin',(138.225584892577,389.572378240017,102.966505344864));
#14773=CARTESIAN_POINT('',(136.931661103932,392.572378240017,103.501071738474));
#14774=CARTESIAN_POINT('Origin',(138.225584892577,392.572378240017,102.966505344864));
#14775=CARTESIAN_POINT('',(136.931661103932,389.572378240017,103.501071738474));
#14776=CARTESIAN_POINT('Origin',(136.931661103932,389.572378240017,102.77426594322));
#14777=CARTESIAN_POINT('',(136.931661103932,389.572378240017,102.77426594322));
#14778=CARTESIAN_POINT('',(136.931661103932,392.572378240017,102.77426594322));
#14779=CARTESIAN_POINT('Origin',(189.780546786901,389.572378981244,80.1272786451119));
#14780=CARTESIAN_POINT('Origin',(189.780546786901,392.572378981244,80.1272786451119));
#14781=CARTESIAN_POINT('Origin',(155.519661103932,389.572378240017,70.5782659432196));
#14782=CARTESIAN_POINT('',(155.519661103932,389.572378240017,70.5782659432196));
#14783=CARTESIAN_POINT('',(155.519661103932,389.572378240017,73.5782659432196));
#14784=CARTESIAN_POINT('',(155.519661103932,389.572378240017,70.5782659432196));
#14785=CARTESIAN_POINT('',(155.519661103932,392.572378240017,73.5782659432196));
#14786=CARTESIAN_POINT('',(155.519661103932,389.572378240017,73.5782659432196));
#14787=CARTESIAN_POINT('',(155.519661103932,392.572378240017,70.5782659432196));
#14788=CARTESIAN_POINT('',(155.519661103932,392.572378240017,70.5782659432196));
#14789=CARTESIAN_POINT('',(155.519661103932,389.572378240017,70.5782659432196));
#14790=CARTESIAN_POINT('Origin',(152.921584892578,389.572378240017,69.0782659432196));
#14791=CARTESIAN_POINT('',(152.921584892578,389.572378240017,69.0782659432196));
#14792=CARTESIAN_POINT('',(152.921584892578,389.572378240017,69.0782659432196));
#14793=CARTESIAN_POINT('',(152.921584892578,392.572378240017,69.0782659432196));
#14794=CARTESIAN_POINT('',(152.921584892578,392.572378240017,69.0782659432196));
#14795=CARTESIAN_POINT('',(152.921584892578,389.572378240017,69.0782659432196));
#14796=CARTESIAN_POINT('Origin',(150.323508681225,389.572378240017,70.5782659432196));
#14797=CARTESIAN_POINT('',(150.323508681225,389.572378240017,70.5782659432196));
#14798=CARTESIAN_POINT('',(150.323508681225,389.572378240017,70.5782659432196));
#14799=CARTESIAN_POINT('',(150.323508681225,392.572378240017,70.5782659432196));
#14800=CARTESIAN_POINT('',(150.323508681225,392.572378240017,70.5782659432196));
#14801=CARTESIAN_POINT('',(150.323508681225,389.572378240017,70.5782659432196));
#14802=CARTESIAN_POINT('Origin',(150.323508681225,389.572378240017,73.5782659432196));
#14803=CARTESIAN_POINT('',(150.323508681225,389.572378240017,73.5782659432196));
#14804=CARTESIAN_POINT('',(150.323508681225,389.572378240017,73.5782659432196));
#14805=CARTESIAN_POINT('',(150.323508681225,392.572378240017,73.5782659432196));
#14806=CARTESIAN_POINT('',(150.323508681225,392.572378240017,73.5782659432196));
#14807=CARTESIAN_POINT('',(150.323508681225,389.572378240017,73.5782659432196));
#14808=CARTESIAN_POINT('Origin',(152.921584892578,389.572378240017,75.0782659432196));
#14809=CARTESIAN_POINT('',(152.921584892578,389.572378240017,75.0782659432196));
#14810=CARTESIAN_POINT('',(152.921584892578,389.572378240017,75.0782659432196));
#14811=CARTESIAN_POINT('',(152.921584892578,392.572378240017,75.0782659432196));
#14812=CARTESIAN_POINT('',(152.921584892578,392.572378240017,75.0782659432196));
#14813=CARTESIAN_POINT('',(152.921584892578,389.572378240017,75.0782659432196));
#14814=CARTESIAN_POINT('Origin',(155.519661103932,389.572378240017,73.5782659432196));
#14815=CARTESIAN_POINT('',(155.519661103932,389.572378240017,73.5782659432196));
#14816=CARTESIAN_POINT('',(155.519661103932,392.572378240017,73.5782659432196));
#14817=CARTESIAN_POINT('Origin',(143.127661103932,389.572378240017,70.5782659432195));
#14818=CARTESIAN_POINT('',(143.127661103932,389.572378240017,70.5782659432195));
#14819=CARTESIAN_POINT('',(143.127661103932,389.572378240017,73.5782659432196));
#14820=CARTESIAN_POINT('',(143.127661103932,389.572378240017,70.5782659432195));
#14821=CARTESIAN_POINT('',(143.127661103932,392.572378240017,73.5782659432196));
#14822=CARTESIAN_POINT('',(143.127661103932,389.572378240017,73.5782659432196));
#14823=CARTESIAN_POINT('',(143.127661103932,392.572378240017,70.5782659432195));
#14824=CARTESIAN_POINT('',(143.127661103932,392.572378240017,70.5782659432195));
#14825=CARTESIAN_POINT('',(143.127661103932,389.572378240017,70.5782659432195));
#14826=CARTESIAN_POINT('Origin',(140.529584892578,389.572378240017,69.0782659432196));
#14827=CARTESIAN_POINT('',(140.529584892578,389.572378240017,69.0782659432196));
#14828=CARTESIAN_POINT('',(140.529584892578,389.572378240017,69.0782659432196));
#14829=CARTESIAN_POINT('',(140.529584892578,392.572378240017,69.0782659432196));
#14830=CARTESIAN_POINT('',(140.529584892578,392.572378240017,69.0782659432196));
#14831=CARTESIAN_POINT('',(140.529584892578,389.572378240017,69.0782659432196));
#14832=CARTESIAN_POINT('Origin',(137.931508681225,389.572378240017,70.5782659432196));
#14833=CARTESIAN_POINT('',(137.931508681225,389.572378240017,70.5782659432196));
#14834=CARTESIAN_POINT('',(137.931508681225,389.572378240017,70.5782659432196));
#14835=CARTESIAN_POINT('',(137.931508681225,392.572378240017,70.5782659432196));
#14836=CARTESIAN_POINT('',(137.931508681225,392.572378240017,70.5782659432196));
#14837=CARTESIAN_POINT('',(137.931508681225,389.572378240017,70.5782659432196));
#14838=CARTESIAN_POINT('Origin',(137.931508681225,389.572378240017,73.5782659432196));
#14839=CARTESIAN_POINT('',(137.931508681225,389.572378240017,73.5782659432196));
#14840=CARTESIAN_POINT('',(137.931508681225,389.572378240017,73.5782659432196));
#14841=CARTESIAN_POINT('',(137.931508681225,392.572378240017,73.5782659432196));
#14842=CARTESIAN_POINT('',(137.931508681225,392.572378240017,73.5782659432196));
#14843=CARTESIAN_POINT('',(137.931508681225,389.572378240017,73.5782659432196));
#14844=CARTESIAN_POINT('Origin',(140.529584892578,389.572378240017,75.0782659432196));
#14845=CARTESIAN_POINT('',(140.529584892578,389.572378240017,75.0782659432196));
#14846=CARTESIAN_POINT('',(140.529584892578,389.572378240017,75.0782659432196));
#14847=CARTESIAN_POINT('',(140.529584892578,392.572378240017,75.0782659432196));
#14848=CARTESIAN_POINT('',(140.529584892578,392.572378240017,75.0782659432196));
#14849=CARTESIAN_POINT('',(140.529584892578,389.572378240017,75.0782659432196));
#14850=CARTESIAN_POINT('Origin',(143.127661103932,389.572378240017,73.5782659432196));
#14851=CARTESIAN_POINT('',(143.127661103932,389.572378240017,73.5782659432196));
#14852=CARTESIAN_POINT('',(143.127661103932,392.572378240017,73.5782659432196));
#14853=CARTESIAN_POINT('Origin',(146.225737315285,389.572378981245,75.9442913470043));
#14854=CARTESIAN_POINT('',(146.225737315285,389.572378981245,75.9442913470043));
#14855=CARTESIAN_POINT('',(146.225737315285,389.572378981244,78.9442913470043));
#14856=CARTESIAN_POINT('',(146.225737315285,389.572378981245,75.9442913470043));
#14857=CARTESIAN_POINT('',(146.225737315285,392.572378981244,78.9442913470043));
#14858=CARTESIAN_POINT('',(146.225737315285,389.572378981244,78.9442913470043));
#14859=CARTESIAN_POINT('',(146.225737315285,392.572378981245,75.9442913470043));
#14860=CARTESIAN_POINT('',(146.225737315285,392.572378981245,75.9442913470043));
#14861=CARTESIAN_POINT('',(146.225737315285,389.572378981245,75.9442913470043));
#14862=CARTESIAN_POINT('Origin',(143.627661103932,389.572378981244,74.4442913470043));
#14863=CARTESIAN_POINT('',(143.627661103932,389.572378981244,74.4442913470043));
#14864=CARTESIAN_POINT('',(143.627661103932,389.572378981244,74.4442913470043));
#14865=CARTESIAN_POINT('',(143.627661103932,392.572378981244,74.4442913470043));
#14866=CARTESIAN_POINT('',(143.627661103932,392.572378981244,74.4442913470043));
#14867=CARTESIAN_POINT('',(143.627661103932,389.572378981244,74.4442913470043));
#14868=CARTESIAN_POINT('Origin',(141.029584892578,389.572378932277,75.9442913470043));
#14869=CARTESIAN_POINT('',(141.029584892578,389.572378932277,75.9442913470043));
#14870=CARTESIAN_POINT('',(141.029584892578,389.572378932277,75.9442913470043));
#14871=CARTESIAN_POINT('',(141.029584892578,392.572378932277,75.9442913470043));
#14872=CARTESIAN_POINT('',(141.029584892578,392.572378932277,75.9442913470043));
#14873=CARTESIAN_POINT('',(141.029584892578,389.572378932277,75.9442913470043));
#14874=CARTESIAN_POINT('Origin',(141.029584892578,389.572378981244,78.9442913470043));
#14875=CARTESIAN_POINT('',(141.029584892578,389.572378981244,78.9442913470043));
#14876=CARTESIAN_POINT('',(141.029584892578,389.572378981244,78.9442913470043));
#14877=CARTESIAN_POINT('',(141.029584892578,392.572378981244,78.9442913470043));
#14878=CARTESIAN_POINT('',(141.029584892578,392.572378981244,78.9442913470043));
#14879=CARTESIAN_POINT('',(141.029584892578,389.572378981244,78.9442913470043));
#14880=CARTESIAN_POINT('Origin',(143.627661103932,389.572378981244,80.4442913470043));
#14881=CARTESIAN_POINT('',(143.627661103932,389.572378981244,80.4442913470043));
#14882=CARTESIAN_POINT('',(143.627661103932,389.572378981244,80.4442913470043));
#14883=CARTESIAN_POINT('',(143.627661103932,392.572378981244,80.4442913470043));
#14884=CARTESIAN_POINT('',(143.627661103932,392.572378981244,80.4442913470043));
#14885=CARTESIAN_POINT('',(143.627661103932,389.572378981244,80.4442913470043));
#14886=CARTESIAN_POINT('Origin',(146.225737315285,389.572378981244,78.9442913470043));
#14887=CARTESIAN_POINT('',(146.225737315285,389.572378981244,78.9442913470043));
#14888=CARTESIAN_POINT('',(146.225737315285,392.572378981244,78.9442913470043));
#14889=CARTESIAN_POINT('Origin',(152.421737315285,389.572378981244,65.2122913470043));
#14890=CARTESIAN_POINT('',(152.421737315285,389.572378981244,65.2122913470043));
#14891=CARTESIAN_POINT('',(152.421737315285,389.572378981245,68.2122913470043));
#14892=CARTESIAN_POINT('',(152.421737315285,389.572378981244,65.2122913470043));
#14893=CARTESIAN_POINT('',(152.421737315285,392.572378981245,68.2122913470043));
#14894=CARTESIAN_POINT('',(152.421737315285,389.572378981245,68.2122913470043));
#14895=CARTESIAN_POINT('',(152.421737315285,392.572378981244,65.2122913470043));
#14896=CARTESIAN_POINT('',(152.421737315285,392.572378981244,65.2122913470043));
#14897=CARTESIAN_POINT('',(152.421737315285,389.572378981244,65.2122913470043));
#14898=CARTESIAN_POINT('Origin',(149.823661103932,389.572378981244,63.7122913470043));
#14899=CARTESIAN_POINT('',(149.823661103932,389.572378981244,63.7122913470043));
#14900=CARTESIAN_POINT('',(149.823661103932,389.572378981244,63.7122913470043));
#14901=CARTESIAN_POINT('',(149.823661103932,392.572378981244,63.7122913470043));
#14902=CARTESIAN_POINT('',(149.823661103932,392.572378981244,63.7122913470043));
#14903=CARTESIAN_POINT('',(149.823661103932,389.572378981244,63.7122913470043));
#14904=CARTESIAN_POINT('Origin',(147.225584892578,389.572378932277,65.2122913470043));
#14905=CARTESIAN_POINT('',(147.225584892578,389.572378932277,65.2122913470043));
#14906=CARTESIAN_POINT('',(147.225584892578,389.572378932277,65.2122913470043));
#14907=CARTESIAN_POINT('',(147.225584892578,392.572378932277,65.2122913470043));
#14908=CARTESIAN_POINT('',(147.225584892578,392.572378932277,65.2122913470043));
#14909=CARTESIAN_POINT('',(147.225584892578,389.572378932277,65.2122913470043));
#14910=CARTESIAN_POINT('Origin',(147.225584892578,389.572378981245,68.2122913470043));
#14911=CARTESIAN_POINT('',(147.225584892578,389.572378981245,68.2122913470043));
#14912=CARTESIAN_POINT('',(147.225584892578,389.572378981245,68.2122913470043));
#14913=CARTESIAN_POINT('',(147.225584892578,392.572378981245,68.2122913470043));
#14914=CARTESIAN_POINT('',(147.225584892578,392.572378981245,68.2122913470043));
#14915=CARTESIAN_POINT('',(147.225584892578,389.572378981245,68.2122913470043));
#14916=CARTESIAN_POINT('Origin',(149.823661103932,389.572378981244,69.7122913470043));
#14917=CARTESIAN_POINT('',(149.823661103932,389.572378981244,69.7122913470043));
#14918=CARTESIAN_POINT('',(149.823661103932,389.572378981244,69.7122913470043));
#14919=CARTESIAN_POINT('',(149.823661103932,392.572378981244,69.7122913470043));
#14920=CARTESIAN_POINT('',(149.823661103932,392.572378981244,69.7122913470043));
#14921=CARTESIAN_POINT('',(149.823661103932,389.572378981244,69.7122913470043));
#14922=CARTESIAN_POINT('Origin',(152.421737315285,389.572378981245,68.2122913470043));
#14923=CARTESIAN_POINT('',(152.421737315285,389.572378981245,68.2122913470043));
#14924=CARTESIAN_POINT('',(152.421737315285,392.572378981245,68.2122913470043));
#14925=CARTESIAN_POINT('Origin',(146.225737315285,389.572378981244,65.2122913470043));
#14926=CARTESIAN_POINT('',(146.225737315285,389.572378981244,65.2122913470043));
#14927=CARTESIAN_POINT('',(146.225737315285,389.572378981245,68.2122913470043));
#14928=CARTESIAN_POINT('',(146.225737315285,389.572378981244,65.2122913470043));
#14929=CARTESIAN_POINT('',(146.225737315285,392.572378981245,68.2122913470043));
#14930=CARTESIAN_POINT('',(146.225737315285,389.572378981245,68.2122913470043));
#14931=CARTESIAN_POINT('',(146.225737315285,392.572378981244,65.2122913470043));
#14932=CARTESIAN_POINT('',(146.225737315285,392.572378981244,65.2122913470043));
#14933=CARTESIAN_POINT('',(146.225737315285,389.572378981244,65.2122913470043));
#14934=CARTESIAN_POINT('Origin',(143.627661103932,389.572378981244,63.7122913470043));
#14935=CARTESIAN_POINT('',(143.627661103932,389.572378981244,63.7122913470043));
#14936=CARTESIAN_POINT('',(143.627661103932,389.572378981244,63.7122913470043));
#14937=CARTESIAN_POINT('',(143.627661103932,392.572378981244,63.7122913470043));
#14938=CARTESIAN_POINT('',(143.627661103932,392.572378981244,63.7122913470043));
#14939=CARTESIAN_POINT('',(143.627661103932,389.572378981244,63.7122913470043));
#14940=CARTESIAN_POINT('Origin',(141.029584892578,389.572378932277,65.2122913470043));
#14941=CARTESIAN_POINT('',(141.029584892578,389.572378932277,65.2122913470043));
#14942=CARTESIAN_POINT('',(141.029584892578,389.572378932277,65.2122913470043));
#14943=CARTESIAN_POINT('',(141.029584892578,392.572378932277,65.2122913470043));
#14944=CARTESIAN_POINT('',(141.029584892578,392.572378932277,65.2122913470043));
#14945=CARTESIAN_POINT('',(141.029584892578,389.572378932277,65.2122913470043));
#14946=CARTESIAN_POINT('Origin',(141.029584892578,389.572378981245,68.2122913470043));
#14947=CARTESIAN_POINT('',(141.029584892578,389.572378981245,68.2122913470043));
#14948=CARTESIAN_POINT('',(141.029584892578,389.572378981245,68.2122913470043));
#14949=CARTESIAN_POINT('',(141.029584892578,392.572378981245,68.2122913470043));
#14950=CARTESIAN_POINT('',(141.029584892578,392.572378981245,68.2122913470043));
#14951=CARTESIAN_POINT('',(141.029584892578,389.572378981245,68.2122913470043));
#14952=CARTESIAN_POINT('Origin',(143.627661103932,389.572378981244,69.7122913470043));
#14953=CARTESIAN_POINT('',(143.627661103932,389.572378981244,69.7122913470043));
#14954=CARTESIAN_POINT('',(143.627661103932,389.572378981244,69.7122913470043));
#14955=CARTESIAN_POINT('',(143.627661103932,392.572378981244,69.7122913470043));
#14956=CARTESIAN_POINT('',(143.627661103932,392.572378981244,69.7122913470043));
#14957=CARTESIAN_POINT('',(143.627661103932,389.572378981244,69.7122913470043));
#14958=CARTESIAN_POINT('Origin',(146.225737315285,389.572378981245,68.2122913470043));
#14959=CARTESIAN_POINT('',(146.225737315285,389.572378981245,68.2122913470043));
#14960=CARTESIAN_POINT('',(146.225737315285,392.572378981245,68.2122913470043));
#14961=CARTESIAN_POINT('Origin',(149.323661103932,389.572378240017,70.5782659432195));
#14962=CARTESIAN_POINT('',(149.323661103932,389.572378240017,70.5782659432195));
#14963=CARTESIAN_POINT('',(149.323661103932,389.572378240017,73.5782659432196));
#14964=CARTESIAN_POINT('',(149.323661103932,389.572378240017,70.5782659432195));
#14965=CARTESIAN_POINT('',(149.323661103932,392.572378240017,73.5782659432196));
#14966=CARTESIAN_POINT('',(149.323661103932,389.572378240017,73.5782659432196));
#14967=CARTESIAN_POINT('',(149.323661103932,392.572378240017,70.5782659432195));
#14968=CARTESIAN_POINT('',(149.323661103932,392.572378240017,70.5782659432195));
#14969=CARTESIAN_POINT('',(149.323661103932,389.572378240017,70.5782659432195));
#14970=CARTESIAN_POINT('Origin',(146.725584892578,389.572378240017,69.0782659432196));
#14971=CARTESIAN_POINT('',(146.725584892578,389.572378240017,69.0782659432196));
#14972=CARTESIAN_POINT('',(146.725584892578,389.572378240017,69.0782659432196));
#14973=CARTESIAN_POINT('',(146.725584892578,392.572378240017,69.0782659432196));
#14974=CARTESIAN_POINT('',(146.725584892578,392.572378240017,69.0782659432196));
#14975=CARTESIAN_POINT('',(146.725584892578,389.572378240017,69.0782659432196));
#14976=CARTESIAN_POINT('Origin',(144.127508681225,389.572378240017,70.5782659432196));
#14977=CARTESIAN_POINT('',(144.127508681225,389.572378240017,70.5782659432196));
#14978=CARTESIAN_POINT('',(144.127508681225,389.572378240017,70.5782659432196));
#14979=CARTESIAN_POINT('',(144.127508681225,392.572378240017,70.5782659432196));
#14980=CARTESIAN_POINT('',(144.127508681225,392.572378240017,70.5782659432196));
#14981=CARTESIAN_POINT('',(144.127508681225,389.572378240017,70.5782659432196));
#14982=CARTESIAN_POINT('Origin',(144.127508681225,389.572378240017,73.5782659432196));
#14983=CARTESIAN_POINT('',(144.127508681225,389.572378240017,73.5782659432196));
#14984=CARTESIAN_POINT('',(144.127508681225,389.572378240017,73.5782659432196));
#14985=CARTESIAN_POINT('',(144.127508681225,392.572378240017,73.5782659432196));
#14986=CARTESIAN_POINT('',(144.127508681225,392.572378240017,73.5782659432196));
#14987=CARTESIAN_POINT('',(144.127508681225,389.572378240017,73.5782659432196));
#14988=CARTESIAN_POINT('Origin',(146.725584892578,389.572378240017,75.0782659432196));
#14989=CARTESIAN_POINT('',(146.725584892578,389.572378240017,75.0782659432196));
#14990=CARTESIAN_POINT('',(146.725584892578,389.572378240017,75.0782659432196));
#14991=CARTESIAN_POINT('',(146.725584892578,392.572378240017,75.0782659432196));
#14992=CARTESIAN_POINT('',(146.725584892578,392.572378240017,75.0782659432196));
#14993=CARTESIAN_POINT('',(146.725584892578,389.572378240017,75.0782659432196));
#14994=CARTESIAN_POINT('Origin',(149.323661103932,389.572378240017,73.5782659432196));
#14995=CARTESIAN_POINT('',(149.323661103932,389.572378240017,73.5782659432196));
#14996=CARTESIAN_POINT('',(149.323661103932,392.572378240017,73.5782659432196));
#14997=CARTESIAN_POINT('Origin',(149.823661103932,389.572378981244,80.4442913470043));
#14998=CARTESIAN_POINT('',(149.823661103932,389.572378981244,80.4442913470043));
#14999=CARTESIAN_POINT('',(147.225584892578,389.572378981244,78.9442913470043));
#15000=CARTESIAN_POINT('',(149.823661103932,389.572378981244,80.4442913470043));
#15001=CARTESIAN_POINT('',(147.225584892578,392.572378981244,78.9442913470043));
#15002=CARTESIAN_POINT('',(147.225584892578,389.572378981244,78.9442913470043));
#15003=CARTESIAN_POINT('',(149.823661103932,392.572378981244,80.4442913470043));
#15004=CARTESIAN_POINT('',(149.823661103932,392.572378981244,80.4442913470043));
#15005=CARTESIAN_POINT('',(149.823661103932,389.572378981244,80.4442913470043));
#15006=CARTESIAN_POINT('Origin',(152.421737315285,389.572378981245,78.9442913470043));
#15007=CARTESIAN_POINT('',(152.421737315285,389.572378981245,78.9442913470043));
#15008=CARTESIAN_POINT('',(152.421737315285,389.572378981245,78.9442913470043));
#15009=CARTESIAN_POINT('',(152.421737315285,392.572378981245,78.9442913470043));
#15010=CARTESIAN_POINT('',(152.421737315285,392.572378981245,78.9442913470043));
#15011=CARTESIAN_POINT('',(152.421737315285,389.572378981245,78.9442913470043));
#15012=CARTESIAN_POINT('Origin',(152.421737315285,389.572378981245,75.9442913470043));
#15013=CARTESIAN_POINT('',(152.421737315285,389.572378981245,75.9442913470043));
#15014=CARTESIAN_POINT('',(152.421737315285,389.572378981245,75.9442913470043));
#15015=CARTESIAN_POINT('',(152.421737315285,392.572378981245,75.9442913470043));
#15016=CARTESIAN_POINT('',(152.421737315285,392.572378981245,75.9442913470043));
#15017=CARTESIAN_POINT('',(152.421737315285,389.572378981245,75.9442913470043));
#15018=CARTESIAN_POINT('Origin',(149.823661103932,389.572378981244,74.4442913470043));
#15019=CARTESIAN_POINT('',(149.823661103932,389.572378981244,74.4442913470043));
#15020=CARTESIAN_POINT('',(149.823661103932,389.572378981244,74.4442913470043));
#15021=CARTESIAN_POINT('',(149.823661103932,392.572378981244,74.4442913470043));
#15022=CARTESIAN_POINT('',(149.823661103932,392.572378981244,74.4442913470043));
#15023=CARTESIAN_POINT('',(149.823661103932,389.572378981244,74.4442913470043));
#15024=CARTESIAN_POINT('Origin',(147.225584892578,389.572378981245,75.9442913470043));
#15025=CARTESIAN_POINT('',(147.225584892578,389.572378932277,75.9442913470043));
#15026=CARTESIAN_POINT('',(147.225584892578,389.572378981245,75.9442913470043));
#15027=CARTESIAN_POINT('',(147.225584892578,392.572378932277,75.9442913470043));
#15028=CARTESIAN_POINT('',(147.225584892578,392.572378981245,75.9442913470043));
#15029=CARTESIAN_POINT('',(147.225584892578,389.572378932277,75.9442913470043));
#15030=CARTESIAN_POINT('Origin',(147.225584892578,389.572378981244,78.9442913470043));
#15031=CARTESIAN_POINT('',(147.225584892578,389.572378981244,78.9442913470043));
#15032=CARTESIAN_POINT('',(147.225584892578,392.572378981244,78.9442913470043));
#15033=CARTESIAN_POINT('Origin',(140.529584892578,389.572378240017,79.8102659432196));
#15034=CARTESIAN_POINT('',(140.529584892578,389.572378240017,79.8102659432196));
#15035=CARTESIAN_POINT('',(143.127661103932,389.572378240017,81.3102659432195));
#15036=CARTESIAN_POINT('',(140.529584892578,389.572378240017,79.8102659432196));
#15037=CARTESIAN_POINT('',(143.127661103932,392.572378240017,81.3102659432195));
#15038=CARTESIAN_POINT('',(143.127661103932,389.572378240017,81.3102659432195));
#15039=CARTESIAN_POINT('',(140.529584892578,392.572378240017,79.8102659432196));
#15040=CARTESIAN_POINT('',(140.529584892578,392.572378240017,79.8102659432196));
#15041=CARTESIAN_POINT('',(140.529584892578,389.572378240017,79.8102659432196));
#15042=CARTESIAN_POINT('Origin',(138.92369331464,389.572378240017,80.7374278780318));
#15043=CARTESIAN_POINT('',(138.92369331464,389.572378240017,80.7374278780318));
#15044=CARTESIAN_POINT('',(137.931508681225,389.572378240017,81.3102659432196));
#15045=CARTESIAN_POINT('',(138.92369331464,392.572378240017,80.7374278780318));
#15046=CARTESIAN_POINT('',(137.931508681225,392.572378240017,81.3102659432196));
#15047=CARTESIAN_POINT('',(138.92369331464,389.572378240017,80.7374278780318));
#15048=CARTESIAN_POINT('Origin',(138.525584892578,389.572378240017,80.5075798733879));
#15049=CARTESIAN_POINT('',(138.525584892578,389.572378240017,80.5075798733879));
#15050=CARTESIAN_POINT('',(138.525584892578,389.572378240017,80.5075798733879));
#15051=CARTESIAN_POINT('',(138.525584892578,392.572378240017,80.5075798733879));
#15052=CARTESIAN_POINT('',(138.525584892578,392.572378240017,80.5075798733879));
#15053=CARTESIAN_POINT('',(138.525584892578,389.572378240017,80.5075798733879));
#15054=CARTESIAN_POINT('Origin',(140.225584892578,389.572378240017,77.5630935005208));
#15055=CARTESIAN_POINT('',(137.988048818817,389.572378981245,80.1230607500414));
#15056=CARTESIAN_POINT('Origin',(140.225584892578,389.572378240017,77.5630935005208));
#15057=CARTESIAN_POINT('',(137.988048818817,392.572378981245,80.1230607500414));
#15058=CARTESIAN_POINT('Origin',(140.225584892578,392.572378240017,77.5630935005208));
#15059=CARTESIAN_POINT('',(137.988048818817,389.572378981245,80.1230607500414));
#15060=CARTESIAN_POINT('Origin',(140.029737315285,389.572378981244,78.9442913470043));
#15061=CARTESIAN_POINT('',(140.029737315285,389.572378981244,78.9442913470043));
#15062=CARTESIAN_POINT('',(140.029737315285,389.572378981244,78.9442913470043));
#15063=CARTESIAN_POINT('',(140.029737315285,392.572378981244,78.9442913470043));
#15064=CARTESIAN_POINT('',(140.029737315285,392.572378981244,78.9442913470043));
#15065=CARTESIAN_POINT('',(140.029737315285,389.572378981244,78.9442913470043));
#15066=CARTESIAN_POINT('Origin',(140.029737315285,389.572378981245,75.9442913470043));
#15067=CARTESIAN_POINT('',(140.029737315285,389.572378981245,75.9442913470043));
#15068=CARTESIAN_POINT('',(140.029737315285,389.572378981245,75.9442913470043));
#15069=CARTESIAN_POINT('',(140.029737315285,392.572378981245,75.9442913470043));
#15070=CARTESIAN_POINT('',(140.029737315285,392.572378981245,75.9442913470043));
#15071=CARTESIAN_POINT('',(140.029737315285,389.572378981245,75.9442913470043));
#15072=CARTESIAN_POINT('Origin',(137.431661103932,389.572378981244,74.4442913470043));
#15073=CARTESIAN_POINT('',(137.431661103932,389.572378981244,74.4442913470043));
#15074=CARTESIAN_POINT('',(137.431661103932,389.572378981244,74.4442913470043));
#15075=CARTESIAN_POINT('',(137.431661103932,392.572378981244,74.4442913470043));
#15076=CARTESIAN_POINT('',(137.431661103932,392.572378981244,74.4442913470043));
#15077=CARTESIAN_POINT('',(137.431661103932,389.572378981244,74.4442913470043));
#15078=CARTESIAN_POINT('Origin',(136.825584892578,389.572378969822,74.7942096107788));
#15079=CARTESIAN_POINT('',(136.825584892578,389.572378969821,74.7942096107789));
#15080=CARTESIAN_POINT('',(134.833584892578,389.572378932277,75.9442913470043));
#15081=CARTESIAN_POINT('',(136.825584892578,392.572378969821,74.7942096107789));
#15082=CARTESIAN_POINT('',(134.833584892578,392.572378932277,75.9442913470043));
#15083=CARTESIAN_POINT('',(136.825584892578,389.572378969821,74.7942096107789));
#15084=CARTESIAN_POINT('Origin',(136.825584892578,389.572378240017,73.6395090723992));
#15085=CARTESIAN_POINT('',(136.825584892578,389.572378240017,73.6395090723992));
#15086=CARTESIAN_POINT('',(136.825584892578,389.572378240017,66.5934383859177));
#15087=CARTESIAN_POINT('',(136.825584892578,392.572378240017,73.6395090723992));
#15088=CARTESIAN_POINT('',(136.825584892578,392.572378240017,66.5934383859177));
#15089=CARTESIAN_POINT('',(136.825584892578,389.572378240017,73.6395090723992));
#15090=CARTESIAN_POINT('Origin',(136.931661103932,389.572378240017,73.5782659432195));
#15091=CARTESIAN_POINT('',(136.931661103932,389.572378240017,73.5782659432195));
#15092=CARTESIAN_POINT('',(136.931661103932,389.572378240017,73.5782659432195));
#15093=CARTESIAN_POINT('',(136.931661103932,392.572378240017,73.5782659432196));
#15094=CARTESIAN_POINT('',(136.931661103932,392.572378240017,73.5782659432196));
#15095=CARTESIAN_POINT('',(136.931661103932,389.572378240017,73.5782659432195));
#15096=CARTESIAN_POINT('Origin',(136.931661103932,389.572378240017,70.5782659432195));
#15097=CARTESIAN_POINT('',(136.931661103932,389.572378240017,70.5782659432195));
#15098=CARTESIAN_POINT('',(136.931661103932,389.572378240017,70.5782659432195));
#15099=CARTESIAN_POINT('',(136.931661103932,392.572378240017,70.5782659432195));
#15100=CARTESIAN_POINT('',(136.931661103932,392.572378240017,70.5782659432195));
#15101=CARTESIAN_POINT('',(136.931661103932,389.572378240017,70.5782659432195));
#15102=CARTESIAN_POINT('Origin',(136.825584892578,389.572378240017,70.51702281404));
#15103=CARTESIAN_POINT('',(136.825584892578,389.572378240017,70.51702281404));
#15104=CARTESIAN_POINT('',(134.333584892578,389.572378240017,69.0782659432196));
#15105=CARTESIAN_POINT('',(136.825584892578,392.572378240017,70.51702281404));
#15106=CARTESIAN_POINT('',(134.333584892578,392.572378240017,69.0782659432196));
#15107=CARTESIAN_POINT('',(136.825584892578,389.572378240017,70.51702281404));
#15108=CARTESIAN_POINT('Origin',(136.825584892578,389.572378240017,69.3623730832298));
#15109=CARTESIAN_POINT('',(136.825584892578,389.572378981244,69.3623730832298));
#15110=CARTESIAN_POINT('',(136.825584892578,389.572378240017,66.5934383859177));
#15111=CARTESIAN_POINT('',(136.825584892578,392.572378981244,69.3623730832298));
#15112=CARTESIAN_POINT('',(136.825584892578,392.572378240017,66.5934383859177));
#15113=CARTESIAN_POINT('',(136.825584892578,389.572378981244,69.3623730832298));
#15114=CARTESIAN_POINT('Origin',(137.431661103932,389.572378981244,69.7122913470043));
#15115=CARTESIAN_POINT('',(137.431661103932,389.572378981244,69.7122913470043));
#15116=CARTESIAN_POINT('',(137.431661103932,389.572378981244,69.7122913470043));
#15117=CARTESIAN_POINT('',(137.431661103932,392.572378981244,69.7122913470043));
#15118=CARTESIAN_POINT('',(137.431661103932,392.572378981244,69.7122913470043));
#15119=CARTESIAN_POINT('',(137.431661103932,389.572378981244,69.7122913470043));
#15120=CARTESIAN_POINT('Origin',(140.029737315285,389.572378981245,68.2122913470043));
#15121=CARTESIAN_POINT('',(140.029737315285,389.572378981245,68.2122913470043));
#15122=CARTESIAN_POINT('',(140.029737315285,389.572378981245,68.2122913470043));
#15123=CARTESIAN_POINT('',(140.029737315285,392.572378981245,68.2122913470043));
#15124=CARTESIAN_POINT('',(140.029737315285,392.572378981245,68.2122913470043));
#15125=CARTESIAN_POINT('',(140.029737315285,389.572378981245,68.2122913470043));
#15126=CARTESIAN_POINT('Origin',(140.029737315285,389.572378981244,65.2122913470043));
#15127=CARTESIAN_POINT('',(140.029737315285,389.572378981244,65.2122913470043));
#15128=CARTESIAN_POINT('',(140.029737315285,389.572378981244,65.2122913470043));
#15129=CARTESIAN_POINT('',(140.029737315285,392.572378981244,65.2122913470043));
#15130=CARTESIAN_POINT('',(140.029737315285,392.572378981244,65.2122913470043));
#15131=CARTESIAN_POINT('',(140.029737315285,389.572378981244,65.2122913470043));
#15132=CARTESIAN_POINT('Origin',(137.988013813179,389.572378981244,64.0335017334525));
#15133=CARTESIAN_POINT('',(137.988013813179,389.572378981245,64.0335017334525));
#15134=CARTESIAN_POINT('',(137.431661103932,389.572378981244,63.7122913470043));
#15135=CARTESIAN_POINT('',(137.988013813179,392.572378981245,64.0335017334525));
#15136=CARTESIAN_POINT('',(137.431661103932,392.572378981244,63.7122913470043));
#15137=CARTESIAN_POINT('',(137.988013813179,389.572378981245,64.0335017334525));
#15138=CARTESIAN_POINT('Origin',(140.225584892578,389.572378240017,66.5934383859179));
#15139=CARTESIAN_POINT('',(138.525584892578,389.572378240017,63.6489520130508));
#15140=CARTESIAN_POINT('Origin',(140.225584892578,389.572378240017,66.5934383859179));
#15141=CARTESIAN_POINT('',(138.525584892578,392.572378240017,63.6489520130508));
#15142=CARTESIAN_POINT('Origin',(140.225584892578,392.572378240017,66.5934383859179));
#15143=CARTESIAN_POINT('',(138.525584892578,389.572378240017,63.6489520130508));
#15144=CARTESIAN_POINT('Origin',(138.923693314639,389.572378240017,63.4191040084071));
#15145=CARTESIAN_POINT('',(138.923693314639,389.572378240017,63.4191040084071));
#15146=CARTESIAN_POINT('',(145.025584892579,389.572378240017,59.8961752633181));
#15147=CARTESIAN_POINT('',(138.923693314639,392.572378240017,63.4191040084071));
#15148=CARTESIAN_POINT('',(145.025584892579,392.572378240017,59.8961752633181));
#15149=CARTESIAN_POINT('',(138.923693314639,389.572378240017,63.4191040084071));
#15150=CARTESIAN_POINT('Origin',(140.529584892578,389.572378240017,64.3462659432196));
#15151=CARTESIAN_POINT('',(140.529584892578,389.572378240017,64.3462659432196));
#15152=CARTESIAN_POINT('',(140.529584892578,389.572378240017,64.3462659432196));
#15153=CARTESIAN_POINT('',(140.529584892578,392.572378240017,64.3462659432196));
#15154=CARTESIAN_POINT('',(140.529584892578,392.572378240017,64.3462659432196));
#15155=CARTESIAN_POINT('',(140.529584892578,389.572378240017,64.3462659432196));
#15156=CARTESIAN_POINT('Origin',(143.127661103932,389.572378240017,62.8462659432196));
#15157=CARTESIAN_POINT('',(143.127661103932,389.572378240017,62.8462659432196));
#15158=CARTESIAN_POINT('',(143.127661103932,389.572378240017,62.8462659432196));
#15159=CARTESIAN_POINT('',(143.127661103932,392.572378240017,62.8462659432196));
#15160=CARTESIAN_POINT('',(143.127661103932,392.572378240017,62.8462659432196));
#15161=CARTESIAN_POINT('',(143.127661103932,389.572378240017,62.8462659432196));
#15162=CARTESIAN_POINT('Origin',(143.127661103932,389.572378240017,60.9919420735948));
#15163=CARTESIAN_POINT('',(143.127661103932,389.572378240017,60.9919420735948));
#15164=CARTESIAN_POINT('',(143.127661103932,389.572378240017,59.8462659432196));
#15165=CARTESIAN_POINT('',(143.127661103932,392.572378240017,60.9919420735948));
#15166=CARTESIAN_POINT('',(143.127661103932,392.572378240017,59.8462659432196));
#15167=CARTESIAN_POINT('',(143.127661103932,389.572378240017,60.9919420735948));
#15168=CARTESIAN_POINT('Origin',(144.127508681225,389.572378240017,60.414679805696));
#15169=CARTESIAN_POINT('',(144.127508681225,389.572378240017,60.414679805696));
#15170=CARTESIAN_POINT('',(145.025584892579,389.572378240017,59.8961752633181));
#15171=CARTESIAN_POINT('',(144.127508681225,392.572378240017,60.414679805696));
#15172=CARTESIAN_POINT('',(145.025584892579,392.572378240017,59.8961752633181));
#15173=CARTESIAN_POINT('',(144.127508681225,389.572378240017,60.414679805696));
#15174=CARTESIAN_POINT('Origin',(144.127508681225,389.572378240017,62.8462659432196));
#15175=CARTESIAN_POINT('',(144.127508681225,389.572378240017,62.8462659432196));
#15176=CARTESIAN_POINT('',(144.127508681225,389.572378240017,62.8462659432196));
#15177=CARTESIAN_POINT('',(144.127508681225,392.572378240017,62.8462659432196));
#15178=CARTESIAN_POINT('',(144.127508681225,392.572378240017,62.8462659432196));
#15179=CARTESIAN_POINT('',(144.127508681225,389.572378240017,62.8462659432196));
#15180=CARTESIAN_POINT('Origin',(146.725584892578,389.572378240017,64.3462659432196));
#15181=CARTESIAN_POINT('',(146.725584892578,389.572378240017,64.3462659432196));
#15182=CARTESIAN_POINT('',(146.725584892578,389.572378240017,64.3462659432196));
#15183=CARTESIAN_POINT('',(146.725584892578,392.572378240017,64.3462659432196));
#15184=CARTESIAN_POINT('',(146.725584892578,392.572378240017,64.3462659432196));
#15185=CARTESIAN_POINT('',(146.725584892578,389.572378240017,64.3462659432196));
#15186=CARTESIAN_POINT('Origin',(149.323661103932,389.572378240017,62.8462659432196));
#15187=CARTESIAN_POINT('',(149.323661103932,389.572378240017,62.8462659432196));
#15188=CARTESIAN_POINT('',(149.323661103932,389.572378240017,62.8462659432196));
#15189=CARTESIAN_POINT('',(149.323661103932,392.572378240017,62.8462659432196));
#15190=CARTESIAN_POINT('',(149.323661103932,392.572378240017,62.8462659432196));
#15191=CARTESIAN_POINT('',(149.323661103932,389.572378240017,62.8462659432196));
#15192=CARTESIAN_POINT('Origin',(149.323661103932,389.572378240017,60.4146798056959));
#15193=CARTESIAN_POINT('',(149.323661103932,389.572378240017,60.4146798056959));
#15194=CARTESIAN_POINT('',(149.323661103932,389.572378240017,59.8462659432196));
#15195=CARTESIAN_POINT('',(149.323661103932,392.572378240017,60.4146798056959));
#15196=CARTESIAN_POINT('',(149.323661103932,392.572378240017,59.8462659432196));
#15197=CARTESIAN_POINT('',(149.323661103932,389.572378240017,60.4146798056959));
#15198=CARTESIAN_POINT('Origin',(150.323508681225,389.572378240017,60.9919420735949));
#15199=CARTESIAN_POINT('',(150.323508681225,389.572378240017,60.9919420735949));
#15200=CARTESIAN_POINT('',(156.425584892578,389.572378240017,64.5149774168359));
#15201=CARTESIAN_POINT('',(150.323508681225,392.572378240017,60.991942073595));
#15202=CARTESIAN_POINT('',(156.425584892578,392.572378240017,64.5149774168359));
#15203=CARTESIAN_POINT('',(150.323508681225,389.572378240017,60.9919420735949));
#15204=CARTESIAN_POINT('Origin',(150.323508681225,389.572378240017,62.8462659432196));
#15205=CARTESIAN_POINT('',(150.323508681225,389.572378240017,62.8462659432196));
#15206=CARTESIAN_POINT('',(150.323508681225,389.572378240017,62.8462659432196));
#15207=CARTESIAN_POINT('',(150.323508681225,392.572378240017,62.8462659432196));
#15208=CARTESIAN_POINT('',(150.323508681225,392.572378240017,62.8462659432196));
#15209=CARTESIAN_POINT('',(150.323508681225,389.572378240017,62.8462659432196));
#15210=CARTESIAN_POINT('Origin',(152.921584892578,389.572378240017,64.3462659432196));
#15211=CARTESIAN_POINT('',(152.921584892578,389.572378240017,64.3462659432196));
#15212=CARTESIAN_POINT('',(152.921584892578,389.572378240017,64.3462659432196));
#15213=CARTESIAN_POINT('',(152.921584892578,392.572378240017,64.3462659432196));
#15214=CARTESIAN_POINT('',(152.921584892578,392.572378240017,64.3462659432196));
#15215=CARTESIAN_POINT('',(152.921584892578,389.572378240017,64.3462659432196));
#15216=CARTESIAN_POINT('Origin',(154.527476470517,389.572378240017,63.4191040084075));
#15217=CARTESIAN_POINT('',(154.527476470517,389.572378240017,63.4191040084075));
#15218=CARTESIAN_POINT('',(155.519661103932,389.572378240017,62.8462659432196));
#15219=CARTESIAN_POINT('',(154.527476470517,392.572378240017,63.4191040084075));
#15220=CARTESIAN_POINT('',(155.519661103932,392.572378240017,62.8462659432196));
#15221=CARTESIAN_POINT('',(154.527476470517,389.572378240017,63.4191040084075));
#15222=CARTESIAN_POINT('Origin',(155.527476470517,389.572378240017,63.9964542775974));
#15223=CARTESIAN_POINT('',(155.527476470517,389.572378971968,63.9964542775974));
#15224=CARTESIAN_POINT('',(156.425584892578,389.572378240017,64.5149774168359));
#15225=CARTESIAN_POINT('',(155.527476470517,392.572378971968,63.9964542775974));
#15226=CARTESIAN_POINT('',(156.425584892578,392.572378240017,64.5149774168359));
#15227=CARTESIAN_POINT('',(155.527476470517,389.572378971968,63.9964542775974));
#15228=CARTESIAN_POINT('Origin',(153.421584892578,389.572378932277,65.2122913470043));
#15229=CARTESIAN_POINT('',(153.421584892578,389.572378932277,65.2122913470043));
#15230=CARTESIAN_POINT('',(153.421584892578,389.572378932277,65.2122913470043));
#15231=CARTESIAN_POINT('',(153.421584892578,392.572378932277,65.2122913470043));
#15232=CARTESIAN_POINT('',(153.421584892578,392.572378932277,65.2122913470043));
#15233=CARTESIAN_POINT('',(153.421584892578,389.572378932277,65.2122913470043));
#15234=CARTESIAN_POINT('Origin',(153.421584892578,389.572378981245,68.2122913470043));
#15235=CARTESIAN_POINT('',(153.421584892578,389.572378981245,68.2122913470043));
#15236=CARTESIAN_POINT('',(153.421584892578,389.572378981245,68.2122913470043));
#15237=CARTESIAN_POINT('',(153.421584892578,392.572378981245,68.2122913470043));
#15238=CARTESIAN_POINT('',(153.421584892578,392.572378981245,68.2122913470043));
#15239=CARTESIAN_POINT('',(153.421584892578,389.572378981245,68.2122913470043));
#15240=CARTESIAN_POINT('Origin',(156.019661103932,389.572378981244,69.7122913470043));
#15241=CARTESIAN_POINT('',(156.019661103932,389.572378981244,69.7122913470043));
#15242=CARTESIAN_POINT('',(156.019661103932,389.572378981244,69.7122913470043));
#15243=CARTESIAN_POINT('',(156.019661103932,392.572378981244,69.7122913470043));
#15244=CARTESIAN_POINT('',(156.019661103932,392.572378981244,69.7122913470043));
#15245=CARTESIAN_POINT('',(156.019661103932,389.572378981244,69.7122913470043));
#15246=CARTESIAN_POINT('Origin',(158.125584892578,389.572378981245,68.4964356807365));
#15247=CARTESIAN_POINT('',(158.125584892578,389.572378981245,68.4964356807365));
#15248=CARTESIAN_POINT('',(158.617737315285,389.572378981245,68.2122913470043));
#15249=CARTESIAN_POINT('',(158.125584892578,392.572378981245,68.4964356807365));
#15250=CARTESIAN_POINT('',(158.617737315285,392.572378981245,68.2122913470043));
#15251=CARTESIAN_POINT('',(158.125584892578,389.572378981245,68.4964356807365));
#15252=CARTESIAN_POINT('Origin',(158.125584892578,389.572378240017,69.6509974102558));
#15253=CARTESIAN_POINT('',(158.125584892578,389.572378240017,69.6509974102559));
#15254=CARTESIAN_POINT('',(158.125584892578,389.572378240017,76.6970680967371));
#15255=CARTESIAN_POINT('',(158.125584892578,392.572378240017,69.6509974102559));
#15256=CARTESIAN_POINT('',(158.125584892578,392.572378240017,76.6970680967371));
#15257=CARTESIAN_POINT('',(158.125584892578,389.572378240017,69.6509974102559));
#15258=CARTESIAN_POINT('Origin',(156.519508681225,389.572378240017,70.5782659432196));
#15259=CARTESIAN_POINT('',(156.519508681225,389.572378240017,70.5782659432196));
#15260=CARTESIAN_POINT('',(156.519508681225,389.572378240017,70.5782659432196));
#15261=CARTESIAN_POINT('',(156.519508681225,392.572378240017,70.5782659432196));
#15262=CARTESIAN_POINT('',(156.519508681225,392.572378240017,70.5782659432196));
#15263=CARTESIAN_POINT('',(156.519508681225,389.572378240017,70.5782659432196));
#15264=CARTESIAN_POINT('Origin',(156.519508681225,389.572378240017,73.5782659432196));
#15265=CARTESIAN_POINT('',(156.519508681225,389.572378240017,73.5782659432196));
#15266=CARTESIAN_POINT('',(156.519508681225,389.572378240017,73.5782659432196));
#15267=CARTESIAN_POINT('',(156.519508681225,392.572378240017,73.5782659432196));
#15268=CARTESIAN_POINT('',(156.519508681225,392.572378240017,73.5782659432196));
#15269=CARTESIAN_POINT('',(156.519508681225,389.572378240017,73.5782659432196));
#15270=CARTESIAN_POINT('Origin',(158.125584892578,389.572378240017,74.5055344761833));
#15271=CARTESIAN_POINT('',(158.125584892578,389.572378240017,74.5055344761833));
#15272=CARTESIAN_POINT('',(159.117584892578,389.572378240017,75.0782659432196));
#15273=CARTESIAN_POINT('',(158.125584892578,392.572378240017,74.5055344761833));
#15274=CARTESIAN_POINT('',(159.117584892578,392.572378240017,75.0782659432196));
#15275=CARTESIAN_POINT('',(158.125584892578,389.572378240017,74.5055344761833));
#15276=CARTESIAN_POINT('Origin',(158.125584892578,389.572378240017,75.6601470132721));
#15277=CARTESIAN_POINT('',(158.125584892578,389.572378981245,75.6601470132721));
#15278=CARTESIAN_POINT('',(158.125584892578,389.572378240017,76.6970680967371));
#15279=CARTESIAN_POINT('',(158.125584892578,392.572378981245,75.6601470132721));
#15280=CARTESIAN_POINT('',(158.125584892578,392.572378240017,76.6970680967371));
#15281=CARTESIAN_POINT('',(158.125584892578,389.572378981245,75.6601470132721));
#15282=CARTESIAN_POINT('Origin',(156.019661103932,389.572378981244,74.4442913470043));
#15283=CARTESIAN_POINT('',(156.019661103932,389.572378981244,74.4442913470043));
#15284=CARTESIAN_POINT('',(156.019661103932,389.572378981244,74.4442913470043));
#15285=CARTESIAN_POINT('',(156.019661103932,392.572378981244,74.4442913470043));
#15286=CARTESIAN_POINT('',(156.019661103932,392.572378981244,74.4442913470043));
#15287=CARTESIAN_POINT('',(156.019661103932,389.572378981244,74.4442913470043));
#15288=CARTESIAN_POINT('Origin',(153.421584892578,389.572378932277,75.9442913470043));
#15289=CARTESIAN_POINT('',(153.421584892578,389.572378932277,75.9442913470043));
#15290=CARTESIAN_POINT('',(153.421584892578,389.572378932277,75.9442913470043));
#15291=CARTESIAN_POINT('',(153.421584892578,392.572378932277,75.9442913470043));
#15292=CARTESIAN_POINT('',(153.421584892578,392.572378932277,75.9442913470043));
#15293=CARTESIAN_POINT('',(153.421584892578,389.572378932277,75.9442913470043));
#15294=CARTESIAN_POINT('Origin',(153.421584892578,389.572378981245,78.9442913470043));
#15295=CARTESIAN_POINT('',(153.421584892578,389.572378981245,78.9442913470043));
#15296=CARTESIAN_POINT('',(153.421584892578,389.572378981245,78.9442913470043));
#15297=CARTESIAN_POINT('',(153.421584892578,392.572378981245,78.9442913470043));
#15298=CARTESIAN_POINT('',(153.421584892578,392.572378981245,78.9442913470043));
#15299=CARTESIAN_POINT('',(153.421584892578,389.572378981245,78.9442913470043));
#15300=CARTESIAN_POINT('Origin',(155.527432469872,389.572378981244,80.1601030126269));
#15301=CARTESIAN_POINT('',(155.527432469872,389.572378981244,80.1601030126269));
#15302=CARTESIAN_POINT('',(156.019661103932,389.572378981244,80.4442913470043));
#15303=CARTESIAN_POINT('',(155.527432469872,392.572378981244,80.1601030126269));
#15304=CARTESIAN_POINT('',(156.019661103932,392.572378981244,80.4442913470043));
#15305=CARTESIAN_POINT('',(155.527432469872,389.572378981244,80.1601030126269));
#15306=CARTESIAN_POINT('Origin',(154.527476470517,389.572378240017,80.737427878032));
#15307=CARTESIAN_POINT('',(154.527476470517,389.572378240017,80.737427878032));
#15308=CARTESIAN_POINT('',(148.425584892577,389.572378240017,84.2603566231212));
#15309=CARTESIAN_POINT('',(154.527476470517,392.572378240017,80.737427878032));
#15310=CARTESIAN_POINT('',(148.425584892577,392.572378240017,84.2603566231212));
#15311=CARTESIAN_POINT('',(154.527476470517,389.572378240017,80.737427878032));
#15312=CARTESIAN_POINT('Origin',(152.921584892578,389.572378240017,79.8102659432196));
#15313=CARTESIAN_POINT('',(152.921584892578,389.572378240017,79.8102659432196));
#15314=CARTESIAN_POINT('',(152.921584892578,389.572378240017,79.8102659432196));
#15315=CARTESIAN_POINT('',(152.921584892578,392.572378240017,79.8102659432196));
#15316=CARTESIAN_POINT('',(152.921584892578,392.572378240017,79.8102659432196));
#15317=CARTESIAN_POINT('',(152.921584892578,389.572378240017,79.8102659432196));
#15318=CARTESIAN_POINT('Origin',(150.323508681225,389.572378240017,81.3102659432196));
#15319=CARTESIAN_POINT('',(150.323508681225,389.572378240017,81.3102659432196));
#15320=CARTESIAN_POINT('',(150.323508681225,389.572378240017,81.3102659432196));
#15321=CARTESIAN_POINT('',(150.323508681225,392.572378240017,81.3102659432196));
#15322=CARTESIAN_POINT('',(150.323508681225,392.572378240017,81.3102659432196));
#15323=CARTESIAN_POINT('',(150.323508681225,389.572378240017,81.3102659432196));
#15324=CARTESIAN_POINT('Origin',(150.323508681225,389.572378240017,83.1645898128441));
#15325=CARTESIAN_POINT('',(150.323508681225,389.572378240017,83.1645898128441));
#15326=CARTESIAN_POINT('',(150.323508681225,389.572378240017,84.3102659432196));
#15327=CARTESIAN_POINT('',(150.323508681225,392.572378240017,83.1645898128441));
#15328=CARTESIAN_POINT('',(150.323508681225,392.572378240017,84.3102659432196));
#15329=CARTESIAN_POINT('',(150.323508681225,389.572378240017,83.1645898128441));
#15330=CARTESIAN_POINT('Origin',(149.323661103932,389.572378240017,83.741852080743));
#15331=CARTESIAN_POINT('',(149.323661103932,389.572378240017,83.741852080743));
#15332=CARTESIAN_POINT('',(148.425584892577,389.572378240017,84.2603566231212));
#15333=CARTESIAN_POINT('',(149.323661103932,392.572378240017,83.741852080743));
#15334=CARTESIAN_POINT('',(148.425584892577,392.572378240017,84.2603566231212));
#15335=CARTESIAN_POINT('',(149.323661103932,389.572378240017,83.741852080743));
#15336=CARTESIAN_POINT('Origin',(149.323661103932,389.572378240017,81.3102659432196));
#15337=CARTESIAN_POINT('',(149.323661103932,389.572378240017,81.3102659432196));
#15338=CARTESIAN_POINT('',(149.323661103932,389.572378240017,81.3102659432196));
#15339=CARTESIAN_POINT('',(149.323661103932,392.572378240017,81.3102659432196));
#15340=CARTESIAN_POINT('',(149.323661103932,392.572378240017,81.3102659432196));
#15341=CARTESIAN_POINT('',(149.323661103932,389.572378240017,81.3102659432196));
#15342=CARTESIAN_POINT('Origin',(146.725584892578,389.572378240017,79.8102659432196));
#15343=CARTESIAN_POINT('',(146.725584892578,389.572378240017,79.8102659432196));
#15344=CARTESIAN_POINT('',(146.725584892578,389.572378240017,79.8102659432196));
#15345=CARTESIAN_POINT('',(146.725584892578,392.572378240017,79.8102659432196));
#15346=CARTESIAN_POINT('',(146.725584892578,392.572378240017,79.8102659432196));
#15347=CARTESIAN_POINT('',(146.725584892578,389.572378240017,79.8102659432196));
#15348=CARTESIAN_POINT('Origin',(144.127508681225,389.572378240017,81.3102659432196));
#15349=CARTESIAN_POINT('',(144.127508681225,389.572378240017,81.3102659432196));
#15350=CARTESIAN_POINT('',(144.127508681225,389.572378240017,81.3102659432196));
#15351=CARTESIAN_POINT('',(144.127508681225,392.572378240017,81.3102659432196));
#15352=CARTESIAN_POINT('',(144.127508681225,392.572378240017,81.3102659432196));
#15353=CARTESIAN_POINT('',(144.127508681225,389.572378240017,81.3102659432196));
#15354=CARTESIAN_POINT('Origin',(144.127508681225,389.572378240017,83.7418520807432));
#15355=CARTESIAN_POINT('',(144.127508681225,389.572378240017,83.7418520807432));
#15356=CARTESIAN_POINT('',(144.127508681225,389.572378240017,84.3102659432196));
#15357=CARTESIAN_POINT('',(144.127508681225,392.572378240017,83.7418520807432));
#15358=CARTESIAN_POINT('',(144.127508681225,392.572378240017,84.3102659432196));
#15359=CARTESIAN_POINT('',(144.127508681225,389.572378240017,83.7418520807432));
#15360=CARTESIAN_POINT('Origin',(143.127661103932,389.572378240017,83.1645898128442));
#15361=CARTESIAN_POINT('',(143.127661103932,389.572378240017,83.1645898128442));
#15362=CARTESIAN_POINT('',(138.525584892578,389.572378240017,80.5075798733879));
#15363=CARTESIAN_POINT('',(143.127661103932,392.572378240017,83.1645898128442));
#15364=CARTESIAN_POINT('',(138.525584892578,392.572378240017,80.5075798733879));
#15365=CARTESIAN_POINT('',(143.127661103932,389.572378240017,83.1645898128442));
#15366=CARTESIAN_POINT('Origin',(143.127661103932,389.572378240017,81.3102659432195));
#15367=CARTESIAN_POINT('',(143.127661103932,389.572378240017,81.3102659432195));
#15368=CARTESIAN_POINT('',(143.127661103932,392.572378240017,81.3102659432195));
#15369=CARTESIAN_POINT('Origin',(189.780546786901,389.572378981244,80.1272786451119));
#15370=CARTESIAN_POINT('Origin',(189.780546786901,392.572378981244,80.1272786451119));
#15371=CARTESIAN_POINT('',(0.,0.,0.));
#15372=CARTESIAN_POINT('',(0.,0.,0.));
#15373=UNCERTAINTY_MEASURE_WITH_UNIT(LENGTH_MEASURE(0.01),#15381,
'DISTANCE_ACCURACY_VALUE',
'Maximum model space distance between geometric entities at asserted c
onnectivities');
#15374=UNCERTAINTY_MEASURE_WITH_UNIT(LENGTH_MEASURE(0.01),#15381,
'DISTANCE_ACCURACY_VALUE',
'Maximum model space distance between geometric entities at asserted c
onnectivities');
#15375=UNCERTAINTY_MEASURE_WITH_UNIT(LENGTH_MEASURE(0.01),#15381,
'DISTANCE_ACCURACY_VALUE',
'Maximum model space distance between geometric entities at asserted c
onnectivities');
#15376=UNCERTAINTY_MEASURE_WITH_UNIT(LENGTH_MEASURE(0.01),#15381,
'DISTANCE_ACCURACY_VALUE',
'Maximum model space distance between geometric entities at asserted c
onnectivities');
#15377=(
GEOMETRIC_REPRESENTATION_CONTEXT(3)
GLOBAL_UNCERTAINTY_ASSIGNED_CONTEXT((#15373))
GLOBAL_UNIT_ASSIGNED_CONTEXT((#15381,#15383,#15384))
REPRESENTATION_CONTEXT('','3D')
);
#15378=(
GEOMETRIC_REPRESENTATION_CONTEXT(3)
GLOBAL_UNCERTAINTY_ASSIGNED_CONTEXT((#15374))
GLOBAL_UNIT_ASSIGNED_CONTEXT((#15381,#15383,#15384))
REPRESENTATION_CONTEXT('','3D')
);
#15379=(
GEOMETRIC_REPRESENTATION_CONTEXT(3)
GLOBAL_UNCERTAINTY_ASSIGNED_CONTEXT((#15375))
GLOBAL_UNIT_ASSIGNED_CONTEXT((#15381,#15383,#15384))
REPRESENTATION_CONTEXT('','3D')
);
#15380=(
GEOMETRIC_REPRESENTATION_CONTEXT(3)
GLOBAL_UNCERTAINTY_ASSIGNED_CONTEXT((#15376))
GLOBAL_UNIT_ASSIGNED_CONTEXT((#15381,#15383,#15384))
REPRESENTATION_CONTEXT('','3D')
);
#15381=(
LENGTH_UNIT()
NAMED_UNIT(*)
SI_UNIT(.MILLI.,.METRE.)
);
#15382=(
LENGTH_UNIT()
NAMED_UNIT(*)
SI_UNIT($,.METRE.)
);
#15383=(
NAMED_UNIT(*)
PLANE_ANGLE_UNIT()
SI_UNIT($,.RADIAN.)
);
#15384=(
NAMED_UNIT(*)
SI_UNIT($,.STERADIAN.)
SOLID_ANGLE_UNIT()
);
#15385=SHAPE_DEFINITION_REPRESENTATION(#15388,#15393);
#15386=SHAPE_DEFINITION_REPRESENTATION(#15389,#15394);
#15387=SHAPE_DEFINITION_REPRESENTATION(#15390,#15395);
#15388=PRODUCT_DEFINITION_SHAPE('',$,#15397);
#15389=PRODUCT_DEFINITION_SHAPE('',$,#15398);
#15390=PRODUCT_DEFINITION_SHAPE('',$,#15399);
#15391=PRODUCT_DEFINITION_SHAPE($,$,#17);
#15392=PRODUCT_DEFINITION_SHAPE($,$,#18);
#15393=SHAPE_REPRESENTATION('',(#9139,#9833,#9834),#15377);
#15394=SHAPE_REPRESENTATION('',(#9140),#15378);
#15395=SHAPE_REPRESENTATION('',(#9603),#15379);
#15396=PRODUCT_DEFINITION_CONTEXT('part definition',#15407,'design');
#15397=PRODUCT_DEFINITION('Right_Keystone','Right_Keystone',#15400,#15396);
#15398=PRODUCT_DEFINITION('Keystone Panel','Keystone Panel',#15401,#15396);
#15399=PRODUCT_DEFINITION('Hexagons (9)','Hexagons (9)',#15402,#15396);
#15400=PRODUCT_DEFINITION_FORMATION('',$,#15409);
#15401=PRODUCT_DEFINITION_FORMATION('',$,#15410);
#15402=PRODUCT_DEFINITION_FORMATION('',$,#15411);
#15403=PRODUCT_RELATED_PRODUCT_CATEGORY('Right_Keystone',
'Right_Keystone',(#15409));
#15404=PRODUCT_RELATED_PRODUCT_CATEGORY('Keystone Panel',
'Keystone Panel',(#15410));
#15405=PRODUCT_RELATED_PRODUCT_CATEGORY('Hexagons (9)','Hexagons (9)',(#15411));
#15406=APPLICATION_PROTOCOL_DEFINITION('international standard',
'automotive_design',2009,#15407);
#15407=APPLICATION_CONTEXT(
'Core Data for Automotive Mechanical Design Process');
#15408=PRODUCT_CONTEXT('part definition',#15407,'mechanical');
#15409=PRODUCT('Right_Keystone','Right_Keystone',$,(#15408));
#15410=PRODUCT('Keystone Panel','Keystone Panel',$,(#15408));
#15411=PRODUCT('Hexagons (9)','Hexagons (9)',$,(#15408));
#15412=PRESENTATION_STYLE_ASSIGNMENT((#15414));
#15413=PRESENTATION_STYLE_ASSIGNMENT((#15415));
#15414=SURFACE_STYLE_USAGE(.BOTH.,#15416);
#15415=SURFACE_STYLE_USAGE(.BOTH.,#15417);
#15416=SURFACE_SIDE_STYLE('',(#15418));
#15417=SURFACE_SIDE_STYLE('',(#15419));
#15418=SURFACE_STYLE_FILL_AREA(#15420);
#15419=SURFACE_STYLE_FILL_AREA(#15421);
#15420=FILL_AREA_STYLE('ABS (White)',(#15422));
#15421=FILL_AREA_STYLE('Opaque(63,63,63)',(#15423));
#15422=FILL_AREA_STYLE_COLOUR('ABS (White)',#15424);
#15423=FILL_AREA_STYLE_COLOUR('Opaque(63,63,63)',#15425);
#15424=COLOUR_RGB('ABS (White)',0.964705882352941,0.964705882352941,0.952941176470588);
#15425=COLOUR_RGB('Opaque(63,63,63)',0.247058823529412,0.247058823529412,
0.247058823529412);
ENDSEC;
END-ISO-10303-21;
