ISO-10303-21;
HEADER;
/* Generated by software containing ST-Developer
 * from STEP Tools, Inc. (www.steptools.com) 
 */

FILE_DESCRIPTION(
/* description */ (''),
/* implementation_level */ '2;1');

FILE_NAME(
/* name */ 'Trident Left_Power_Inlet Meshed Adamstech.step',
/* time_stamp */ '2025-07-07T08:59:11-04:00',
/* author */ (''),
/* organization */ (''),
/* preprocessor_version */ 'ST-DEVELOPER v20.1',
/* originating_system */ 'Autodesk Translation Framework v14.10.0.0',
/* authorisation */ '');

FILE_SCHEMA (('AUTOMOTIVE_DESIGN { 1 0 10303 214 3 1 1 }'));
ENDSEC;

DATA;
#10=MECHANICAL_DESIGN_GEOMETRIC_PRESENTATION_REPRESENTATION('',(#23,#24,
#25,#26),#15772);
#11=ITEM_DEFINED_TRANSFORMATION($,$,#9364,#10085);
#12=ITEM_DEFINED_TRANSFORMATION($,$,#9855,#10086);
#13=(
REPRESENTATION_RELATIONSHIP($,$,#15786,#15785)
REPRESENTATION_RELATIONSHIP_WITH_TRANSFORMATION(#11)
SHAPE_REPRESENTATION_RELATIONSHIP()
);
#14=(
REPRESENTATION_RELATIONSHIP($,$,#15787,#15785)
REPRESENTATION_RELATIONSHIP_WITH_TRANSFORMATION(#12)
SHAPE_REPRESENTATION_RELATIONSHIP()
);
#15=CONTEXT_DEPENDENT_SHAPE_REPRESENTATION(#13,#15783);
#16=CONTEXT_DEPENDENT_SHAPE_REPRESENTATION(#14,#15784);
#17=NEXT_ASSEMBLY_USAGE_OCCURRENCE('Adam''s Tech:1','Adam''s Tech:1',
'Adam''s Tech:1',#15789,#15790,'Adam''s Tech:1');
#18=NEXT_ASSEMBLY_USAGE_OCCURRENCE('Hexagons (8):1','Hexagons (8):1',
'Hexagons (8):1',#15789,#15791,'Hexagons (8):1');
#19=SHAPE_REPRESENTATION_RELATIONSHIP('SRR','None',#15786,#21);
#20=SHAPE_REPRESENTATION_RELATIONSHIP('SRR','None',#15787,#22);
#21=ADVANCED_BREP_SHAPE_REPRESENTATION('',(#27),#15770);
#22=ADVANCED_BREP_SHAPE_REPRESENTATION('',(#28,#29,#30),#15771);
#23=STYLED_ITEM('',(#15805),#27);
#24=STYLED_ITEM('',(#15804),#28);
#25=STYLED_ITEM('',(#15804),#29);
#26=STYLED_ITEM('',(#15804),#30);
#27=MANIFOLD_SOLID_BREP('Body1',#9336);
#28=MANIFOLD_SOLID_BREP('Body1',#9337);
#29=MANIFOLD_SOLID_BREP('Body2',#9338);
#30=MANIFOLD_SOLID_BREP('Body3',#9339);
#31=B_SPLINE_SURFACE_WITH_KNOTS('',3,3,((#14128,#14129,#14130,#14131,#14132),
(#14133,#14134,#14135,#14136,#14137),(#14138,#14139,#14140,#14141,#14142),
(#14143,#14144,#14145,#14146,#14147),(#14148,#14149,#14150,#14151,#14152),
(#14153,#14154,#14155,#14156,#14157)),.UNSPECIFIED.,.F.,.F.,.F.,(4,1,1,
4),(4,1,4),(0.,0.285714285714286,0.571428571428571,1.),(0.,0.273857743969632,
0.479251051946857),.UNSPECIFIED.);
#32=B_SPLINE_SURFACE_WITH_KNOTS('',3,3,((#14171,#14172,#14173,#14174),(#14175,
#14176,#14177,#14178),(#14179,#14180,#14181,#14182),(#14183,#14184,#14185,
#14186),(#14187,#14188,#14189,#14190),(#14191,#14192,#14193,#14194)),
 .UNSPECIFIED.,.F.,.F.,.F.,(4,1,1,4),(4,4),(0.,0.285714285714286,0.571428571428571,
1.),(-1.57079632679509,-1.17627746021153),.UNSPECIFIED.);
#33=TOROIDAL_SURFACE('',#9739,12.,1.);
#34=TOROIDAL_SURFACE('',#9747,5.00000000000014,1.);
#35=TOROIDAL_SURFACE('',#9753,5.00000000000012,1.);
#36=TOROIDAL_SURFACE('',#9758,4.00000000000004,1.);
#37=TOROIDAL_SURFACE('',#9762,12.,1.);
#38=TOROIDAL_SURFACE('',#9817,12.,1.);
#39=TOROIDAL_SURFACE('',#9821,12.,1.);
#40=CONICAL_SURFACE('',#9460,1.2,0.785398163397453);
#41=CONICAL_SURFACE('',#9464,3.19999999999997,0.785398163397448);
#42=CONICAL_SURFACE('',#9468,3.20000000000002,0.78539816339737);
#43=CONICAL_SURFACE('',#9472,1.2,0.785398163397395);
#44=CONICAL_SURFACE('',#9506,2.20000000000004,0.785398163380798);
#45=CONICAL_SURFACE('',#9509,3.20000000000002,0.785398163397424);
#46=CONICAL_SURFACE('',#9512,3.2,0.785398163397398);
#47=CONICAL_SURFACE('',#9515,3.2,0.785398163397414);
#48=CONICAL_SURFACE('',#9518,2.20000000000004,0.785398163380811);
#49=CONICAL_SURFACE('',#9529,3.20000000000003,0.785398163397376);
#50=CONICAL_SURFACE('',#9532,3.19999999999993,0.78539816339745);
#51=CONICAL_SURFACE('',#9535,3.19999999999999,0.785398163397384);
#52=CONICAL_SURFACE('',#9538,3.2,0.785398163397447);
#53=CONICAL_SURFACE('',#9541,3.2,0.785398163397393);
#54=CONICAL_SURFACE('',#9544,3.19999999999999,0.785398163397428);
#55=CONICAL_SURFACE('',#9554,1.8,0.785398163397444);
#56=CONICAL_SURFACE('',#9557,1.8,0.785398163397325);
#57=CONICAL_SURFACE('',#9560,1.8,0.785398163401069);
#58=CONICAL_SURFACE('',#9563,3.20000000000007,0.785398163407894);
#59=CONICAL_SURFACE('',#9566,5.80000000000012,0.785398163397461);
#60=CONICAL_SURFACE('',#9569,5.80000000000014,0.785398163397486);
#61=CONICAL_SURFACE('',#9572,3.19999999999999,0.78539816338635);
#62=CONICAL_SURFACE('',#9575,1.8,0.78539816340119);
#63=CONICAL_SURFACE('',#9608,0.700000000000005,0.785398163397353);
#64=CONICAL_SURFACE('',#9611,0.700000000000003,0.785398163397417);
#65=CONICAL_SURFACE('',#9616,0.699999999999997,0.785398163400232);
#66=CONICAL_SURFACE('',#9619,0.7,0.785398163400166);
#67=FACE_BOUND('',#791,.T.);
#68=FACE_BOUND('',#805,.T.);
#69=FACE_BOUND('',#806,.T.);
#70=FACE_BOUND('',#807,.T.);
#71=FACE_BOUND('',#808,.T.);
#72=FACE_BOUND('',#824,.T.);
#73=FACE_BOUND('',#825,.T.);
#74=FACE_BOUND('',#864,.T.);
#75=FACE_BOUND('',#869,.T.);
#76=FACE_BOUND('',#870,.T.);
#77=FACE_BOUND('',#871,.T.);
#78=FACE_BOUND('',#964,.T.);
#79=FACE_BOUND('',#967,.T.);
#80=FACE_BOUND('',#1145,.T.);
#81=FACE_BOUND('',#1146,.T.);
#82=FACE_BOUND('',#1147,.T.);
#83=FACE_BOUND('',#1148,.T.);
#84=FACE_BOUND('',#1149,.T.);
#85=FACE_BOUND('',#1150,.T.);
#86=FACE_BOUND('',#1151,.T.);
#87=FACE_BOUND('',#1153,.T.);
#88=FACE_BOUND('',#1154,.T.);
#89=FACE_BOUND('',#1155,.T.);
#90=FACE_BOUND('',#1156,.T.);
#91=FACE_BOUND('',#1157,.T.);
#92=FACE_BOUND('',#1158,.T.);
#93=FACE_BOUND('',#1159,.T.);
#94=FACE_BOUND('',#1212,.T.);
#95=FACE_BOUND('',#1214,.T.);
#96=FACE_BOUND('',#1272,.T.);
#97=FACE_BOUND('',#1273,.T.);
#98=FACE_BOUND('',#1275,.T.);
#99=FACE_BOUND('',#1276,.T.);
#100=ELLIPSE('',#9379,21.9999999999999,11.);
#101=ELLIPSE('',#9382,22.,11.);
#102=ELLIPSE('',#9386,21.9999999999999,11.);
#103=ELLIPSE('',#9400,21.9999999999911,11.);
#104=ELLIPSE('',#9402,22.0000000000047,11.);
#105=ELLIPSE('',#9427,21.9999999999998,11.);
#106=ELLIPSE('',#9428,22.,11.);
#107=ELLIPSE('',#9431,22.,11.);
#108=ELLIPSE('',#9432,21.9999999999999,11.);
#109=ELLIPSE('',#9433,21.9999999999999,11.);
#110=ELLIPSE('',#9477,22.,11.);
#111=ELLIPSE('',#9521,22.,11.);
#112=ELLIPSE('',#9582,3.48689359124216,2.);
#113=ELLIPSE('',#9586,3.48689359124216,2.);
#114=ELLIPSE('',#9647,22.0000000000001,11.);
#115=ELLIPSE('',#9654,22.,11.);
#116=ELLIPSE('',#9665,22.0000000000003,11.);
#117=ELLIPSE('',#9677,22.0000000000003,11.);
#118=ELLIPSE('',#9701,22.,11.);
#119=ELLIPSE('',#9720,1.13137084989848,0.8);
#120=ELLIPSE('',#9721,1.13137084989848,0.8);
#121=ELLIPSE('',#9724,1.13137084989848,0.8);
#122=ELLIPSE('',#9726,1.13137084989848,0.8);
#123=ELLIPSE('',#9745,24.,12.);
#124=ELLIPSE('',#9746,23.5159520326097,11.);
#125=ELLIPSE('',#9768,22.,11.);
#126=ELLIPSE('',#9770,22.0000000000001,11.);
#127=ELLIPSE('',#9772,22.,11.);
#128=ELLIPSE('',#9774,22.,11.);
#129=ELLIPSE('',#9777,22.0000000000001,11.);
#130=ELLIPSE('',#9778,22.0000000000001,11.);
#131=ELLIPSE('',#9795,3.48689359124217,2.);
#132=ELLIPSE('',#9797,3.48689359124217,2.);
#133=B_SPLINE_CURVE_WITH_KNOTS('',3,(#12645,#12646,#12647,#12648,#12649,
#12650,#12651,#12652,#12653,#12654,#12655,#12656),.UNSPECIFIED.,.F.,.F.,
(4,2,2,2,2,4),(-1.38818962405635,-1.15798104540568,-0.927772466755016,-0.845768500157612,
-0.763764533560207,-0.747084019633684),.UNSPECIFIED.);
#134=B_SPLINE_CURVE_WITH_KNOTS('',3,(#12666,#12667,#12668,#12669,#12670,
#12671,#12672,#12673,#12674,#12675),.UNSPECIFIED.,.F.,.F.,(4,2,2,2,4),(1.07878661426523,
1.15082432783073,1.23104983319888,1.31127533856702,1.38331305213252),
 .UNSPECIFIED.);
#135=B_SPLINE_CURVE_WITH_KNOTS('',3,(#12684,#12685,#12686,#12687,#12688,
#12689,#12690,#12691,#12692,#12693,#12694,#12695),.UNSPECIFIED.,.F.,.F.,
(4,2,2,2,2,4),(-0.634328641009644,-0.60065157616115,-0.455758334316363,
-0.248118667128815,-0.124059333564407,0.),.UNSPECIFIED.);
#136=B_SPLINE_CURVE_WITH_KNOTS('',3,(#12700,#12701,#12702,#12703,#12704,
#12705,#12706,#12707,#12708,#12709),.UNSPECIFIED.,.F.,.F.,(4,2,2,2,4),(1.07878661426487,
1.15082432783037,1.23104983319847,1.31127533856658,1.38331305213213),
 .UNSPECIFIED.);
#137=B_SPLINE_CURVE_WITH_KNOTS('',3,(#12718,#12719,#12720,#12721,#12722,
#12723,#12724,#12725,#12726,#12727,#12728,#12729),.UNSPECIFIED.,.F.,.F.,
(4,2,2,2,2,4),(0.,0.230208578650388,0.460417157300776,0.542421123898264,
0.624425090495753,0.641105604422246),.UNSPECIFIED.);
#138=B_SPLINE_CURVE_WITH_KNOTS('',3,(#12755,#12756,#12757,#12758,#12759,
#12760,#12761,#12762,#12763,#12764,#12765,#12766,#12767,#12768),
 .UNSPECIFIED.,.F.,.F.,(4,2,2,2,2,2,4),(0.280908720990466,0.292902176322601,
0.333026968389195,0.370670378199264,0.408313788009333,0.455424069840449,
0.502534351671565),.UNSPECIFIED.);
#139=B_SPLINE_CURVE_WITH_KNOTS('',3,(#12785,#12786,#12787,#12788,#12789,
#12790,#12791,#12792,#12793,#12794,#12795,#12796,#12797,#12798),
 .UNSPECIFIED.,.F.,.F.,(4,2,2,2,2,2,4),(0.163443721341811,0.20811055279894,
0.252777384256069,0.292902176322671,0.333026968389273,0.370670378199348,
0.384896228054741),.UNSPECIFIED.);
#140=B_SPLINE_CURVE_WITH_KNOTS('',3,(#12826,#12827,#12828,#12829,#12830,
#12831,#12832,#12833),.UNSPECIFIED.,.F.,.F.,(4,2,2,4),(-0.760776790892341,
-0.683195795307651,-0.568051621737965,-0.452907448168279),.UNSPECIFIED.);
#141=B_SPLINE_CURVE_WITH_KNOTS('',3,(#12870,#12871,#12872,#12873,#12874,
#12875,#12876,#12877),.UNSPECIFIED.,.F.,.F.,(4,2,2,4),(-1.37149467979121,
-1.25635050622165,-1.1412063326521,-1.06362533706733),.UNSPECIFIED.);
#142=B_SPLINE_CURVE_WITH_KNOTS('',3,(#12900,#12901,#12902,#12903,#12904,
#12905,#12906,#12907),.UNSPECIFIED.,.F.,.F.,(4,2,2,4),(0.151369983789943,
0.227659135744825,0.343475765477266,0.459292395209707),.UNSPECIFIED.);
#143=B_SPLINE_CURVE_WITH_KNOTS('',3,(#12911,#12912,#12913,#12914,#12915,
#12916,#12917,#12918,#12919,#12920,#12921,#12922,#12923,#12924),
 .UNSPECIFIED.,.F.,.F.,(4,2,2,2,2,2,4),(-1.17463403169596,-1.12888171561305,
-1.0701803401445,-1.01147896467594,-0.947370001205127,-0.883261037734316,
-0.846856613094094),.UNSPECIFIED.);
#144=B_SPLINE_CURVE_WITH_KNOTS('',3,(#12928,#12929,#12930,#12931,#12932,
#12933,#12934,#12935),.UNSPECIFIED.,.F.,.F.,(4,2,2,4),(-0.464951220024744,
-0.346466622647224,-0.227982025269704,-0.152132987531829),.UNSPECIFIED.);
#145=B_SPLINE_CURVE_WITH_KNOTS('',3,(#12942,#12943,#12944,#12945,#12946,
#12947,#12948,#12949,#12950,#12951,#12952),.UNSPECIFIED.,.F.,.F.,(4,2,3,
2,4),(-0.153778559338873,-0.108738569586595,0.,0.108738569586596,0.153778559338874),
 .UNSPECIFIED.);
#146=B_SPLINE_CURVE_WITH_KNOTS('',3,(#12955,#12956,#12957,#12958,#12959,
#12960,#12961,#12962,#12963,#12964,#12965,#12966),.UNSPECIFIED.,.F.,.F.,
(4,2,2,2,2,4),(0.743830123721516,0.760510637648064,0.842514604245466,0.924518570842869,
1.15472714949354,1.38493572814421),.UNSPECIFIED.);
#147=B_SPLINE_CURVE_WITH_KNOTS('',3,(#12968,#12969,#12970,#12971,#12972,
#12973,#12974,#12975,#12976,#12977,#12978,#12979),.UNSPECIFIED.,.F.,.F.,
(4,2,2,2,2,4),(5.08338997669649E-14,0.124059333564447,0.248118667128843,
0.455758334316375,0.600651576161149,0.634328641009621),.UNSPECIFIED.);
#148=B_SPLINE_CURVE_WITH_KNOTS('',3,(#12982,#12983,#12984,#12985,#12986,
#12987,#12988,#12989,#12990,#12991,#12992,#12993),.UNSPECIFIED.,.F.,.F.,
(4,2,2,2,2,4),(-0.634328641009247,-0.600651576160714,-0.455758334315803,
-0.248118667127755,-0.124059333563896,-3.75255382323303E-14),
 .UNSPECIFIED.);
#149=B_SPLINE_CURVE_WITH_KNOTS('',3,(#13167,#13168,#13169,#13170,#13171,
#13172,#13173,#13174,#13175,#13176,#13177,#13178,#13179,#13180),
 .UNSPECIFIED.,.F.,.F.,(4,2,2,2,2,2,4),(-0.452442963987479,-0.414719408116348,
-0.376995852245216,-0.339287050093395,-0.301578247941574,-0.26388426359603,
-0.251527758358057),.UNSPECIFIED.);
#150=B_SPLINE_CURVE_WITH_KNOTS('',3,(#13358,#13359,#13360,#13361,#13362,
#13363,#13364,#13365,#13366,#13367),.UNSPECIFIED.,.F.,.F.,(4,2,2,2,4),(-1.25410506314668,
-1.20113863812392,-1.06809263151204,-0.93504662490017,-0.885778456673876),
 .UNSPECIFIED.);
#151=B_SPLINE_CURVE_WITH_KNOTS('',3,(#13375,#13376,#13377,#13378,#13379,
#13380,#13381,#13382,#13383,#13384),.UNSPECIFIED.,.F.,.F.,(4,2,2,2,4),(-2.10880653062356,
-1.92645814565548,-1.7441097606874,-1.59307371238328,-1.44203766407917),
 .UNSPECIFIED.);
#152=B_SPLINE_CURVE_WITH_KNOTS('',3,(#13867,#13868,#13869,#13870,#13871,
#13872,#13873,#13874,#13875,#13876),.UNSPECIFIED.,.F.,.F.,(4,2,2,2,4),(0.885778456675588,
0.935046624900462,1.06809263151273,1.20113863812499,1.25410506314824),
 .UNSPECIFIED.);
#153=B_SPLINE_CURVE_WITH_KNOTS('',3,(#13883,#13884,#13885,#13886,#13887,
#13888,#13889,#13890,#13891,#13892),.UNSPECIFIED.,.F.,.F.,(4,2,2,2,4),(-2.10880653062349,
-1.92645814565544,-1.74410976068739,-1.59307371238324,-1.44203766407909),
 .UNSPECIFIED.);
#154=B_SPLINE_CURVE_WITH_KNOTS('',3,(#13919,#13920,#13921,#13922,#13923,
#13924,#13925,#13926,#13927,#13928),.UNSPECIFIED.,.F.,.F.,(4,2,2,2,4),(0.885778456675636,
0.935046624900481,1.06809263151275,1.20113863812502,1.25410506314829),
 .UNSPECIFIED.);
#155=B_SPLINE_CURVE_WITH_KNOTS('',3,(#13935,#13936,#13937,#13938,#13939,
#13940,#13941,#13942,#13943,#13944),.UNSPECIFIED.,.F.,.F.,(4,2,2,2,4),(-2.10880653062351,
-1.92645814565544,-1.74410976068738,-1.59307371238323,-1.44203766407909),
 .UNSPECIFIED.);
#156=B_SPLINE_CURVE_WITH_KNOTS('',3,(#13999,#14000,#14001,#14002,#14003,
#14004,#14005,#14006,#14007,#14008),.UNSPECIFIED.,.F.,.F.,(4,2,2,2,4),(-1.25410506314668,
-1.20113863812389,-1.06809263151202,-0.935046624900159,-0.885778456673821),
 .UNSPECIFIED.);
#157=B_SPLINE_CURVE_WITH_KNOTS('',3,(#14015,#14016,#14017,#14018,#14019,
#14020),.UNSPECIFIED.,.F.,.F.,(4,2,4),(-2.10880653062354,-1.76872112577703,
-1.42863572093052),.UNSPECIFIED.);
#158=B_SPLINE_CURVE_WITH_KNOTS('',3,(#14046,#14047,#14048,#14049,#14050,
#14051,#14052,#14053,#14054,#14055,#14056),.UNSPECIFIED.,.F.,.F.,(4,2,3,
2,4),(1.72331550857115,1.76048525922104,1.87342176256656,1.98635826591209,
2.02352801656197),.UNSPECIFIED.);
#159=B_SPLINE_CURVE_WITH_KNOTS('',3,(#14060,#14061,#14062,#14063,#14064,
#14065,#14066,#14067,#14068,#14069,#14070),.UNSPECIFIED.,.F.,.F.,(4,2,3,
2,4),(-0.150121836061201,-0.113135060098769,0.,0.11293650334553,0.150106253995402),
 .UNSPECIFIED.);
#160=B_SPLINE_CURVE_WITH_KNOTS('',3,(#14074,#14075,#14076,#14077,#14078,
#14079,#14080,#14081,#14082,#14083,#14084),.UNSPECIFIED.,.F.,.F.,(4,2,3,
2,4),(-0.150121836061202,-0.113135060098769,0.,0.112936503345528,0.150106253995402),
 .UNSPECIFIED.);
#161=B_SPLINE_CURVE_WITH_KNOTS('',3,(#14159,#14160,#14161,#14162,#14163),
 .UNSPECIFIED.,.F.,.F.,(4,1,4),(0.,0.273857743969632,0.479251051946857),
 .UNSPECIFIED.);
#162=B_SPLINE_CURVE_WITH_KNOTS('',3,(#14166,#14167,#14168,#14169,#14170),
 .UNSPECIFIED.,.F.,.F.,(4,1,4),(-0.479251051946857,-0.273857743969632,0.),
 .UNSPECIFIED.);
#163=B_SPLINE_CURVE_WITH_KNOTS('',3,(#14230,#14231,#14232,#14233,#14234,
#14235,#14236,#14237,#14238,#14239),.UNSPECIFIED.,.F.,.F.,(4,2,2,2,4),(2.89953202116538,
2.97866361170943,3.09383500154499,3.20532331465943,3.26045056613819),
 .UNSPECIFIED.);
#164=B_SPLINE_CURVE_WITH_KNOTS('',3,(#14242,#14243,#14244,#14245,#14246,
#14247),.UNSPECIFIED.,.F.,.F.,(4,2,4),(1.42863572093062,1.76872112577713,
2.10880653062363),.UNSPECIFIED.);
#165=B_SPLINE_CURVE_WITH_KNOTS('',3,(#14251,#14252,#14253,#14254,#14255,
#14256,#14257,#14258,#14259,#14260),.UNSPECIFIED.,.F.,.F.,(4,2,2,2,4),(-3.26045056613461,
-3.20532331465574,-3.09383500154131,-2.97866361170577,-2.89953202116176),
 .UNSPECIFIED.);
#166=B_SPLINE_CURVE_WITH_KNOTS('',3,(#14263,#14264,#14265,#14266,#14267,
#14268),.UNSPECIFIED.,.F.,.F.,(4,2,4),(-2.10880653062279,-1.76872112577654,
-1.42863572093029),.UNSPECIFIED.);
#167=B_SPLINE_CURVE_WITH_KNOTS('',3,(#14272,#14273,#14274,#14275,#14276,
#14277,#14278,#14279,#14280,#14281),.UNSPECIFIED.,.F.,.F.,(4,2,2,2,4),(-3.26045056613391,
-3.20532331465501,-3.09383500154059,-2.97866361170505,-2.89953202116102),
 .UNSPECIFIED.);
#168=B_SPLINE_CURVE_WITH_KNOTS('',3,(#14284,#14285,#14286,#14287,#14288,
#14289,#14290,#14291,#14292,#14293),.UNSPECIFIED.,.F.,.F.,(4,2,2,2,4),(1.44203766407914,
1.59307371238328,1.74410976068742,1.92645814565546,2.1088065306235),
 .UNSPECIFIED.);
#169=B_SPLINE_CURVE_WITH_KNOTS('',3,(#14295,#14296,#14297,#14298,#14299,
#14300,#14301,#14302,#14303,#14304,#14305),.UNSPECIFIED.,.F.,.F.,(4,2,3,
2,4),(-0.150106253995414,-0.112936503345529,0.,0.112936503345528,0.150106253995409),
 .UNSPECIFIED.);
#170=B_SPLINE_CURVE_WITH_KNOTS('',3,(#14309,#14310,#14311,#14312,#14313,
#14314,#14315,#14316),.UNSPECIFIED.,.F.,.F.,(4,2,2,4),(0.151632905801524,
0.222146644654598,0.360006118012667,0.497865591370737),.UNSPECIFIED.);
#171=B_SPLINE_CURVE_WITH_KNOTS('',3,(#14319,#14320,#14321,#14322,#14323,
#14324,#14325,#14326,#14327,#14328),.UNSPECIFIED.,.F.,.F.,(4,2,2,2,4),(1.44203766407912,
1.59307371238327,1.74410976068741,1.92645814565546,2.10880653062351),
 .UNSPECIFIED.);
#172=B_SPLINE_CURVE_WITH_KNOTS('',3,(#14332,#14333,#14334,#14335,#14336,
#14337,#14338,#14339,#14340,#14341,#14342,#14343,#14344,#14345,#14346,#14347,
#14348,#14349,#14350,#14351,#14352,#14353,#14354,#14355,#14356,#14357,#14358,
#14359,#14360,#14361,#14362,#14363,#14364,#14365,#14366,#14367,#14368,#14369,
#14370,#14371,#14372,#14373,#14374,#14375,#14376,#14377,#14378,#14379,#14380,
#14381,#14382,#14383,#14384,#14385,#14386),.UNSPECIFIED.,.F.,.F.,(4,3,3,
3,3,3,3,3,3,3,3,3,3,3,3,3,3,3,4),(-0.157715179583663,-0.127100413596807,
-0.092248267370081,-0.0888464029184385,-0.0565023139575831,-0.0366922268192638,
-0.0158923146076157,-0.00635135317117902,-0.00260734175199356,0.,0.00260734175198578,
0.00635135317113146,0.0158923146073094,0.0366922268182984,0.0690363157757255,
0.0888464029151212,0.123698549136035,0.127100413595709,0.157715179583689),
 .UNSPECIFIED.);
#173=B_SPLINE_CURVE_WITH_KNOTS('',3,(#14388,#14389,#14390,#14391,#14392,
#14393,#14394,#14395,#14396,#14397),.UNSPECIFIED.,.F.,.F.,(4,2,2,2,4),(0.758408881013128,
0.795516855894916,0.909200086297306,1.02300020434261,1.06000074054113),
 .UNSPECIFIED.);
#174=CYLINDRICAL_SURFACE('',#9377,1.);
#175=CYLINDRICAL_SURFACE('',#9380,3.00000000000001);
#176=CYLINDRICAL_SURFACE('',#9383,1.);
#177=CYLINDRICAL_SURFACE('',#9384,3.00000000000001);
#178=CYLINDRICAL_SURFACE('',#9387,1.);
#179=CYLINDRICAL_SURFACE('',#9389,1.);
#180=CYLINDRICAL_SURFACE('',#9393,1.);
#181=CYLINDRICAL_SURFACE('',#9403,3.000000000001);
#182=CYLINDRICAL_SURFACE('',#9407,3.00000000000211);
#183=CYLINDRICAL_SURFACE('',#9411,0.999999999999979);
#184=CYLINDRICAL_SURFACE('',#9417,2.99999999999681);
#185=CYLINDRICAL_SURFACE('',#9420,1.00000000000001);
#186=CYLINDRICAL_SURFACE('',#9423,2.99999999999869);
#187=CYLINDRICAL_SURFACE('',#9425,11.);
#188=CYLINDRICAL_SURFACE('',#9475,2.99999999999996);
#189=CYLINDRICAL_SURFACE('',#9478,1.);
#190=CYLINDRICAL_SURFACE('',#9522,3.00000000000002);
#191=CYLINDRICAL_SURFACE('',#9525,2.);
#192=CYLINDRICAL_SURFACE('',#9548,2.99999999999999);
#193=CYLINDRICAL_SURFACE('',#9550,2.99999999999993);
#194=CYLINDRICAL_SURFACE('',#9552,3.00000000000004);
#195=CYLINDRICAL_SURFACE('',#9577,3.00000000000004);
#196=CYLINDRICAL_SURFACE('',#9581,2.);
#197=CYLINDRICAL_SURFACE('',#9585,2.);
#198=CYLINDRICAL_SURFACE('',#9590,2.);
#199=CYLINDRICAL_SURFACE('',#9624,0.5);
#200=CYLINDRICAL_SURFACE('',#9626,0.5);
#201=CYLINDRICAL_SURFACE('',#9634,3.);
#202=CYLINDRICAL_SURFACE('',#9637,3.);
#203=CYLINDRICAL_SURFACE('',#9644,3.);
#204=CYLINDRICAL_SURFACE('',#9648,3.);
#205=CYLINDRICAL_SURFACE('',#9655,0.5);
#206=CYLINDRICAL_SURFACE('',#9656,0.5);
#207=CYLINDRICAL_SURFACE('',#9666,3.00000000000001);
#208=CYLINDRICAL_SURFACE('',#9669,2.);
#209=CYLINDRICAL_SURFACE('',#9678,3.00000000000001);
#210=CYLINDRICAL_SURFACE('',#9681,2.);
#211=CYLINDRICAL_SURFACE('',#9687,3.);
#212=CYLINDRICAL_SURFACE('',#9689,3.00000000000003);
#213=CYLINDRICAL_SURFACE('',#9691,3.00000000000002);
#214=CYLINDRICAL_SURFACE('',#9693,3.);
#215=CYLINDRICAL_SURFACE('',#9702,3.00000000000002);
#216=CYLINDRICAL_SURFACE('',#9705,2.);
#217=CYLINDRICAL_SURFACE('',#9716,3.);
#218=CYLINDRICAL_SURFACE('',#9717,3.);
#219=CYLINDRICAL_SURFACE('',#9718,3.);
#220=CYLINDRICAL_SURFACE('',#9719,0.8);
#221=CYLINDRICAL_SURFACE('',#9725,0.8);
#222=CYLINDRICAL_SURFACE('',#9728,3.);
#223=CYLINDRICAL_SURFACE('',#9732,3.);
#224=CYLINDRICAL_SURFACE('',#9736,1.);
#225=CYLINDRICAL_SURFACE('',#9751,1.);
#226=CYLINDRICAL_SURFACE('',#9756,1.);
#227=CYLINDRICAL_SURFACE('',#9760,1.);
#228=CYLINDRICAL_SURFACE('',#9764,1.);
#229=CYLINDRICAL_SURFACE('',#9766,1.);
#230=CYLINDRICAL_SURFACE('',#9767,11.);
#231=CYLINDRICAL_SURFACE('',#9784,2.);
#232=CYLINDRICAL_SURFACE('',#9786,1.99999999999998);
#233=CYLINDRICAL_SURFACE('',#9788,3.00000000000001);
#234=CYLINDRICAL_SURFACE('',#9789,6.00000000000014);
#235=CYLINDRICAL_SURFACE('',#9790,6.00000000000012);
#236=CYLINDRICAL_SURFACE('',#9794,2.);
#237=CYLINDRICAL_SURFACE('',#9798,2.99999999999996);
#238=CYLINDRICAL_SURFACE('',#9801,3.00000000000001);
#239=CYLINDRICAL_SURFACE('',#9804,3.00000000000001);
#240=CYLINDRICAL_SURFACE('',#9806,2.);
#241=CYLINDRICAL_SURFACE('',#9808,0.999999999999999);
#242=CYLINDRICAL_SURFACE('',#9811,3.00000000000002);
#243=CYLINDRICAL_SURFACE('',#9812,3.00000000000013);
#244=CYLINDRICAL_SURFACE('',#9814,2.);
#245=CYLINDRICAL_SURFACE('',#9815,1.);
#246=CYLINDRICAL_SURFACE('',#9819,1.);
#247=CYLINDRICAL_SURFACE('',#9823,1.);
#248=CYLINDRICAL_SURFACE('',#9826,3.);
#249=CYLINDRICAL_SURFACE('',#9827,3.);
#250=CYLINDRICAL_SURFACE('',#9829,2.);
#251=CYLINDRICAL_SURFACE('',#9831,3.00000000000002);
#252=CYLINDRICAL_SURFACE('',#9832,1.);
#253=CYLINDRICAL_SURFACE('',#9835,3.);
#254=CYLINDRICAL_SURFACE('',#9837,3.);
#255=CYLINDRICAL_SURFACE('',#9838,1.);
#256=CYLINDRICAL_SURFACE('',#9840,3.);
#257=CYLINDRICAL_SURFACE('',#9841,3.00000000000002);
#258=CYLINDRICAL_SURFACE('',#9843,2.);
#259=CYLINDRICAL_SURFACE('',#9845,3.);
#260=CYLINDRICAL_SURFACE('',#9847,3.);
#261=CYLINDRICAL_SURFACE('',#9848,1.6);
#262=CYLINDRICAL_SURFACE('',#9849,1.6);
#263=CYLINDRICAL_SURFACE('',#9852,2.35);
#264=CYLINDRICAL_SURFACE('',#9854,1.);
#265=CYLINDRICAL_SURFACE('',#9906,3.40000000000001);
#266=CYLINDRICAL_SURFACE('',#9922,3.39999999999999);
#267=CYLINDRICAL_SURFACE('',#9968,1.40000000000001);
#268=CYLINDRICAL_SURFACE('',#9973,1.40000000000001);
#269=CYLINDRICAL_SURFACE('',#9995,1.4);
#270=CYLINDRICAL_SURFACE('',#10034,3.39999999999999);
#271=CYLINDRICAL_SURFACE('',#10041,2.40000000000007);
#272=CYLINDRICAL_SURFACE('',#10059,2.399999999993);
#273=CYLINDRICAL_SURFACE('',#10064,2.399999999993);
#274=FACE_OUTER_BOUND('',#759,.T.);
#275=FACE_OUTER_BOUND('',#760,.T.);
#276=FACE_OUTER_BOUND('',#761,.T.);
#277=FACE_OUTER_BOUND('',#762,.T.);
#278=FACE_OUTER_BOUND('',#763,.T.);
#279=FACE_OUTER_BOUND('',#764,.T.);
#280=FACE_OUTER_BOUND('',#765,.T.);
#281=FACE_OUTER_BOUND('',#766,.T.);
#282=FACE_OUTER_BOUND('',#767,.T.);
#283=FACE_OUTER_BOUND('',#768,.T.);
#284=FACE_OUTER_BOUND('',#769,.T.);
#285=FACE_OUTER_BOUND('',#770,.T.);
#286=FACE_OUTER_BOUND('',#771,.T.);
#287=FACE_OUTER_BOUND('',#772,.T.);
#288=FACE_OUTER_BOUND('',#773,.T.);
#289=FACE_OUTER_BOUND('',#774,.T.);
#290=FACE_OUTER_BOUND('',#775,.T.);
#291=FACE_OUTER_BOUND('',#776,.T.);
#292=FACE_OUTER_BOUND('',#777,.T.);
#293=FACE_OUTER_BOUND('',#778,.T.);
#294=FACE_OUTER_BOUND('',#779,.T.);
#295=FACE_OUTER_BOUND('',#780,.T.);
#296=FACE_OUTER_BOUND('',#781,.T.);
#297=FACE_OUTER_BOUND('',#782,.T.);
#298=FACE_OUTER_BOUND('',#783,.T.);
#299=FACE_OUTER_BOUND('',#784,.T.);
#300=FACE_OUTER_BOUND('',#785,.T.);
#301=FACE_OUTER_BOUND('',#786,.T.);
#302=FACE_OUTER_BOUND('',#787,.T.);
#303=FACE_OUTER_BOUND('',#788,.T.);
#304=FACE_OUTER_BOUND('',#789,.T.);
#305=FACE_OUTER_BOUND('',#790,.T.);
#306=FACE_OUTER_BOUND('',#792,.T.);
#307=FACE_OUTER_BOUND('',#793,.T.);
#308=FACE_OUTER_BOUND('',#794,.T.);
#309=FACE_OUTER_BOUND('',#795,.T.);
#310=FACE_OUTER_BOUND('',#796,.T.);
#311=FACE_OUTER_BOUND('',#797,.T.);
#312=FACE_OUTER_BOUND('',#798,.T.);
#313=FACE_OUTER_BOUND('',#799,.T.);
#314=FACE_OUTER_BOUND('',#800,.T.);
#315=FACE_OUTER_BOUND('',#801,.T.);
#316=FACE_OUTER_BOUND('',#802,.T.);
#317=FACE_OUTER_BOUND('',#803,.T.);
#318=FACE_OUTER_BOUND('',#804,.T.);
#319=FACE_OUTER_BOUND('',#809,.T.);
#320=FACE_OUTER_BOUND('',#810,.T.);
#321=FACE_OUTER_BOUND('',#811,.T.);
#322=FACE_OUTER_BOUND('',#812,.T.);
#323=FACE_OUTER_BOUND('',#813,.T.);
#324=FACE_OUTER_BOUND('',#814,.T.);
#325=FACE_OUTER_BOUND('',#815,.T.);
#326=FACE_OUTER_BOUND('',#816,.T.);
#327=FACE_OUTER_BOUND('',#817,.T.);
#328=FACE_OUTER_BOUND('',#818,.T.);
#329=FACE_OUTER_BOUND('',#819,.T.);
#330=FACE_OUTER_BOUND('',#820,.T.);
#331=FACE_OUTER_BOUND('',#821,.T.);
#332=FACE_OUTER_BOUND('',#822,.T.);
#333=FACE_OUTER_BOUND('',#823,.T.);
#334=FACE_OUTER_BOUND('',#826,.T.);
#335=FACE_OUTER_BOUND('',#827,.T.);
#336=FACE_OUTER_BOUND('',#828,.T.);
#337=FACE_OUTER_BOUND('',#829,.T.);
#338=FACE_OUTER_BOUND('',#830,.T.);
#339=FACE_OUTER_BOUND('',#831,.T.);
#340=FACE_OUTER_BOUND('',#832,.T.);
#341=FACE_OUTER_BOUND('',#833,.T.);
#342=FACE_OUTER_BOUND('',#834,.T.);
#343=FACE_OUTER_BOUND('',#835,.T.);
#344=FACE_OUTER_BOUND('',#836,.T.);
#345=FACE_OUTER_BOUND('',#837,.T.);
#346=FACE_OUTER_BOUND('',#838,.T.);
#347=FACE_OUTER_BOUND('',#839,.T.);
#348=FACE_OUTER_BOUND('',#840,.T.);
#349=FACE_OUTER_BOUND('',#841,.T.);
#350=FACE_OUTER_BOUND('',#842,.T.);
#351=FACE_OUTER_BOUND('',#843,.T.);
#352=FACE_OUTER_BOUND('',#844,.T.);
#353=FACE_OUTER_BOUND('',#845,.T.);
#354=FACE_OUTER_BOUND('',#846,.T.);
#355=FACE_OUTER_BOUND('',#847,.T.);
#356=FACE_OUTER_BOUND('',#848,.T.);
#357=FACE_OUTER_BOUND('',#849,.T.);
#358=FACE_OUTER_BOUND('',#850,.T.);
#359=FACE_OUTER_BOUND('',#851,.T.);
#360=FACE_OUTER_BOUND('',#852,.T.);
#361=FACE_OUTER_BOUND('',#853,.T.);
#362=FACE_OUTER_BOUND('',#854,.T.);
#363=FACE_OUTER_BOUND('',#855,.T.);
#364=FACE_OUTER_BOUND('',#856,.T.);
#365=FACE_OUTER_BOUND('',#857,.T.);
#366=FACE_OUTER_BOUND('',#858,.T.);
#367=FACE_OUTER_BOUND('',#859,.T.);
#368=FACE_OUTER_BOUND('',#860,.T.);
#369=FACE_OUTER_BOUND('',#861,.T.);
#370=FACE_OUTER_BOUND('',#862,.T.);
#371=FACE_OUTER_BOUND('',#863,.T.);
#372=FACE_OUTER_BOUND('',#865,.T.);
#373=FACE_OUTER_BOUND('',#866,.T.);
#374=FACE_OUTER_BOUND('',#867,.T.);
#375=FACE_OUTER_BOUND('',#868,.T.);
#376=FACE_OUTER_BOUND('',#872,.T.);
#377=FACE_OUTER_BOUND('',#873,.T.);
#378=FACE_OUTER_BOUND('',#874,.T.);
#379=FACE_OUTER_BOUND('',#875,.T.);
#380=FACE_OUTER_BOUND('',#876,.T.);
#381=FACE_OUTER_BOUND('',#877,.T.);
#382=FACE_OUTER_BOUND('',#878,.T.);
#383=FACE_OUTER_BOUND('',#879,.T.);
#384=FACE_OUTER_BOUND('',#880,.T.);
#385=FACE_OUTER_BOUND('',#881,.T.);
#386=FACE_OUTER_BOUND('',#882,.T.);
#387=FACE_OUTER_BOUND('',#883,.T.);
#388=FACE_OUTER_BOUND('',#884,.T.);
#389=FACE_OUTER_BOUND('',#885,.T.);
#390=FACE_OUTER_BOUND('',#886,.T.);
#391=FACE_OUTER_BOUND('',#887,.T.);
#392=FACE_OUTER_BOUND('',#888,.T.);
#393=FACE_OUTER_BOUND('',#889,.T.);
#394=FACE_OUTER_BOUND('',#890,.T.);
#395=FACE_OUTER_BOUND('',#891,.T.);
#396=FACE_OUTER_BOUND('',#892,.T.);
#397=FACE_OUTER_BOUND('',#893,.T.);
#398=FACE_OUTER_BOUND('',#894,.T.);
#399=FACE_OUTER_BOUND('',#895,.T.);
#400=FACE_OUTER_BOUND('',#896,.T.);
#401=FACE_OUTER_BOUND('',#897,.T.);
#402=FACE_OUTER_BOUND('',#898,.T.);
#403=FACE_OUTER_BOUND('',#899,.T.);
#404=FACE_OUTER_BOUND('',#900,.T.);
#405=FACE_OUTER_BOUND('',#901,.T.);
#406=FACE_OUTER_BOUND('',#902,.T.);
#407=FACE_OUTER_BOUND('',#903,.T.);
#408=FACE_OUTER_BOUND('',#904,.T.);
#409=FACE_OUTER_BOUND('',#905,.T.);
#410=FACE_OUTER_BOUND('',#906,.T.);
#411=FACE_OUTER_BOUND('',#907,.T.);
#412=FACE_OUTER_BOUND('',#908,.T.);
#413=FACE_OUTER_BOUND('',#909,.T.);
#414=FACE_OUTER_BOUND('',#910,.T.);
#415=FACE_OUTER_BOUND('',#911,.T.);
#416=FACE_OUTER_BOUND('',#912,.T.);
#417=FACE_OUTER_BOUND('',#913,.T.);
#418=FACE_OUTER_BOUND('',#914,.T.);
#419=FACE_OUTER_BOUND('',#915,.T.);
#420=FACE_OUTER_BOUND('',#916,.T.);
#421=FACE_OUTER_BOUND('',#917,.T.);
#422=FACE_OUTER_BOUND('',#918,.T.);
#423=FACE_OUTER_BOUND('',#919,.T.);
#424=FACE_OUTER_BOUND('',#920,.T.);
#425=FACE_OUTER_BOUND('',#921,.T.);
#426=FACE_OUTER_BOUND('',#922,.T.);
#427=FACE_OUTER_BOUND('',#923,.T.);
#428=FACE_OUTER_BOUND('',#924,.T.);
#429=FACE_OUTER_BOUND('',#925,.T.);
#430=FACE_OUTER_BOUND('',#926,.T.);
#431=FACE_OUTER_BOUND('',#927,.T.);
#432=FACE_OUTER_BOUND('',#928,.T.);
#433=FACE_OUTER_BOUND('',#929,.T.);
#434=FACE_OUTER_BOUND('',#930,.T.);
#435=FACE_OUTER_BOUND('',#931,.T.);
#436=FACE_OUTER_BOUND('',#932,.T.);
#437=FACE_OUTER_BOUND('',#933,.T.);
#438=FACE_OUTER_BOUND('',#934,.T.);
#439=FACE_OUTER_BOUND('',#935,.T.);
#440=FACE_OUTER_BOUND('',#936,.T.);
#441=FACE_OUTER_BOUND('',#937,.T.);
#442=FACE_OUTER_BOUND('',#938,.T.);
#443=FACE_OUTER_BOUND('',#939,.T.);
#444=FACE_OUTER_BOUND('',#940,.T.);
#445=FACE_OUTER_BOUND('',#941,.T.);
#446=FACE_OUTER_BOUND('',#942,.T.);
#447=FACE_OUTER_BOUND('',#943,.T.);
#448=FACE_OUTER_BOUND('',#944,.T.);
#449=FACE_OUTER_BOUND('',#945,.T.);
#450=FACE_OUTER_BOUND('',#946,.T.);
#451=FACE_OUTER_BOUND('',#947,.T.);
#452=FACE_OUTER_BOUND('',#948,.T.);
#453=FACE_OUTER_BOUND('',#949,.T.);
#454=FACE_OUTER_BOUND('',#950,.T.);
#455=FACE_OUTER_BOUND('',#951,.T.);
#456=FACE_OUTER_BOUND('',#952,.T.);
#457=FACE_OUTER_BOUND('',#953,.T.);
#458=FACE_OUTER_BOUND('',#954,.T.);
#459=FACE_OUTER_BOUND('',#955,.T.);
#460=FACE_OUTER_BOUND('',#956,.T.);
#461=FACE_OUTER_BOUND('',#957,.T.);
#462=FACE_OUTER_BOUND('',#958,.T.);
#463=FACE_OUTER_BOUND('',#959,.T.);
#464=FACE_OUTER_BOUND('',#960,.T.);
#465=FACE_OUTER_BOUND('',#961,.T.);
#466=FACE_OUTER_BOUND('',#962,.T.);
#467=FACE_OUTER_BOUND('',#963,.T.);
#468=FACE_OUTER_BOUND('',#965,.T.);
#469=FACE_OUTER_BOUND('',#966,.T.);
#470=FACE_OUTER_BOUND('',#968,.T.);
#471=FACE_OUTER_BOUND('',#969,.T.);
#472=FACE_OUTER_BOUND('',#970,.T.);
#473=FACE_OUTER_BOUND('',#971,.T.);
#474=FACE_OUTER_BOUND('',#972,.T.);
#475=FACE_OUTER_BOUND('',#973,.T.);
#476=FACE_OUTER_BOUND('',#974,.T.);
#477=FACE_OUTER_BOUND('',#975,.T.);
#478=FACE_OUTER_BOUND('',#976,.T.);
#479=FACE_OUTER_BOUND('',#977,.T.);
#480=FACE_OUTER_BOUND('',#978,.T.);
#481=FACE_OUTER_BOUND('',#979,.T.);
#482=FACE_OUTER_BOUND('',#980,.T.);
#483=FACE_OUTER_BOUND('',#981,.T.);
#484=FACE_OUTER_BOUND('',#982,.T.);
#485=FACE_OUTER_BOUND('',#983,.T.);
#486=FACE_OUTER_BOUND('',#984,.T.);
#487=FACE_OUTER_BOUND('',#985,.T.);
#488=FACE_OUTER_BOUND('',#986,.T.);
#489=FACE_OUTER_BOUND('',#987,.T.);
#490=FACE_OUTER_BOUND('',#988,.T.);
#491=FACE_OUTER_BOUND('',#989,.T.);
#492=FACE_OUTER_BOUND('',#990,.T.);
#493=FACE_OUTER_BOUND('',#991,.T.);
#494=FACE_OUTER_BOUND('',#992,.T.);
#495=FACE_OUTER_BOUND('',#993,.T.);
#496=FACE_OUTER_BOUND('',#994,.T.);
#497=FACE_OUTER_BOUND('',#995,.T.);
#498=FACE_OUTER_BOUND('',#996,.T.);
#499=FACE_OUTER_BOUND('',#997,.T.);
#500=FACE_OUTER_BOUND('',#998,.T.);
#501=FACE_OUTER_BOUND('',#999,.T.);
#502=FACE_OUTER_BOUND('',#1000,.T.);
#503=FACE_OUTER_BOUND('',#1001,.T.);
#504=FACE_OUTER_BOUND('',#1002,.T.);
#505=FACE_OUTER_BOUND('',#1003,.T.);
#506=FACE_OUTER_BOUND('',#1004,.T.);
#507=FACE_OUTER_BOUND('',#1005,.T.);
#508=FACE_OUTER_BOUND('',#1006,.T.);
#509=FACE_OUTER_BOUND('',#1007,.T.);
#510=FACE_OUTER_BOUND('',#1008,.T.);
#511=FACE_OUTER_BOUND('',#1009,.T.);
#512=FACE_OUTER_BOUND('',#1010,.T.);
#513=FACE_OUTER_BOUND('',#1011,.T.);
#514=FACE_OUTER_BOUND('',#1012,.T.);
#515=FACE_OUTER_BOUND('',#1013,.T.);
#516=FACE_OUTER_BOUND('',#1014,.T.);
#517=FACE_OUTER_BOUND('',#1015,.T.);
#518=FACE_OUTER_BOUND('',#1016,.T.);
#519=FACE_OUTER_BOUND('',#1017,.T.);
#520=FACE_OUTER_BOUND('',#1018,.T.);
#521=FACE_OUTER_BOUND('',#1019,.T.);
#522=FACE_OUTER_BOUND('',#1020,.T.);
#523=FACE_OUTER_BOUND('',#1021,.T.);
#524=FACE_OUTER_BOUND('',#1022,.T.);
#525=FACE_OUTER_BOUND('',#1023,.T.);
#526=FACE_OUTER_BOUND('',#1024,.T.);
#527=FACE_OUTER_BOUND('',#1025,.T.);
#528=FACE_OUTER_BOUND('',#1026,.T.);
#529=FACE_OUTER_BOUND('',#1027,.T.);
#530=FACE_OUTER_BOUND('',#1028,.T.);
#531=FACE_OUTER_BOUND('',#1029,.T.);
#532=FACE_OUTER_BOUND('',#1030,.T.);
#533=FACE_OUTER_BOUND('',#1031,.T.);
#534=FACE_OUTER_BOUND('',#1032,.T.);
#535=FACE_OUTER_BOUND('',#1033,.T.);
#536=FACE_OUTER_BOUND('',#1034,.T.);
#537=FACE_OUTER_BOUND('',#1035,.T.);
#538=FACE_OUTER_BOUND('',#1036,.T.);
#539=FACE_OUTER_BOUND('',#1037,.T.);
#540=FACE_OUTER_BOUND('',#1038,.T.);
#541=FACE_OUTER_BOUND('',#1039,.T.);
#542=FACE_OUTER_BOUND('',#1040,.T.);
#543=FACE_OUTER_BOUND('',#1041,.T.);
#544=FACE_OUTER_BOUND('',#1042,.T.);
#545=FACE_OUTER_BOUND('',#1043,.T.);
#546=FACE_OUTER_BOUND('',#1044,.T.);
#547=FACE_OUTER_BOUND('',#1045,.T.);
#548=FACE_OUTER_BOUND('',#1046,.T.);
#549=FACE_OUTER_BOUND('',#1047,.T.);
#550=FACE_OUTER_BOUND('',#1048,.T.);
#551=FACE_OUTER_BOUND('',#1049,.T.);
#552=FACE_OUTER_BOUND('',#1050,.T.);
#553=FACE_OUTER_BOUND('',#1051,.T.);
#554=FACE_OUTER_BOUND('',#1052,.T.);
#555=FACE_OUTER_BOUND('',#1053,.T.);
#556=FACE_OUTER_BOUND('',#1054,.T.);
#557=FACE_OUTER_BOUND('',#1055,.T.);
#558=FACE_OUTER_BOUND('',#1056,.T.);
#559=FACE_OUTER_BOUND('',#1057,.T.);
#560=FACE_OUTER_BOUND('',#1058,.T.);
#561=FACE_OUTER_BOUND('',#1059,.T.);
#562=FACE_OUTER_BOUND('',#1060,.T.);
#563=FACE_OUTER_BOUND('',#1061,.T.);
#564=FACE_OUTER_BOUND('',#1062,.T.);
#565=FACE_OUTER_BOUND('',#1063,.T.);
#566=FACE_OUTER_BOUND('',#1064,.T.);
#567=FACE_OUTER_BOUND('',#1065,.T.);
#568=FACE_OUTER_BOUND('',#1066,.T.);
#569=FACE_OUTER_BOUND('',#1067,.T.);
#570=FACE_OUTER_BOUND('',#1068,.T.);
#571=FACE_OUTER_BOUND('',#1069,.T.);
#572=FACE_OUTER_BOUND('',#1070,.T.);
#573=FACE_OUTER_BOUND('',#1071,.T.);
#574=FACE_OUTER_BOUND('',#1072,.T.);
#575=FACE_OUTER_BOUND('',#1073,.T.);
#576=FACE_OUTER_BOUND('',#1074,.T.);
#577=FACE_OUTER_BOUND('',#1075,.T.);
#578=FACE_OUTER_BOUND('',#1076,.T.);
#579=FACE_OUTER_BOUND('',#1077,.T.);
#580=FACE_OUTER_BOUND('',#1078,.T.);
#581=FACE_OUTER_BOUND('',#1079,.T.);
#582=FACE_OUTER_BOUND('',#1080,.T.);
#583=FACE_OUTER_BOUND('',#1081,.T.);
#584=FACE_OUTER_BOUND('',#1082,.T.);
#585=FACE_OUTER_BOUND('',#1083,.T.);
#586=FACE_OUTER_BOUND('',#1084,.T.);
#587=FACE_OUTER_BOUND('',#1085,.T.);
#588=FACE_OUTER_BOUND('',#1086,.T.);
#589=FACE_OUTER_BOUND('',#1087,.T.);
#590=FACE_OUTER_BOUND('',#1088,.T.);
#591=FACE_OUTER_BOUND('',#1089,.T.);
#592=FACE_OUTER_BOUND('',#1090,.T.);
#593=FACE_OUTER_BOUND('',#1091,.T.);
#594=FACE_OUTER_BOUND('',#1092,.T.);
#595=FACE_OUTER_BOUND('',#1093,.T.);
#596=FACE_OUTER_BOUND('',#1094,.T.);
#597=FACE_OUTER_BOUND('',#1095,.T.);
#598=FACE_OUTER_BOUND('',#1096,.T.);
#599=FACE_OUTER_BOUND('',#1097,.T.);
#600=FACE_OUTER_BOUND('',#1098,.T.);
#601=FACE_OUTER_BOUND('',#1099,.T.);
#602=FACE_OUTER_BOUND('',#1100,.T.);
#603=FACE_OUTER_BOUND('',#1101,.T.);
#604=FACE_OUTER_BOUND('',#1102,.T.);
#605=FACE_OUTER_BOUND('',#1103,.T.);
#606=FACE_OUTER_BOUND('',#1104,.T.);
#607=FACE_OUTER_BOUND('',#1105,.T.);
#608=FACE_OUTER_BOUND('',#1106,.T.);
#609=FACE_OUTER_BOUND('',#1107,.T.);
#610=FACE_OUTER_BOUND('',#1108,.T.);
#611=FACE_OUTER_BOUND('',#1109,.T.);
#612=FACE_OUTER_BOUND('',#1110,.T.);
#613=FACE_OUTER_BOUND('',#1111,.T.);
#614=FACE_OUTER_BOUND('',#1112,.T.);
#615=FACE_OUTER_BOUND('',#1113,.T.);
#616=FACE_OUTER_BOUND('',#1114,.T.);
#617=FACE_OUTER_BOUND('',#1115,.T.);
#618=FACE_OUTER_BOUND('',#1116,.T.);
#619=FACE_OUTER_BOUND('',#1117,.T.);
#620=FACE_OUTER_BOUND('',#1118,.T.);
#621=FACE_OUTER_BOUND('',#1119,.T.);
#622=FACE_OUTER_BOUND('',#1120,.T.);
#623=FACE_OUTER_BOUND('',#1121,.T.);
#624=FACE_OUTER_BOUND('',#1122,.T.);
#625=FACE_OUTER_BOUND('',#1123,.T.);
#626=FACE_OUTER_BOUND('',#1124,.T.);
#627=FACE_OUTER_BOUND('',#1125,.T.);
#628=FACE_OUTER_BOUND('',#1126,.T.);
#629=FACE_OUTER_BOUND('',#1127,.T.);
#630=FACE_OUTER_BOUND('',#1128,.T.);
#631=FACE_OUTER_BOUND('',#1129,.T.);
#632=FACE_OUTER_BOUND('',#1130,.T.);
#633=FACE_OUTER_BOUND('',#1131,.T.);
#634=FACE_OUTER_BOUND('',#1132,.T.);
#635=FACE_OUTER_BOUND('',#1133,.T.);
#636=FACE_OUTER_BOUND('',#1134,.T.);
#637=FACE_OUTER_BOUND('',#1135,.T.);
#638=FACE_OUTER_BOUND('',#1136,.T.);
#639=FACE_OUTER_BOUND('',#1137,.T.);
#640=FACE_OUTER_BOUND('',#1138,.T.);
#641=FACE_OUTER_BOUND('',#1139,.T.);
#642=FACE_OUTER_BOUND('',#1140,.T.);
#643=FACE_OUTER_BOUND('',#1141,.T.);
#644=FACE_OUTER_BOUND('',#1142,.T.);
#645=FACE_OUTER_BOUND('',#1143,.T.);
#646=FACE_OUTER_BOUND('',#1144,.T.);
#647=FACE_OUTER_BOUND('',#1152,.T.);
#648=FACE_OUTER_BOUND('',#1160,.T.);
#649=FACE_OUTER_BOUND('',#1161,.T.);
#650=FACE_OUTER_BOUND('',#1162,.T.);
#651=FACE_OUTER_BOUND('',#1163,.T.);
#652=FACE_OUTER_BOUND('',#1164,.T.);
#653=FACE_OUTER_BOUND('',#1165,.T.);
#654=FACE_OUTER_BOUND('',#1166,.T.);
#655=FACE_OUTER_BOUND('',#1167,.T.);
#656=FACE_OUTER_BOUND('',#1168,.T.);
#657=FACE_OUTER_BOUND('',#1169,.T.);
#658=FACE_OUTER_BOUND('',#1170,.T.);
#659=FACE_OUTER_BOUND('',#1171,.T.);
#660=FACE_OUTER_BOUND('',#1172,.T.);
#661=FACE_OUTER_BOUND('',#1173,.T.);
#662=FACE_OUTER_BOUND('',#1174,.T.);
#663=FACE_OUTER_BOUND('',#1175,.T.);
#664=FACE_OUTER_BOUND('',#1176,.T.);
#665=FACE_OUTER_BOUND('',#1177,.T.);
#666=FACE_OUTER_BOUND('',#1178,.T.);
#667=FACE_OUTER_BOUND('',#1179,.T.);
#668=FACE_OUTER_BOUND('',#1180,.T.);
#669=FACE_OUTER_BOUND('',#1181,.T.);
#670=FACE_OUTER_BOUND('',#1182,.T.);
#671=FACE_OUTER_BOUND('',#1183,.T.);
#672=FACE_OUTER_BOUND('',#1184,.T.);
#673=FACE_OUTER_BOUND('',#1185,.T.);
#674=FACE_OUTER_BOUND('',#1186,.T.);
#675=FACE_OUTER_BOUND('',#1187,.T.);
#676=FACE_OUTER_BOUND('',#1188,.T.);
#677=FACE_OUTER_BOUND('',#1189,.T.);
#678=FACE_OUTER_BOUND('',#1190,.T.);
#679=FACE_OUTER_BOUND('',#1191,.T.);
#680=FACE_OUTER_BOUND('',#1192,.T.);
#681=FACE_OUTER_BOUND('',#1193,.T.);
#682=FACE_OUTER_BOUND('',#1194,.T.);
#683=FACE_OUTER_BOUND('',#1195,.T.);
#684=FACE_OUTER_BOUND('',#1196,.T.);
#685=FACE_OUTER_BOUND('',#1197,.T.);
#686=FACE_OUTER_BOUND('',#1198,.T.);
#687=FACE_OUTER_BOUND('',#1199,.T.);
#688=FACE_OUTER_BOUND('',#1200,.T.);
#689=FACE_OUTER_BOUND('',#1201,.T.);
#690=FACE_OUTER_BOUND('',#1202,.T.);
#691=FACE_OUTER_BOUND('',#1203,.T.);
#692=FACE_OUTER_BOUND('',#1204,.T.);
#693=FACE_OUTER_BOUND('',#1205,.T.);
#694=FACE_OUTER_BOUND('',#1206,.T.);
#695=FACE_OUTER_BOUND('',#1207,.T.);
#696=FACE_OUTER_BOUND('',#1208,.T.);
#697=FACE_OUTER_BOUND('',#1209,.T.);
#698=FACE_OUTER_BOUND('',#1210,.T.);
#699=FACE_OUTER_BOUND('',#1211,.T.);
#700=FACE_OUTER_BOUND('',#1213,.T.);
#701=FACE_OUTER_BOUND('',#1215,.T.);
#702=FACE_OUTER_BOUND('',#1216,.T.);
#703=FACE_OUTER_BOUND('',#1217,.T.);
#704=FACE_OUTER_BOUND('',#1218,.T.);
#705=FACE_OUTER_BOUND('',#1219,.T.);
#706=FACE_OUTER_BOUND('',#1220,.T.);
#707=FACE_OUTER_BOUND('',#1221,.T.);
#708=FACE_OUTER_BOUND('',#1222,.T.);
#709=FACE_OUTER_BOUND('',#1223,.T.);
#710=FACE_OUTER_BOUND('',#1224,.T.);
#711=FACE_OUTER_BOUND('',#1225,.T.);
#712=FACE_OUTER_BOUND('',#1226,.T.);
#713=FACE_OUTER_BOUND('',#1227,.T.);
#714=FACE_OUTER_BOUND('',#1228,.T.);
#715=FACE_OUTER_BOUND('',#1229,.T.);
#716=FACE_OUTER_BOUND('',#1230,.T.);
#717=FACE_OUTER_BOUND('',#1231,.T.);
#718=FACE_OUTER_BOUND('',#1232,.T.);
#719=FACE_OUTER_BOUND('',#1233,.T.);
#720=FACE_OUTER_BOUND('',#1234,.T.);
#721=FACE_OUTER_BOUND('',#1235,.T.);
#722=FACE_OUTER_BOUND('',#1236,.T.);
#723=FACE_OUTER_BOUND('',#1237,.T.);
#724=FACE_OUTER_BOUND('',#1238,.T.);
#725=FACE_OUTER_BOUND('',#1239,.T.);
#726=FACE_OUTER_BOUND('',#1240,.T.);
#727=FACE_OUTER_BOUND('',#1241,.T.);
#728=FACE_OUTER_BOUND('',#1242,.T.);
#729=FACE_OUTER_BOUND('',#1243,.T.);
#730=FACE_OUTER_BOUND('',#1244,.T.);
#731=FACE_OUTER_BOUND('',#1245,.T.);
#732=FACE_OUTER_BOUND('',#1246,.T.);
#733=FACE_OUTER_BOUND('',#1247,.T.);
#734=FACE_OUTER_BOUND('',#1248,.T.);
#735=FACE_OUTER_BOUND('',#1249,.T.);
#736=FACE_OUTER_BOUND('',#1250,.T.);
#737=FACE_OUTER_BOUND('',#1251,.T.);
#738=FACE_OUTER_BOUND('',#1252,.T.);
#739=FACE_OUTER_BOUND('',#1253,.T.);
#740=FACE_OUTER_BOUND('',#1254,.T.);
#741=FACE_OUTER_BOUND('',#1255,.T.);
#742=FACE_OUTER_BOUND('',#1256,.T.);
#743=FACE_OUTER_BOUND('',#1257,.T.);
#744=FACE_OUTER_BOUND('',#1258,.T.);
#745=FACE_OUTER_BOUND('',#1259,.T.);
#746=FACE_OUTER_BOUND('',#1260,.T.);
#747=FACE_OUTER_BOUND('',#1261,.T.);
#748=FACE_OUTER_BOUND('',#1262,.T.);
#749=FACE_OUTER_BOUND('',#1263,.T.);
#750=FACE_OUTER_BOUND('',#1264,.T.);
#751=FACE_OUTER_BOUND('',#1265,.T.);
#752=FACE_OUTER_BOUND('',#1266,.T.);
#753=FACE_OUTER_BOUND('',#1267,.T.);
#754=FACE_OUTER_BOUND('',#1268,.T.);
#755=FACE_OUTER_BOUND('',#1269,.T.);
#756=FACE_OUTER_BOUND('',#1270,.T.);
#757=FACE_OUTER_BOUND('',#1271,.T.);
#758=FACE_OUTER_BOUND('',#1274,.T.);
#759=EDGE_LOOP('',(#5818,#5819,#5820,#5821,#5822,#5823));
#760=EDGE_LOOP('',(#5824,#5825,#5826,#5827,#5828,#5829));
#761=EDGE_LOOP('',(#5830,#5831,#5832,#5833,#5834,#5835));
#762=EDGE_LOOP('',(#5836,#5837,#5838,#5839));
#763=EDGE_LOOP('',(#5840,#5841,#5842,#5843));
#764=EDGE_LOOP('',(#5844,#5845,#5846,#5847));
#765=EDGE_LOOP('',(#5848,#5849,#5850,#5851));
#766=EDGE_LOOP('',(#5852,#5853,#5854,#5855));
#767=EDGE_LOOP('',(#5856,#5857,#5858,#5859));
#768=EDGE_LOOP('',(#5860,#5861,#5862,#5863));
#769=EDGE_LOOP('',(#5864,#5865,#5866,#5867));
#770=EDGE_LOOP('',(#5868,#5869,#5870,#5871,#5872,#5873,#5874,#5875,#5876,
#5877,#5878,#5879,#5880,#5881,#5882,#5883));
#771=EDGE_LOOP('',(#5884,#5885,#5886,#5887));
#772=EDGE_LOOP('',(#5888,#5889,#5890,#5891,#5892));
#773=EDGE_LOOP('',(#5893,#5894,#5895,#5896));
#774=EDGE_LOOP('',(#5897,#5898,#5899,#5900,#5901,#5902,#5903,#5904));
#775=EDGE_LOOP('',(#5905,#5906,#5907,#5908));
#776=EDGE_LOOP('',(#5909,#5910,#5911,#5912));
#777=EDGE_LOOP('',(#5913,#5914,#5915,#5916));
#778=EDGE_LOOP('',(#5917,#5918,#5919,#5920,#5921));
#779=EDGE_LOOP('',(#5922,#5923,#5924,#5925));
#780=EDGE_LOOP('',(#5926,#5927,#5928,#5929));
#781=EDGE_LOOP('',(#5930,#5931,#5932,#5933));
#782=EDGE_LOOP('',(#5934,#5935,#5936,#5937,#5938,#5939,#5940,#5941));
#783=EDGE_LOOP('',(#5942,#5943,#5944,#5945,#5946));
#784=EDGE_LOOP('',(#5947,#5948,#5949,#5950));
#785=EDGE_LOOP('',(#5951,#5952,#5953,#5954,#5955));
#786=EDGE_LOOP('',(#5956,#5957,#5958,#5959));
#787=EDGE_LOOP('',(#5960,#5961,#5962,#5963));
#788=EDGE_LOOP('',(#5964,#5965,#5966,#5967));
#789=EDGE_LOOP('',(#5968,#5969,#5970,#5971,#5972,#5973,#5974,#5975,#5976,
#5977,#5978,#5979,#5980,#5981,#5982,#5983,#5984,#5985,#5986,#5987,#5988,
#5989,#5990,#5991,#5992,#5993,#5994,#5995,#5996,#5997,#5998,#5999,#6000,
#6001,#6002,#6003,#6004,#6005,#6006,#6007,#6008,#6009));
#790=EDGE_LOOP('',(#6010,#6011,#6012,#6013,#6014,#6015,#6016,#6017,#6018,
#6019,#6020,#6021,#6022,#6023,#6024,#6025,#6026,#6027,#6028,#6029,#6030,
#6031,#6032,#6033,#6034,#6035,#6036,#6037,#6038,#6039,#6040,#6041,#6042,
#6043,#6044,#6045,#6046,#6047,#6048,#6049,#6050,#6051,#6052,#6053,#6054,
#6055,#6056,#6057,#6058,#6059,#6060,#6061,#6062,#6063,#6064,#6065,#6066,
#6067,#6068,#6069,#6070,#6071));
#791=EDGE_LOOP('',(#6072,#6073,#6074,#6075,#6076,#6077,#6078,#6079));
#792=EDGE_LOOP('',(#6080,#6081,#6082,#6083));
#793=EDGE_LOOP('',(#6084,#6085,#6086,#6087));
#794=EDGE_LOOP('',(#6088,#6089,#6090,#6091));
#795=EDGE_LOOP('',(#6092,#6093,#6094,#6095));
#796=EDGE_LOOP('',(#6096,#6097,#6098,#6099));
#797=EDGE_LOOP('',(#6100,#6101,#6102,#6103));
#798=EDGE_LOOP('',(#6104,#6105,#6106,#6107));
#799=EDGE_LOOP('',(#6108,#6109,#6110,#6111));
#800=EDGE_LOOP('',(#6112,#6113,#6114,#6115));
#801=EDGE_LOOP('',(#6116,#6117,#6118,#6119,#6120));
#802=EDGE_LOOP('',(#6121,#6122,#6123,#6124));
#803=EDGE_LOOP('',(#6125,#6126,#6127,#6128,#6129));
#804=EDGE_LOOP('',(#6130,#6131,#6132,#6133,#6134,#6135,#6136,#6137,#6138,
#6139,#6140,#6141,#6142,#6143,#6144,#6145));
#805=EDGE_LOOP('',(#6146,#6147,#6148,#6149,#6150,#6151,#6152,#6153,#6154,
#6155));
#806=EDGE_LOOP('',(#6156,#6157,#6158,#6159,#6160,#6161,#6162,#6163,#6164,
#6165,#6166,#6167,#6168,#6169,#6170,#6171,#6172,#6173,#6174,#6175,#6176,
#6177,#6178,#6179));
#807=EDGE_LOOP('',(#6180,#6181,#6182,#6183,#6184,#6185,#6186,#6187,#6188,
#6189,#6190,#6191));
#808=EDGE_LOOP('',(#6192,#6193,#6194,#6195,#6196,#6197,#6198,#6199));
#809=EDGE_LOOP('',(#6200,#6201,#6202,#6203));
#810=EDGE_LOOP('',(#6204,#6205,#6206,#6207));
#811=EDGE_LOOP('',(#6208,#6209,#6210,#6211));
#812=EDGE_LOOP('',(#6212,#6213,#6214,#6215));
#813=EDGE_LOOP('',(#6216,#6217,#6218,#6219));
#814=EDGE_LOOP('',(#6220,#6221,#6222,#6223));
#815=EDGE_LOOP('',(#6224,#6225,#6226,#6227));
#816=EDGE_LOOP('',(#6228,#6229,#6230,#6231));
#817=EDGE_LOOP('',(#6232,#6233,#6234,#6235));
#818=EDGE_LOOP('',(#6236,#6237,#6238,#6239));
#819=EDGE_LOOP('',(#6240,#6241,#6242,#6243));
#820=EDGE_LOOP('',(#6244,#6245,#6246,#6247));
#821=EDGE_LOOP('',(#6248,#6249,#6250,#6251));
#822=EDGE_LOOP('',(#6252,#6253,#6254,#6255));
#823=EDGE_LOOP('',(#6256,#6257,#6258,#6259,#6260,#6261,#6262,#6263,#6264,
#6265,#6266,#6267,#6268,#6269,#6270,#6271,#6272,#6273,#6274,#6275));
#824=EDGE_LOOP('',(#6276));
#825=EDGE_LOOP('',(#6277));
#826=EDGE_LOOP('',(#6278,#6279,#6280,#6281));
#827=EDGE_LOOP('',(#6282,#6283,#6284,#6285));
#828=EDGE_LOOP('',(#6286,#6287,#6288,#6289));
#829=EDGE_LOOP('',(#6290,#6291,#6292,#6293));
#830=EDGE_LOOP('',(#6294,#6295,#6296,#6297));
#831=EDGE_LOOP('',(#6298,#6299,#6300,#6301));
#832=EDGE_LOOP('',(#6302,#6303,#6304,#6305));
#833=EDGE_LOOP('',(#6306,#6307,#6308,#6309));
#834=EDGE_LOOP('',(#6310,#6311,#6312,#6313));
#835=EDGE_LOOP('',(#6314,#6315,#6316,#6317));
#836=EDGE_LOOP('',(#6318,#6319,#6320,#6321));
#837=EDGE_LOOP('',(#6322,#6323,#6324,#6325));
#838=EDGE_LOOP('',(#6326,#6327,#6328,#6329));
#839=EDGE_LOOP('',(#6330,#6331,#6332,#6333));
#840=EDGE_LOOP('',(#6334,#6335,#6336,#6337,#6338));
#841=EDGE_LOOP('',(#6339,#6340,#6341,#6342));
#842=EDGE_LOOP('',(#6343,#6344,#6345,#6346));
#843=EDGE_LOOP('',(#6347,#6348,#6349,#6350));
#844=EDGE_LOOP('',(#6351,#6352,#6353,#6354));
#845=EDGE_LOOP('',(#6355,#6356,#6357,#6358));
#846=EDGE_LOOP('',(#6359,#6360,#6361,#6362));
#847=EDGE_LOOP('',(#6363,#6364,#6365,#6366));
#848=EDGE_LOOP('',(#6367,#6368,#6369,#6370));
#849=EDGE_LOOP('',(#6371,#6372,#6373,#6374));
#850=EDGE_LOOP('',(#6375,#6376,#6377,#6378));
#851=EDGE_LOOP('',(#6379,#6380,#6381,#6382));
#852=EDGE_LOOP('',(#6383,#6384,#6385,#6386));
#853=EDGE_LOOP('',(#6387,#6388,#6389,#6390));
#854=EDGE_LOOP('',(#6391,#6392,#6393,#6394));
#855=EDGE_LOOP('',(#6395,#6396,#6397,#6398));
#856=EDGE_LOOP('',(#6399,#6400,#6401,#6402));
#857=EDGE_LOOP('',(#6403,#6404,#6405,#6406));
#858=EDGE_LOOP('',(#6407,#6408,#6409,#6410));
#859=EDGE_LOOP('',(#6411,#6412,#6413,#6414));
#860=EDGE_LOOP('',(#6415,#6416,#6417,#6418));
#861=EDGE_LOOP('',(#6419,#6420,#6421,#6422,#6423,#6424,#6425,#6426,#6427));
#862=EDGE_LOOP('',(#6428,#6429,#6430,#6431));
#863=EDGE_LOOP('',(#6432,#6433,#6434,#6435));
#864=EDGE_LOOP('',(#6436));
#865=EDGE_LOOP('',(#6437,#6438,#6439,#6440));
#866=EDGE_LOOP('',(#6441,#6442,#6443,#6444,#6445,#6446,#6447,#6448,#6449,
#6450,#6451,#6452));
#867=EDGE_LOOP('',(#6453,#6454,#6455,#6456));
#868=EDGE_LOOP('',(#6457,#6458,#6459,#6460));
#869=EDGE_LOOP('',(#6461));
#870=EDGE_LOOP('',(#6462));
#871=EDGE_LOOP('',(#6463,#6464,#6465,#6466));
#872=EDGE_LOOP('',(#6467,#6468,#6469,#6470));
#873=EDGE_LOOP('',(#6471,#6472,#6473,#6474));
#874=EDGE_LOOP('',(#6475,#6476,#6477,#6478));
#875=EDGE_LOOP('',(#6479,#6480,#6481,#6482));
#876=EDGE_LOOP('',(#6483,#6484,#6485,#6486));
#877=EDGE_LOOP('',(#6487,#6488,#6489,#6490));
#878=EDGE_LOOP('',(#6491,#6492,#6493,#6494));
#879=EDGE_LOOP('',(#6495,#6496,#6497,#6498));
#880=EDGE_LOOP('',(#6499,#6500,#6501,#6502));
#881=EDGE_LOOP('',(#6503,#6504,#6505,#6506));
#882=EDGE_LOOP('',(#6507,#6508,#6509,#6510));
#883=EDGE_LOOP('',(#6511,#6512,#6513,#6514));
#884=EDGE_LOOP('',(#6515,#6516,#6517,#6518));
#885=EDGE_LOOP('',(#6519,#6520,#6521,#6522));
#886=EDGE_LOOP('',(#6523,#6524,#6525,#6526));
#887=EDGE_LOOP('',(#6527,#6528,#6529,#6530));
#888=EDGE_LOOP('',(#6531,#6532,#6533,#6534));
#889=EDGE_LOOP('',(#6535,#6536,#6537,#6538));
#890=EDGE_LOOP('',(#6539,#6540,#6541,#6542));
#891=EDGE_LOOP('',(#6543,#6544,#6545,#6546));
#892=EDGE_LOOP('',(#6547,#6548,#6549,#6550));
#893=EDGE_LOOP('',(#6551,#6552,#6553,#6554));
#894=EDGE_LOOP('',(#6555,#6556,#6557,#6558));
#895=EDGE_LOOP('',(#6559,#6560,#6561,#6562));
#896=EDGE_LOOP('',(#6563,#6564,#6565,#6566));
#897=EDGE_LOOP('',(#6567,#6568,#6569,#6570));
#898=EDGE_LOOP('',(#6571,#6572,#6573,#6574));
#899=EDGE_LOOP('',(#6575,#6576,#6577,#6578));
#900=EDGE_LOOP('',(#6579,#6580,#6581,#6582,#6583,#6584,#6585,#6586,#6587,
#6588,#6589,#6590));
#901=EDGE_LOOP('',(#6591,#6592,#6593,#6594));
#902=EDGE_LOOP('',(#6595,#6596,#6597,#6598));
#903=EDGE_LOOP('',(#6599,#6600,#6601,#6602));
#904=EDGE_LOOP('',(#6603,#6604,#6605,#6606,#6607,#6608,#6609,#6610,#6611,
#6612,#6613,#6614));
#905=EDGE_LOOP('',(#6615,#6616,#6617,#6618));
#906=EDGE_LOOP('',(#6619,#6620,#6621,#6622));
#907=EDGE_LOOP('',(#6623,#6624,#6625,#6626));
#908=EDGE_LOOP('',(#6627,#6628,#6629,#6630));
#909=EDGE_LOOP('',(#6631,#6632,#6633,#6634));
#910=EDGE_LOOP('',(#6635,#6636,#6637,#6638,#6639,#6640,#6641,#6642,#6643,
#6644,#6645,#6646));
#911=EDGE_LOOP('',(#6647,#6648,#6649,#6650));
#912=EDGE_LOOP('',(#6651,#6652,#6653,#6654,#6655));
#913=EDGE_LOOP('',(#6656,#6657,#6658,#6659));
#914=EDGE_LOOP('',(#6660,#6661,#6662,#6663));
#915=EDGE_LOOP('',(#6664,#6665,#6666,#6667));
#916=EDGE_LOOP('',(#6668,#6669,#6670,#6671));
#917=EDGE_LOOP('',(#6672,#6673,#6674,#6675,#6676));
#918=EDGE_LOOP('',(#6677,#6678,#6679,#6680));
#919=EDGE_LOOP('',(#6681,#6682,#6683,#6684));
#920=EDGE_LOOP('',(#6685,#6686,#6687,#6688));
#921=EDGE_LOOP('',(#6689,#6690,#6691,#6692,#6693,#6694,#6695,#6696,#6697,
#6698));
#922=EDGE_LOOP('',(#6699,#6700,#6701,#6702));
#923=EDGE_LOOP('',(#6703,#6704,#6705,#6706));
#924=EDGE_LOOP('',(#6707,#6708,#6709,#6710));
#925=EDGE_LOOP('',(#6711,#6712,#6713,#6714));
#926=EDGE_LOOP('',(#6715,#6716,#6717,#6718,#6719,#6720,#6721,#6722,#6723,
#6724));
#927=EDGE_LOOP('',(#6725,#6726,#6727,#6728));
#928=EDGE_LOOP('',(#6729,#6730,#6731,#6732));
#929=EDGE_LOOP('',(#6733,#6734,#6735,#6736));
#930=EDGE_LOOP('',(#6737,#6738,#6739,#6740));
#931=EDGE_LOOP('',(#6741,#6742,#6743,#6744,#6745,#6746,#6747,#6748,#6749,
#6750,#6751,#6752));
#932=EDGE_LOOP('',(#6753,#6754,#6755,#6756));
#933=EDGE_LOOP('',(#6757,#6758,#6759,#6760));
#934=EDGE_LOOP('',(#6761,#6762,#6763,#6764));
#935=EDGE_LOOP('',(#6765,#6766,#6767,#6768));
#936=EDGE_LOOP('',(#6769,#6770,#6771,#6772));
#937=EDGE_LOOP('',(#6773,#6774,#6775,#6776));
#938=EDGE_LOOP('',(#6777,#6778,#6779,#6780));
#939=EDGE_LOOP('',(#6781,#6782,#6783,#6784,#6785,#6786,#6787,#6788,#6789,
#6790));
#940=EDGE_LOOP('',(#6791,#6792,#6793,#6794));
#941=EDGE_LOOP('',(#6795,#6796,#6797,#6798));
#942=EDGE_LOOP('',(#6799,#6800,#6801,#6802));
#943=EDGE_LOOP('',(#6803,#6804,#6805,#6806));
#944=EDGE_LOOP('',(#6807,#6808,#6809,#6810));
#945=EDGE_LOOP('',(#6811,#6812,#6813,#6814));
#946=EDGE_LOOP('',(#6815,#6816,#6817,#6818));
#947=EDGE_LOOP('',(#6819,#6820,#6821,#6822));
#948=EDGE_LOOP('',(#6823,#6824,#6825,#6826));
#949=EDGE_LOOP('',(#6827,#6828,#6829,#6830));
#950=EDGE_LOOP('',(#6831,#6832,#6833,#6834));
#951=EDGE_LOOP('',(#6835,#6836,#6837,#6838));
#952=EDGE_LOOP('',(#6839,#6840,#6841,#6842));
#953=EDGE_LOOP('',(#6843,#6844,#6845,#6846));
#954=EDGE_LOOP('',(#6847,#6848,#6849,#6850));
#955=EDGE_LOOP('',(#6851,#6852,#6853,#6854));
#956=EDGE_LOOP('',(#6855,#6856,#6857,#6858));
#957=EDGE_LOOP('',(#6859,#6860,#6861,#6862));
#958=EDGE_LOOP('',(#6863,#6864,#6865,#6866));
#959=EDGE_LOOP('',(#6867,#6868,#6869,#6870));
#960=EDGE_LOOP('',(#6871,#6872,#6873,#6874));
#961=EDGE_LOOP('',(#6875,#6876,#6877,#6878));
#962=EDGE_LOOP('',(#6879,#6880,#6881,#6882));
#963=EDGE_LOOP('',(#6883));
#964=EDGE_LOOP('',(#6884));
#965=EDGE_LOOP('',(#6885,#6886,#6887,#6888));
#966=EDGE_LOOP('',(#6889));
#967=EDGE_LOOP('',(#6890));
#968=EDGE_LOOP('',(#6891,#6892,#6893,#6894));
#969=EDGE_LOOP('',(#6895,#6896,#6897,#6898));
#970=EDGE_LOOP('',(#6899,#6900,#6901,#6902));
#971=EDGE_LOOP('',(#6903,#6904,#6905,#6906));
#972=EDGE_LOOP('',(#6907,#6908,#6909,#6910));
#973=EDGE_LOOP('',(#6911,#6912,#6913,#6914));
#974=EDGE_LOOP('',(#6915,#6916,#6917,#6918));
#975=EDGE_LOOP('',(#6919,#6920,#6921,#6922));
#976=EDGE_LOOP('',(#6923,#6924,#6925,#6926));
#977=EDGE_LOOP('',(#6927,#6928,#6929,#6930));
#978=EDGE_LOOP('',(#6931,#6932,#6933,#6934));
#979=EDGE_LOOP('',(#6935,#6936,#6937,#6938));
#980=EDGE_LOOP('',(#6939,#6940,#6941,#6942));
#981=EDGE_LOOP('',(#6943,#6944,#6945,#6946,#6947,#6948,#6949,#6950,#6951,
#6952,#6953,#6954,#6955,#6956,#6957,#6958,#6959,#6960,#6961,#6962,#6963,
#6964,#6965,#6966,#6967,#6968,#6969,#6970,#6971,#6972,#6973,#6974,#6975,
#6976,#6977,#6978,#6979,#6980,#6981,#6982,#6983,#6984,#6985,#6986,#6987,
#6988,#6989,#6990,#6991,#6992,#6993,#6994,#6995,#6996,#6997,#6998,#6999,
#7000));
#982=EDGE_LOOP('',(#7001,#7002,#7003,#7004,#7005,#7006,#7007,#7008));
#983=EDGE_LOOP('',(#7009,#7010,#7011,#7012));
#984=EDGE_LOOP('',(#7013,#7014,#7015,#7016));
#985=EDGE_LOOP('',(#7017,#7018,#7019,#7020));
#986=EDGE_LOOP('',(#7021,#7022,#7023,#7024));
#987=EDGE_LOOP('',(#7025,#7026,#7027,#7028));
#988=EDGE_LOOP('',(#7029,#7030,#7031,#7032));
#989=EDGE_LOOP('',(#7033,#7034,#7035,#7036));
#990=EDGE_LOOP('',(#7037,#7038,#7039,#7040,#7041,#7042,#7043,#7044));
#991=EDGE_LOOP('',(#7045,#7046,#7047,#7048));
#992=EDGE_LOOP('',(#7049,#7050,#7051,#7052));
#993=EDGE_LOOP('',(#7053,#7054,#7055,#7056,#7057,#7058,#7059,#7060));
#994=EDGE_LOOP('',(#7061,#7062,#7063,#7064));
#995=EDGE_LOOP('',(#7065,#7066,#7067,#7068,#7069));
#996=EDGE_LOOP('',(#7070,#7071,#7072,#7073,#7074));
#997=EDGE_LOOP('',(#7075,#7076,#7077,#7078));
#998=EDGE_LOOP('',(#7079,#7080,#7081,#7082,#7083,#7084));
#999=EDGE_LOOP('',(#7085,#7086,#7087,#7088));
#1000=EDGE_LOOP('',(#7089,#7090,#7091,#7092));
#1001=EDGE_LOOP('',(#7093,#7094,#7095,#7096));
#1002=EDGE_LOOP('',(#7097,#7098,#7099,#7100));
#1003=EDGE_LOOP('',(#7101,#7102,#7103,#7104));
#1004=EDGE_LOOP('',(#7105,#7106,#7107,#7108));
#1005=EDGE_LOOP('',(#7109,#7110,#7111,#7112));
#1006=EDGE_LOOP('',(#7113,#7114,#7115,#7116));
#1007=EDGE_LOOP('',(#7117,#7118,#7119,#7120));
#1008=EDGE_LOOP('',(#7121,#7122,#7123,#7124));
#1009=EDGE_LOOP('',(#7125,#7126,#7127,#7128));
#1010=EDGE_LOOP('',(#7129,#7130,#7131,#7132));
#1011=EDGE_LOOP('',(#7133,#7134,#7135,#7136));
#1012=EDGE_LOOP('',(#7137,#7138,#7139,#7140));
#1013=EDGE_LOOP('',(#7141,#7142,#7143,#7144));
#1014=EDGE_LOOP('',(#7145,#7146,#7147,#7148));
#1015=EDGE_LOOP('',(#7149,#7150,#7151,#7152));
#1016=EDGE_LOOP('',(#7153,#7154,#7155,#7156,#7157));
#1017=EDGE_LOOP('',(#7158,#7159,#7160,#7161));
#1018=EDGE_LOOP('',(#7162,#7163,#7164,#7165));
#1019=EDGE_LOOP('',(#7166,#7167,#7168,#7169));
#1020=EDGE_LOOP('',(#7170,#7171,#7172,#7173));
#1021=EDGE_LOOP('',(#7174,#7175,#7176,#7177));
#1022=EDGE_LOOP('',(#7178,#7179,#7180,#7181));
#1023=EDGE_LOOP('',(#7182,#7183,#7184,#7185));
#1024=EDGE_LOOP('',(#7186,#7187,#7188,#7189));
#1025=EDGE_LOOP('',(#7190,#7191,#7192,#7193));
#1026=EDGE_LOOP('',(#7194,#7195,#7196,#7197));
#1027=EDGE_LOOP('',(#7198,#7199,#7200,#7201));
#1028=EDGE_LOOP('',(#7202,#7203,#7204,#7205));
#1029=EDGE_LOOP('',(#7206,#7207,#7208,#7209));
#1030=EDGE_LOOP('',(#7210,#7211,#7212,#7213));
#1031=EDGE_LOOP('',(#7214,#7215,#7216,#7217));
#1032=EDGE_LOOP('',(#7218,#7219,#7220,#7221));
#1033=EDGE_LOOP('',(#7222,#7223,#7224,#7225));
#1034=EDGE_LOOP('',(#7226,#7227,#7228,#7229));
#1035=EDGE_LOOP('',(#7230,#7231,#7232,#7233));
#1036=EDGE_LOOP('',(#7234,#7235,#7236,#7237));
#1037=EDGE_LOOP('',(#7238,#7239,#7240,#7241));
#1038=EDGE_LOOP('',(#7242,#7243,#7244,#7245,#7246));
#1039=EDGE_LOOP('',(#7247,#7248,#7249,#7250));
#1040=EDGE_LOOP('',(#7251,#7252,#7253,#7254));
#1041=EDGE_LOOP('',(#7255,#7256,#7257,#7258));
#1042=EDGE_LOOP('',(#7259));
#1043=EDGE_LOOP('',(#7260,#7261,#7262,#7263));
#1044=EDGE_LOOP('',(#7264,#7265,#7266,#7267));
#1045=EDGE_LOOP('',(#7268,#7269,#7270,#7271));
#1046=EDGE_LOOP('',(#7272,#7273,#7274,#7275));
#1047=EDGE_LOOP('',(#7276,#7277,#7278,#7279));
#1048=EDGE_LOOP('',(#7280,#7281,#7282,#7283));
#1049=EDGE_LOOP('',(#7284,#7285,#7286,#7287));
#1050=EDGE_LOOP('',(#7288,#7289,#7290,#7291));
#1051=EDGE_LOOP('',(#7292,#7293,#7294,#7295));
#1052=EDGE_LOOP('',(#7296,#7297,#7298,#7299));
#1053=EDGE_LOOP('',(#7300,#7301,#7302,#7303));
#1054=EDGE_LOOP('',(#7304,#7305,#7306,#7307));
#1055=EDGE_LOOP('',(#7308,#7309,#7310,#7311));
#1056=EDGE_LOOP('',(#7312,#7313,#7314,#7315));
#1057=EDGE_LOOP('',(#7316,#7317,#7318,#7319));
#1058=EDGE_LOOP('',(#7320,#7321,#7322,#7323));
#1059=EDGE_LOOP('',(#7324,#7325,#7326,#7327));
#1060=EDGE_LOOP('',(#7328,#7329,#7330,#7331));
#1061=EDGE_LOOP('',(#7332,#7333,#7334,#7335));
#1062=EDGE_LOOP('',(#7336,#7337,#7338,#7339));
#1063=EDGE_LOOP('',(#7340,#7341,#7342,#7343));
#1064=EDGE_LOOP('',(#7344,#7345,#7346,#7347));
#1065=EDGE_LOOP('',(#7348,#7349,#7350,#7351));
#1066=EDGE_LOOP('',(#7352,#7353,#7354,#7355));
#1067=EDGE_LOOP('',(#7356,#7357,#7358,#7359));
#1068=EDGE_LOOP('',(#7360,#7361,#7362,#7363));
#1069=EDGE_LOOP('',(#7364,#7365,#7366,#7367));
#1070=EDGE_LOOP('',(#7368,#7369,#7370,#7371));
#1071=EDGE_LOOP('',(#7372,#7373,#7374,#7375));
#1072=EDGE_LOOP('',(#7376,#7377,#7378,#7379));
#1073=EDGE_LOOP('',(#7380,#7381,#7382,#7383));
#1074=EDGE_LOOP('',(#7384,#7385,#7386,#7387));
#1075=EDGE_LOOP('',(#7388,#7389,#7390,#7391));
#1076=EDGE_LOOP('',(#7392,#7393,#7394,#7395));
#1077=EDGE_LOOP('',(#7396,#7397,#7398,#7399));
#1078=EDGE_LOOP('',(#7400,#7401,#7402,#7403));
#1079=EDGE_LOOP('',(#7404,#7405,#7406,#7407));
#1080=EDGE_LOOP('',(#7408,#7409,#7410,#7411));
#1081=EDGE_LOOP('',(#7412,#7413,#7414,#7415));
#1082=EDGE_LOOP('',(#7416,#7417,#7418,#7419));
#1083=EDGE_LOOP('',(#7420,#7421,#7422,#7423));
#1084=EDGE_LOOP('',(#7424,#7425,#7426,#7427));
#1085=EDGE_LOOP('',(#7428,#7429,#7430,#7431));
#1086=EDGE_LOOP('',(#7432,#7433,#7434,#7435));
#1087=EDGE_LOOP('',(#7436,#7437,#7438,#7439));
#1088=EDGE_LOOP('',(#7440,#7441,#7442,#7443));
#1089=EDGE_LOOP('',(#7444,#7445,#7446,#7447));
#1090=EDGE_LOOP('',(#7448,#7449,#7450,#7451));
#1091=EDGE_LOOP('',(#7452,#7453,#7454,#7455));
#1092=EDGE_LOOP('',(#7456,#7457,#7458,#7459));
#1093=EDGE_LOOP('',(#7460,#7461,#7462,#7463));
#1094=EDGE_LOOP('',(#7464,#7465,#7466,#7467));
#1095=EDGE_LOOP('',(#7468,#7469,#7470,#7471));
#1096=EDGE_LOOP('',(#7472,#7473,#7474,#7475));
#1097=EDGE_LOOP('',(#7476,#7477,#7478,#7479));
#1098=EDGE_LOOP('',(#7480,#7481,#7482,#7483));
#1099=EDGE_LOOP('',(#7484,#7485,#7486,#7487));
#1100=EDGE_LOOP('',(#7488,#7489,#7490,#7491));
#1101=EDGE_LOOP('',(#7492,#7493,#7494,#7495));
#1102=EDGE_LOOP('',(#7496,#7497,#7498,#7499));
#1103=EDGE_LOOP('',(#7500,#7501,#7502,#7503));
#1104=EDGE_LOOP('',(#7504,#7505,#7506,#7507));
#1105=EDGE_LOOP('',(#7508,#7509,#7510,#7511));
#1106=EDGE_LOOP('',(#7512,#7513,#7514,#7515));
#1107=EDGE_LOOP('',(#7516,#7517,#7518,#7519));
#1108=EDGE_LOOP('',(#7520,#7521,#7522,#7523));
#1109=EDGE_LOOP('',(#7524,#7525,#7526,#7527));
#1110=EDGE_LOOP('',(#7528,#7529,#7530,#7531));
#1111=EDGE_LOOP('',(#7532,#7533,#7534,#7535));
#1112=EDGE_LOOP('',(#7536,#7537,#7538,#7539));
#1113=EDGE_LOOP('',(#7540,#7541,#7542,#7543));
#1114=EDGE_LOOP('',(#7544,#7545,#7546,#7547));
#1115=EDGE_LOOP('',(#7548,#7549,#7550,#7551));
#1116=EDGE_LOOP('',(#7552,#7553,#7554,#7555));
#1117=EDGE_LOOP('',(#7556,#7557,#7558,#7559));
#1118=EDGE_LOOP('',(#7560,#7561,#7562,#7563));
#1119=EDGE_LOOP('',(#7564,#7565,#7566,#7567));
#1120=EDGE_LOOP('',(#7568,#7569,#7570,#7571));
#1121=EDGE_LOOP('',(#7572,#7573,#7574,#7575));
#1122=EDGE_LOOP('',(#7576,#7577,#7578,#7579));
#1123=EDGE_LOOP('',(#7580,#7581,#7582,#7583));
#1124=EDGE_LOOP('',(#7584,#7585,#7586,#7587));
#1125=EDGE_LOOP('',(#7588,#7589,#7590,#7591));
#1126=EDGE_LOOP('',(#7592,#7593,#7594,#7595));
#1127=EDGE_LOOP('',(#7596,#7597,#7598,#7599));
#1128=EDGE_LOOP('',(#7600,#7601,#7602,#7603));
#1129=EDGE_LOOP('',(#7604,#7605,#7606,#7607));
#1130=EDGE_LOOP('',(#7608,#7609,#7610,#7611));
#1131=EDGE_LOOP('',(#7612,#7613,#7614,#7615));
#1132=EDGE_LOOP('',(#7616,#7617,#7618,#7619));
#1133=EDGE_LOOP('',(#7620,#7621,#7622,#7623));
#1134=EDGE_LOOP('',(#7624,#7625,#7626,#7627));
#1135=EDGE_LOOP('',(#7628,#7629,#7630,#7631));
#1136=EDGE_LOOP('',(#7632,#7633,#7634,#7635));
#1137=EDGE_LOOP('',(#7636,#7637,#7638,#7639));
#1138=EDGE_LOOP('',(#7640,#7641,#7642,#7643));
#1139=EDGE_LOOP('',(#7644,#7645,#7646,#7647));
#1140=EDGE_LOOP('',(#7648,#7649,#7650,#7651));
#1141=EDGE_LOOP('',(#7652,#7653,#7654,#7655));
#1142=EDGE_LOOP('',(#7656,#7657,#7658,#7659));
#1143=EDGE_LOOP('',(#7660,#7661,#7662,#7663));
#1144=EDGE_LOOP('',(#7664,#7665,#7666,#7667,#7668,#7669,#7670,#7671,#7672,
#7673,#7674,#7675,#7676,#7677,#7678,#7679,#7680,#7681,#7682,#7683,#7684,
#7685,#7686,#7687,#7688,#7689,#7690,#7691,#7692,#7693,#7694,#7695,#7696,
#7697,#7698,#7699,#7700,#7701,#7702,#7703,#7704,#7705,#7706,#7707,#7708,
#7709,#7710,#7711,#7712,#7713,#7714,#7715,#7716,#7717,#7718,#7719));
#1145=EDGE_LOOP('',(#7720,#7721,#7722,#7723,#7724,#7725));
#1146=EDGE_LOOP('',(#7726,#7727,#7728,#7729,#7730,#7731));
#1147=EDGE_LOOP('',(#7732,#7733,#7734,#7735,#7736,#7737));
#1148=EDGE_LOOP('',(#7738,#7739,#7740,#7741,#7742,#7743));
#1149=EDGE_LOOP('',(#7744,#7745,#7746,#7747,#7748,#7749));
#1150=EDGE_LOOP('',(#7750,#7751,#7752,#7753,#7754,#7755));
#1151=EDGE_LOOP('',(#7756,#7757,#7758,#7759,#7760,#7761));
#1152=EDGE_LOOP('',(#7762,#7763,#7764,#7765,#7766,#7767,#7768,#7769,#7770,
#7771,#7772,#7773,#7774,#7775,#7776,#7777,#7778,#7779,#7780,#7781,#7782,
#7783,#7784,#7785,#7786,#7787,#7788,#7789,#7790,#7791,#7792,#7793,#7794,
#7795,#7796,#7797,#7798,#7799,#7800,#7801,#7802,#7803,#7804,#7805,#7806,
#7807,#7808,#7809,#7810,#7811,#7812,#7813,#7814,#7815,#7816,#7817));
#1153=EDGE_LOOP('',(#7818,#7819,#7820,#7821,#7822,#7823));
#1154=EDGE_LOOP('',(#7824,#7825,#7826,#7827,#7828,#7829));
#1155=EDGE_LOOP('',(#7830,#7831,#7832,#7833,#7834,#7835));
#1156=EDGE_LOOP('',(#7836,#7837,#7838,#7839,#7840,#7841));
#1157=EDGE_LOOP('',(#7842,#7843,#7844,#7845,#7846,#7847));
#1158=EDGE_LOOP('',(#7848,#7849,#7850,#7851,#7852,#7853));
#1159=EDGE_LOOP('',(#7854,#7855,#7856,#7857,#7858,#7859));
#1160=EDGE_LOOP('',(#7860,#7861,#7862,#7863));
#1161=EDGE_LOOP('',(#7864,#7865,#7866,#7867));
#1162=EDGE_LOOP('',(#7868,#7869,#7870,#7871));
#1163=EDGE_LOOP('',(#7872,#7873,#7874,#7875));
#1164=EDGE_LOOP('',(#7876,#7877,#7878,#7879));
#1165=EDGE_LOOP('',(#7880,#7881,#7882,#7883));
#1166=EDGE_LOOP('',(#7884,#7885,#7886,#7887));
#1167=EDGE_LOOP('',(#7888,#7889,#7890,#7891));
#1168=EDGE_LOOP('',(#7892,#7893,#7894,#7895));
#1169=EDGE_LOOP('',(#7896,#7897,#7898,#7899));
#1170=EDGE_LOOP('',(#7900,#7901,#7902,#7903));
#1171=EDGE_LOOP('',(#7904,#7905,#7906,#7907));
#1172=EDGE_LOOP('',(#7908,#7909,#7910,#7911));
#1173=EDGE_LOOP('',(#7912,#7913,#7914,#7915));
#1174=EDGE_LOOP('',(#7916,#7917,#7918,#7919));
#1175=EDGE_LOOP('',(#7920,#7921,#7922,#7923));
#1176=EDGE_LOOP('',(#7924,#7925,#7926,#7927));
#1177=EDGE_LOOP('',(#7928,#7929,#7930,#7931));
#1178=EDGE_LOOP('',(#7932,#7933,#7934,#7935));
#1179=EDGE_LOOP('',(#7936,#7937,#7938,#7939));
#1180=EDGE_LOOP('',(#7940,#7941,#7942,#7943));
#1181=EDGE_LOOP('',(#7944,#7945,#7946,#7947));
#1182=EDGE_LOOP('',(#7948,#7949,#7950,#7951));
#1183=EDGE_LOOP('',(#7952,#7953,#7954,#7955));
#1184=EDGE_LOOP('',(#7956,#7957,#7958,#7959));
#1185=EDGE_LOOP('',(#7960,#7961,#7962,#7963));
#1186=EDGE_LOOP('',(#7964,#7965,#7966,#7967));
#1187=EDGE_LOOP('',(#7968,#7969,#7970,#7971));
#1188=EDGE_LOOP('',(#7972,#7973,#7974,#7975));
#1189=EDGE_LOOP('',(#7976,#7977,#7978,#7979));
#1190=EDGE_LOOP('',(#7980,#7981,#7982,#7983));
#1191=EDGE_LOOP('',(#7984,#7985,#7986,#7987));
#1192=EDGE_LOOP('',(#7988,#7989,#7990,#7991));
#1193=EDGE_LOOP('',(#7992,#7993,#7994,#7995));
#1194=EDGE_LOOP('',(#7996,#7997,#7998,#7999));
#1195=EDGE_LOOP('',(#8000,#8001,#8002,#8003));
#1196=EDGE_LOOP('',(#8004,#8005,#8006,#8007));
#1197=EDGE_LOOP('',(#8008,#8009,#8010,#8011));
#1198=EDGE_LOOP('',(#8012,#8013,#8014,#8015));
#1199=EDGE_LOOP('',(#8016,#8017,#8018,#8019));
#1200=EDGE_LOOP('',(#8020,#8021,#8022,#8023));
#1201=EDGE_LOOP('',(#8024,#8025,#8026,#8027));
#1202=EDGE_LOOP('',(#8028,#8029,#8030,#8031));
#1203=EDGE_LOOP('',(#8032,#8033,#8034,#8035));
#1204=EDGE_LOOP('',(#8036,#8037,#8038,#8039));
#1205=EDGE_LOOP('',(#8040,#8041,#8042,#8043));
#1206=EDGE_LOOP('',(#8044,#8045,#8046,#8047));
#1207=EDGE_LOOP('',(#8048,#8049,#8050,#8051));
#1208=EDGE_LOOP('',(#8052,#8053,#8054,#8055));
#1209=EDGE_LOOP('',(#8056,#8057,#8058,#8059));
#1210=EDGE_LOOP('',(#8060,#8061,#8062,#8063));
#1211=EDGE_LOOP('',(#8064,#8065,#8066,#8067,#8068,#8069,#8070,#8071,#8072,
#8073,#8074,#8075,#8076,#8077,#8078,#8079,#8080,#8081,#8082,#8083,#8084,
#8085,#8086,#8087,#8088,#8089,#8090,#8091,#8092,#8093,#8094,#8095,#8096,
#8097,#8098,#8099,#8100,#8101,#8102,#8103,#8104,#8105,#8106,#8107,#8108));
#1212=EDGE_LOOP('',(#8109,#8110,#8111,#8112,#8113,#8114));
#1213=EDGE_LOOP('',(#8115,#8116,#8117,#8118,#8119,#8120,#8121,#8122,#8123,
#8124,#8125,#8126,#8127,#8128,#8129,#8130,#8131,#8132,#8133,#8134,#8135,
#8136,#8137,#8138,#8139,#8140,#8141,#8142,#8143,#8144,#8145,#8146,#8147,
#8148,#8149,#8150,#8151,#8152,#8153,#8154,#8155,#8156,#8157,#8158,#8159));
#1214=EDGE_LOOP('',(#8160,#8161,#8162,#8163,#8164,#8165));
#1215=EDGE_LOOP('',(#8166,#8167,#8168,#8169));
#1216=EDGE_LOOP('',(#8170,#8171,#8172,#8173));
#1217=EDGE_LOOP('',(#8174,#8175,#8176,#8177));
#1218=EDGE_LOOP('',(#8178,#8179,#8180,#8181));
#1219=EDGE_LOOP('',(#8182,#8183,#8184,#8185));
#1220=EDGE_LOOP('',(#8186,#8187,#8188,#8189));
#1221=EDGE_LOOP('',(#8190,#8191,#8192,#8193));
#1222=EDGE_LOOP('',(#8194,#8195,#8196,#8197));
#1223=EDGE_LOOP('',(#8198,#8199,#8200,#8201));
#1224=EDGE_LOOP('',(#8202,#8203,#8204,#8205));
#1225=EDGE_LOOP('',(#8206,#8207,#8208,#8209));
#1226=EDGE_LOOP('',(#8210,#8211,#8212,#8213));
#1227=EDGE_LOOP('',(#8214,#8215,#8216,#8217));
#1228=EDGE_LOOP('',(#8218,#8219,#8220,#8221));
#1229=EDGE_LOOP('',(#8222,#8223,#8224,#8225));
#1230=EDGE_LOOP('',(#8226,#8227,#8228,#8229));
#1231=EDGE_LOOP('',(#8230,#8231,#8232,#8233));
#1232=EDGE_LOOP('',(#8234,#8235,#8236,#8237));
#1233=EDGE_LOOP('',(#8238,#8239,#8240,#8241));
#1234=EDGE_LOOP('',(#8242,#8243,#8244,#8245));
#1235=EDGE_LOOP('',(#8246,#8247,#8248,#8249));
#1236=EDGE_LOOP('',(#8250,#8251,#8252,#8253));
#1237=EDGE_LOOP('',(#8254,#8255,#8256,#8257));
#1238=EDGE_LOOP('',(#8258,#8259,#8260,#8261));
#1239=EDGE_LOOP('',(#8262,#8263,#8264,#8265));
#1240=EDGE_LOOP('',(#8266,#8267,#8268,#8269));
#1241=EDGE_LOOP('',(#8270,#8271,#8272,#8273));
#1242=EDGE_LOOP('',(#8274,#8275,#8276,#8277));
#1243=EDGE_LOOP('',(#8278,#8279,#8280,#8281));
#1244=EDGE_LOOP('',(#8282,#8283,#8284,#8285));
#1245=EDGE_LOOP('',(#8286,#8287,#8288,#8289));
#1246=EDGE_LOOP('',(#8290,#8291,#8292,#8293));
#1247=EDGE_LOOP('',(#8294,#8295,#8296,#8297));
#1248=EDGE_LOOP('',(#8298,#8299,#8300,#8301));
#1249=EDGE_LOOP('',(#8302,#8303,#8304,#8305));
#1250=EDGE_LOOP('',(#8306,#8307,#8308,#8309));
#1251=EDGE_LOOP('',(#8310,#8311,#8312,#8313));
#1252=EDGE_LOOP('',(#8314,#8315,#8316,#8317));
#1253=EDGE_LOOP('',(#8318,#8319,#8320,#8321));
#1254=EDGE_LOOP('',(#8322,#8323,#8324,#8325));
#1255=EDGE_LOOP('',(#8326,#8327,#8328,#8329));
#1256=EDGE_LOOP('',(#8330,#8331,#8332,#8333));
#1257=EDGE_LOOP('',(#8334,#8335,#8336,#8337));
#1258=EDGE_LOOP('',(#8338,#8339,#8340,#8341));
#1259=EDGE_LOOP('',(#8342,#8343,#8344,#8345));
#1260=EDGE_LOOP('',(#8346,#8347,#8348,#8349));
#1261=EDGE_LOOP('',(#8350,#8351,#8352,#8353));
#1262=EDGE_LOOP('',(#8354,#8355,#8356,#8357));
#1263=EDGE_LOOP('',(#8358,#8359,#8360,#8361));
#1264=EDGE_LOOP('',(#8362,#8363,#8364,#8365));
#1265=EDGE_LOOP('',(#8366,#8367,#8368,#8369));
#1266=EDGE_LOOP('',(#8370,#8371,#8372,#8373));
#1267=EDGE_LOOP('',(#8374,#8375,#8376,#8377));
#1268=EDGE_LOOP('',(#8378,#8379,#8380,#8381));
#1269=EDGE_LOOP('',(#8382,#8383,#8384,#8385));
#1270=EDGE_LOOP('',(#8386,#8387,#8388,#8389));
#1271=EDGE_LOOP('',(#8390,#8391,#8392,#8393,#8394,#8395,#8396,#8397,#8398,
#8399,#8400,#8401,#8402,#8403,#8404,#8405,#8406,#8407,#8408,#8409,#8410,
#8411,#8412,#8413,#8414,#8415,#8416,#8417,#8418,#8419,#8420,#8421,#8422,
#8423,#8424,#8425,#8426,#8427,#8428,#8429,#8430,#8431,#8432,#8433));
#1272=EDGE_LOOP('',(#8434,#8435,#8436,#8437,#8438,#8439));
#1273=EDGE_LOOP('',(#8440,#8441,#8442,#8443,#8444,#8445));
#1274=EDGE_LOOP('',(#8446,#8447,#8448,#8449,#8450,#8451,#8452,#8453,#8454,
#8455,#8456,#8457,#8458,#8459,#8460,#8461,#8462,#8463,#8464,#8465,#8466,
#8467,#8468,#8469,#8470,#8471,#8472,#8473,#8474,#8475,#8476,#8477,#8478,
#8479,#8480,#8481,#8482,#8483,#8484,#8485,#8486,#8487,#8488,#8489));
#1275=EDGE_LOOP('',(#8490,#8491,#8492,#8493,#8494,#8495));
#1276=EDGE_LOOP('',(#8496,#8497,#8498,#8499,#8500,#8501));
#1277=LINE('',#12607,#2342);
#1278=LINE('',#12611,#2343);
#1279=LINE('',#12614,#2344);
#1280=LINE('',#12620,#2345);
#1281=LINE('',#12624,#2346);
#1282=LINE('',#12627,#2347);
#1283=LINE('',#12631,#2348);
#1284=LINE('',#12635,#2349);
#1285=LINE('',#12639,#2350);
#1286=LINE('',#12643,#2351);
#1287=LINE('',#12657,#2352);
#1288=LINE('',#12660,#2353);
#1289=LINE('',#12664,#2354);
#1290=LINE('',#12676,#2355);
#1291=LINE('',#12679,#2356);
#1292=LINE('',#12683,#2357);
#1293=LINE('',#12698,#2358);
#1294=LINE('',#12710,#2359);
#1295=LINE('',#12713,#2360);
#1296=LINE('',#12717,#2361);
#1297=LINE('',#12732,#2362);
#1298=LINE('',#12734,#2363);
#1299=LINE('',#12736,#2364);
#1300=LINE('',#12738,#2365);
#1301=LINE('',#12739,#2366);
#1302=LINE('',#12741,#2367);
#1303=LINE('',#12742,#2368);
#1304=LINE('',#12744,#2369);
#1305=LINE('',#12746,#2370);
#1306=LINE('',#12747,#2371);
#1307=LINE('',#12753,#2372);
#1308=LINE('',#12769,#2373);
#1309=LINE('',#12774,#2374);
#1310=LINE('',#12776,#2375);
#1311=LINE('',#12777,#2376);
#1312=LINE('',#12783,#2377);
#1313=LINE('',#12799,#2378);
#1314=LINE('',#12802,#2379);
#1315=LINE('',#12806,#2380);
#1316=LINE('',#12810,#2381);
#1317=LINE('',#12813,#2382);
#1318=LINE('',#12817,#2383);
#1319=LINE('',#12820,#2384);
#1320=LINE('',#12822,#2385);
#1321=LINE('',#12836,#2386);
#1322=LINE('',#12841,#2387);
#1323=LINE('',#12843,#2388);
#1324=LINE('',#12844,#2389);
#1325=LINE('',#12850,#2390);
#1326=LINE('',#12853,#2391);
#1327=LINE('',#12855,#2392);
#1328=LINE('',#12856,#2393);
#1329=LINE('',#12864,#2394);
#1330=LINE('',#12865,#2395);
#1331=LINE('',#12867,#2396);
#1332=LINE('',#12880,#2397);
#1333=LINE('',#12882,#2398);
#1334=LINE('',#12887,#2399);
#1335=LINE('',#12890,#2400);
#1336=LINE('',#12891,#2401);
#1337=LINE('',#12896,#2402);
#1338=LINE('',#12939,#2403);
#1339=LINE('',#12997,#2404);
#1340=LINE('',#12998,#2405);
#1341=LINE('',#13001,#2406);
#1342=LINE('',#13005,#2407);
#1343=LINE('',#13009,#2408);
#1344=LINE('',#13013,#2409);
#1345=LINE('',#13015,#2410);
#1346=LINE('',#13017,#2411);
#1347=LINE('',#13021,#2412);
#1348=LINE('',#13025,#2413);
#1349=LINE('',#13029,#2414);
#1350=LINE('',#13033,#2415);
#1351=LINE('',#13037,#2416);
#1352=LINE('',#13039,#2417);
#1353=LINE('',#13041,#2418);
#1354=LINE('',#13045,#2419);
#1355=LINE('',#13049,#2420);
#1356=LINE('',#13053,#2421);
#1357=LINE('',#13057,#2422);
#1358=LINE('',#13061,#2423);
#1359=LINE('',#13063,#2424);
#1360=LINE('',#13065,#2425);
#1361=LINE('',#13069,#2426);
#1362=LINE('',#13073,#2427);
#1363=LINE('',#13077,#2428);
#1364=LINE('',#13079,#2429);
#1365=LINE('',#13080,#2430);
#1366=LINE('',#13082,#2431);
#1367=LINE('',#13086,#2432);
#1368=LINE('',#13090,#2433);
#1369=LINE('',#13093,#2434);
#1370=LINE('',#13096,#2435);
#1371=LINE('',#13100,#2436);
#1372=LINE('',#13104,#2437);
#1373=LINE('',#13108,#2438);
#1374=LINE('',#13113,#2439);
#1375=LINE('',#13115,#2440);
#1376=LINE('',#13117,#2441);
#1377=LINE('',#13118,#2442);
#1378=LINE('',#13123,#2443);
#1379=LINE('',#13128,#2444);
#1380=LINE('',#13129,#2445);
#1381=LINE('',#13130,#2446);
#1382=LINE('',#13134,#2447);
#1383=LINE('',#13139,#2448);
#1384=LINE('',#13141,#2449);
#1385=LINE('',#13142,#2450);
#1386=LINE('',#13146,#2451);
#1387=LINE('',#13152,#2452);
#1388=LINE('',#13153,#2453);
#1389=LINE('',#13154,#2454);
#1390=LINE('',#13159,#2455);
#1391=LINE('',#13160,#2456);
#1392=LINE('',#13164,#2457);
#1393=LINE('',#13181,#2458);
#1394=LINE('',#13184,#2459);
#1395=LINE('',#13188,#2460);
#1396=LINE('',#13192,#2461);
#1397=LINE('',#13196,#2462);
#1398=LINE('',#13200,#2463);
#1399=LINE('',#13204,#2464);
#1400=LINE('',#13208,#2465);
#1401=LINE('',#13212,#2466);
#1402=LINE('',#13216,#2467);
#1403=LINE('',#13220,#2468);
#1404=LINE('',#13224,#2469);
#1405=LINE('',#13228,#2470);
#1406=LINE('',#13232,#2471);
#1407=LINE('',#13236,#2472);
#1408=LINE('',#13240,#2473);
#1409=LINE('',#13242,#2474);
#1410=LINE('',#13244,#2475);
#1411=LINE('',#13248,#2476);
#1412=LINE('',#13252,#2477);
#1413=LINE('',#13254,#2478);
#1414=LINE('',#13256,#2479);
#1415=LINE('',#13258,#2480);
#1416=LINE('',#13260,#2481);
#1417=LINE('',#13262,#2482);
#1418=LINE('',#13264,#2483);
#1419=LINE('',#13266,#2484);
#1420=LINE('',#13268,#2485);
#1421=LINE('',#13272,#2486);
#1422=LINE('',#13276,#2487);
#1423=LINE('',#13278,#2488);
#1424=LINE('',#13280,#2489);
#1425=LINE('',#13282,#2490);
#1426=LINE('',#13284,#2491);
#1427=LINE('',#13285,#2492);
#1428=LINE('',#13290,#2493);
#1429=LINE('',#13294,#2494);
#1430=LINE('',#13298,#2495);
#1431=LINE('',#13302,#2496);
#1432=LINE('',#13306,#2497);
#1433=LINE('',#13309,#2498);
#1434=LINE('',#13312,#2499);
#1435=LINE('',#13314,#2500);
#1436=LINE('',#13315,#2501);
#1437=LINE('',#13318,#2502);
#1438=LINE('',#13322,#2503);
#1439=LINE('',#13323,#2504);
#1440=LINE('',#13326,#2505);
#1441=LINE('',#13330,#2506);
#1442=LINE('',#13331,#2507);
#1443=LINE('',#13334,#2508);
#1444=LINE('',#13338,#2509);
#1445=LINE('',#13339,#2510);
#1446=LINE('',#13342,#2511);
#1447=LINE('',#13346,#2512);
#1448=LINE('',#13347,#2513);
#1449=LINE('',#13352,#2514);
#1450=LINE('',#13355,#2515);
#1451=LINE('',#13368,#2516);
#1452=LINE('',#13372,#2517);
#1453=LINE('',#13385,#2518);
#1454=LINE('',#13388,#2519);
#1455=LINE('',#13390,#2520);
#1456=LINE('',#13392,#2521);
#1457=LINE('',#13394,#2522);
#1458=LINE('',#13396,#2523);
#1459=LINE('',#13398,#2524);
#1460=LINE('',#13400,#2525);
#1461=LINE('',#13402,#2526);
#1462=LINE('',#13404,#2527);
#1463=LINE('',#13406,#2528);
#1464=LINE('',#13408,#2529);
#1465=LINE('',#13410,#2530);
#1466=LINE('',#13412,#2531);
#1467=LINE('',#13414,#2532);
#1468=LINE('',#13416,#2533);
#1469=LINE('',#13418,#2534);
#1470=LINE('',#13420,#2535);
#1471=LINE('',#13421,#2536);
#1472=LINE('',#13428,#2537);
#1473=LINE('',#13431,#2538);
#1474=LINE('',#13434,#2539);
#1475=LINE('',#13435,#2540);
#1476=LINE('',#13438,#2541);
#1477=LINE('',#13442,#2542);
#1478=LINE('',#13443,#2543);
#1479=LINE('',#13446,#2544);
#1480=LINE('',#13450,#2545);
#1481=LINE('',#13451,#2546);
#1482=LINE('',#13454,#2547);
#1483=LINE('',#13458,#2548);
#1484=LINE('',#13459,#2549);
#1485=LINE('',#13462,#2550);
#1486=LINE('',#13466,#2551);
#1487=LINE('',#13467,#2552);
#1488=LINE('',#13470,#2553);
#1489=LINE('',#13473,#2554);
#1490=LINE('',#13475,#2555);
#1491=LINE('',#13476,#2556);
#1492=LINE('',#13478,#2557);
#1493=LINE('',#13480,#2558);
#1494=LINE('',#13482,#2559);
#1495=LINE('',#13484,#2560);
#1496=LINE('',#13486,#2561);
#1497=LINE('',#13489,#2562);
#1498=LINE('',#13491,#2563);
#1499=LINE('',#13492,#2564);
#1500=LINE('',#13495,#2565);
#1501=LINE('',#13499,#2566);
#1502=LINE('',#13500,#2567);
#1503=LINE('',#13503,#2568);
#1504=LINE('',#13507,#2569);
#1505=LINE('',#13508,#2570);
#1506=LINE('',#13511,#2571);
#1507=LINE('',#13515,#2572);
#1508=LINE('',#13516,#2573);
#1509=LINE('',#13519,#2574);
#1510=LINE('',#13523,#2575);
#1511=LINE('',#13524,#2576);
#1512=LINE('',#13527,#2577);
#1513=LINE('',#13531,#2578);
#1514=LINE('',#13532,#2579);
#1515=LINE('',#13535,#2580);
#1516=LINE('',#13539,#2581);
#1517=LINE('',#13540,#2582);
#1518=LINE('',#13543,#2583);
#1519=LINE('',#13547,#2584);
#1520=LINE('',#13548,#2585);
#1521=LINE('',#13553,#2586);
#1522=LINE('',#13556,#2587);
#1523=LINE('',#13559,#2588);
#1524=LINE('',#13563,#2589);
#1525=LINE('',#13565,#2590);
#1526=LINE('',#13567,#2591);
#1527=LINE('',#13569,#2592);
#1528=LINE('',#13570,#2593);
#1529=LINE('',#13574,#2594);
#1530=LINE('',#13577,#2595);
#1531=LINE('',#13578,#2596);
#1532=LINE('',#13584,#2597);
#1533=LINE('',#13587,#2598);
#1534=LINE('',#13589,#2599);
#1535=LINE('',#13591,#2600);
#1536=LINE('',#13593,#2601);
#1537=LINE('',#13597,#2602);
#1538=LINE('',#13601,#2603);
#1539=LINE('',#13603,#2604);
#1540=LINE('',#13604,#2605);
#1541=LINE('',#13608,#2606);
#1542=LINE('',#13611,#2607);
#1543=LINE('',#13612,#2608);
#1544=LINE('',#13619,#2609);
#1545=LINE('',#13621,#2610);
#1546=LINE('',#13623,#2611);
#1547=LINE('',#13624,#2612);
#1548=LINE('',#13628,#2613);
#1549=LINE('',#13629,#2614);
#1550=LINE('',#13630,#2615);
#1551=LINE('',#13634,#2616);
#1552=LINE('',#13635,#2617);
#1553=LINE('',#13636,#2618);
#1554=LINE('',#13639,#2619);
#1555=LINE('',#13640,#2620);
#1556=LINE('',#13643,#2621);
#1557=LINE('',#13645,#2622);
#1558=LINE('',#13646,#2623);
#1559=LINE('',#13649,#2624);
#1560=LINE('',#13650,#2625);
#1561=LINE('',#13653,#2626);
#1562=LINE('',#13654,#2627);
#1563=LINE('',#13657,#2628);
#1564=LINE('',#13658,#2629);
#1565=LINE('',#13661,#2630);
#1566=LINE('',#13662,#2631);
#1567=LINE('',#13665,#2632);
#1568=LINE('',#13666,#2633);
#1569=LINE('',#13669,#2634);
#1570=LINE('',#13670,#2635);
#1571=LINE('',#13673,#2636);
#1572=LINE('',#13675,#2637);
#1573=LINE('',#13676,#2638);
#1574=LINE('',#13679,#2639);
#1575=LINE('',#13680,#2640);
#1576=LINE('',#13683,#2641);
#1577=LINE('',#13684,#2642);
#1578=LINE('',#13687,#2643);
#1579=LINE('',#13691,#2644);
#1580=LINE('',#13692,#2645);
#1581=LINE('',#13695,#2646);
#1582=LINE('',#13698,#2647);
#1583=LINE('',#13700,#2648);
#1584=LINE('',#13702,#2649);
#1585=LINE('',#13705,#2650);
#1586=LINE('',#13709,#2651);
#1587=LINE('',#13710,#2652);
#1588=LINE('',#13713,#2653);
#1589=LINE('',#13717,#2654);
#1590=LINE('',#13718,#2655);
#1591=LINE('',#13720,#2656);
#1592=LINE('',#13723,#2657);
#1593=LINE('',#13725,#2658);
#1594=LINE('',#13726,#2659);
#1595=LINE('',#13728,#2660);
#1596=LINE('',#13729,#2661);
#1597=LINE('',#13731,#2662);
#1598=LINE('',#13733,#2663);
#1599=LINE('',#13736,#2664);
#1600=LINE('',#13737,#2665);
#1601=LINE('',#13739,#2666);
#1602=LINE('',#13741,#2667);
#1603=LINE('',#13742,#2668);
#1604=LINE('',#13743,#2669);
#1605=LINE('',#13746,#2670);
#1606=LINE('',#13748,#2671);
#1607=LINE('',#13749,#2672);
#1608=LINE('',#13752,#2673);
#1609=LINE('',#13753,#2674);
#1610=LINE('',#13756,#2675);
#1611=LINE('',#13757,#2676);
#1612=LINE('',#13759,#2677);
#1613=LINE('',#13761,#2678);
#1614=LINE('',#13763,#2679);
#1615=LINE('',#13764,#2680);
#1616=LINE('',#13765,#2681);
#1617=LINE('',#13768,#2682);
#1618=LINE('',#13769,#2683);
#1619=LINE('',#13772,#2684);
#1620=LINE('',#13773,#2685);
#1621=LINE('',#13778,#2686);
#1622=LINE('',#13779,#2687);
#1623=LINE('',#13782,#2688);
#1624=LINE('',#13783,#2689);
#1625=LINE('',#13787,#2690);
#1626=LINE('',#13790,#2691);
#1627=LINE('',#13794,#2692);
#1628=LINE('',#13798,#2693);
#1629=LINE('',#13802,#2694);
#1630=LINE('',#13805,#2695);
#1631=LINE('',#13810,#2696);
#1632=LINE('',#13811,#2697);
#1633=LINE('',#13814,#2698);
#1634=LINE('',#13816,#2699);
#1635=LINE('',#13822,#2700);
#1636=LINE('',#13823,#2701);
#1637=LINE('',#13825,#2702);
#1638=LINE('',#13828,#2703);
#1639=LINE('',#13829,#2704);
#1640=LINE('',#13831,#2705);
#1641=LINE('',#13835,#2706);
#1642=LINE('',#13837,#2707);
#1643=LINE('',#13839,#2708);
#1644=LINE('',#13847,#2709);
#1645=LINE('',#13851,#2710);
#1646=LINE('',#13855,#2711);
#1647=LINE('',#13858,#2712);
#1648=LINE('',#13861,#2713);
#1649=LINE('',#13864,#2714);
#1650=LINE('',#13877,#2715);
#1651=LINE('',#13881,#2716);
#1652=LINE('',#13899,#2717);
#1653=LINE('',#13903,#2718);
#1654=LINE('',#13907,#2719);
#1655=LINE('',#13910,#2720);
#1656=LINE('',#13913,#2721);
#1657=LINE('',#13916,#2722);
#1658=LINE('',#13929,#2723);
#1659=LINE('',#13933,#2724);
#1660=LINE('',#13949,#2725);
#1661=LINE('',#13953,#2726);
#1662=LINE('',#13957,#2727);
#1663=LINE('',#13960,#2728);
#1664=LINE('',#13962,#2729);
#1665=LINE('',#13964,#2730);
#1666=LINE('',#13965,#2731);
#1667=LINE('',#13967,#2732);
#1668=LINE('',#13969,#2733);
#1669=LINE('',#13971,#2734);
#1670=LINE('',#13979,#2735);
#1671=LINE('',#13983,#2736);
#1672=LINE('',#13987,#2737);
#1673=LINE('',#13990,#2738);
#1674=LINE('',#13993,#2739);
#1675=LINE('',#13996,#2740);
#1676=LINE('',#14009,#2741);
#1677=LINE('',#14013,#2742);
#1678=LINE('',#14022,#2743);
#1679=LINE('',#14026,#2744);
#1680=LINE('',#14027,#2745);
#1681=LINE('',#14029,#2746);
#1682=LINE('',#14034,#2747);
#1683=LINE('',#14035,#2748);
#1684=LINE('',#14038,#2749);
#1685=LINE('',#14039,#2750);
#1686=LINE('',#14041,#2751);
#1687=LINE('',#14045,#2752);
#1688=LINE('',#14059,#2753);
#1689=LINE('',#14073,#2754);
#1690=LINE('',#14090,#2755);
#1691=LINE('',#14093,#2756);
#1692=LINE('',#14095,#2757);
#1693=LINE('',#14096,#2758);
#1694=LINE('',#14104,#2759);
#1695=LINE('',#14111,#2760);
#1696=LINE('',#14121,#2761);
#1697=LINE('',#14208,#2762);
#1698=LINE('',#14215,#2763);
#1699=LINE('',#14225,#2764);
#1700=LINE('',#14404,#2765);
#1701=LINE('',#14407,#2766);
#1702=LINE('',#14411,#2767);
#1703=LINE('',#14413,#2768);
#1704=LINE('',#14415,#2769);
#1705=LINE('',#14417,#2770);
#1706=LINE('',#14419,#2771);
#1707=LINE('',#14420,#2772);
#1708=LINE('',#14422,#2773);
#1709=LINE('',#14424,#2774);
#1710=LINE('',#14430,#2775);
#1711=LINE('',#14433,#2776);
#1712=LINE('',#14436,#2777);
#1713=LINE('',#14438,#2778);
#1714=LINE('',#14440,#2779);
#1715=LINE('',#14442,#2780);
#1716=LINE('',#14445,#2781);
#1717=LINE('',#14447,#2782);
#1718=LINE('',#14449,#2783);
#1719=LINE('',#14453,#2784);
#1720=LINE('',#14456,#2785);
#1721=LINE('',#14457,#2786);
#1722=LINE('',#14461,#2787);
#1723=LINE('',#14473,#2788);
#1724=LINE('',#14474,#2789);
#1725=LINE('',#14476,#2790);
#1726=LINE('',#14477,#2791);
#1727=LINE('',#14480,#2792);
#1728=LINE('',#14481,#2793);
#1729=LINE('',#14483,#2794);
#1730=LINE('',#14485,#2795);
#1731=LINE('',#14488,#2796);
#1732=LINE('',#14489,#2797);
#1733=LINE('',#14491,#2798);
#1734=LINE('',#14494,#2799);
#1735=LINE('',#14498,#2800);
#1736=LINE('',#14500,#2801);
#1737=LINE('',#14503,#2802);
#1738=LINE('',#14505,#2803);
#1739=LINE('',#14506,#2804);
#1740=LINE('',#14509,#2805);
#1741=LINE('',#14515,#2806);
#1742=LINE('',#14517,#2807);
#1743=LINE('',#14522,#2808);
#1744=LINE('',#14524,#2809);
#1745=LINE('',#14530,#2810);
#1746=LINE('',#14532,#2811);
#1747=LINE('',#14534,#2812);
#1748=LINE('',#14535,#2813);
#1749=LINE('',#14538,#2814);
#1750=LINE('',#14540,#2815);
#1751=LINE('',#14541,#2816);
#1752=LINE('',#14544,#2817);
#1753=LINE('',#14546,#2818);
#1754=LINE('',#14547,#2819);
#1755=LINE('',#14550,#2820);
#1756=LINE('',#14552,#2821);
#1757=LINE('',#14553,#2822);
#1758=LINE('',#14556,#2823);
#1759=LINE('',#14558,#2824);
#1760=LINE('',#14559,#2825);
#1761=LINE('',#14561,#2826);
#1762=LINE('',#14562,#2827);
#1763=LINE('',#14566,#2828);
#1764=LINE('',#14568,#2829);
#1765=LINE('',#14570,#2830);
#1766=LINE('',#14571,#2831);
#1767=LINE('',#14574,#2832);
#1768=LINE('',#14576,#2833);
#1769=LINE('',#14577,#2834);
#1770=LINE('',#14580,#2835);
#1771=LINE('',#14582,#2836);
#1772=LINE('',#14583,#2837);
#1773=LINE('',#14586,#2838);
#1774=LINE('',#14588,#2839);
#1775=LINE('',#14589,#2840);
#1776=LINE('',#14592,#2841);
#1777=LINE('',#14594,#2842);
#1778=LINE('',#14595,#2843);
#1779=LINE('',#14597,#2844);
#1780=LINE('',#14598,#2845);
#1781=LINE('',#14602,#2846);
#1782=LINE('',#14604,#2847);
#1783=LINE('',#14606,#2848);
#1784=LINE('',#14607,#2849);
#1785=LINE('',#14610,#2850);
#1786=LINE('',#14612,#2851);
#1787=LINE('',#14613,#2852);
#1788=LINE('',#14616,#2853);
#1789=LINE('',#14618,#2854);
#1790=LINE('',#14619,#2855);
#1791=LINE('',#14622,#2856);
#1792=LINE('',#14624,#2857);
#1793=LINE('',#14625,#2858);
#1794=LINE('',#14628,#2859);
#1795=LINE('',#14630,#2860);
#1796=LINE('',#14631,#2861);
#1797=LINE('',#14633,#2862);
#1798=LINE('',#14634,#2863);
#1799=LINE('',#14638,#2864);
#1800=LINE('',#14640,#2865);
#1801=LINE('',#14642,#2866);
#1802=LINE('',#14643,#2867);
#1803=LINE('',#14646,#2868);
#1804=LINE('',#14648,#2869);
#1805=LINE('',#14649,#2870);
#1806=LINE('',#14652,#2871);
#1807=LINE('',#14654,#2872);
#1808=LINE('',#14655,#2873);
#1809=LINE('',#14658,#2874);
#1810=LINE('',#14660,#2875);
#1811=LINE('',#14661,#2876);
#1812=LINE('',#14664,#2877);
#1813=LINE('',#14666,#2878);
#1814=LINE('',#14667,#2879);
#1815=LINE('',#14669,#2880);
#1816=LINE('',#14670,#2881);
#1817=LINE('',#14674,#2882);
#1818=LINE('',#14676,#2883);
#1819=LINE('',#14678,#2884);
#1820=LINE('',#14679,#2885);
#1821=LINE('',#14682,#2886);
#1822=LINE('',#14684,#2887);
#1823=LINE('',#14685,#2888);
#1824=LINE('',#14688,#2889);
#1825=LINE('',#14690,#2890);
#1826=LINE('',#14691,#2891);
#1827=LINE('',#14694,#2892);
#1828=LINE('',#14696,#2893);
#1829=LINE('',#14697,#2894);
#1830=LINE('',#14700,#2895);
#1831=LINE('',#14702,#2896);
#1832=LINE('',#14703,#2897);
#1833=LINE('',#14705,#2898);
#1834=LINE('',#14706,#2899);
#1835=LINE('',#14710,#2900);
#1836=LINE('',#14712,#2901);
#1837=LINE('',#14714,#2902);
#1838=LINE('',#14715,#2903);
#1839=LINE('',#14718,#2904);
#1840=LINE('',#14720,#2905);
#1841=LINE('',#14721,#2906);
#1842=LINE('',#14724,#2907);
#1843=LINE('',#14726,#2908);
#1844=LINE('',#14727,#2909);
#1845=LINE('',#14730,#2910);
#1846=LINE('',#14732,#2911);
#1847=LINE('',#14733,#2912);
#1848=LINE('',#14736,#2913);
#1849=LINE('',#14738,#2914);
#1850=LINE('',#14739,#2915);
#1851=LINE('',#14741,#2916);
#1852=LINE('',#14742,#2917);
#1853=LINE('',#14746,#2918);
#1854=LINE('',#14748,#2919);
#1855=LINE('',#14750,#2920);
#1856=LINE('',#14751,#2921);
#1857=LINE('',#14754,#2922);
#1858=LINE('',#14756,#2923);
#1859=LINE('',#14757,#2924);
#1860=LINE('',#14760,#2925);
#1861=LINE('',#14762,#2926);
#1862=LINE('',#14763,#2927);
#1863=LINE('',#14766,#2928);
#1864=LINE('',#14768,#2929);
#1865=LINE('',#14769,#2930);
#1866=LINE('',#14772,#2931);
#1867=LINE('',#14774,#2932);
#1868=LINE('',#14775,#2933);
#1869=LINE('',#14777,#2934);
#1870=LINE('',#14778,#2935);
#1871=LINE('',#14782,#2936);
#1872=LINE('',#14784,#2937);
#1873=LINE('',#14786,#2938);
#1874=LINE('',#14787,#2939);
#1875=LINE('',#14790,#2940);
#1876=LINE('',#14792,#2941);
#1877=LINE('',#14793,#2942);
#1878=LINE('',#14796,#2943);
#1879=LINE('',#14798,#2944);
#1880=LINE('',#14799,#2945);
#1881=LINE('',#14802,#2946);
#1882=LINE('',#14804,#2947);
#1883=LINE('',#14805,#2948);
#1884=LINE('',#14808,#2949);
#1885=LINE('',#14810,#2950);
#1886=LINE('',#14811,#2951);
#1887=LINE('',#14814,#2952);
#1888=LINE('',#14816,#2953);
#1889=LINE('',#14817,#2954);
#1890=LINE('',#14820,#2955);
#1891=LINE('',#14822,#2956);
#1892=LINE('',#14823,#2957);
#1893=LINE('',#14826,#2958);
#1894=LINE('',#14828,#2959);
#1895=LINE('',#14829,#2960);
#1896=LINE('',#14835,#2961);
#1897=LINE('',#14838,#2962);
#1898=LINE('',#14840,#2963);
#1899=LINE('',#14841,#2964);
#1900=LINE('',#14844,#2965);
#1901=LINE('',#14846,#2966);
#1902=LINE('',#14847,#2967);
#1903=LINE('',#14850,#2968);
#1904=LINE('',#14852,#2969);
#1905=LINE('',#14853,#2970);
#1906=LINE('',#14856,#2971);
#1907=LINE('',#14858,#2972);
#1908=LINE('',#14859,#2973);
#1909=LINE('',#14862,#2974);
#1910=LINE('',#14864,#2975);
#1911=LINE('',#14865,#2976);
#1912=LINE('',#14868,#2977);
#1913=LINE('',#14870,#2978);
#1914=LINE('',#14871,#2979);
#1915=LINE('',#14874,#2980);
#1916=LINE('',#14876,#2981);
#1917=LINE('',#14877,#2982);
#1918=LINE('',#14880,#2983);
#1919=LINE('',#14882,#2984);
#1920=LINE('',#14883,#2985);
#1921=LINE('',#14886,#2986);
#1922=LINE('',#14888,#2987);
#1923=LINE('',#14889,#2988);
#1924=LINE('',#14892,#2989);
#1925=LINE('',#14894,#2990);
#1926=LINE('',#14895,#2991);
#1927=LINE('',#14898,#2992);
#1928=LINE('',#14900,#2993);
#1929=LINE('',#14901,#2994);
#1930=LINE('',#14904,#2995);
#1931=LINE('',#14906,#2996);
#1932=LINE('',#14907,#2997);
#1933=LINE('',#14910,#2998);
#1934=LINE('',#14912,#2999);
#1935=LINE('',#14913,#3000);
#1936=LINE('',#14919,#3001);
#1937=LINE('',#14922,#3002);
#1938=LINE('',#14924,#3003);
#1939=LINE('',#14925,#3004);
#1940=LINE('',#14928,#3005);
#1941=LINE('',#14930,#3006);
#1942=LINE('',#14931,#3007);
#1943=LINE('',#14934,#3008);
#1944=LINE('',#14936,#3009);
#1945=LINE('',#14937,#3010);
#1946=LINE('',#14940,#3011);
#1947=LINE('',#14942,#3012);
#1948=LINE('',#14943,#3013);
#1949=LINE('',#14946,#3014);
#1950=LINE('',#14948,#3015);
#1951=LINE('',#14949,#3016);
#1952=LINE('',#14952,#3017);
#1953=LINE('',#14954,#3018);
#1954=LINE('',#14955,#3019);
#1955=LINE('',#14958,#3020);
#1956=LINE('',#14960,#3021);
#1957=LINE('',#14961,#3022);
#1958=LINE('',#14964,#3023);
#1959=LINE('',#14966,#3024);
#1960=LINE('',#14967,#3025);
#1961=LINE('',#14970,#3026);
#1962=LINE('',#14972,#3027);
#1963=LINE('',#14973,#3028);
#1964=LINE('',#14976,#3029);
#1965=LINE('',#14978,#3030);
#1966=LINE('',#14979,#3031);
#1967=LINE('',#14982,#3032);
#1968=LINE('',#14984,#3033);
#1969=LINE('',#14985,#3034);
#1970=LINE('',#14988,#3035);
#1971=LINE('',#14990,#3036);
#1972=LINE('',#14991,#3037);
#1973=LINE('',#14994,#3038);
#1974=LINE('',#14996,#3039);
#1975=LINE('',#14997,#3040);
#1976=LINE('',#15000,#3041);
#1977=LINE('',#15002,#3042);
#1978=LINE('',#15003,#3043);
#1979=LINE('',#15006,#3044);
#1980=LINE('',#15008,#3045);
#1981=LINE('',#15009,#3046);
#1982=LINE('',#15012,#3047);
#1983=LINE('',#15014,#3048);
#1984=LINE('',#15015,#3049);
#1985=LINE('',#15018,#3050);
#1986=LINE('',#15020,#3051);
#1987=LINE('',#15021,#3052);
#1988=LINE('',#15024,#3053);
#1989=LINE('',#15026,#3054);
#1990=LINE('',#15027,#3055);
#1991=LINE('',#15030,#3056);
#1992=LINE('',#15032,#3057);
#1993=LINE('',#15033,#3058);
#1994=LINE('',#15036,#3059);
#1995=LINE('',#15038,#3060);
#1996=LINE('',#15039,#3061);
#1997=LINE('',#15042,#3062);
#1998=LINE('',#15044,#3063);
#1999=LINE('',#15045,#3064);
#2000=LINE('',#15048,#3065);
#2001=LINE('',#15050,#3066);
#2002=LINE('',#15051,#3067);
#2003=LINE('',#15054,#3068);
#2004=LINE('',#15056,#3069);
#2005=LINE('',#15057,#3070);
#2006=LINE('',#15060,#3071);
#2007=LINE('',#15062,#3072);
#2008=LINE('',#15063,#3073);
#2009=LINE('',#15066,#3074);
#2010=LINE('',#15068,#3075);
#2011=LINE('',#15069,#3076);
#2012=LINE('',#15072,#3077);
#2013=LINE('',#15074,#3078);
#2014=LINE('',#15075,#3079);
#2015=LINE('',#15078,#3080);
#2016=LINE('',#15080,#3081);
#2017=LINE('',#15081,#3082);
#2018=LINE('',#15084,#3083);
#2019=LINE('',#15086,#3084);
#2020=LINE('',#15087,#3085);
#2021=LINE('',#15090,#3086);
#2022=LINE('',#15092,#3087);
#2023=LINE('',#15093,#3088);
#2024=LINE('',#15096,#3089);
#2025=LINE('',#15098,#3090);
#2026=LINE('',#15099,#3091);
#2027=LINE('',#15102,#3092);
#2028=LINE('',#15104,#3093);
#2029=LINE('',#15105,#3094);
#2030=LINE('',#15108,#3095);
#2031=LINE('',#15110,#3096);
#2032=LINE('',#15111,#3097);
#2033=LINE('',#15113,#3098);
#2034=LINE('',#15114,#3099);
#2035=LINE('',#15120,#3100);
#2036=LINE('',#15122,#3101);
#2037=LINE('',#15124,#3102);
#2038=LINE('',#15125,#3103);
#2039=LINE('',#15128,#3104);
#2040=LINE('',#15130,#3105);
#2041=LINE('',#15131,#3106);
#2042=LINE('',#15134,#3107);
#2043=LINE('',#15136,#3108);
#2044=LINE('',#15137,#3109);
#2045=LINE('',#15140,#3110);
#2046=LINE('',#15142,#3111);
#2047=LINE('',#15143,#3112);
#2048=LINE('',#15146,#3113);
#2049=LINE('',#15148,#3114);
#2050=LINE('',#15149,#3115);
#2051=LINE('',#15151,#3116);
#2052=LINE('',#15152,#3117);
#2053=LINE('',#15156,#3118);
#2054=LINE('',#15158,#3119);
#2055=LINE('',#15160,#3120);
#2056=LINE('',#15161,#3121);
#2057=LINE('',#15164,#3122);
#2058=LINE('',#15166,#3123);
#2059=LINE('',#15167,#3124);
#2060=LINE('',#15173,#3125);
#2061=LINE('',#15176,#3126);
#2062=LINE('',#15178,#3127);
#2063=LINE('',#15179,#3128);
#2064=LINE('',#15182,#3129);
#2065=LINE('',#15184,#3130);
#2066=LINE('',#15185,#3131);
#2067=LINE('',#15191,#3132);
#2068=LINE('',#15194,#3133);
#2069=LINE('',#15196,#3134);
#2070=LINE('',#15197,#3135);
#2071=LINE('',#15200,#3136);
#2072=LINE('',#15202,#3137);
#2073=LINE('',#15203,#3138);
#2074=LINE('',#15206,#3139);
#2075=LINE('',#15208,#3140);
#2076=LINE('',#15209,#3141);
#2077=LINE('',#15212,#3142);
#2078=LINE('',#15214,#3143);
#2079=LINE('',#15215,#3144);
#2080=LINE('',#15218,#3145);
#2081=LINE('',#15220,#3146);
#2082=LINE('',#15221,#3147);
#2083=LINE('',#15224,#3148);
#2084=LINE('',#15226,#3149);
#2085=LINE('',#15227,#3150);
#2086=LINE('',#15230,#3151);
#2087=LINE('',#15232,#3152);
#2088=LINE('',#15233,#3153);
#2089=LINE('',#15236,#3154);
#2090=LINE('',#15238,#3155);
#2091=LINE('',#15239,#3156);
#2092=LINE('',#15242,#3157);
#2093=LINE('',#15244,#3158);
#2094=LINE('',#15245,#3159);
#2095=LINE('',#15248,#3160);
#2096=LINE('',#15250,#3161);
#2097=LINE('',#15251,#3162);
#2098=LINE('',#15254,#3163);
#2099=LINE('',#15256,#3164);
#2100=LINE('',#15257,#3165);
#2101=LINE('',#15260,#3166);
#2102=LINE('',#15262,#3167);
#2103=LINE('',#15263,#3168);
#2104=LINE('',#15266,#3169);
#2105=LINE('',#15268,#3170);
#2106=LINE('',#15269,#3171);
#2107=LINE('',#15272,#3172);
#2108=LINE('',#15274,#3173);
#2109=LINE('',#15275,#3174);
#2110=LINE('',#15278,#3175);
#2111=LINE('',#15280,#3176);
#2112=LINE('',#15281,#3177);
#2113=LINE('',#15284,#3178);
#2114=LINE('',#15286,#3179);
#2115=LINE('',#15287,#3180);
#2116=LINE('',#15290,#3181);
#2117=LINE('',#15292,#3182);
#2118=LINE('',#15293,#3183);
#2119=LINE('',#15296,#3184);
#2120=LINE('',#15298,#3185);
#2121=LINE('',#15299,#3186);
#2122=LINE('',#15302,#3187);
#2123=LINE('',#15304,#3188);
#2124=LINE('',#15305,#3189);
#2125=LINE('',#15311,#3190);
#2126=LINE('',#15314,#3191);
#2127=LINE('',#15316,#3192);
#2128=LINE('',#15317,#3193);
#2129=LINE('',#15320,#3194);
#2130=LINE('',#15322,#3195);
#2131=LINE('',#15323,#3196);
#2132=LINE('',#15326,#3197);
#2133=LINE('',#15328,#3198);
#2134=LINE('',#15329,#3199);
#2135=LINE('',#15332,#3200);
#2136=LINE('',#15334,#3201);
#2137=LINE('',#15335,#3202);
#2138=LINE('',#15338,#3203);
#2139=LINE('',#15340,#3204);
#2140=LINE('',#15341,#3205);
#2141=LINE('',#15344,#3206);
#2142=LINE('',#15346,#3207);
#2143=LINE('',#15347,#3208);
#2144=LINE('',#15350,#3209);
#2145=LINE('',#15352,#3210);
#2146=LINE('',#15353,#3211);
#2147=LINE('',#15356,#3212);
#2148=LINE('',#15358,#3213);
#2149=LINE('',#15359,#3214);
#2150=LINE('',#15362,#3215);
#2151=LINE('',#15364,#3216);
#2152=LINE('',#15365,#3217);
#2153=LINE('',#15368,#3218);
#2154=LINE('',#15370,#3219);
#2155=LINE('',#15371,#3220);
#2156=LINE('',#15374,#3221);
#2157=LINE('',#15376,#3222);
#2158=LINE('',#15377,#3223);
#2159=LINE('',#15380,#3224);
#2160=LINE('',#15382,#3225);
#2161=LINE('',#15383,#3226);
#2162=LINE('',#15386,#3227);
#2163=LINE('',#15388,#3228);
#2164=LINE('',#15389,#3229);
#2165=LINE('',#15392,#3230);
#2166=LINE('',#15394,#3231);
#2167=LINE('',#15395,#3232);
#2168=LINE('',#15398,#3233);
#2169=LINE('',#15400,#3234);
#2170=LINE('',#15401,#3235);
#2171=LINE('',#15404,#3236);
#2172=LINE('',#15406,#3237);
#2173=LINE('',#15407,#3238);
#2174=LINE('',#15410,#3239);
#2175=LINE('',#15412,#3240);
#2176=LINE('',#15413,#3241);
#2177=LINE('',#15416,#3242);
#2178=LINE('',#15418,#3243);
#2179=LINE('',#15419,#3244);
#2180=LINE('',#15421,#3245);
#2181=LINE('',#15422,#3246);
#2182=LINE('',#15428,#3247);
#2183=LINE('',#15430,#3248);
#2184=LINE('',#15432,#3249);
#2185=LINE('',#15433,#3250);
#2186=LINE('',#15436,#3251);
#2187=LINE('',#15438,#3252);
#2188=LINE('',#15439,#3253);
#2189=LINE('',#15442,#3254);
#2190=LINE('',#15444,#3255);
#2191=LINE('',#15445,#3256);
#2192=LINE('',#15448,#3257);
#2193=LINE('',#15450,#3258);
#2194=LINE('',#15451,#3259);
#2195=LINE('',#15454,#3260);
#2196=LINE('',#15456,#3261);
#2197=LINE('',#15457,#3262);
#2198=LINE('',#15459,#3263);
#2199=LINE('',#15460,#3264);
#2200=LINE('',#15464,#3265);
#2201=LINE('',#15466,#3266);
#2202=LINE('',#15468,#3267);
#2203=LINE('',#15469,#3268);
#2204=LINE('',#15472,#3269);
#2205=LINE('',#15474,#3270);
#2206=LINE('',#15475,#3271);
#2207=LINE('',#15478,#3272);
#2208=LINE('',#15480,#3273);
#2209=LINE('',#15481,#3274);
#2210=LINE('',#15484,#3275);
#2211=LINE('',#15486,#3276);
#2212=LINE('',#15487,#3277);
#2213=LINE('',#15490,#3278);
#2214=LINE('',#15492,#3279);
#2215=LINE('',#15493,#3280);
#2216=LINE('',#15495,#3281);
#2217=LINE('',#15496,#3282);
#2218=LINE('',#15500,#3283);
#2219=LINE('',#15502,#3284);
#2220=LINE('',#15504,#3285);
#2221=LINE('',#15505,#3286);
#2222=LINE('',#15508,#3287);
#2223=LINE('',#15510,#3288);
#2224=LINE('',#15511,#3289);
#2225=LINE('',#15514,#3290);
#2226=LINE('',#15516,#3291);
#2227=LINE('',#15517,#3292);
#2228=LINE('',#15523,#3293);
#2229=LINE('',#15526,#3294);
#2230=LINE('',#15528,#3295);
#2231=LINE('',#15529,#3296);
#2232=LINE('',#15532,#3297);
#2233=LINE('',#15534,#3298);
#2234=LINE('',#15535,#3299);
#2235=LINE('',#15538,#3300);
#2236=LINE('',#15540,#3301);
#2237=LINE('',#15541,#3302);
#2238=LINE('',#15544,#3303);
#2239=LINE('',#15546,#3304);
#2240=LINE('',#15547,#3305);
#2241=LINE('',#15553,#3306);
#2242=LINE('',#15556,#3307);
#2243=LINE('',#15558,#3308);
#2244=LINE('',#15559,#3309);
#2245=LINE('',#15562,#3310);
#2246=LINE('',#15564,#3311);
#2247=LINE('',#15565,#3312);
#2248=LINE('',#15568,#3313);
#2249=LINE('',#15570,#3314);
#2250=LINE('',#15571,#3315);
#2251=LINE('',#15574,#3316);
#2252=LINE('',#15576,#3317);
#2253=LINE('',#15577,#3318);
#2254=LINE('',#15580,#3319);
#2255=LINE('',#15582,#3320);
#2256=LINE('',#15583,#3321);
#2257=LINE('',#15586,#3322);
#2258=LINE('',#15588,#3323);
#2259=LINE('',#15589,#3324);
#2260=LINE('',#15592,#3325);
#2261=LINE('',#15594,#3326);
#2262=LINE('',#15595,#3327);
#2263=LINE('',#15598,#3328);
#2264=LINE('',#15600,#3329);
#2265=LINE('',#15601,#3330);
#2266=LINE('',#15604,#3331);
#2267=LINE('',#15606,#3332);
#2268=LINE('',#15607,#3333);
#2269=LINE('',#15610,#3334);
#2270=LINE('',#15612,#3335);
#2271=LINE('',#15613,#3336);
#2272=LINE('',#15616,#3337);
#2273=LINE('',#15618,#3338);
#2274=LINE('',#15619,#3339);
#2275=LINE('',#15622,#3340);
#2276=LINE('',#15624,#3341);
#2277=LINE('',#15625,#3342);
#2278=LINE('',#15628,#3343);
#2279=LINE('',#15630,#3344);
#2280=LINE('',#15631,#3345);
#2281=LINE('',#15634,#3346);
#2282=LINE('',#15636,#3347);
#2283=LINE('',#15637,#3348);
#2284=LINE('',#15640,#3349);
#2285=LINE('',#15642,#3350);
#2286=LINE('',#15643,#3351);
#2287=LINE('',#15649,#3352);
#2288=LINE('',#15652,#3353);
#2289=LINE('',#15654,#3354);
#2290=LINE('',#15655,#3355);
#2291=LINE('',#15658,#3356);
#2292=LINE('',#15660,#3357);
#2293=LINE('',#15661,#3358);
#2294=LINE('',#15667,#3359);
#2295=LINE('',#15670,#3360);
#2296=LINE('',#15672,#3361);
#2297=LINE('',#15673,#3362);
#2298=LINE('',#15676,#3363);
#2299=LINE('',#15678,#3364);
#2300=LINE('',#15679,#3365);
#2301=LINE('',#15682,#3366);
#2302=LINE('',#15684,#3367);
#2303=LINE('',#15685,#3368);
#2304=LINE('',#15688,#3369);
#2305=LINE('',#15690,#3370);
#2306=LINE('',#15691,#3371);
#2307=LINE('',#15694,#3372);
#2308=LINE('',#15696,#3373);
#2309=LINE('',#15697,#3374);
#2310=LINE('',#15700,#3375);
#2311=LINE('',#15702,#3376);
#2312=LINE('',#15703,#3377);
#2313=LINE('',#15706,#3378);
#2314=LINE('',#15708,#3379);
#2315=LINE('',#15709,#3380);
#2316=LINE('',#15712,#3381);
#2317=LINE('',#15714,#3382);
#2318=LINE('',#15715,#3383);
#2319=LINE('',#15718,#3384);
#2320=LINE('',#15720,#3385);
#2321=LINE('',#15721,#3386);
#2322=LINE('',#15724,#3387);
#2323=LINE('',#15726,#3388);
#2324=LINE('',#15727,#3389);
#2325=LINE('',#15730,#3390);
#2326=LINE('',#15732,#3391);
#2327=LINE('',#15733,#3392);
#2328=LINE('',#15736,#3393);
#2329=LINE('',#15738,#3394);
#2330=LINE('',#15739,#3395);
#2331=LINE('',#15742,#3396);
#2332=LINE('',#15744,#3397);
#2333=LINE('',#15745,#3398);
#2334=LINE('',#15748,#3399);
#2335=LINE('',#15750,#3400);
#2336=LINE('',#15751,#3401);
#2337=LINE('',#15754,#3402);
#2338=LINE('',#15756,#3403);
#2339=LINE('',#15757,#3404);
#2340=LINE('',#15759,#3405);
#2341=LINE('',#15760,#3406);
#2342=VECTOR('',#10095,10.);
#2343=VECTOR('',#10098,10.);
#2344=VECTOR('',#10101,10.);
#2345=VECTOR('',#10106,10.);
#2346=VECTOR('',#10109,10.);
#2347=VECTOR('',#10112,10.);
#2348=VECTOR('',#10115,10.);
#2349=VECTOR('',#10118,10.);
#2350=VECTOR('',#10121,10.);
#2351=VECTOR('',#10126,10.);
#2352=VECTOR('',#10127,10.);
#2353=VECTOR('',#10130,10.);
#2354=VECTOR('',#10135,10.);
#2355=VECTOR('',#10136,10.);
#2356=VECTOR('',#10139,10.);
#2357=VECTOR('',#10144,10.);
#2358=VECTOR('',#10147,10.);
#2359=VECTOR('',#10148,10.);
#2360=VECTOR('',#10151,10.);
#2361=VECTOR('',#10156,10.);
#2362=VECTOR('',#10159,10.);
#2363=VECTOR('',#10160,10.);
#2364=VECTOR('',#10161,10.);
#2365=VECTOR('',#10162,10.);
#2366=VECTOR('',#10163,10.);
#2367=VECTOR('',#10164,10.);
#2368=VECTOR('',#10165,10.);
#2369=VECTOR('',#10166,10.);
#2370=VECTOR('',#10167,10.);
#2371=VECTOR('',#10168,10.);
#2372=VECTOR('',#10173,10.);
#2373=VECTOR('',#10174,10.);
#2374=VECTOR('',#10179,10.);
#2375=VECTOR('',#10180,10.);
#2376=VECTOR('',#10181,10.);
#2377=VECTOR('',#10186,10.);
#2378=VECTOR('',#10187,10.);
#2379=VECTOR('',#10190,10.);
#2380=VECTOR('',#10193,10.);
#2381=VECTOR('',#10196,10.);
#2382=VECTOR('',#10199,10.);
#2383=VECTOR('',#10204,10.);
#2384=VECTOR('',#10207,10.);
#2385=VECTOR('',#10208,10.);
#2386=VECTOR('',#10215,10.);
#2387=VECTOR('',#10220,10.);
#2388=VECTOR('',#10221,10.);
#2389=VECTOR('',#10222,10.);
#2390=VECTOR('',#10229,10.);
#2391=VECTOR('',#10232,10.);
#2392=VECTOR('',#10233,10.);
#2393=VECTOR('',#10234,10.);
#2394=VECTOR('',#10245,10.);
#2395=VECTOR('',#10246,10.);
#2396=VECTOR('',#10247,10.);
#2397=VECTOR('',#10254,10.);
#2398=VECTOR('',#10255,10.);
#2399=VECTOR('',#10262,10.);
#2400=VECTOR('',#10265,10.);
#2401=VECTOR('',#10266,10.);
#2402=VECTOR('',#10273,10.);
#2403=VECTOR('',#10282,10.);
#2404=VECTOR('',#10293,10.);
#2405=VECTOR('',#10294,10.);
#2406=VECTOR('',#10297,10.);
#2407=VECTOR('',#10300,10.);
#2408=VECTOR('',#10303,10.);
#2409=VECTOR('',#10306,10.);
#2410=VECTOR('',#10307,10.);
#2411=VECTOR('',#10308,10.);
#2412=VECTOR('',#10311,10.);
#2413=VECTOR('',#10314,10.);
#2414=VECTOR('',#10317,10.);
#2415=VECTOR('',#10320,10.);
#2416=VECTOR('',#10323,10.);
#2417=VECTOR('',#10324,10.);
#2418=VECTOR('',#10325,10.);
#2419=VECTOR('',#10328,10.);
#2420=VECTOR('',#10331,10.);
#2421=VECTOR('',#10334,10.);
#2422=VECTOR('',#10337,10.);
#2423=VECTOR('',#10340,10.);
#2424=VECTOR('',#10341,10.);
#2425=VECTOR('',#10342,10.);
#2426=VECTOR('',#10345,10.);
#2427=VECTOR('',#10348,10.);
#2428=VECTOR('',#10351,10.);
#2429=VECTOR('',#10352,10.);
#2430=VECTOR('',#10353,10.);
#2431=VECTOR('',#10354,10.);
#2432=VECTOR('',#10357,10.);
#2433=VECTOR('',#10360,10.);
#2434=VECTOR('',#10363,10.);
#2435=VECTOR('',#10364,10.);
#2436=VECTOR('',#10367,10.);
#2437=VECTOR('',#10370,10.);
#2438=VECTOR('',#10373,10.);
#2439=VECTOR('',#10378,10.);
#2440=VECTOR('',#10379,10.);
#2441=VECTOR('',#10380,10.);
#2442=VECTOR('',#10381,10.);
#2443=VECTOR('',#10386,10.);
#2444=VECTOR('',#10391,10.);
#2445=VECTOR('',#10392,10.);
#2446=VECTOR('',#10393,10.);
#2447=VECTOR('',#10396,10.);
#2448=VECTOR('',#10403,10.);
#2449=VECTOR('',#10404,10.);
#2450=VECTOR('',#10405,10.);
#2451=VECTOR('',#10408,10.);
#2452=VECTOR('',#10415,10.);
#2453=VECTOR('',#10416,10.);
#2454=VECTOR('',#10417,10.);
#2455=VECTOR('',#10426,10.);
#2456=VECTOR('',#10427,10.);
#2457=VECTOR('',#10432,10.);
#2458=VECTOR('',#10435,10.);
#2459=VECTOR('',#10440,10.);
#2460=VECTOR('',#10443,10.);
#2461=VECTOR('',#10446,10.);
#2462=VECTOR('',#10449,10.);
#2463=VECTOR('',#10452,10.);
#2464=VECTOR('',#10455,9.99999999999999);
#2465=VECTOR('',#10458,10.);
#2466=VECTOR('',#10461,10.);
#2467=VECTOR('',#10464,10.);
#2468=VECTOR('',#10467,10.);
#2469=VECTOR('',#10470,10.);
#2470=VECTOR('',#10473,10.);
#2471=VECTOR('',#10476,10.);
#2472=VECTOR('',#10479,10.);
#2473=VECTOR('',#10482,10.);
#2474=VECTOR('',#10483,10.);
#2475=VECTOR('',#10484,10.);
#2476=VECTOR('',#10487,10.);
#2477=VECTOR('',#10490,10.);
#2478=VECTOR('',#10491,10.);
#2479=VECTOR('',#10492,10.);
#2480=VECTOR('',#10493,10.);
#2481=VECTOR('',#10494,10.);
#2482=VECTOR('',#10495,10.);
#2483=VECTOR('',#10496,10.);
#2484=VECTOR('',#10497,10.);
#2485=VECTOR('',#10498,10.);
#2486=VECTOR('',#10501,10.);
#2487=VECTOR('',#10504,10.);
#2488=VECTOR('',#10505,10.);
#2489=VECTOR('',#10506,10.);
#2490=VECTOR('',#10507,10.);
#2491=VECTOR('',#10508,10.);
#2492=VECTOR('',#10509,10.);
#2493=VECTOR('',#10512,10.);
#2494=VECTOR('',#10515,10.);
#2495=VECTOR('',#10518,10.);
#2496=VECTOR('',#10521,9.99999999999999);
#2497=VECTOR('',#10524,10.);
#2498=VECTOR('',#10527,10.);
#2499=VECTOR('',#10530,10.);
#2500=VECTOR('',#10531,10.);
#2501=VECTOR('',#10532,10.);
#2502=VECTOR('',#10535,10.);
#2503=VECTOR('',#10540,10.);
#2504=VECTOR('',#10541,10.);
#2505=VECTOR('',#10544,10.);
#2506=VECTOR('',#10549,9.99999999999999);
#2507=VECTOR('',#10550,10.);
#2508=VECTOR('',#10553,10.);
#2509=VECTOR('',#10558,10.);
#2510=VECTOR('',#10559,10.);
#2511=VECTOR('',#10562,10.);
#2512=VECTOR('',#10567,10.);
#2513=VECTOR('',#10568,10.);
#2514=VECTOR('',#10575,10.);
#2515=VECTOR('',#10578,10.);
#2516=VECTOR('',#10581,10.);
#2517=VECTOR('',#10586,10.);
#2518=VECTOR('',#10589,10.);
#2519=VECTOR('',#10592,10.);
#2520=VECTOR('',#10593,10.);
#2521=VECTOR('',#10594,10.);
#2522=VECTOR('',#10595,10.);
#2523=VECTOR('',#10596,10.);
#2524=VECTOR('',#10597,10.);
#2525=VECTOR('',#10598,10.);
#2526=VECTOR('',#10599,10.);
#2527=VECTOR('',#10600,10.);
#2528=VECTOR('',#10601,10.);
#2529=VECTOR('',#10602,10.);
#2530=VECTOR('',#10603,10.);
#2531=VECTOR('',#10604,10.);
#2532=VECTOR('',#10605,10.);
#2533=VECTOR('',#10606,10.);
#2534=VECTOR('',#10607,10.);
#2535=VECTOR('',#10608,10.);
#2536=VECTOR('',#10609,10.);
#2537=VECTOR('',#10616,10.);
#2538=VECTOR('',#10619,10.);
#2539=VECTOR('',#10622,10.);
#2540=VECTOR('',#10623,10.);
#2541=VECTOR('',#10626,10.);
#2542=VECTOR('',#10631,10.);
#2543=VECTOR('',#10632,10.);
#2544=VECTOR('',#10635,10.);
#2545=VECTOR('',#10640,10.);
#2546=VECTOR('',#10641,9.99999999999999);
#2547=VECTOR('',#10644,10.);
#2548=VECTOR('',#10649,10.);
#2549=VECTOR('',#10650,10.);
#2550=VECTOR('',#10653,10.);
#2551=VECTOR('',#10658,10.);
#2552=VECTOR('',#10659,10.);
#2553=VECTOR('',#10662,10.);
#2554=VECTOR('',#10667,10.);
#2555=VECTOR('',#10670,10.);
#2556=VECTOR('',#10671,10.);
#2557=VECTOR('',#10674,10.);
#2558=VECTOR('',#10677,10.);
#2559=VECTOR('',#10680,10.);
#2560=VECTOR('',#10683,10.);
#2561=VECTOR('',#10686,10.);
#2562=VECTOR('',#10689,10.);
#2563=VECTOR('',#10690,10.);
#2564=VECTOR('',#10691,10.);
#2565=VECTOR('',#10694,10.);
#2566=VECTOR('',#10699,10.);
#2567=VECTOR('',#10700,10.);
#2568=VECTOR('',#10703,10.);
#2569=VECTOR('',#10708,10.);
#2570=VECTOR('',#10709,10.);
#2571=VECTOR('',#10712,10.);
#2572=VECTOR('',#10717,10.);
#2573=VECTOR('',#10718,10.);
#2574=VECTOR('',#10721,10.);
#2575=VECTOR('',#10726,10.);
#2576=VECTOR('',#10727,10.);
#2577=VECTOR('',#10730,10.);
#2578=VECTOR('',#10735,10.);
#2579=VECTOR('',#10736,10.);
#2580=VECTOR('',#10739,10.);
#2581=VECTOR('',#10744,10.);
#2582=VECTOR('',#10745,10.);
#2583=VECTOR('',#10748,10.);
#2584=VECTOR('',#10753,10.);
#2585=VECTOR('',#10754,10.);
#2586=VECTOR('',#10761,10.);
#2587=VECTOR('',#10764,3.00000000000004);
#2588=VECTOR('',#10767,10.);
#2589=VECTOR('',#10770,10.);
#2590=VECTOR('',#10771,10.);
#2591=VECTOR('',#10772,10.);
#2592=VECTOR('',#10773,10.);
#2593=VECTOR('',#10774,10.);
#2594=VECTOR('',#10779,10.);
#2595=VECTOR('',#10782,10.);
#2596=VECTOR('',#10783,10.);
#2597=VECTOR('',#10790,10.);
#2598=VECTOR('',#10793,10.);
#2599=VECTOR('',#10794,10.);
#2600=VECTOR('',#10795,10.);
#2601=VECTOR('',#10796,10.);
#2602=VECTOR('',#10799,10.);
#2603=VECTOR('',#10802,10.);
#2604=VECTOR('',#10803,10.);
#2605=VECTOR('',#10804,10.);
#2606=VECTOR('',#10809,10.);
#2607=VECTOR('',#10812,10.);
#2608=VECTOR('',#10813,10.);
#2609=VECTOR('',#10818,10.);
#2610=VECTOR('',#10819,10.);
#2611=VECTOR('',#10820,10.);
#2612=VECTOR('',#10821,10.);
#2613=VECTOR('',#10824,10.);
#2614=VECTOR('',#10825,10.);
#2615=VECTOR('',#10826,10.);
#2616=VECTOR('',#10829,10.);
#2617=VECTOR('',#10830,10.);
#2618=VECTOR('',#10831,10.);
#2619=VECTOR('',#10834,10.);
#2620=VECTOR('',#10835,10.);
#2621=VECTOR('',#10838,10.);
#2622=VECTOR('',#10839,10.);
#2623=VECTOR('',#10840,10.);
#2624=VECTOR('',#10843,10.);
#2625=VECTOR('',#10844,10.);
#2626=VECTOR('',#10847,10.);
#2627=VECTOR('',#10848,10.);
#2628=VECTOR('',#10851,10.);
#2629=VECTOR('',#10852,10.);
#2630=VECTOR('',#10855,10.);
#2631=VECTOR('',#10856,10.);
#2632=VECTOR('',#10859,10.);
#2633=VECTOR('',#10860,10.);
#2634=VECTOR('',#10863,10.);
#2635=VECTOR('',#10864,10.);
#2636=VECTOR('',#10867,10.);
#2637=VECTOR('',#10868,10.);
#2638=VECTOR('',#10869,10.);
#2639=VECTOR('',#10872,10.);
#2640=VECTOR('',#10873,10.);
#2641=VECTOR('',#10876,10.);
#2642=VECTOR('',#10877,10.);
#2643=VECTOR('',#10880,10.);
#2644=VECTOR('',#10885,10.);
#2645=VECTOR('',#10886,10.);
#2646=VECTOR('',#10889,10.);
#2647=VECTOR('',#10894,10.);
#2648=VECTOR('',#10897,10.);
#2649=VECTOR('',#10900,10.);
#2650=VECTOR('',#10903,10.);
#2651=VECTOR('',#10908,10.);
#2652=VECTOR('',#10909,10.);
#2653=VECTOR('',#10912,10.);
#2654=VECTOR('',#10917,10.);
#2655=VECTOR('',#10918,10.);
#2656=VECTOR('',#10921,10.);
#2657=VECTOR('',#10924,10.);
#2658=VECTOR('',#10925,10.);
#2659=VECTOR('',#10926,10.);
#2660=VECTOR('',#10929,10.);
#2661=VECTOR('',#10930,10.);
#2662=VECTOR('',#10933,10.);
#2663=VECTOR('',#10936,10.);
#2664=VECTOR('',#10939,10.);
#2665=VECTOR('',#10940,10.);
#2666=VECTOR('',#10941,10.);
#2667=VECTOR('',#10942,10.);
#2668=VECTOR('',#10943,10.);
#2669=VECTOR('',#10944,10.);
#2670=VECTOR('',#10947,10.);
#2671=VECTOR('',#10948,10.);
#2672=VECTOR('',#10949,10.);
#2673=VECTOR('',#10952,10.);
#2674=VECTOR('',#10953,10.);
#2675=VECTOR('',#10956,10.);
#2676=VECTOR('',#10957,10.);
#2677=VECTOR('',#10960,10.);
#2678=VECTOR('',#10961,10.);
#2679=VECTOR('',#10962,10.);
#2680=VECTOR('',#10963,10.);
#2681=VECTOR('',#10964,10.);
#2682=VECTOR('',#10967,10.);
#2683=VECTOR('',#10968,10.);
#2684=VECTOR('',#10971,10.);
#2685=VECTOR('',#10972,10.);
#2686=VECTOR('',#10977,10.);
#2687=VECTOR('',#10978,10.);
#2688=VECTOR('',#10981,10.);
#2689=VECTOR('',#10982,10.);
#2690=VECTOR('',#10987,10.);
#2691=VECTOR('',#10990,10.);
#2692=VECTOR('',#10993,10.);
#2693=VECTOR('',#10996,10.);
#2694=VECTOR('',#10999,10.);
#2695=VECTOR('',#11002,10.);
#2696=VECTOR('',#11007,10.);
#2697=VECTOR('',#11008,10.);
#2698=VECTOR('',#11011,10.);
#2699=VECTOR('',#11012,10.);
#2700=VECTOR('',#11019,10.);
#2701=VECTOR('',#11020,10.);
#2702=VECTOR('',#11023,10.);
#2703=VECTOR('',#11026,10.);
#2704=VECTOR('',#11027,10.);
#2705=VECTOR('',#11030,10.);
#2706=VECTOR('',#11035,10.);
#2707=VECTOR('',#11038,10.);
#2708=VECTOR('',#11041,10.);
#2709=VECTOR('',#11050,10.);
#2710=VECTOR('',#11053,10.);
#2711=VECTOR('',#11056,10.);
#2712=VECTOR('',#11059,10.);
#2713=VECTOR('',#11062,10.);
#2714=VECTOR('',#11065,10.);
#2715=VECTOR('',#11068,10.);
#2716=VECTOR('',#11073,10.);
#2717=VECTOR('',#11082,10.);
#2718=VECTOR('',#11085,10.);
#2719=VECTOR('',#11088,10.);
#2720=VECTOR('',#11091,10.);
#2721=VECTOR('',#11094,10.);
#2722=VECTOR('',#11097,10.);
#2723=VECTOR('',#11100,10.);
#2724=VECTOR('',#11105,10.);
#2725=VECTOR('',#11112,10.);
#2726=VECTOR('',#11115,10.);
#2727=VECTOR('',#11118,10.);
#2728=VECTOR('',#11123,10.);
#2729=VECTOR('',#11126,10.);
#2730=VECTOR('',#11129,10.);
#2731=VECTOR('',#11130,10.);
#2732=VECTOR('',#11133,10.);
#2733=VECTOR('',#11136,10.);
#2734=VECTOR('',#11139,10.);
#2735=VECTOR('',#11148,10.);
#2736=VECTOR('',#11151,10.);
#2737=VECTOR('',#11154,10.);
#2738=VECTOR('',#11157,10.);
#2739=VECTOR('',#11160,10.);
#2740=VECTOR('',#11163,10.);
#2741=VECTOR('',#11166,10.);
#2742=VECTOR('',#11171,10.);
#2743=VECTOR('',#11176,10.);
#2744=VECTOR('',#11181,10.);
#2745=VECTOR('',#11182,10.);
#2746=VECTOR('',#11185,10.);
#2747=VECTOR('',#11192,10.);
#2748=VECTOR('',#11193,10.);
#2749=VECTOR('',#11196,10.);
#2750=VECTOR('',#11197,10.);
#2751=VECTOR('',#11200,10.);
#2752=VECTOR('',#11205,10.);
#2753=VECTOR('',#11208,10.);
#2754=VECTOR('',#11211,10.);
#2755=VECTOR('',#11218,10.);
#2756=VECTOR('',#11221,10.);
#2757=VECTOR('',#11222,10.);
#2758=VECTOR('',#11223,10.);
#2759=VECTOR('',#11236,3.);
#2760=VECTOR('',#11245,3.);
#2761=VECTOR('',#11258,10.);
#2762=VECTOR('',#11287,10.);
#2763=VECTOR('',#11298,10.);
#2764=VECTOR('',#11317,10.);
#2765=VECTOR('',#11348,10.);
#2766=VECTOR('',#11353,10.);
#2767=VECTOR('',#11358,10.);
#2768=VECTOR('',#11361,10.);
#2769=VECTOR('',#11364,10.);
#2770=VECTOR('',#11367,10.);
#2771=VECTOR('',#11370,10.);
#2772=VECTOR('',#11371,10.);
#2773=VECTOR('',#11374,10.);
#2774=VECTOR('',#11377,10.);
#2775=VECTOR('',#11386,10.);
#2776=VECTOR('',#11389,10.);
#2777=VECTOR('',#11394,10.);
#2778=VECTOR('',#11397,10.);
#2779=VECTOR('',#11400,10.);
#2780=VECTOR('',#11403,10.);
#2781=VECTOR('',#11408,10.);
#2782=VECTOR('',#11411,10.);
#2783=VECTOR('',#11414,10.);
#2784=VECTOR('',#11421,10.);
#2785=VECTOR('',#11426,10.);
#2786=VECTOR('',#11427,10.);
#2787=VECTOR('',#11434,10.);
#2788=VECTOR('',#11457,10.);
#2789=VECTOR('',#11458,10.);
#2790=VECTOR('',#11461,10.);
#2791=VECTOR('',#11462,10.);
#2792=VECTOR('',#11467,10.);
#2793=VECTOR('',#11468,10.);
#2794=VECTOR('',#11471,10.);
#2795=VECTOR('',#11474,10.);
#2796=VECTOR('',#11479,10.);
#2797=VECTOR('',#11480,10.);
#2798=VECTOR('',#11483,10.);
#2799=VECTOR('',#11488,10.);
#2800=VECTOR('',#11495,10.);
#2801=VECTOR('',#11498,10.);
#2802=VECTOR('',#11503,10.);
#2803=VECTOR('',#11506,10.);
#2804=VECTOR('',#11507,10.);
#2805=VECTOR('',#11512,10.);
#2806=VECTOR('',#11523,1.6);
#2807=VECTOR('',#11526,1.6);
#2808=VECTOR('',#11533,2.35);
#2809=VECTOR('',#11536,10.);
#2810=VECTOR('',#11543,10.);
#2811=VECTOR('',#11544,10.);
#2812=VECTOR('',#11545,10.);
#2813=VECTOR('',#11546,10.);
#2814=VECTOR('',#11549,10.);
#2815=VECTOR('',#11550,10.);
#2816=VECTOR('',#11551,10.);
#2817=VECTOR('',#11554,10.);
#2818=VECTOR('',#11555,10.);
#2819=VECTOR('',#11556,10.);
#2820=VECTOR('',#11559,10.);
#2821=VECTOR('',#11560,10.);
#2822=VECTOR('',#11561,10.);
#2823=VECTOR('',#11564,10.);
#2824=VECTOR('',#11565,10.);
#2825=VECTOR('',#11566,10.);
#2826=VECTOR('',#11569,10.);
#2827=VECTOR('',#11570,10.);
#2828=VECTOR('',#11573,10.);
#2829=VECTOR('',#11574,10.);
#2830=VECTOR('',#11575,10.);
#2831=VECTOR('',#11576,10.);
#2832=VECTOR('',#11579,10.);
#2833=VECTOR('',#11580,10.);
#2834=VECTOR('',#11581,10.);
#2835=VECTOR('',#11584,10.);
#2836=VECTOR('',#11585,10.);
#2837=VECTOR('',#11586,10.);
#2838=VECTOR('',#11589,10.);
#2839=VECTOR('',#11590,10.);
#2840=VECTOR('',#11591,10.);
#2841=VECTOR('',#11594,10.);
#2842=VECTOR('',#11595,10.);
#2843=VECTOR('',#11596,10.);
#2844=VECTOR('',#11599,10.);
#2845=VECTOR('',#11600,10.);
#2846=VECTOR('',#11603,10.);
#2847=VECTOR('',#11604,10.);
#2848=VECTOR('',#11605,10.);
#2849=VECTOR('',#11606,10.);
#2850=VECTOR('',#11609,10.);
#2851=VECTOR('',#11610,10.);
#2852=VECTOR('',#11611,10.);
#2853=VECTOR('',#11614,10.);
#2854=VECTOR('',#11615,10.);
#2855=VECTOR('',#11616,10.);
#2856=VECTOR('',#11619,10.);
#2857=VECTOR('',#11620,10.);
#2858=VECTOR('',#11621,10.);
#2859=VECTOR('',#11624,10.);
#2860=VECTOR('',#11625,10.);
#2861=VECTOR('',#11626,10.);
#2862=VECTOR('',#11629,10.);
#2863=VECTOR('',#11630,10.);
#2864=VECTOR('',#11633,10.);
#2865=VECTOR('',#11634,10.);
#2866=VECTOR('',#11635,10.);
#2867=VECTOR('',#11636,10.);
#2868=VECTOR('',#11639,10.);
#2869=VECTOR('',#11640,10.);
#2870=VECTOR('',#11641,10.);
#2871=VECTOR('',#11644,10.);
#2872=VECTOR('',#11645,10.);
#2873=VECTOR('',#11646,10.);
#2874=VECTOR('',#11649,10.);
#2875=VECTOR('',#11650,10.);
#2876=VECTOR('',#11651,10.);
#2877=VECTOR('',#11654,10.);
#2878=VECTOR('',#11655,10.);
#2879=VECTOR('',#11656,10.);
#2880=VECTOR('',#11659,10.);
#2881=VECTOR('',#11660,10.);
#2882=VECTOR('',#11663,10.);
#2883=VECTOR('',#11664,10.);
#2884=VECTOR('',#11665,10.);
#2885=VECTOR('',#11666,10.);
#2886=VECTOR('',#11669,10.);
#2887=VECTOR('',#11670,10.);
#2888=VECTOR('',#11671,10.);
#2889=VECTOR('',#11674,10.);
#2890=VECTOR('',#11675,10.);
#2891=VECTOR('',#11676,10.);
#2892=VECTOR('',#11679,10.);
#2893=VECTOR('',#11680,10.);
#2894=VECTOR('',#11681,10.);
#2895=VECTOR('',#11684,10.);
#2896=VECTOR('',#11685,10.);
#2897=VECTOR('',#11686,10.);
#2898=VECTOR('',#11689,10.);
#2899=VECTOR('',#11690,10.);
#2900=VECTOR('',#11693,10.);
#2901=VECTOR('',#11694,10.);
#2902=VECTOR('',#11695,10.);
#2903=VECTOR('',#11696,10.);
#2904=VECTOR('',#11699,10.);
#2905=VECTOR('',#11700,10.);
#2906=VECTOR('',#11701,10.);
#2907=VECTOR('',#11704,10.);
#2908=VECTOR('',#11705,10.);
#2909=VECTOR('',#11706,10.);
#2910=VECTOR('',#11709,10.);
#2911=VECTOR('',#11710,10.);
#2912=VECTOR('',#11711,10.);
#2913=VECTOR('',#11714,10.);
#2914=VECTOR('',#11715,10.);
#2915=VECTOR('',#11716,10.);
#2916=VECTOR('',#11719,10.);
#2917=VECTOR('',#11720,10.);
#2918=VECTOR('',#11723,10.);
#2919=VECTOR('',#11724,10.);
#2920=VECTOR('',#11725,10.);
#2921=VECTOR('',#11726,10.);
#2922=VECTOR('',#11729,10.);
#2923=VECTOR('',#11730,10.);
#2924=VECTOR('',#11731,10.);
#2925=VECTOR('',#11734,10.);
#2926=VECTOR('',#11735,10.);
#2927=VECTOR('',#11736,10.);
#2928=VECTOR('',#11739,10.);
#2929=VECTOR('',#11740,10.);
#2930=VECTOR('',#11741,10.);
#2931=VECTOR('',#11744,10.);
#2932=VECTOR('',#11745,10.);
#2933=VECTOR('',#11746,10.);
#2934=VECTOR('',#11749,10.);
#2935=VECTOR('',#11750,10.);
#2936=VECTOR('',#11753,10.);
#2937=VECTOR('',#11754,10.);
#2938=VECTOR('',#11755,10.);
#2939=VECTOR('',#11756,10.);
#2940=VECTOR('',#11759,10.);
#2941=VECTOR('',#11760,10.);
#2942=VECTOR('',#11761,10.);
#2943=VECTOR('',#11764,10.);
#2944=VECTOR('',#11765,10.);
#2945=VECTOR('',#11766,10.);
#2946=VECTOR('',#11769,10.);
#2947=VECTOR('',#11770,10.);
#2948=VECTOR('',#11771,10.);
#2949=VECTOR('',#11774,10.);
#2950=VECTOR('',#11775,10.);
#2951=VECTOR('',#11776,10.);
#2952=VECTOR('',#11779,10.);
#2953=VECTOR('',#11780,10.);
#2954=VECTOR('',#11781,10.);
#2955=VECTOR('',#11784,10.);
#2956=VECTOR('',#11785,10.);
#2957=VECTOR('',#11786,10.);
#2958=VECTOR('',#11789,10.);
#2959=VECTOR('',#11790,10.);
#2960=VECTOR('',#11791,10.);
#2961=VECTOR('',#11798,10.);
#2962=VECTOR('',#11801,10.);
#2963=VECTOR('',#11802,10.);
#2964=VECTOR('',#11803,10.);
#2965=VECTOR('',#11806,10.);
#2966=VECTOR('',#11807,10.);
#2967=VECTOR('',#11808,10.);
#2968=VECTOR('',#11811,10.);
#2969=VECTOR('',#11812,10.);
#2970=VECTOR('',#11813,10.);
#2971=VECTOR('',#11816,10.);
#2972=VECTOR('',#11817,10.);
#2973=VECTOR('',#11818,10.);
#2974=VECTOR('',#11821,10.);
#2975=VECTOR('',#11822,10.);
#2976=VECTOR('',#11823,10.);
#2977=VECTOR('',#11826,10.);
#2978=VECTOR('',#11827,10.);
#2979=VECTOR('',#11828,10.);
#2980=VECTOR('',#11831,10.);
#2981=VECTOR('',#11832,10.);
#2982=VECTOR('',#11833,10.);
#2983=VECTOR('',#11836,10.);
#2984=VECTOR('',#11837,10.);
#2985=VECTOR('',#11838,10.);
#2986=VECTOR('',#11841,10.);
#2987=VECTOR('',#11842,10.);
#2988=VECTOR('',#11843,10.);
#2989=VECTOR('',#11846,10.);
#2990=VECTOR('',#11847,10.);
#2991=VECTOR('',#11848,10.);
#2992=VECTOR('',#11851,10.);
#2993=VECTOR('',#11852,10.);
#2994=VECTOR('',#11853,10.);
#2995=VECTOR('',#11856,10.);
#2996=VECTOR('',#11857,10.);
#2997=VECTOR('',#11858,10.);
#2998=VECTOR('',#11861,10.);
#2999=VECTOR('',#11862,10.);
#3000=VECTOR('',#11863,10.);
#3001=VECTOR('',#11870,10.);
#3002=VECTOR('',#11873,10.);
#3003=VECTOR('',#11874,10.);
#3004=VECTOR('',#11875,10.);
#3005=VECTOR('',#11878,10.);
#3006=VECTOR('',#11879,10.);
#3007=VECTOR('',#11880,10.);
#3008=VECTOR('',#11883,10.);
#3009=VECTOR('',#11884,10.);
#3010=VECTOR('',#11885,10.);
#3011=VECTOR('',#11888,10.);
#3012=VECTOR('',#11889,10.);
#3013=VECTOR('',#11890,10.);
#3014=VECTOR('',#11893,10.);
#3015=VECTOR('',#11894,10.);
#3016=VECTOR('',#11895,10.);
#3017=VECTOR('',#11898,10.);
#3018=VECTOR('',#11899,10.);
#3019=VECTOR('',#11900,10.);
#3020=VECTOR('',#11903,10.);
#3021=VECTOR('',#11904,10.);
#3022=VECTOR('',#11905,10.);
#3023=VECTOR('',#11908,10.);
#3024=VECTOR('',#11909,10.);
#3025=VECTOR('',#11910,10.);
#3026=VECTOR('',#11913,10.);
#3027=VECTOR('',#11914,10.);
#3028=VECTOR('',#11915,10.);
#3029=VECTOR('',#11918,10.);
#3030=VECTOR('',#11919,10.);
#3031=VECTOR('',#11920,10.);
#3032=VECTOR('',#11923,10.);
#3033=VECTOR('',#11924,10.);
#3034=VECTOR('',#11925,10.);
#3035=VECTOR('',#11928,10.);
#3036=VECTOR('',#11929,10.);
#3037=VECTOR('',#11930,10.);
#3038=VECTOR('',#11933,10.);
#3039=VECTOR('',#11934,10.);
#3040=VECTOR('',#11935,10.);
#3041=VECTOR('',#11938,10.);
#3042=VECTOR('',#11939,10.);
#3043=VECTOR('',#11940,10.);
#3044=VECTOR('',#11943,10.);
#3045=VECTOR('',#11944,10.);
#3046=VECTOR('',#11945,10.);
#3047=VECTOR('',#11948,10.);
#3048=VECTOR('',#11949,10.);
#3049=VECTOR('',#11950,10.);
#3050=VECTOR('',#11953,10.);
#3051=VECTOR('',#11954,10.);
#3052=VECTOR('',#11955,10.);
#3053=VECTOR('',#11958,10.);
#3054=VECTOR('',#11959,10.);
#3055=VECTOR('',#11960,10.);
#3056=VECTOR('',#11963,10.);
#3057=VECTOR('',#11964,10.);
#3058=VECTOR('',#11965,10.);
#3059=VECTOR('',#11968,10.);
#3060=VECTOR('',#11969,10.);
#3061=VECTOR('',#11970,10.);
#3062=VECTOR('',#11973,10.);
#3063=VECTOR('',#11974,10.);
#3064=VECTOR('',#11975,10.);
#3065=VECTOR('',#11978,10.);
#3066=VECTOR('',#11979,10.);
#3067=VECTOR('',#11980,10.);
#3068=VECTOR('',#11983,10.);
#3069=VECTOR('',#11984,10.);
#3070=VECTOR('',#11985,10.);
#3071=VECTOR('',#11988,10.);
#3072=VECTOR('',#11989,10.);
#3073=VECTOR('',#11990,10.);
#3074=VECTOR('',#11993,10.);
#3075=VECTOR('',#11994,10.);
#3076=VECTOR('',#11995,10.);
#3077=VECTOR('',#11998,10.);
#3078=VECTOR('',#11999,10.);
#3079=VECTOR('',#12000,10.);
#3080=VECTOR('',#12003,10.);
#3081=VECTOR('',#12004,10.);
#3082=VECTOR('',#12005,10.);
#3083=VECTOR('',#12008,10.);
#3084=VECTOR('',#12009,10.);
#3085=VECTOR('',#12010,10.);
#3086=VECTOR('',#12013,10.);
#3087=VECTOR('',#12014,10.);
#3088=VECTOR('',#12015,10.);
#3089=VECTOR('',#12018,10.);
#3090=VECTOR('',#12019,10.);
#3091=VECTOR('',#12020,10.);
#3092=VECTOR('',#12023,10.);
#3093=VECTOR('',#12024,10.);
#3094=VECTOR('',#12025,10.);
#3095=VECTOR('',#12028,10.);
#3096=VECTOR('',#12029,10.);
#3097=VECTOR('',#12030,10.);
#3098=VECTOR('',#12033,10.);
#3099=VECTOR('',#12034,10.);
#3100=VECTOR('',#12041,10.);
#3101=VECTOR('',#12042,10.);
#3102=VECTOR('',#12043,10.);
#3103=VECTOR('',#12044,10.);
#3104=VECTOR('',#12047,10.);
#3105=VECTOR('',#12048,10.);
#3106=VECTOR('',#12049,10.);
#3107=VECTOR('',#12052,10.);
#3108=VECTOR('',#12053,10.);
#3109=VECTOR('',#12054,10.);
#3110=VECTOR('',#12057,10.);
#3111=VECTOR('',#12058,10.);
#3112=VECTOR('',#12059,10.);
#3113=VECTOR('',#12062,10.);
#3114=VECTOR('',#12063,10.);
#3115=VECTOR('',#12064,10.);
#3116=VECTOR('',#12067,10.);
#3117=VECTOR('',#12068,10.);
#3118=VECTOR('',#12071,10.);
#3119=VECTOR('',#12072,10.);
#3120=VECTOR('',#12073,10.);
#3121=VECTOR('',#12074,10.);
#3122=VECTOR('',#12077,10.);
#3123=VECTOR('',#12078,10.);
#3124=VECTOR('',#12079,10.);
#3125=VECTOR('',#12086,10.);
#3126=VECTOR('',#12089,10.);
#3127=VECTOR('',#12090,10.);
#3128=VECTOR('',#12091,10.);
#3129=VECTOR('',#12094,10.);
#3130=VECTOR('',#12095,10.);
#3131=VECTOR('',#12096,10.);
#3132=VECTOR('',#12103,10.);
#3133=VECTOR('',#12106,10.);
#3134=VECTOR('',#12107,10.);
#3135=VECTOR('',#12108,10.);
#3136=VECTOR('',#12111,10.);
#3137=VECTOR('',#12112,10.);
#3138=VECTOR('',#12113,10.);
#3139=VECTOR('',#12116,10.);
#3140=VECTOR('',#12117,10.);
#3141=VECTOR('',#12118,10.);
#3142=VECTOR('',#12121,10.);
#3143=VECTOR('',#12122,10.);
#3144=VECTOR('',#12123,10.);
#3145=VECTOR('',#12126,10.);
#3146=VECTOR('',#12127,10.);
#3147=VECTOR('',#12128,10.);
#3148=VECTOR('',#12131,10.);
#3149=VECTOR('',#12132,10.);
#3150=VECTOR('',#12133,10.);
#3151=VECTOR('',#12136,10.);
#3152=VECTOR('',#12137,10.);
#3153=VECTOR('',#12138,10.);
#3154=VECTOR('',#12141,10.);
#3155=VECTOR('',#12142,10.);
#3156=VECTOR('',#12143,10.);
#3157=VECTOR('',#12146,10.);
#3158=VECTOR('',#12147,10.);
#3159=VECTOR('',#12148,10.);
#3160=VECTOR('',#12151,10.);
#3161=VECTOR('',#12152,10.);
#3162=VECTOR('',#12153,10.);
#3163=VECTOR('',#12156,10.);
#3164=VECTOR('',#12157,10.);
#3165=VECTOR('',#12158,10.);
#3166=VECTOR('',#12161,10.);
#3167=VECTOR('',#12162,10.);
#3168=VECTOR('',#12163,10.);
#3169=VECTOR('',#12166,10.);
#3170=VECTOR('',#12167,10.);
#3171=VECTOR('',#12168,10.);
#3172=VECTOR('',#12171,10.);
#3173=VECTOR('',#12172,10.);
#3174=VECTOR('',#12173,10.);
#3175=VECTOR('',#12176,10.);
#3176=VECTOR('',#12177,10.);
#3177=VECTOR('',#12178,10.);
#3178=VECTOR('',#12181,10.);
#3179=VECTOR('',#12182,10.);
#3180=VECTOR('',#12183,10.);
#3181=VECTOR('',#12186,10.);
#3182=VECTOR('',#12187,10.);
#3183=VECTOR('',#12188,10.);
#3184=VECTOR('',#12191,10.);
#3185=VECTOR('',#12192,10.);
#3186=VECTOR('',#12193,10.);
#3187=VECTOR('',#12196,10.);
#3188=VECTOR('',#12197,10.);
#3189=VECTOR('',#12198,10.);
#3190=VECTOR('',#12205,10.);
#3191=VECTOR('',#12208,10.);
#3192=VECTOR('',#12209,10.);
#3193=VECTOR('',#12210,10.);
#3194=VECTOR('',#12213,10.);
#3195=VECTOR('',#12214,10.);
#3196=VECTOR('',#12215,10.);
#3197=VECTOR('',#12218,10.);
#3198=VECTOR('',#12219,10.);
#3199=VECTOR('',#12220,10.);
#3200=VECTOR('',#12223,10.);
#3201=VECTOR('',#12224,10.);
#3202=VECTOR('',#12225,10.);
#3203=VECTOR('',#12228,10.);
#3204=VECTOR('',#12229,10.);
#3205=VECTOR('',#12230,10.);
#3206=VECTOR('',#12233,10.);
#3207=VECTOR('',#12234,10.);
#3208=VECTOR('',#12235,10.);
#3209=VECTOR('',#12238,10.);
#3210=VECTOR('',#12239,10.);
#3211=VECTOR('',#12240,10.);
#3212=VECTOR('',#12243,10.);
#3213=VECTOR('',#12244,10.);
#3214=VECTOR('',#12245,10.);
#3215=VECTOR('',#12248,10.);
#3216=VECTOR('',#12249,10.);
#3217=VECTOR('',#12250,10.);
#3218=VECTOR('',#12253,10.);
#3219=VECTOR('',#12254,10.);
#3220=VECTOR('',#12255,10.);
#3221=VECTOR('',#12258,10.);
#3222=VECTOR('',#12259,10.);
#3223=VECTOR('',#12260,10.);
#3224=VECTOR('',#12263,10.);
#3225=VECTOR('',#12264,10.);
#3226=VECTOR('',#12265,10.);
#3227=VECTOR('',#12268,10.);
#3228=VECTOR('',#12269,10.);
#3229=VECTOR('',#12270,10.);
#3230=VECTOR('',#12273,10.);
#3231=VECTOR('',#12274,10.);
#3232=VECTOR('',#12275,10.);
#3233=VECTOR('',#12278,10.);
#3234=VECTOR('',#12279,10.);
#3235=VECTOR('',#12280,10.);
#3236=VECTOR('',#12283,10.);
#3237=VECTOR('',#12284,10.);
#3238=VECTOR('',#12285,10.);
#3239=VECTOR('',#12288,10.);
#3240=VECTOR('',#12289,10.);
#3241=VECTOR('',#12290,10.);
#3242=VECTOR('',#12293,10.);
#3243=VECTOR('',#12294,10.);
#3244=VECTOR('',#12295,10.);
#3245=VECTOR('',#12298,10.);
#3246=VECTOR('',#12299,10.);
#3247=VECTOR('',#12306,10.);
#3248=VECTOR('',#12307,10.);
#3249=VECTOR('',#12308,10.);
#3250=VECTOR('',#12309,10.);
#3251=VECTOR('',#12312,10.);
#3252=VECTOR('',#12313,10.);
#3253=VECTOR('',#12314,10.);
#3254=VECTOR('',#12317,10.);
#3255=VECTOR('',#12318,10.);
#3256=VECTOR('',#12319,10.);
#3257=VECTOR('',#12322,10.);
#3258=VECTOR('',#12323,10.);
#3259=VECTOR('',#12324,10.);
#3260=VECTOR('',#12327,10.);
#3261=VECTOR('',#12328,10.);
#3262=VECTOR('',#12329,10.);
#3263=VECTOR('',#12332,10.);
#3264=VECTOR('',#12333,10.);
#3265=VECTOR('',#12336,10.);
#3266=VECTOR('',#12337,10.);
#3267=VECTOR('',#12338,10.);
#3268=VECTOR('',#12339,10.);
#3269=VECTOR('',#12342,10.);
#3270=VECTOR('',#12343,10.);
#3271=VECTOR('',#12344,10.);
#3272=VECTOR('',#12347,10.);
#3273=VECTOR('',#12348,10.);
#3274=VECTOR('',#12349,10.);
#3275=VECTOR('',#12352,10.);
#3276=VECTOR('',#12353,10.);
#3277=VECTOR('',#12354,10.);
#3278=VECTOR('',#12357,10.);
#3279=VECTOR('',#12358,10.);
#3280=VECTOR('',#12359,10.);
#3281=VECTOR('',#12362,10.);
#3282=VECTOR('',#12363,10.);
#3283=VECTOR('',#12366,10.);
#3284=VECTOR('',#12367,10.);
#3285=VECTOR('',#12368,10.);
#3286=VECTOR('',#12369,10.);
#3287=VECTOR('',#12372,10.);
#3288=VECTOR('',#12373,10.);
#3289=VECTOR('',#12374,10.);
#3290=VECTOR('',#12377,10.);
#3291=VECTOR('',#12378,10.);
#3292=VECTOR('',#12379,10.);
#3293=VECTOR('',#12386,10.);
#3294=VECTOR('',#12389,10.);
#3295=VECTOR('',#12390,10.);
#3296=VECTOR('',#12391,10.);
#3297=VECTOR('',#12394,10.);
#3298=VECTOR('',#12395,10.);
#3299=VECTOR('',#12396,10.);
#3300=VECTOR('',#12399,10.);
#3301=VECTOR('',#12400,10.);
#3302=VECTOR('',#12401,10.);
#3303=VECTOR('',#12404,10.);
#3304=VECTOR('',#12405,10.);
#3305=VECTOR('',#12406,10.);
#3306=VECTOR('',#12413,10.);
#3307=VECTOR('',#12416,10.);
#3308=VECTOR('',#12417,10.);
#3309=VECTOR('',#12418,10.);
#3310=VECTOR('',#12421,10.);
#3311=VECTOR('',#12422,10.);
#3312=VECTOR('',#12423,10.);
#3313=VECTOR('',#12426,10.);
#3314=VECTOR('',#12427,10.);
#3315=VECTOR('',#12428,10.);
#3316=VECTOR('',#12431,10.);
#3317=VECTOR('',#12432,10.);
#3318=VECTOR('',#12433,10.);
#3319=VECTOR('',#12436,10.);
#3320=VECTOR('',#12437,10.);
#3321=VECTOR('',#12438,10.);
#3322=VECTOR('',#12441,10.);
#3323=VECTOR('',#12442,10.);
#3324=VECTOR('',#12443,10.);
#3325=VECTOR('',#12446,10.);
#3326=VECTOR('',#12447,10.);
#3327=VECTOR('',#12448,10.);
#3328=VECTOR('',#12451,10.);
#3329=VECTOR('',#12452,10.);
#3330=VECTOR('',#12453,10.);
#3331=VECTOR('',#12456,10.);
#3332=VECTOR('',#12457,10.);
#3333=VECTOR('',#12458,10.);
#3334=VECTOR('',#12461,10.);
#3335=VECTOR('',#12462,10.);
#3336=VECTOR('',#12463,10.);
#3337=VECTOR('',#12466,10.);
#3338=VECTOR('',#12467,10.);
#3339=VECTOR('',#12468,10.);
#3340=VECTOR('',#12471,10.);
#3341=VECTOR('',#12472,10.);
#3342=VECTOR('',#12473,10.);
#3343=VECTOR('',#12476,10.);
#3344=VECTOR('',#12477,10.);
#3345=VECTOR('',#12478,10.);
#3346=VECTOR('',#12481,10.);
#3347=VECTOR('',#12482,10.);
#3348=VECTOR('',#12483,10.);
#3349=VECTOR('',#12486,10.);
#3350=VECTOR('',#12487,10.);
#3351=VECTOR('',#12488,10.);
#3352=VECTOR('',#12495,10.);
#3353=VECTOR('',#12498,10.);
#3354=VECTOR('',#12499,10.);
#3355=VECTOR('',#12500,10.);
#3356=VECTOR('',#12503,10.);
#3357=VECTOR('',#12504,10.);
#3358=VECTOR('',#12505,10.);
#3359=VECTOR('',#12512,10.);
#3360=VECTOR('',#12515,10.);
#3361=VECTOR('',#12516,10.);
#3362=VECTOR('',#12517,10.);
#3363=VECTOR('',#12520,10.);
#3364=VECTOR('',#12521,10.);
#3365=VECTOR('',#12522,10.);
#3366=VECTOR('',#12525,10.);
#3367=VECTOR('',#12526,10.);
#3368=VECTOR('',#12527,10.);
#3369=VECTOR('',#12530,10.);
#3370=VECTOR('',#12531,10.);
#3371=VECTOR('',#12532,10.);
#3372=VECTOR('',#12535,10.);
#3373=VECTOR('',#12536,10.);
#3374=VECTOR('',#12537,10.);
#3375=VECTOR('',#12540,10.);
#3376=VECTOR('',#12541,10.);
#3377=VECTOR('',#12542,10.);
#3378=VECTOR('',#12545,10.);
#3379=VECTOR('',#12546,10.);
#3380=VECTOR('',#12547,10.);
#3381=VECTOR('',#12550,10.);
#3382=VECTOR('',#12551,10.);
#3383=VECTOR('',#12552,10.);
#3384=VECTOR('',#12555,10.);
#3385=VECTOR('',#12556,10.);
#3386=VECTOR('',#12557,10.);
#3387=VECTOR('',#12560,10.);
#3388=VECTOR('',#12561,10.);
#3389=VECTOR('',#12562,10.);
#3390=VECTOR('',#12565,10.);
#3391=VECTOR('',#12566,10.);
#3392=VECTOR('',#12567,10.);
#3393=VECTOR('',#12570,10.);
#3394=VECTOR('',#12571,10.);
#3395=VECTOR('',#12572,10.);
#3396=VECTOR('',#12575,10.);
#3397=VECTOR('',#12576,10.);
#3398=VECTOR('',#12577,10.);
#3399=VECTOR('',#12580,10.);
#3400=VECTOR('',#12581,10.);
#3401=VECTOR('',#12582,10.);
#3402=VECTOR('',#12585,10.);
#3403=VECTOR('',#12586,10.);
#3404=VECTOR('',#12587,10.);
#3405=VECTOR('',#12590,10.);
#3406=VECTOR('',#12591,10.);
#3407=CIRCLE('',#9366,3.);
#3408=CIRCLE('',#9367,1.);
#3409=CIRCLE('',#9368,1.);
#3410=CIRCLE('',#9370,1.);
#3411=CIRCLE('',#9371,1.);
#3412=CIRCLE('',#9372,3.00000000000001);
#3413=CIRCLE('',#9374,1.);
#3414=CIRCLE('',#9375,3.00000000000001);
#3415=CIRCLE('',#9376,0.999999999999999);
#3416=CIRCLE('',#9390,1.);
#3417=CIRCLE('',#9392,11.);
#3418=CIRCLE('',#9394,1.);
#3419=CIRCLE('',#9396,2.99999999999681);
#3420=CIRCLE('',#9397,2.99999999999869);
#3421=CIRCLE('',#9398,1.00000000000001);
#3422=CIRCLE('',#9404,3.000000000001);
#3423=CIRCLE('',#9406,11.);
#3424=CIRCLE('',#9408,3.00000000000211);
#3425=CIRCLE('',#9409,3.00000000000211);
#3426=CIRCLE('',#9412,0.999999999999979);
#3427=CIRCLE('',#9413,0.999999999999979);
#3428=CIRCLE('',#9416,11.);
#3429=CIRCLE('',#9419,11.);
#3430=CIRCLE('',#9421,1.00000000000001);
#3431=CIRCLE('',#9424,2.99999999999869);
#3432=CIRCLE('',#9426,11.);
#3433=CIRCLE('',#9429,11.);
#3434=CIRCLE('',#9430,11.);
#3435=CIRCLE('',#9434,11.);
#3436=CIRCLE('',#9436,4.00000000000004);
#3437=CIRCLE('',#9437,5.00000000000012);
#3438=CIRCLE('',#9438,5.00000000000014);
#3439=CIRCLE('',#9439,3.00000000000013);
#3440=CIRCLE('',#9440,3.00000000000002);
#3441=CIRCLE('',#9441,3.);
#3442=CIRCLE('',#9442,3.);
#3443=CIRCLE('',#9443,3.);
#3444=CIRCLE('',#9444,3.);
#3445=CIRCLE('',#9445,3.);
#3446=CIRCLE('',#9446,3.);
#3447=CIRCLE('',#9447,3.00000000000002);
#3448=CIRCLE('',#9448,3.00000000000003);
#3449=CIRCLE('',#9449,2.99999999999996);
#3450=CIRCLE('',#9450,3.00000000000002);
#3451=CIRCLE('',#9451,1.);
#3452=CIRCLE('',#9452,3.);
#3453=CIRCLE('',#9453,3.00000000000004);
#3454=CIRCLE('',#9454,2.99999999999993);
#3455=CIRCLE('',#9455,0.5);
#3456=CIRCLE('',#9456,0.5);
#3457=CIRCLE('',#9457,0.5);
#3458=CIRCLE('',#9458,0.5);
#3459=CIRCLE('',#9461,1.40000000000001);
#3460=CIRCLE('',#9462,1.);
#3461=CIRCLE('',#9465,2.99999999999996);
#3462=CIRCLE('',#9466,3.39999999999997);
#3463=CIRCLE('',#9469,3.00000000000002);
#3464=CIRCLE('',#9470,3.40000000000002);
#3465=CIRCLE('',#9473,1.40000000000001);
#3466=CIRCLE('',#9474,1.);
#3467=CIRCLE('',#9480,11.);
#3468=CIRCLE('',#9482,1.59999999999999);
#3469=CIRCLE('',#9483,3.39999999999996);
#3470=CIRCLE('',#9484,5.60000000000014);
#3471=CIRCLE('',#9485,5.60000000000012);
#3472=CIRCLE('',#9486,3.4000000000001);
#3473=CIRCLE('',#9487,1.59999999999999);
#3474=CIRCLE('',#9488,1.6);
#3475=CIRCLE('',#9489,1.6);
#3476=CIRCLE('',#9490,2.40000000000007);
#3477=CIRCLE('',#9491,3.39999999999999);
#3478=CIRCLE('',#9492,3.4);
#3479=CIRCLE('',#9493,3.40000000000001);
#3480=CIRCLE('',#9494,2.40000000000007);
#3481=CIRCLE('',#9495,0.900000000000006);
#3482=CIRCLE('',#9496,0.900000000000009);
#3483=CIRCLE('',#9497,0.899999999999999);
#3484=CIRCLE('',#9498,0.899999999999994);
#3485=CIRCLE('',#9499,3.40000000000001);
#3486=CIRCLE('',#9500,3.39999999999999);
#3487=CIRCLE('',#9501,3.40000000000001);
#3488=CIRCLE('',#9502,3.4);
#3489=CIRCLE('',#9503,3.39999999999999);
#3490=CIRCLE('',#9504,3.39999999999992);
#3491=CIRCLE('',#9507,2.);
#3492=CIRCLE('',#9510,3.00000000000002);
#3493=CIRCLE('',#9513,3.);
#3494=CIRCLE('',#9516,3.);
#3495=CIRCLE('',#9519,2.);
#3496=CIRCLE('',#9524,11.);
#3497=CIRCLE('',#9527,3.);
#3498=CIRCLE('',#9528,3.);
#3499=CIRCLE('',#9530,3.00000000000004);
#3500=CIRCLE('',#9533,2.99999999999993);
#3501=CIRCLE('',#9536,2.99999999999999);
#3502=CIRCLE('',#9539,3.);
#3503=CIRCLE('',#9542,3.);
#3504=CIRCLE('',#9545,3.);
#3505=CIRCLE('',#9555,2.);
#3506=CIRCLE('',#9558,2.);
#3507=CIRCLE('',#9561,2.);
#3508=CIRCLE('',#9564,3.00000000000004);
#3509=CIRCLE('',#9567,6.00000000000012);
#3510=CIRCLE('',#9570,6.00000000000014);
#3511=CIRCLE('',#9573,3.00000000000001);
#3512=CIRCLE('',#9576,2.);
#3513=CIRCLE('',#9578,3.00000000000004);
#3514=CIRCLE('',#9580,12.);
#3515=CIRCLE('',#9584,2.35);
#3516=CIRCLE('',#9588,12.);
#3517=CIRCLE('',#9589,12.);
#3518=CIRCLE('',#9591,2.);
#3519=CIRCLE('',#9593,1.6);
#3520=CIRCLE('',#9594,1.6);
#3521=CIRCLE('',#9609,0.5);
#3522=CIRCLE('',#9612,0.5);
#3523=CIRCLE('',#9617,0.5);
#3524=CIRCLE('',#9620,0.5);
#3525=CIRCLE('',#9635,3.);
#3526=CIRCLE('',#9638,3.);
#3527=CIRCLE('',#9640,3.);
#3528=CIRCLE('',#9641,3.00000000000003);
#3529=CIRCLE('',#9642,3.00000000000002);
#3530=CIRCLE('',#9643,3.);
#3531=CIRCLE('',#9645,3.);
#3532=CIRCLE('',#9649,3.);
#3533=CIRCLE('',#9659,2.);
#3534=CIRCLE('',#9660,2.);
#3535=CIRCLE('',#9661,3.00000000000001);
#3536=CIRCLE('',#9662,3.);
#3537=CIRCLE('',#9663,3.00000000000001);
#3538=CIRCLE('',#9668,11.);
#3539=CIRCLE('',#9671,2.);
#3540=CIRCLE('',#9672,1.99999999999998);
#3541=CIRCLE('',#9673,3.00000000000001);
#3542=CIRCLE('',#9674,3.);
#3543=CIRCLE('',#9675,3.00000000000001);
#3544=CIRCLE('',#9680,11.);
#3545=CIRCLE('',#9683,3.);
#3546=CIRCLE('',#9684,3.00000000000002);
#3547=CIRCLE('',#9685,3.00000000000013);
#3548=CIRCLE('',#9686,2.99999999999996);
#3549=CIRCLE('',#9695,2.);
#3550=CIRCLE('',#9696,2.);
#3551=CIRCLE('',#9697,3.00000000000002);
#3552=CIRCLE('',#9698,3.);
#3553=CIRCLE('',#9699,3.00000000000002);
#3554=CIRCLE('',#9704,11.);
#3555=CIRCLE('',#9729,3.);
#3556=CIRCLE('',#9731,1.6);
#3557=CIRCLE('',#9733,3.);
#3558=CIRCLE('',#9735,1.6);
#3559=CIRCLE('',#9737,1.);
#3560=CIRCLE('',#9738,1.00000000000001);
#3561=CIRCLE('',#9740,0.999999999999921);
#3562=CIRCLE('',#9741,12.);
#3563=CIRCLE('',#9742,11.);
#3564=CIRCLE('',#9743,1.);
#3565=CIRCLE('',#9744,0.999999999999995);
#3566=CIRCLE('',#9748,0.99999999999584);
#3567=CIRCLE('',#9749,1.00000000000021);
#3568=CIRCLE('',#9750,6.00000000000014);
#3569=CIRCLE('',#9752,0.999999999999837);
#3570=CIRCLE('',#9754,0.999999999999927);
#3571=CIRCLE('',#9755,6.00000000000012);
#3572=CIRCLE('',#9757,1.00000000000001);
#3573=CIRCLE('',#9759,1.);
#3574=CIRCLE('',#9761,1.00000000000001);
#3575=CIRCLE('',#9763,0.999999999999983);
#3576=CIRCLE('',#9765,1.);
#3577=CIRCLE('',#9769,11.);
#3578=CIRCLE('',#9771,11.);
#3579=CIRCLE('',#9773,11.);
#3580=CIRCLE('',#9775,11.);
#3581=CIRCLE('',#9776,11.);
#3582=CIRCLE('',#9780,1.);
#3583=CIRCLE('',#9781,2.);
#3584=CIRCLE('',#9782,2.);
#3585=CIRCLE('',#9785,2.);
#3586=CIRCLE('',#9792,1.);
#3587=CIRCLE('',#9816,0.999999999999996);
#3588=CIRCLE('',#9818,1.);
#3589=CIRCLE('',#9820,1.00000000000001);
#3590=CIRCLE('',#9822,1.00000000000001);
#3591=CIRCLE('',#9851,2.35);
#3592=CIRCLE('',#9907,3.40000000000001);
#3593=CIRCLE('',#9908,3.40000000000001);
#3594=CIRCLE('',#9923,3.39999999999999);
#3595=CIRCLE('',#9924,3.39999999999999);
#3596=CIRCLE('',#9969,1.40000000000001);
#3597=CIRCLE('',#9970,1.40000000000001);
#3598=CIRCLE('',#9974,1.40000000000001);
#3599=CIRCLE('',#9975,1.40000000000001);
#3600=CIRCLE('',#9996,1.4);
#3601=CIRCLE('',#9997,1.4);
#3602=CIRCLE('',#10035,3.39999999999999);
#3603=CIRCLE('',#10036,3.39999999999999);
#3604=CIRCLE('',#10042,2.40000000000007);
#3605=CIRCLE('',#10043,2.40000000000007);
#3606=CIRCLE('',#10060,2.399999999993);
#3607=CIRCLE('',#10061,2.399999999993);
#3608=CIRCLE('',#10065,2.399999999993);
#3609=CIRCLE('',#10066,2.399999999993);
#3610=VERTEX_POINT('',#12603);
#3611=VERTEX_POINT('',#12604);
#3612=VERTEX_POINT('',#12606);
#3613=VERTEX_POINT('',#12608);
#3614=VERTEX_POINT('',#12610);
#3615=VERTEX_POINT('',#12612);
#3616=VERTEX_POINT('',#12616);
#3617=VERTEX_POINT('',#12617);
#3618=VERTEX_POINT('',#12619);
#3619=VERTEX_POINT('',#12621);
#3620=VERTEX_POINT('',#12623);
#3621=VERTEX_POINT('',#12625);
#3622=VERTEX_POINT('',#12629);
#3623=VERTEX_POINT('',#12630);
#3624=VERTEX_POINT('',#12632);
#3625=VERTEX_POINT('',#12634);
#3626=VERTEX_POINT('',#12636);
#3627=VERTEX_POINT('',#12638);
#3628=VERTEX_POINT('',#12642);
#3629=VERTEX_POINT('',#12644);
#3630=VERTEX_POINT('',#12659);
#3631=VERTEX_POINT('',#12663);
#3632=VERTEX_POINT('',#12665);
#3633=VERTEX_POINT('',#12678);
#3634=VERTEX_POINT('',#12682);
#3635=VERTEX_POINT('',#12697);
#3636=VERTEX_POINT('',#12699);
#3637=VERTEX_POINT('',#12712);
#3638=VERTEX_POINT('',#12716);
#3639=VERTEX_POINT('',#12731);
#3640=VERTEX_POINT('',#12733);
#3641=VERTEX_POINT('',#12735);
#3642=VERTEX_POINT('',#12737);
#3643=VERTEX_POINT('',#12740);
#3644=VERTEX_POINT('',#12743);
#3645=VERTEX_POINT('',#12745);
#3646=VERTEX_POINT('',#12749);
#3647=VERTEX_POINT('',#12750);
#3648=VERTEX_POINT('',#12752);
#3649=VERTEX_POINT('',#12754);
#3650=VERTEX_POINT('',#12771);
#3651=VERTEX_POINT('',#12773);
#3652=VERTEX_POINT('',#12775);
#3653=VERTEX_POINT('',#12779);
#3654=VERTEX_POINT('',#12780);
#3655=VERTEX_POINT('',#12782);
#3656=VERTEX_POINT('',#12784);
#3657=VERTEX_POINT('',#12801);
#3658=VERTEX_POINT('',#12803);
#3659=VERTEX_POINT('',#12805);
#3660=VERTEX_POINT('',#12807);
#3661=VERTEX_POINT('',#12809);
#3662=VERTEX_POINT('',#12811);
#3663=VERTEX_POINT('',#12815);
#3664=VERTEX_POINT('',#12819);
#3665=VERTEX_POINT('',#12821);
#3666=VERTEX_POINT('',#12825);
#3667=VERTEX_POINT('',#12834);
#3668=VERTEX_POINT('',#12838);
#3669=VERTEX_POINT('',#12840);
#3670=VERTEX_POINT('',#12842);
#3671=VERTEX_POINT('',#12846);
#3672=VERTEX_POINT('',#12848);
#3673=VERTEX_POINT('',#12852);
#3674=VERTEX_POINT('',#12854);
#3675=VERTEX_POINT('',#12862);
#3676=VERTEX_POINT('',#12863);
#3677=VERTEX_POINT('',#12866);
#3678=VERTEX_POINT('',#12879);
#3679=VERTEX_POINT('',#12881);
#3680=VERTEX_POINT('',#12885);
#3681=VERTEX_POINT('',#12889);
#3682=VERTEX_POINT('',#12895);
#3683=VERTEX_POINT('',#12897);
#3684=VERTEX_POINT('',#12899);
#3685=VERTEX_POINT('',#12908);
#3686=VERTEX_POINT('',#12910);
#3687=VERTEX_POINT('',#12925);
#3688=VERTEX_POINT('',#12927);
#3689=VERTEX_POINT('',#12936);
#3690=VERTEX_POINT('',#12938);
#3691=VERTEX_POINT('',#12941);
#3692=VERTEX_POINT('',#12953);
#3693=VERTEX_POINT('',#12967);
#3694=VERTEX_POINT('',#12981);
#3695=VERTEX_POINT('',#12995);
#3696=VERTEX_POINT('',#13000);
#3697=VERTEX_POINT('',#13002);
#3698=VERTEX_POINT('',#13004);
#3699=VERTEX_POINT('',#13006);
#3700=VERTEX_POINT('',#13008);
#3701=VERTEX_POINT('',#13010);
#3702=VERTEX_POINT('',#13012);
#3703=VERTEX_POINT('',#13014);
#3704=VERTEX_POINT('',#13016);
#3705=VERTEX_POINT('',#13018);
#3706=VERTEX_POINT('',#13020);
#3707=VERTEX_POINT('',#13022);
#3708=VERTEX_POINT('',#13024);
#3709=VERTEX_POINT('',#13026);
#3710=VERTEX_POINT('',#13028);
#3711=VERTEX_POINT('',#13030);
#3712=VERTEX_POINT('',#13032);
#3713=VERTEX_POINT('',#13034);
#3714=VERTEX_POINT('',#13036);
#3715=VERTEX_POINT('',#13038);
#3716=VERTEX_POINT('',#13040);
#3717=VERTEX_POINT('',#13042);
#3718=VERTEX_POINT('',#13044);
#3719=VERTEX_POINT('',#13046);
#3720=VERTEX_POINT('',#13048);
#3721=VERTEX_POINT('',#13050);
#3722=VERTEX_POINT('',#13052);
#3723=VERTEX_POINT('',#13054);
#3724=VERTEX_POINT('',#13056);
#3725=VERTEX_POINT('',#13058);
#3726=VERTEX_POINT('',#13060);
#3727=VERTEX_POINT('',#13062);
#3728=VERTEX_POINT('',#13064);
#3729=VERTEX_POINT('',#13066);
#3730=VERTEX_POINT('',#13068);
#3731=VERTEX_POINT('',#13070);
#3732=VERTEX_POINT('',#13072);
#3733=VERTEX_POINT('',#13074);
#3734=VERTEX_POINT('',#13076);
#3735=VERTEX_POINT('',#13078);
#3736=VERTEX_POINT('',#13081);
#3737=VERTEX_POINT('',#13083);
#3738=VERTEX_POINT('',#13085);
#3739=VERTEX_POINT('',#13087);
#3740=VERTEX_POINT('',#13089);
#3741=VERTEX_POINT('',#13091);
#3742=VERTEX_POINT('',#13094);
#3743=VERTEX_POINT('',#13095);
#3744=VERTEX_POINT('',#13097);
#3745=VERTEX_POINT('',#13099);
#3746=VERTEX_POINT('',#13101);
#3747=VERTEX_POINT('',#13103);
#3748=VERTEX_POINT('',#13105);
#3749=VERTEX_POINT('',#13107);
#3750=VERTEX_POINT('',#13111);
#3751=VERTEX_POINT('',#13112);
#3752=VERTEX_POINT('',#13114);
#3753=VERTEX_POINT('',#13116);
#3754=VERTEX_POINT('',#13120);
#3755=VERTEX_POINT('',#13122);
#3756=VERTEX_POINT('',#13126);
#3757=VERTEX_POINT('',#13127);
#3758=VERTEX_POINT('',#13132);
#3759=VERTEX_POINT('',#13133);
#3760=VERTEX_POINT('',#13138);
#3761=VERTEX_POINT('',#13140);
#3762=VERTEX_POINT('',#13144);
#3763=VERTEX_POINT('',#13145);
#3764=VERTEX_POINT('',#13150);
#3765=VERTEX_POINT('',#13151);
#3766=VERTEX_POINT('',#13162);
#3767=VERTEX_POINT('',#13166);
#3768=VERTEX_POINT('',#13186);
#3769=VERTEX_POINT('',#13187);
#3770=VERTEX_POINT('',#13189);
#3771=VERTEX_POINT('',#13191);
#3772=VERTEX_POINT('',#13193);
#3773=VERTEX_POINT('',#13195);
#3774=VERTEX_POINT('',#13197);
#3775=VERTEX_POINT('',#13199);
#3776=VERTEX_POINT('',#13201);
#3777=VERTEX_POINT('',#13203);
#3778=VERTEX_POINT('',#13205);
#3779=VERTEX_POINT('',#13207);
#3780=VERTEX_POINT('',#13209);
#3781=VERTEX_POINT('',#13211);
#3782=VERTEX_POINT('',#13213);
#3783=VERTEX_POINT('',#13215);
#3784=VERTEX_POINT('',#13218);
#3785=VERTEX_POINT('',#13219);
#3786=VERTEX_POINT('',#13221);
#3787=VERTEX_POINT('',#13223);
#3788=VERTEX_POINT('',#13225);
#3789=VERTEX_POINT('',#13227);
#3790=VERTEX_POINT('',#13229);
#3791=VERTEX_POINT('',#13231);
#3792=VERTEX_POINT('',#13233);
#3793=VERTEX_POINT('',#13235);
#3794=VERTEX_POINT('',#13238);
#3795=VERTEX_POINT('',#13239);
#3796=VERTEX_POINT('',#13241);
#3797=VERTEX_POINT('',#13243);
#3798=VERTEX_POINT('',#13245);
#3799=VERTEX_POINT('',#13247);
#3800=VERTEX_POINT('',#13249);
#3801=VERTEX_POINT('',#13251);
#3802=VERTEX_POINT('',#13253);
#3803=VERTEX_POINT('',#13255);
#3804=VERTEX_POINT('',#13257);
#3805=VERTEX_POINT('',#13259);
#3806=VERTEX_POINT('',#13261);
#3807=VERTEX_POINT('',#13263);
#3808=VERTEX_POINT('',#13265);
#3809=VERTEX_POINT('',#13267);
#3810=VERTEX_POINT('',#13269);
#3811=VERTEX_POINT('',#13271);
#3812=VERTEX_POINT('',#13273);
#3813=VERTEX_POINT('',#13275);
#3814=VERTEX_POINT('',#13277);
#3815=VERTEX_POINT('',#13279);
#3816=VERTEX_POINT('',#13281);
#3817=VERTEX_POINT('',#13283);
#3818=VERTEX_POINT('',#13286);
#3819=VERTEX_POINT('',#13287);
#3820=VERTEX_POINT('',#13289);
#3821=VERTEX_POINT('',#13291);
#3822=VERTEX_POINT('',#13293);
#3823=VERTEX_POINT('',#13295);
#3824=VERTEX_POINT('',#13297);
#3825=VERTEX_POINT('',#13299);
#3826=VERTEX_POINT('',#13301);
#3827=VERTEX_POINT('',#13303);
#3828=VERTEX_POINT('',#13305);
#3829=VERTEX_POINT('',#13307);
#3830=VERTEX_POINT('',#13311);
#3831=VERTEX_POINT('',#13313);
#3832=VERTEX_POINT('',#13317);
#3833=VERTEX_POINT('',#13321);
#3834=VERTEX_POINT('',#13325);
#3835=VERTEX_POINT('',#13329);
#3836=VERTEX_POINT('',#13333);
#3837=VERTEX_POINT('',#13337);
#3838=VERTEX_POINT('',#13341);
#3839=VERTEX_POINT('',#13345);
#3840=VERTEX_POINT('',#13351);
#3841=VERTEX_POINT('',#13353);
#3842=VERTEX_POINT('',#13357);
#3843=VERTEX_POINT('',#13370);
#3844=VERTEX_POINT('',#13374);
#3845=VERTEX_POINT('',#13387);
#3846=VERTEX_POINT('',#13389);
#3847=VERTEX_POINT('',#13391);
#3848=VERTEX_POINT('',#13393);
#3849=VERTEX_POINT('',#13395);
#3850=VERTEX_POINT('',#13397);
#3851=VERTEX_POINT('',#13399);
#3852=VERTEX_POINT('',#13401);
#3853=VERTEX_POINT('',#13403);
#3854=VERTEX_POINT('',#13405);
#3855=VERTEX_POINT('',#13407);
#3856=VERTEX_POINT('',#13409);
#3857=VERTEX_POINT('',#13411);
#3858=VERTEX_POINT('',#13413);
#3859=VERTEX_POINT('',#13415);
#3860=VERTEX_POINT('',#13417);
#3861=VERTEX_POINT('',#13419);
#3862=VERTEX_POINT('',#13422);
#3863=VERTEX_POINT('',#13424);
#3864=VERTEX_POINT('',#13427);
#3865=VERTEX_POINT('',#13429);
#3866=VERTEX_POINT('',#13433);
#3867=VERTEX_POINT('',#13437);
#3868=VERTEX_POINT('',#13441);
#3869=VERTEX_POINT('',#13445);
#3870=VERTEX_POINT('',#13449);
#3871=VERTEX_POINT('',#13453);
#3872=VERTEX_POINT('',#13457);
#3873=VERTEX_POINT('',#13461);
#3874=VERTEX_POINT('',#13465);
#3875=VERTEX_POINT('',#13469);
#3876=VERTEX_POINT('',#13488);
#3877=VERTEX_POINT('',#13490);
#3878=VERTEX_POINT('',#13494);
#3879=VERTEX_POINT('',#13498);
#3880=VERTEX_POINT('',#13502);
#3881=VERTEX_POINT('',#13506);
#3882=VERTEX_POINT('',#13510);
#3883=VERTEX_POINT('',#13514);
#3884=VERTEX_POINT('',#13518);
#3885=VERTEX_POINT('',#13522);
#3886=VERTEX_POINT('',#13526);
#3887=VERTEX_POINT('',#13530);
#3888=VERTEX_POINT('',#13534);
#3889=VERTEX_POINT('',#13538);
#3890=VERTEX_POINT('',#13542);
#3891=VERTEX_POINT('',#13546);
#3892=VERTEX_POINT('',#13552);
#3893=VERTEX_POINT('',#13554);
#3894=VERTEX_POINT('',#13558);
#3895=VERTEX_POINT('',#13560);
#3896=VERTEX_POINT('',#13562);
#3897=VERTEX_POINT('',#13564);
#3898=VERTEX_POINT('',#13566);
#3899=VERTEX_POINT('',#13568);
#3900=VERTEX_POINT('',#13572);
#3901=VERTEX_POINT('',#13576);
#3902=VERTEX_POINT('',#13579);
#3903=VERTEX_POINT('',#13582);
#3904=VERTEX_POINT('',#13586);
#3905=VERTEX_POINT('',#13588);
#3906=VERTEX_POINT('',#13590);
#3907=VERTEX_POINT('',#13592);
#3908=VERTEX_POINT('',#13594);
#3909=VERTEX_POINT('',#13596);
#3910=VERTEX_POINT('',#13598);
#3911=VERTEX_POINT('',#13600);
#3912=VERTEX_POINT('',#13602);
#3913=VERTEX_POINT('',#13606);
#3914=VERTEX_POINT('',#13610);
#3915=VERTEX_POINT('',#13613);
#3916=VERTEX_POINT('',#13615);
#3917=VERTEX_POINT('',#13617);
#3918=VERTEX_POINT('',#13618);
#3919=VERTEX_POINT('',#13620);
#3920=VERTEX_POINT('',#13622);
#3921=VERTEX_POINT('',#13626);
#3922=VERTEX_POINT('',#13627);
#3923=VERTEX_POINT('',#13632);
#3924=VERTEX_POINT('',#13633);
#3925=VERTEX_POINT('',#13638);
#3926=VERTEX_POINT('',#13642);
#3927=VERTEX_POINT('',#13644);
#3928=VERTEX_POINT('',#13648);
#3929=VERTEX_POINT('',#13652);
#3930=VERTEX_POINT('',#13656);
#3931=VERTEX_POINT('',#13660);
#3932=VERTEX_POINT('',#13664);
#3933=VERTEX_POINT('',#13668);
#3934=VERTEX_POINT('',#13672);
#3935=VERTEX_POINT('',#13674);
#3936=VERTEX_POINT('',#13678);
#3937=VERTEX_POINT('',#13682);
#3938=VERTEX_POINT('',#13686);
#3939=VERTEX_POINT('',#13690);
#3940=VERTEX_POINT('',#13694);
#3941=VERTEX_POINT('',#13704);
#3942=VERTEX_POINT('',#13708);
#3943=VERTEX_POINT('',#13712);
#3944=VERTEX_POINT('',#13716);
#3945=VERTEX_POINT('',#13722);
#3946=VERTEX_POINT('',#13724);
#3947=VERTEX_POINT('',#13735);
#3948=VERTEX_POINT('',#13738);
#3949=VERTEX_POINT('',#13740);
#3950=VERTEX_POINT('',#13745);
#3951=VERTEX_POINT('',#13747);
#3952=VERTEX_POINT('',#13751);
#3953=VERTEX_POINT('',#13755);
#3954=VERTEX_POINT('',#13760);
#3955=VERTEX_POINT('',#13762);
#3956=VERTEX_POINT('',#13767);
#3957=VERTEX_POINT('',#13771);
#3958=VERTEX_POINT('',#13775);
#3959=VERTEX_POINT('',#13776);
#3960=VERTEX_POINT('',#13781);
#3961=VERTEX_POINT('',#13785);
#3962=VERTEX_POINT('',#13789);
#3963=VERTEX_POINT('',#13791);
#3964=VERTEX_POINT('',#13793);
#3965=VERTEX_POINT('',#13795);
#3966=VERTEX_POINT('',#13797);
#3967=VERTEX_POINT('',#13799);
#3968=VERTEX_POINT('',#13801);
#3969=VERTEX_POINT('',#13803);
#3970=VERTEX_POINT('',#13807);
#3971=VERTEX_POINT('',#13808);
#3972=VERTEX_POINT('',#13813);
#3973=VERTEX_POINT('',#13815);
#3974=VERTEX_POINT('',#13819);
#3975=VERTEX_POINT('',#13820);
#3976=VERTEX_POINT('',#13827);
#3977=VERTEX_POINT('',#13833);
#3978=VERTEX_POINT('',#13842);
#3979=VERTEX_POINT('',#13844);
#3980=VERTEX_POINT('',#13846);
#3981=VERTEX_POINT('',#13848);
#3982=VERTEX_POINT('',#13850);
#3983=VERTEX_POINT('',#13852);
#3984=VERTEX_POINT('',#13854);
#3985=VERTEX_POINT('',#13856);
#3986=VERTEX_POINT('',#13860);
#3987=VERTEX_POINT('',#13862);
#3988=VERTEX_POINT('',#13866);
#3989=VERTEX_POINT('',#13879);
#3990=VERTEX_POINT('',#13894);
#3991=VERTEX_POINT('',#13896);
#3992=VERTEX_POINT('',#13898);
#3993=VERTEX_POINT('',#13900);
#3994=VERTEX_POINT('',#13902);
#3995=VERTEX_POINT('',#13904);
#3996=VERTEX_POINT('',#13906);
#3997=VERTEX_POINT('',#13908);
#3998=VERTEX_POINT('',#13912);
#3999=VERTEX_POINT('',#13914);
#4000=VERTEX_POINT('',#13918);
#4001=VERTEX_POINT('',#13931);
#4002=VERTEX_POINT('',#13946);
#4003=VERTEX_POINT('',#13948);
#4004=VERTEX_POINT('',#13950);
#4005=VERTEX_POINT('',#13952);
#4006=VERTEX_POINT('',#13954);
#4007=VERTEX_POINT('',#13956);
#4008=VERTEX_POINT('',#13974);
#4009=VERTEX_POINT('',#13976);
#4010=VERTEX_POINT('',#13978);
#4011=VERTEX_POINT('',#13980);
#4012=VERTEX_POINT('',#13982);
#4013=VERTEX_POINT('',#13984);
#4014=VERTEX_POINT('',#13986);
#4015=VERTEX_POINT('',#13988);
#4016=VERTEX_POINT('',#13992);
#4017=VERTEX_POINT('',#13994);
#4018=VERTEX_POINT('',#13998);
#4019=VERTEX_POINT('',#14011);
#4020=VERTEX_POINT('',#14025);
#4021=VERTEX_POINT('',#14033);
#4022=VERTEX_POINT('',#14037);
#4023=VERTEX_POINT('',#14044);
#4024=VERTEX_POINT('',#14058);
#4025=VERTEX_POINT('',#14072);
#4026=VERTEX_POINT('',#14086);
#4027=VERTEX_POINT('',#14088);
#4028=VERTEX_POINT('',#14092);
#4029=VERTEX_POINT('',#14094);
#4030=VERTEX_POINT('',#14103);
#4031=VERTEX_POINT('',#14107);
#4032=VERTEX_POINT('',#14110);
#4033=VERTEX_POINT('',#14114);
#4034=VERTEX_POINT('',#14117);
#4035=VERTEX_POINT('',#14119);
#4036=VERTEX_POINT('',#14123);
#4037=VERTEX_POINT('',#14124);
#4038=VERTEX_POINT('',#14158);
#4039=VERTEX_POINT('',#14164);
#4040=VERTEX_POINT('',#14195);
#4041=VERTEX_POINT('',#14200);
#4042=VERTEX_POINT('',#14202);
#4043=VERTEX_POINT('',#14206);
#4044=VERTEX_POINT('',#14210);
#4045=VERTEX_POINT('',#14227);
#4046=VERTEX_POINT('',#14229);
#4047=VERTEX_POINT('',#14240);
#4048=VERTEX_POINT('',#14248);
#4049=VERTEX_POINT('',#14250);
#4050=VERTEX_POINT('',#14261);
#4051=VERTEX_POINT('',#14269);
#4052=VERTEX_POINT('',#14271);
#4053=VERTEX_POINT('',#14282);
#4054=VERTEX_POINT('',#14294);
#4055=VERTEX_POINT('',#14306);
#4056=VERTEX_POINT('',#14308);
#4057=VERTEX_POINT('',#14317);
#4058=VERTEX_POINT('',#14330);
#4059=VERTEX_POINT('',#14387);
#4060=VERTEX_POINT('',#14401);
#4061=VERTEX_POINT('',#14403);
#4062=VERTEX_POINT('',#14409);
#4063=VERTEX_POINT('',#14428);
#4064=VERTEX_POINT('',#14432);
#4065=VERTEX_POINT('',#14519);
#4066=VERTEX_POINT('',#14528);
#4067=VERTEX_POINT('',#14529);
#4068=VERTEX_POINT('',#14531);
#4069=VERTEX_POINT('',#14533);
#4070=VERTEX_POINT('',#14537);
#4071=VERTEX_POINT('',#14539);
#4072=VERTEX_POINT('',#14543);
#4073=VERTEX_POINT('',#14545);
#4074=VERTEX_POINT('',#14549);
#4075=VERTEX_POINT('',#14551);
#4076=VERTEX_POINT('',#14555);
#4077=VERTEX_POINT('',#14557);
#4078=VERTEX_POINT('',#14564);
#4079=VERTEX_POINT('',#14565);
#4080=VERTEX_POINT('',#14567);
#4081=VERTEX_POINT('',#14569);
#4082=VERTEX_POINT('',#14573);
#4083=VERTEX_POINT('',#14575);
#4084=VERTEX_POINT('',#14579);
#4085=VERTEX_POINT('',#14581);
#4086=VERTEX_POINT('',#14585);
#4087=VERTEX_POINT('',#14587);
#4088=VERTEX_POINT('',#14591);
#4089=VERTEX_POINT('',#14593);
#4090=VERTEX_POINT('',#14600);
#4091=VERTEX_POINT('',#14601);
#4092=VERTEX_POINT('',#14603);
#4093=VERTEX_POINT('',#14605);
#4094=VERTEX_POINT('',#14609);
#4095=VERTEX_POINT('',#14611);
#4096=VERTEX_POINT('',#14615);
#4097=VERTEX_POINT('',#14617);
#4098=VERTEX_POINT('',#14621);
#4099=VERTEX_POINT('',#14623);
#4100=VERTEX_POINT('',#14627);
#4101=VERTEX_POINT('',#14629);
#4102=VERTEX_POINT('',#14636);
#4103=VERTEX_POINT('',#14637);
#4104=VERTEX_POINT('',#14639);
#4105=VERTEX_POINT('',#14641);
#4106=VERTEX_POINT('',#14645);
#4107=VERTEX_POINT('',#14647);
#4108=VERTEX_POINT('',#14651);
#4109=VERTEX_POINT('',#14653);
#4110=VERTEX_POINT('',#14657);
#4111=VERTEX_POINT('',#14659);
#4112=VERTEX_POINT('',#14663);
#4113=VERTEX_POINT('',#14665);
#4114=VERTEX_POINT('',#14672);
#4115=VERTEX_POINT('',#14673);
#4116=VERTEX_POINT('',#14675);
#4117=VERTEX_POINT('',#14677);
#4118=VERTEX_POINT('',#14681);
#4119=VERTEX_POINT('',#14683);
#4120=VERTEX_POINT('',#14687);
#4121=VERTEX_POINT('',#14689);
#4122=VERTEX_POINT('',#14693);
#4123=VERTEX_POINT('',#14695);
#4124=VERTEX_POINT('',#14699);
#4125=VERTEX_POINT('',#14701);
#4126=VERTEX_POINT('',#14708);
#4127=VERTEX_POINT('',#14709);
#4128=VERTEX_POINT('',#14711);
#4129=VERTEX_POINT('',#14713);
#4130=VERTEX_POINT('',#14717);
#4131=VERTEX_POINT('',#14719);
#4132=VERTEX_POINT('',#14723);
#4133=VERTEX_POINT('',#14725);
#4134=VERTEX_POINT('',#14729);
#4135=VERTEX_POINT('',#14731);
#4136=VERTEX_POINT('',#14735);
#4137=VERTEX_POINT('',#14737);
#4138=VERTEX_POINT('',#14744);
#4139=VERTEX_POINT('',#14745);
#4140=VERTEX_POINT('',#14747);
#4141=VERTEX_POINT('',#14749);
#4142=VERTEX_POINT('',#14753);
#4143=VERTEX_POINT('',#14755);
#4144=VERTEX_POINT('',#14759);
#4145=VERTEX_POINT('',#14761);
#4146=VERTEX_POINT('',#14765);
#4147=VERTEX_POINT('',#14767);
#4148=VERTEX_POINT('',#14771);
#4149=VERTEX_POINT('',#14773);
#4150=VERTEX_POINT('',#14780);
#4151=VERTEX_POINT('',#14781);
#4152=VERTEX_POINT('',#14783);
#4153=VERTEX_POINT('',#14785);
#4154=VERTEX_POINT('',#14789);
#4155=VERTEX_POINT('',#14791);
#4156=VERTEX_POINT('',#14795);
#4157=VERTEX_POINT('',#14797);
#4158=VERTEX_POINT('',#14801);
#4159=VERTEX_POINT('',#14803);
#4160=VERTEX_POINT('',#14807);
#4161=VERTEX_POINT('',#14809);
#4162=VERTEX_POINT('',#14813);
#4163=VERTEX_POINT('',#14815);
#4164=VERTEX_POINT('',#14819);
#4165=VERTEX_POINT('',#14821);
#4166=VERTEX_POINT('',#14825);
#4167=VERTEX_POINT('',#14827);
#4168=VERTEX_POINT('',#14831);
#4169=VERTEX_POINT('',#14833);
#4170=VERTEX_POINT('',#14837);
#4171=VERTEX_POINT('',#14839);
#4172=VERTEX_POINT('',#14843);
#4173=VERTEX_POINT('',#14845);
#4174=VERTEX_POINT('',#14849);
#4175=VERTEX_POINT('',#14851);
#4176=VERTEX_POINT('',#14855);
#4177=VERTEX_POINT('',#14857);
#4178=VERTEX_POINT('',#14861);
#4179=VERTEX_POINT('',#14863);
#4180=VERTEX_POINT('',#14867);
#4181=VERTEX_POINT('',#14869);
#4182=VERTEX_POINT('',#14873);
#4183=VERTEX_POINT('',#14875);
#4184=VERTEX_POINT('',#14879);
#4185=VERTEX_POINT('',#14881);
#4186=VERTEX_POINT('',#14885);
#4187=VERTEX_POINT('',#14887);
#4188=VERTEX_POINT('',#14891);
#4189=VERTEX_POINT('',#14893);
#4190=VERTEX_POINT('',#14897);
#4191=VERTEX_POINT('',#14899);
#4192=VERTEX_POINT('',#14903);
#4193=VERTEX_POINT('',#14905);
#4194=VERTEX_POINT('',#14909);
#4195=VERTEX_POINT('',#14911);
#4196=VERTEX_POINT('',#14915);
#4197=VERTEX_POINT('',#14917);
#4198=VERTEX_POINT('',#14921);
#4199=VERTEX_POINT('',#14923);
#4200=VERTEX_POINT('',#14927);
#4201=VERTEX_POINT('',#14929);
#4202=VERTEX_POINT('',#14933);
#4203=VERTEX_POINT('',#14935);
#4204=VERTEX_POINT('',#14939);
#4205=VERTEX_POINT('',#14941);
#4206=VERTEX_POINT('',#14945);
#4207=VERTEX_POINT('',#14947);
#4208=VERTEX_POINT('',#14951);
#4209=VERTEX_POINT('',#14953);
#4210=VERTEX_POINT('',#14957);
#4211=VERTEX_POINT('',#14959);
#4212=VERTEX_POINT('',#14963);
#4213=VERTEX_POINT('',#14965);
#4214=VERTEX_POINT('',#14969);
#4215=VERTEX_POINT('',#14971);
#4216=VERTEX_POINT('',#14975);
#4217=VERTEX_POINT('',#14977);
#4218=VERTEX_POINT('',#14981);
#4219=VERTEX_POINT('',#14983);
#4220=VERTEX_POINT('',#14987);
#4221=VERTEX_POINT('',#14989);
#4222=VERTEX_POINT('',#14993);
#4223=VERTEX_POINT('',#14995);
#4224=VERTEX_POINT('',#14999);
#4225=VERTEX_POINT('',#15001);
#4226=VERTEX_POINT('',#15005);
#4227=VERTEX_POINT('',#15007);
#4228=VERTEX_POINT('',#15011);
#4229=VERTEX_POINT('',#15013);
#4230=VERTEX_POINT('',#15017);
#4231=VERTEX_POINT('',#15019);
#4232=VERTEX_POINT('',#15023);
#4233=VERTEX_POINT('',#15025);
#4234=VERTEX_POINT('',#15029);
#4235=VERTEX_POINT('',#15031);
#4236=VERTEX_POINT('',#15035);
#4237=VERTEX_POINT('',#15037);
#4238=VERTEX_POINT('',#15041);
#4239=VERTEX_POINT('',#15043);
#4240=VERTEX_POINT('',#15047);
#4241=VERTEX_POINT('',#15049);
#4242=VERTEX_POINT('',#15053);
#4243=VERTEX_POINT('',#15055);
#4244=VERTEX_POINT('',#15059);
#4245=VERTEX_POINT('',#15061);
#4246=VERTEX_POINT('',#15065);
#4247=VERTEX_POINT('',#15067);
#4248=VERTEX_POINT('',#15071);
#4249=VERTEX_POINT('',#15073);
#4250=VERTEX_POINT('',#15077);
#4251=VERTEX_POINT('',#15079);
#4252=VERTEX_POINT('',#15083);
#4253=VERTEX_POINT('',#15085);
#4254=VERTEX_POINT('',#15089);
#4255=VERTEX_POINT('',#15091);
#4256=VERTEX_POINT('',#15095);
#4257=VERTEX_POINT('',#15097);
#4258=VERTEX_POINT('',#15101);
#4259=VERTEX_POINT('',#15103);
#4260=VERTEX_POINT('',#15107);
#4261=VERTEX_POINT('',#15109);
#4262=VERTEX_POINT('',#15118);
#4263=VERTEX_POINT('',#15119);
#4264=VERTEX_POINT('',#15121);
#4265=VERTEX_POINT('',#15123);
#4266=VERTEX_POINT('',#15127);
#4267=VERTEX_POINT('',#15129);
#4268=VERTEX_POINT('',#15133);
#4269=VERTEX_POINT('',#15135);
#4270=VERTEX_POINT('',#15139);
#4271=VERTEX_POINT('',#15141);
#4272=VERTEX_POINT('',#15145);
#4273=VERTEX_POINT('',#15147);
#4274=VERTEX_POINT('',#15154);
#4275=VERTEX_POINT('',#15155);
#4276=VERTEX_POINT('',#15157);
#4277=VERTEX_POINT('',#15159);
#4278=VERTEX_POINT('',#15163);
#4279=VERTEX_POINT('',#15165);
#4280=VERTEX_POINT('',#15169);
#4281=VERTEX_POINT('',#15171);
#4282=VERTEX_POINT('',#15175);
#4283=VERTEX_POINT('',#15177);
#4284=VERTEX_POINT('',#15181);
#4285=VERTEX_POINT('',#15183);
#4286=VERTEX_POINT('',#15187);
#4287=VERTEX_POINT('',#15189);
#4288=VERTEX_POINT('',#15193);
#4289=VERTEX_POINT('',#15195);
#4290=VERTEX_POINT('',#15199);
#4291=VERTEX_POINT('',#15201);
#4292=VERTEX_POINT('',#15205);
#4293=VERTEX_POINT('',#15207);
#4294=VERTEX_POINT('',#15211);
#4295=VERTEX_POINT('',#15213);
#4296=VERTEX_POINT('',#15217);
#4297=VERTEX_POINT('',#15219);
#4298=VERTEX_POINT('',#15223);
#4299=VERTEX_POINT('',#15225);
#4300=VERTEX_POINT('',#15229);
#4301=VERTEX_POINT('',#15231);
#4302=VERTEX_POINT('',#15235);
#4303=VERTEX_POINT('',#15237);
#4304=VERTEX_POINT('',#15241);
#4305=VERTEX_POINT('',#15243);
#4306=VERTEX_POINT('',#15247);
#4307=VERTEX_POINT('',#15249);
#4308=VERTEX_POINT('',#15253);
#4309=VERTEX_POINT('',#15255);
#4310=VERTEX_POINT('',#15259);
#4311=VERTEX_POINT('',#15261);
#4312=VERTEX_POINT('',#15265);
#4313=VERTEX_POINT('',#15267);
#4314=VERTEX_POINT('',#15271);
#4315=VERTEX_POINT('',#15273);
#4316=VERTEX_POINT('',#15277);
#4317=VERTEX_POINT('',#15279);
#4318=VERTEX_POINT('',#15283);
#4319=VERTEX_POINT('',#15285);
#4320=VERTEX_POINT('',#15289);
#4321=VERTEX_POINT('',#15291);
#4322=VERTEX_POINT('',#15295);
#4323=VERTEX_POINT('',#15297);
#4324=VERTEX_POINT('',#15301);
#4325=VERTEX_POINT('',#15303);
#4326=VERTEX_POINT('',#15307);
#4327=VERTEX_POINT('',#15309);
#4328=VERTEX_POINT('',#15313);
#4329=VERTEX_POINT('',#15315);
#4330=VERTEX_POINT('',#15319);
#4331=VERTEX_POINT('',#15321);
#4332=VERTEX_POINT('',#15325);
#4333=VERTEX_POINT('',#15327);
#4334=VERTEX_POINT('',#15331);
#4335=VERTEX_POINT('',#15333);
#4336=VERTEX_POINT('',#15337);
#4337=VERTEX_POINT('',#15339);
#4338=VERTEX_POINT('',#15343);
#4339=VERTEX_POINT('',#15345);
#4340=VERTEX_POINT('',#15349);
#4341=VERTEX_POINT('',#15351);
#4342=VERTEX_POINT('',#15355);
#4343=VERTEX_POINT('',#15357);
#4344=VERTEX_POINT('',#15361);
#4345=VERTEX_POINT('',#15363);
#4346=VERTEX_POINT('',#15367);
#4347=VERTEX_POINT('',#15369);
#4348=VERTEX_POINT('',#15373);
#4349=VERTEX_POINT('',#15375);
#4350=VERTEX_POINT('',#15379);
#4351=VERTEX_POINT('',#15381);
#4352=VERTEX_POINT('',#15385);
#4353=VERTEX_POINT('',#15387);
#4354=VERTEX_POINT('',#15391);
#4355=VERTEX_POINT('',#15393);
#4356=VERTEX_POINT('',#15397);
#4357=VERTEX_POINT('',#15399);
#4358=VERTEX_POINT('',#15403);
#4359=VERTEX_POINT('',#15405);
#4360=VERTEX_POINT('',#15409);
#4361=VERTEX_POINT('',#15411);
#4362=VERTEX_POINT('',#15415);
#4363=VERTEX_POINT('',#15417);
#4364=VERTEX_POINT('',#15426);
#4365=VERTEX_POINT('',#15427);
#4366=VERTEX_POINT('',#15429);
#4367=VERTEX_POINT('',#15431);
#4368=VERTEX_POINT('',#15435);
#4369=VERTEX_POINT('',#15437);
#4370=VERTEX_POINT('',#15441);
#4371=VERTEX_POINT('',#15443);
#4372=VERTEX_POINT('',#15447);
#4373=VERTEX_POINT('',#15449);
#4374=VERTEX_POINT('',#15453);
#4375=VERTEX_POINT('',#15455);
#4376=VERTEX_POINT('',#15462);
#4377=VERTEX_POINT('',#15463);
#4378=VERTEX_POINT('',#15465);
#4379=VERTEX_POINT('',#15467);
#4380=VERTEX_POINT('',#15471);
#4381=VERTEX_POINT('',#15473);
#4382=VERTEX_POINT('',#15477);
#4383=VERTEX_POINT('',#15479);
#4384=VERTEX_POINT('',#15483);
#4385=VERTEX_POINT('',#15485);
#4386=VERTEX_POINT('',#15489);
#4387=VERTEX_POINT('',#15491);
#4388=VERTEX_POINT('',#15498);
#4389=VERTEX_POINT('',#15499);
#4390=VERTEX_POINT('',#15501);
#4391=VERTEX_POINT('',#15503);
#4392=VERTEX_POINT('',#15507);
#4393=VERTEX_POINT('',#15509);
#4394=VERTEX_POINT('',#15513);
#4395=VERTEX_POINT('',#15515);
#4396=VERTEX_POINT('',#15519);
#4397=VERTEX_POINT('',#15521);
#4398=VERTEX_POINT('',#15525);
#4399=VERTEX_POINT('',#15527);
#4400=VERTEX_POINT('',#15531);
#4401=VERTEX_POINT('',#15533);
#4402=VERTEX_POINT('',#15537);
#4403=VERTEX_POINT('',#15539);
#4404=VERTEX_POINT('',#15543);
#4405=VERTEX_POINT('',#15545);
#4406=VERTEX_POINT('',#15549);
#4407=VERTEX_POINT('',#15551);
#4408=VERTEX_POINT('',#15555);
#4409=VERTEX_POINT('',#15557);
#4410=VERTEX_POINT('',#15561);
#4411=VERTEX_POINT('',#15563);
#4412=VERTEX_POINT('',#15567);
#4413=VERTEX_POINT('',#15569);
#4414=VERTEX_POINT('',#15573);
#4415=VERTEX_POINT('',#15575);
#4416=VERTEX_POINT('',#15579);
#4417=VERTEX_POINT('',#15581);
#4418=VERTEX_POINT('',#15585);
#4419=VERTEX_POINT('',#15587);
#4420=VERTEX_POINT('',#15591);
#4421=VERTEX_POINT('',#15593);
#4422=VERTEX_POINT('',#15597);
#4423=VERTEX_POINT('',#15599);
#4424=VERTEX_POINT('',#15603);
#4425=VERTEX_POINT('',#15605);
#4426=VERTEX_POINT('',#15609);
#4427=VERTEX_POINT('',#15611);
#4428=VERTEX_POINT('',#15615);
#4429=VERTEX_POINT('',#15617);
#4430=VERTEX_POINT('',#15621);
#4431=VERTEX_POINT('',#15623);
#4432=VERTEX_POINT('',#15627);
#4433=VERTEX_POINT('',#15629);
#4434=VERTEX_POINT('',#15633);
#4435=VERTEX_POINT('',#15635);
#4436=VERTEX_POINT('',#15639);
#4437=VERTEX_POINT('',#15641);
#4438=VERTEX_POINT('',#15645);
#4439=VERTEX_POINT('',#15647);
#4440=VERTEX_POINT('',#15651);
#4441=VERTEX_POINT('',#15653);
#4442=VERTEX_POINT('',#15657);
#4443=VERTEX_POINT('',#15659);
#4444=VERTEX_POINT('',#15663);
#4445=VERTEX_POINT('',#15665);
#4446=VERTEX_POINT('',#15669);
#4447=VERTEX_POINT('',#15671);
#4448=VERTEX_POINT('',#15675);
#4449=VERTEX_POINT('',#15677);
#4450=VERTEX_POINT('',#15681);
#4451=VERTEX_POINT('',#15683);
#4452=VERTEX_POINT('',#15687);
#4453=VERTEX_POINT('',#15689);
#4454=VERTEX_POINT('',#15693);
#4455=VERTEX_POINT('',#15695);
#4456=VERTEX_POINT('',#15699);
#4457=VERTEX_POINT('',#15701);
#4458=VERTEX_POINT('',#15705);
#4459=VERTEX_POINT('',#15707);
#4460=VERTEX_POINT('',#15711);
#4461=VERTEX_POINT('',#15713);
#4462=VERTEX_POINT('',#15717);
#4463=VERTEX_POINT('',#15719);
#4464=VERTEX_POINT('',#15723);
#4465=VERTEX_POINT('',#15725);
#4466=VERTEX_POINT('',#15729);
#4467=VERTEX_POINT('',#15731);
#4468=VERTEX_POINT('',#15735);
#4469=VERTEX_POINT('',#15737);
#4470=VERTEX_POINT('',#15741);
#4471=VERTEX_POINT('',#15743);
#4472=VERTEX_POINT('',#15747);
#4473=VERTEX_POINT('',#15749);
#4474=VERTEX_POINT('',#15753);
#4475=VERTEX_POINT('',#15755);
#4476=EDGE_CURVE('',#3610,#3611,#3407,.T.);
#4477=EDGE_CURVE('',#3612,#3610,#1277,.T.);
#4478=EDGE_CURVE('',#3613,#3612,#3408,.T.);
#4479=EDGE_CURVE('',#3614,#3613,#1278,.T.);
#4480=EDGE_CURVE('',#3615,#3614,#3409,.T.);
#4481=EDGE_CURVE('',#3611,#3615,#1279,.T.);
#4482=EDGE_CURVE('',#3616,#3617,#3410,.T.);
#4483=EDGE_CURVE('',#3618,#3616,#1280,.T.);
#4484=EDGE_CURVE('',#3619,#3618,#3411,.T.);
#4485=EDGE_CURVE('',#3620,#3619,#1281,.T.);
#4486=EDGE_CURVE('',#3621,#3620,#3412,.T.);
#4487=EDGE_CURVE('',#3617,#3621,#1282,.T.);
#4488=EDGE_CURVE('',#3622,#3623,#1283,.T.);
#4489=EDGE_CURVE('',#3624,#3622,#3413,.T.);
#4490=EDGE_CURVE('',#3625,#3624,#1284,.T.);
#4491=EDGE_CURVE('',#3626,#3625,#3414,.T.);
#4492=EDGE_CURVE('',#3627,#3626,#1285,.T.);
#4493=EDGE_CURVE('',#3623,#3627,#3415,.T.);
#4494=EDGE_CURVE('',#3628,#3612,#1286,.T.);
#4495=EDGE_CURVE('',#3629,#3628,#133,.T.);
#4496=EDGE_CURVE('',#3613,#3629,#1287,.T.);
#4497=EDGE_CURVE('',#3630,#3610,#1288,.T.);
#4498=EDGE_CURVE('',#3630,#3628,#100,.T.);
#4499=EDGE_CURVE('',#3631,#3620,#1289,.T.);
#4500=EDGE_CURVE('',#3631,#3632,#134,.T.);
#4501=EDGE_CURVE('',#3632,#3621,#1290,.T.);
#4502=EDGE_CURVE('',#3619,#3633,#1291,.T.);
#4503=EDGE_CURVE('',#3633,#3631,#101,.T.);
#4504=EDGE_CURVE('',#3634,#3618,#1292,.T.);
#4505=EDGE_CURVE('',#3633,#3634,#135,.T.);
#4506=EDGE_CURVE('',#3625,#3635,#1293,.T.);
#4507=EDGE_CURVE('',#3636,#3635,#136,.T.);
#4508=EDGE_CURVE('',#3626,#3636,#1294,.T.);
#4509=EDGE_CURVE('',#3624,#3637,#1295,.T.);
#4510=EDGE_CURVE('',#3635,#3637,#102,.T.);
#4511=EDGE_CURVE('',#3622,#3638,#1296,.T.);
#4512=EDGE_CURVE('',#3638,#3637,#137,.T.);
#4513=EDGE_CURVE('',#3639,#3629,#1297,.T.);
#4514=EDGE_CURVE('',#3639,#3640,#1298,.T.);
#4515=EDGE_CURVE('',#3640,#3641,#1299,.T.);
#4516=EDGE_CURVE('',#3641,#3642,#1300,.T.);
#4517=EDGE_CURVE('',#3638,#3642,#1301,.T.);
#4518=EDGE_CURVE('',#3623,#3643,#1302,.T.);
#4519=EDGE_CURVE('',#3634,#3643,#1303,.T.);
#4520=EDGE_CURVE('',#3616,#3644,#1304,.T.);
#4521=EDGE_CURVE('',#3645,#3644,#1305,.T.);
#4522=EDGE_CURVE('',#3645,#3614,#1306,.T.);
#4523=EDGE_CURVE('',#3646,#3647,#3416,.T.);
#4524=EDGE_CURVE('',#3646,#3648,#1307,.T.);
#4525=EDGE_CURVE('',#3648,#3649,#138,.T.);
#4526=EDGE_CURVE('',#3649,#3647,#1308,.T.);
#4527=EDGE_CURVE('',#3650,#3649,#3417,.T.);
#4528=EDGE_CURVE('',#3651,#3650,#1309,.T.);
#4529=EDGE_CURVE('',#3652,#3651,#1310,.T.);
#4530=EDGE_CURVE('',#3652,#3647,#1311,.T.);
#4531=EDGE_CURVE('',#3653,#3654,#3418,.T.);
#4532=EDGE_CURVE('',#3653,#3655,#1312,.T.);
#4533=EDGE_CURVE('',#3655,#3656,#139,.T.);
#4534=EDGE_CURVE('',#3656,#3654,#1313,.T.);
#4535=EDGE_CURVE('',#3654,#3657,#1314,.T.);
#4536=EDGE_CURVE('',#3657,#3658,#3419,.T.);
#4537=EDGE_CURVE('',#3658,#3659,#1315,.T.);
#4538=EDGE_CURVE('',#3659,#3660,#3420,.T.);
#4539=EDGE_CURVE('',#3660,#3661,#1316,.T.);
#4540=EDGE_CURVE('',#3661,#3662,#3421,.T.);
#4541=EDGE_CURVE('',#3662,#3653,#1317,.T.);
#4542=EDGE_CURVE('',#3663,#3656,#103,.T.);
#4543=EDGE_CURVE('',#3657,#3663,#1318,.T.);
#4544=EDGE_CURVE('',#3664,#3646,#1319,.T.);
#4545=EDGE_CURVE('',#3664,#3665,#1320,.T.);
#4546=EDGE_CURVE('',#3648,#3665,#104,.T.);
#4547=EDGE_CURVE('',#3665,#3666,#140,.T.);
#4548=EDGE_CURVE('',#3667,#3664,#3422,.T.);
#4549=EDGE_CURVE('',#3667,#3666,#1321,.T.);
#4550=EDGE_CURVE('',#3666,#3668,#3423,.T.);
#4551=EDGE_CURVE('',#3669,#3667,#1322,.T.);
#4552=EDGE_CURVE('',#3669,#3670,#1323,.T.);
#4553=EDGE_CURVE('',#3668,#3670,#1324,.T.);
#4554=EDGE_CURVE('',#3670,#3671,#3424,.T.);
#4555=EDGE_CURVE('',#3672,#3669,#3425,.T.);
#4556=EDGE_CURVE('',#3672,#3671,#1325,.T.);
#4557=EDGE_CURVE('',#3671,#3673,#1326,.T.);
#4558=EDGE_CURVE('',#3674,#3672,#1327,.T.);
#4559=EDGE_CURVE('',#3674,#3673,#1328,.T.);
#4560=EDGE_CURVE('',#3673,#3651,#3426,.T.);
#4561=EDGE_CURVE('',#3652,#3674,#3427,.T.);
#4562=EDGE_CURVE('',#3675,#3676,#1329,.T.);
#4563=EDGE_CURVE('',#3659,#3675,#1330,.T.);
#4564=EDGE_CURVE('',#3658,#3677,#1331,.T.);
#4565=EDGE_CURVE('',#3676,#3677,#3428,.T.);
#4566=EDGE_CURVE('',#3677,#3663,#141,.T.);
#4567=EDGE_CURVE('',#3662,#3678,#1332,.T.);
#4568=EDGE_CURVE('',#3679,#3678,#1333,.T.);
#4569=EDGE_CURVE('',#3655,#3679,#3429,.T.);
#4570=EDGE_CURVE('',#3678,#3680,#3430,.T.);
#4571=EDGE_CURVE('',#3661,#3680,#1334,.T.);
#4572=EDGE_CURVE('',#3680,#3681,#1335,.T.);
#4573=EDGE_CURVE('',#3660,#3681,#1336,.T.);
#4574=EDGE_CURVE('',#3681,#3675,#3431,.T.);
#4575=EDGE_CURVE('',#3668,#3682,#1337,.T.);
#4576=EDGE_CURVE('',#3682,#3683,#3432,.F.);
#4577=EDGE_CURVE('',#3684,#3683,#142,.T.);
#4578=EDGE_CURVE('',#3685,#3684,#105,.T.);
#4579=EDGE_CURVE('',#3686,#3685,#143,.T.);
#4580=EDGE_CURVE('',#3686,#3687,#106,.F.);
#4581=EDGE_CURVE('',#3688,#3687,#144,.T.);
#4582=EDGE_CURVE('',#3688,#3689,#3433,.F.);
#4583=EDGE_CURVE('',#3689,#3690,#1338,.T.);
#4584=EDGE_CURVE('',#3690,#3639,#3434,.T.);
#4585=EDGE_CURVE('',#3691,#3630,#145,.T.);
#4586=EDGE_CURVE('',#3692,#3691,#107,.T.);
#4587=EDGE_CURVE('',#3692,#3645,#146,.T.);
#4588=EDGE_CURVE('',#3644,#3693,#147,.T.);
#4589=EDGE_CURVE('',#3632,#3693,#108,.T.);
#4590=EDGE_CURVE('',#3694,#3643,#148,.T.);
#4591=EDGE_CURVE('',#3636,#3694,#109,.T.);
#4592=EDGE_CURVE('',#3642,#3695,#3435,.T.);
#4593=EDGE_CURVE('',#3695,#3676,#1339,.T.);
#4594=EDGE_CURVE('',#3679,#3650,#1340,.T.);
#4595=EDGE_CURVE('',#3695,#3696,#1341,.T.);
#4596=EDGE_CURVE('',#3696,#3697,#3436,.T.);
#4597=EDGE_CURVE('',#3697,#3698,#1342,.T.);
#4598=EDGE_CURVE('',#3698,#3699,#3437,.T.);
#4599=EDGE_CURVE('',#3699,#3700,#1343,.T.);
#4600=EDGE_CURVE('',#3700,#3701,#3438,.T.);
#4601=EDGE_CURVE('',#3701,#3702,#1344,.T.);
#4602=EDGE_CURVE('',#3703,#3702,#1345,.T.);
#4603=EDGE_CURVE('',#3703,#3704,#1346,.T.);
#4604=EDGE_CURVE('',#3704,#3705,#3439,.T.);
#4605=EDGE_CURVE('',#3705,#3706,#1347,.T.);
#4606=EDGE_CURVE('',#3706,#3707,#3440,.T.);
#4607=EDGE_CURVE('',#3707,#3708,#1348,.T.);
#4608=EDGE_CURVE('',#3708,#3709,#3441,.T.);
#4609=EDGE_CURVE('',#3709,#3710,#1349,.T.);
#4610=EDGE_CURVE('',#3710,#3711,#3442,.T.);
#4611=EDGE_CURVE('',#3711,#3712,#1350,.T.);
#4612=EDGE_CURVE('',#3712,#3713,#3443,.T.);
#4613=EDGE_CURVE('',#3713,#3714,#1351,.T.);
#4614=EDGE_CURVE('',#3715,#3714,#1352,.T.);
#4615=EDGE_CURVE('',#3716,#3715,#1353,.T.);
#4616=EDGE_CURVE('',#3716,#3717,#3444,.T.);
#4617=EDGE_CURVE('',#3717,#3718,#1354,.T.);
#4618=EDGE_CURVE('',#3718,#3719,#3445,.T.);
#4619=EDGE_CURVE('',#3720,#3719,#1355,.T.);
#4620=EDGE_CURVE('',#3721,#3720,#3446,.T.);
#4621=EDGE_CURVE('',#3722,#3721,#1356,.T.);
#4622=EDGE_CURVE('',#3723,#3722,#3447,.T.);
#4623=EDGE_CURVE('',#3724,#3723,#1357,.T.);
#4624=EDGE_CURVE('',#3725,#3724,#3448,.T.);
#4625=EDGE_CURVE('',#3726,#3725,#1358,.T.);
#4626=EDGE_CURVE('',#3727,#3726,#1359,.T.);
#4627=EDGE_CURVE('',#3728,#3727,#1360,.T.);
#4628=EDGE_CURVE('',#3729,#3728,#3449,.T.);
#4629=EDGE_CURVE('',#3729,#3730,#1361,.T.);
#4630=EDGE_CURVE('',#3731,#3730,#3450,.T.);
#4631=EDGE_CURVE('',#3732,#3731,#1362,.T.);
#4632=EDGE_CURVE('',#3732,#3733,#3451,.T.);
#4633=EDGE_CURVE('',#3734,#3733,#1363,.T.);
#4634=EDGE_CURVE('',#3735,#3734,#1364,.T.);
#4635=EDGE_CURVE('',#3735,#3690,#1365,.T.);
#4636=EDGE_CURVE('',#3736,#3689,#1366,.T.);
#4637=EDGE_CURVE('',#3737,#3736,#3452,.T.);
#4638=EDGE_CURVE('',#3738,#3737,#1367,.T.);
#4639=EDGE_CURVE('',#3739,#3738,#3453,.T.);
#4640=EDGE_CURVE('',#3740,#3739,#1368,.T.);
#4641=EDGE_CURVE('',#3741,#3740,#3454,.T.);
#4642=EDGE_CURVE('',#3682,#3741,#1369,.T.);
#4643=EDGE_CURVE('',#3742,#3743,#1370,.T.);
#4644=EDGE_CURVE('',#3742,#3744,#3455,.T.);
#4645=EDGE_CURVE('',#3745,#3744,#1371,.T.);
#4646=EDGE_CURVE('',#3745,#3746,#3456,.T.);
#4647=EDGE_CURVE('',#3747,#3746,#1372,.T.);
#4648=EDGE_CURVE('',#3747,#3748,#3457,.T.);
#4649=EDGE_CURVE('',#3749,#3748,#1373,.T.);
#4650=EDGE_CURVE('',#3749,#3743,#3458,.T.);
#4651=EDGE_CURVE('',#3750,#3751,#1374,.T.);
#4652=EDGE_CURVE('',#3752,#3750,#1375,.T.);
#4653=EDGE_CURVE('',#3753,#3752,#1376,.T.);
#4654=EDGE_CURVE('',#3751,#3753,#1377,.T.);
#4655=EDGE_CURVE('',#3754,#3751,#3459,.T.);
#4656=EDGE_CURVE('',#3755,#3754,#1378,.T.);
#4657=EDGE_CURVE('',#3750,#3755,#3460,.T.);
#4658=EDGE_CURVE('',#3756,#3757,#1379,.T.);
#4659=EDGE_CURVE('',#3755,#3756,#1380,.T.);
#4660=EDGE_CURVE('',#3757,#3754,#1381,.T.);
#4661=EDGE_CURVE('',#3758,#3759,#1382,.T.);
#4662=EDGE_CURVE('',#3756,#3758,#3461,.T.);
#4663=EDGE_CURVE('',#3759,#3757,#3462,.T.);
#4664=EDGE_CURVE('',#3760,#3759,#1383,.T.);
#4665=EDGE_CURVE('',#3761,#3760,#1384,.T.);
#4666=EDGE_CURVE('',#3758,#3761,#1385,.T.);
#4667=EDGE_CURVE('',#3762,#3763,#1386,.T.);
#4668=EDGE_CURVE('',#3761,#3762,#3463,.T.);
#4669=EDGE_CURVE('',#3763,#3760,#3464,.T.);
#4670=EDGE_CURVE('',#3764,#3765,#1387,.T.);
#4671=EDGE_CURVE('',#3762,#3764,#1388,.T.);
#4672=EDGE_CURVE('',#3765,#3763,#1389,.T.);
#4673=EDGE_CURVE('',#3753,#3765,#3465,.T.);
#4674=EDGE_CURVE('',#3764,#3752,#3466,.T.);
#4675=EDGE_CURVE('',#3729,#3758,#1390,.T.);
#4676=EDGE_CURVE('',#3756,#3728,#1391,.T.);
#4677=EDGE_CURVE('',#3727,#3766,#110,.T.);
#4678=EDGE_CURVE('',#3766,#3755,#1392,.T.);
#4679=EDGE_CURVE('',#3767,#3766,#149,.T.);
#4680=EDGE_CURVE('',#3750,#3767,#1393,.T.);
#4681=EDGE_CURVE('',#3767,#3734,#3467,.T.);
#4682=EDGE_CURVE('',#3733,#3752,#1394,.T.);
#4683=EDGE_CURVE('',#3768,#3769,#1395,.T.);
#4684=EDGE_CURVE('',#3769,#3770,#3468,.T.);
#4685=EDGE_CURVE('',#3770,#3771,#1396,.T.);
#4686=EDGE_CURVE('',#3771,#3772,#3469,.T.);
#4687=EDGE_CURVE('',#3772,#3773,#1397,.T.);
#4688=EDGE_CURVE('',#3773,#3774,#3470,.T.);
#4689=EDGE_CURVE('',#3774,#3775,#1398,.T.);
#4690=EDGE_CURVE('',#3775,#3776,#3471,.T.);
#4691=EDGE_CURVE('',#3776,#3777,#1399,.T.);
#4692=EDGE_CURVE('',#3777,#3778,#3472,.T.);
#4693=EDGE_CURVE('',#3778,#3779,#1400,.T.);
#4694=EDGE_CURVE('',#3779,#3780,#3473,.T.);
#4695=EDGE_CURVE('',#3780,#3781,#1401,.T.);
#4696=EDGE_CURVE('',#3781,#3782,#3474,.T.);
#4697=EDGE_CURVE('',#3782,#3783,#1402,.T.);
#4698=EDGE_CURVE('',#3783,#3768,#3475,.T.);
#4699=EDGE_CURVE('',#3784,#3785,#1403,.T.);
#4700=EDGE_CURVE('',#3785,#3786,#3476,.T.);
#4701=EDGE_CURVE('',#3786,#3787,#1404,.T.);
#4702=EDGE_CURVE('',#3787,#3788,#3477,.T.);
#4703=EDGE_CURVE('',#3788,#3789,#1405,.T.);
#4704=EDGE_CURVE('',#3789,#3790,#3478,.T.);
#4705=EDGE_CURVE('',#3790,#3791,#1406,.T.);
#4706=EDGE_CURVE('',#3791,#3792,#3479,.T.);
#4707=EDGE_CURVE('',#3792,#3793,#1407,.T.);
#4708=EDGE_CURVE('',#3793,#3784,#3480,.T.);
#4709=EDGE_CURVE('',#3794,#3795,#1408,.T.);
#4710=EDGE_CURVE('',#3795,#3796,#1409,.T.);
#4711=EDGE_CURVE('',#3796,#3797,#1410,.T.);
#4712=EDGE_CURVE('',#3797,#3798,#3481,.T.);
#4713=EDGE_CURVE('',#3798,#3799,#1411,.T.);
#4714=EDGE_CURVE('',#3799,#3800,#3482,.T.);
#4715=EDGE_CURVE('',#3800,#3801,#1412,.T.);
#4716=EDGE_CURVE('',#3801,#3802,#1413,.T.);
#4717=EDGE_CURVE('',#3802,#3803,#1414,.T.);
#4718=EDGE_CURVE('',#3803,#3804,#1415,.T.);
#4719=EDGE_CURVE('',#3804,#3805,#1416,.T.);
#4720=EDGE_CURVE('',#3805,#3806,#1417,.T.);
#4721=EDGE_CURVE('',#3806,#3807,#1418,.T.);
#4722=EDGE_CURVE('',#3807,#3808,#1419,.T.);
#4723=EDGE_CURVE('',#3808,#3809,#1420,.T.);
#4724=EDGE_CURVE('',#3809,#3810,#3483,.T.);
#4725=EDGE_CURVE('',#3810,#3811,#1421,.T.);
#4726=EDGE_CURVE('',#3811,#3812,#3484,.T.);
#4727=EDGE_CURVE('',#3812,#3813,#1422,.T.);
#4728=EDGE_CURVE('',#3813,#3814,#1423,.T.);
#4729=EDGE_CURVE('',#3814,#3815,#1424,.T.);
#4730=EDGE_CURVE('',#3815,#3816,#1425,.T.);
#4731=EDGE_CURVE('',#3816,#3817,#1426,.T.);
#4732=EDGE_CURVE('',#3817,#3794,#1427,.T.);
#4733=EDGE_CURVE('',#3818,#3819,#3485,.T.);
#4734=EDGE_CURVE('',#3819,#3820,#1428,.T.);
#4735=EDGE_CURVE('',#3820,#3821,#3486,.T.);
#4736=EDGE_CURVE('',#3821,#3822,#1429,.T.);
#4737=EDGE_CURVE('',#3822,#3823,#3487,.T.);
#4738=EDGE_CURVE('',#3823,#3824,#1430,.T.);
#4739=EDGE_CURVE('',#3824,#3825,#3488,.T.);
#4740=EDGE_CURVE('',#3825,#3826,#1431,.T.);
#4741=EDGE_CURVE('',#3826,#3827,#3489,.T.);
#4742=EDGE_CURVE('',#3827,#3828,#1432,.T.);
#4743=EDGE_CURVE('',#3828,#3829,#3490,.T.);
#4744=EDGE_CURVE('',#3829,#3818,#1433,.T.);
#4745=EDGE_CURVE('',#3830,#3784,#1434,.T.);
#4746=EDGE_CURVE('',#3831,#3830,#1435,.T.);
#4747=EDGE_CURVE('',#3785,#3831,#1436,.T.);
#4748=EDGE_CURVE('',#3832,#3793,#1437,.T.);
#4749=EDGE_CURVE('',#3830,#3832,#3491,.T.);
#4750=EDGE_CURVE('',#3833,#3792,#1438,.T.);
#4751=EDGE_CURVE('',#3832,#3833,#1439,.T.);
#4752=EDGE_CURVE('',#3834,#3791,#1440,.T.);
#4753=EDGE_CURVE('',#3833,#3834,#3492,.T.);
#4754=EDGE_CURVE('',#3835,#3790,#1441,.T.);
#4755=EDGE_CURVE('',#3834,#3835,#1442,.T.);
#4756=EDGE_CURVE('',#3836,#3789,#1443,.T.);
#4757=EDGE_CURVE('',#3835,#3836,#3493,.T.);
#4758=EDGE_CURVE('',#3837,#3788,#1444,.T.);
#4759=EDGE_CURVE('',#3836,#3837,#1445,.T.);
#4760=EDGE_CURVE('',#3838,#3787,#1446,.T.);
#4761=EDGE_CURVE('',#3837,#3838,#3494,.T.);
#4762=EDGE_CURVE('',#3839,#3786,#1447,.T.);
#4763=EDGE_CURVE('',#3838,#3839,#1448,.T.);
#4764=EDGE_CURVE('',#3839,#3831,#3495,.T.);
#4765=EDGE_CURVE('',#3835,#3840,#1449,.T.);
#4766=EDGE_CURVE('',#3840,#3841,#111,.T.);
#4767=EDGE_CURVE('',#3834,#3841,#1450,.T.);
#4768=EDGE_CURVE('',#3841,#3842,#150,.T.);
#4769=EDGE_CURVE('',#3833,#3842,#1451,.T.);
#4770=EDGE_CURVE('',#3842,#3843,#3496,.T.);
#4771=EDGE_CURVE('',#3843,#3832,#1452,.T.);
#4772=EDGE_CURVE('',#3844,#3843,#151,.T.);
#4773=EDGE_CURVE('',#3830,#3844,#1453,.T.);
#4774=EDGE_CURVE('',#3844,#3845,#1454,.T.);
#4775=EDGE_CURVE('',#3845,#3846,#1455,.T.);
#4776=EDGE_CURVE('',#3847,#3846,#1456,.T.);
#4777=EDGE_CURVE('',#3847,#3848,#1457,.T.);
#4778=EDGE_CURVE('',#3848,#3849,#1458,.T.);
#4779=EDGE_CURVE('',#3850,#3849,#1459,.T.);
#4780=EDGE_CURVE('',#3851,#3850,#1460,.T.);
#4781=EDGE_CURVE('',#3851,#3852,#1461,.T.);
#4782=EDGE_CURVE('',#3852,#3853,#1462,.T.);
#4783=EDGE_CURVE('',#3854,#3853,#1463,.T.);
#4784=EDGE_CURVE('',#3855,#3854,#1464,.T.);
#4785=EDGE_CURVE('',#3855,#3856,#1465,.T.);
#4786=EDGE_CURVE('',#3856,#3857,#1466,.T.);
#4787=EDGE_CURVE('',#3857,#3858,#1467,.T.);
#4788=EDGE_CURVE('',#3858,#3859,#1468,.T.);
#4789=EDGE_CURVE('',#3859,#3860,#1469,.T.);
#4790=EDGE_CURVE('',#3860,#3861,#1470,.T.);
#4791=EDGE_CURVE('',#3861,#3831,#1471,.T.);
#4792=EDGE_CURVE('',#3862,#3862,#3497,.T.);
#4793=EDGE_CURVE('',#3863,#3863,#3498,.T.);
#4794=EDGE_CURVE('',#3864,#3818,#1472,.T.);
#4795=EDGE_CURVE('',#3865,#3864,#3499,.T.);
#4796=EDGE_CURVE('',#3819,#3865,#1473,.T.);
#4797=EDGE_CURVE('',#3866,#3829,#1474,.T.);
#4798=EDGE_CURVE('',#3864,#3866,#1475,.T.);
#4799=EDGE_CURVE('',#3867,#3828,#1476,.T.);
#4800=EDGE_CURVE('',#3866,#3867,#3500,.T.);
#4801=EDGE_CURVE('',#3868,#3827,#1477,.T.);
#4802=EDGE_CURVE('',#3867,#3868,#1478,.T.);
#4803=EDGE_CURVE('',#3869,#3826,#1479,.T.);
#4804=EDGE_CURVE('',#3868,#3869,#3501,.T.);
#4805=EDGE_CURVE('',#3870,#3825,#1480,.T.);
#4806=EDGE_CURVE('',#3869,#3870,#1481,.T.);
#4807=EDGE_CURVE('',#3871,#3824,#1482,.T.);
#4808=EDGE_CURVE('',#3870,#3871,#3502,.T.);
#4809=EDGE_CURVE('',#3872,#3823,#1483,.T.);
#4810=EDGE_CURVE('',#3871,#3872,#1484,.T.);
#4811=EDGE_CURVE('',#3873,#3822,#1485,.T.);
#4812=EDGE_CURVE('',#3872,#3873,#3503,.T.);
#4813=EDGE_CURVE('',#3874,#3821,#1486,.T.);
#4814=EDGE_CURVE('',#3873,#3874,#1487,.T.);
#4815=EDGE_CURVE('',#3875,#3820,#1488,.T.);
#4816=EDGE_CURVE('',#3874,#3875,#3504,.T.);
#4817=EDGE_CURVE('',#3875,#3865,#1489,.T.);
#4818=EDGE_CURVE('',#3870,#3685,#1490,.T.);
#4819=EDGE_CURVE('',#3684,#3869,#1491,.T.);
#4820=EDGE_CURVE('',#3683,#3868,#1492,.T.);
#4821=EDGE_CURVE('',#3867,#3741,#1493,.T.);
#4822=EDGE_CURVE('',#3866,#3740,#1494,.T.);
#4823=EDGE_CURVE('',#3864,#3739,#1495,.T.);
#4824=EDGE_CURVE('',#3865,#3738,#1496,.T.);
#4825=EDGE_CURVE('',#3876,#3768,#1497,.T.);
#4826=EDGE_CURVE('',#3877,#3876,#1498,.T.);
#4827=EDGE_CURVE('',#3769,#3877,#1499,.T.);
#4828=EDGE_CURVE('',#3878,#3783,#1500,.T.);
#4829=EDGE_CURVE('',#3876,#3878,#3505,.T.);
#4830=EDGE_CURVE('',#3879,#3782,#1501,.T.);
#4831=EDGE_CURVE('',#3878,#3879,#1502,.T.);
#4832=EDGE_CURVE('',#3880,#3781,#1503,.T.);
#4833=EDGE_CURVE('',#3879,#3880,#3506,.T.);
#4834=EDGE_CURVE('',#3881,#3780,#1504,.T.);
#4835=EDGE_CURVE('',#3880,#3881,#1505,.T.);
#4836=EDGE_CURVE('',#3882,#3779,#1506,.T.);
#4837=EDGE_CURVE('',#3881,#3882,#3507,.T.);
#4838=EDGE_CURVE('',#3883,#3778,#1507,.T.);
#4839=EDGE_CURVE('',#3882,#3883,#1508,.T.);
#4840=EDGE_CURVE('',#3884,#3777,#1509,.T.);
#4841=EDGE_CURVE('',#3883,#3884,#3508,.T.);
#4842=EDGE_CURVE('',#3885,#3776,#1510,.T.);
#4843=EDGE_CURVE('',#3884,#3885,#1511,.T.);
#4844=EDGE_CURVE('',#3886,#3775,#1512,.T.);
#4845=EDGE_CURVE('',#3885,#3886,#3509,.T.);
#4846=EDGE_CURVE('',#3887,#3774,#1513,.T.);
#4847=EDGE_CURVE('',#3886,#3887,#1514,.T.);
#4848=EDGE_CURVE('',#3888,#3773,#1515,.T.);
#4849=EDGE_CURVE('',#3887,#3888,#3510,.T.);
#4850=EDGE_CURVE('',#3889,#3772,#1516,.T.);
#4851=EDGE_CURVE('',#3888,#3889,#1517,.T.);
#4852=EDGE_CURVE('',#3890,#3771,#1518,.T.);
#4853=EDGE_CURVE('',#3889,#3890,#3511,.T.);
#4854=EDGE_CURVE('',#3891,#3770,#1519,.T.);
#4855=EDGE_CURVE('',#3890,#3891,#1520,.T.);
#4856=EDGE_CURVE('',#3891,#3877,#3512,.T.);
#4857=EDGE_CURVE('',#3884,#3892,#1521,.T.);
#4858=EDGE_CURVE('',#3892,#3893,#3513,.T.);
#4859=EDGE_CURVE('',#3883,#3893,#1522,.T.);
#4860=EDGE_CURVE('',#3893,#3894,#1523,.T.);
#4861=EDGE_CURVE('',#3894,#3895,#3514,.T.);
#4862=EDGE_CURVE('',#3895,#3896,#1524,.T.);
#4863=EDGE_CURVE('',#3896,#3897,#1525,.T.);
#4864=EDGE_CURVE('',#3897,#3898,#1526,.T.);
#4865=EDGE_CURVE('',#3898,#3899,#1527,.T.);
#4866=EDGE_CURVE('',#3899,#3882,#1528,.T.);
#4867=EDGE_CURVE('',#3900,#3899,#112,.F.);
#4868=EDGE_CURVE('',#3881,#3900,#1529,.T.);
#4869=EDGE_CURVE('',#3901,#3900,#1530,.T.);
#4870=EDGE_CURVE('',#3901,#3880,#1531,.T.);
#4871=EDGE_CURVE('',#3902,#3902,#3515,.T.);
#4872=EDGE_CURVE('',#3903,#3901,#113,.F.);
#4873=EDGE_CURVE('',#3879,#3903,#1532,.T.);
#4874=EDGE_CURVE('',#3904,#3903,#1533,.T.);
#4875=EDGE_CURVE('',#3904,#3905,#1534,.T.);
#4876=EDGE_CURVE('',#3906,#3905,#1535,.T.);
#4877=EDGE_CURVE('',#3906,#3907,#1536,.T.);
#4878=EDGE_CURVE('',#3907,#3908,#3516,.T.);
#4879=EDGE_CURVE('',#3908,#3909,#1537,.T.);
#4880=EDGE_CURVE('',#3909,#3910,#3517,.T.);
#4881=EDGE_CURVE('',#3910,#3911,#1538,.T.);
#4882=EDGE_CURVE('',#3912,#3911,#1539,.T.);
#4883=EDGE_CURVE('',#3912,#3878,#1540,.T.);
#4884=EDGE_CURVE('',#3913,#3912,#3518,.T.);
#4885=EDGE_CURVE('',#3876,#3913,#1541,.T.);
#4886=EDGE_CURVE('',#3914,#3913,#1542,.T.);
#4887=EDGE_CURVE('',#3914,#3877,#1543,.T.);
#4888=EDGE_CURVE('',#3915,#3915,#3519,.T.);
#4889=EDGE_CURVE('',#3916,#3916,#3520,.T.);
#4890=EDGE_CURVE('',#3917,#3918,#1544,.T.);
#4891=EDGE_CURVE('',#3919,#3917,#1545,.T.);
#4892=EDGE_CURVE('',#3920,#3919,#1546,.T.);
#4893=EDGE_CURVE('',#3918,#3920,#1547,.T.);
#4894=EDGE_CURVE('',#3921,#3922,#1548,.T.);
#4895=EDGE_CURVE('',#3813,#3921,#1549,.T.);
#4896=EDGE_CURVE('',#3922,#3812,#1550,.T.);
#4897=EDGE_CURVE('',#3923,#3924,#1551,.T.);
#4898=EDGE_CURVE('',#3807,#3923,#1552,.T.);
#4899=EDGE_CURVE('',#3924,#3806,#1553,.T.);
#4900=EDGE_CURVE('',#3924,#3925,#1554,.T.);
#4901=EDGE_CURVE('',#3925,#3805,#1555,.T.);
#4902=EDGE_CURVE('',#3926,#3814,#1556,.T.);
#4903=EDGE_CURVE('',#3927,#3926,#1557,.T.);
#4904=EDGE_CURVE('',#3815,#3927,#1558,.T.);
#4905=EDGE_CURVE('',#3925,#3928,#1559,.T.);
#4906=EDGE_CURVE('',#3928,#3804,#1560,.T.);
#4907=EDGE_CURVE('',#3929,#3927,#1561,.T.);
#4908=EDGE_CURVE('',#3816,#3929,#1562,.T.);
#4909=EDGE_CURVE('',#3928,#3930,#1563,.T.);
#4910=EDGE_CURVE('',#3930,#3803,#1564,.T.);
#4911=EDGE_CURVE('',#3931,#3929,#1565,.T.);
#4912=EDGE_CURVE('',#3817,#3931,#1566,.T.);
#4913=EDGE_CURVE('',#3930,#3932,#1567,.T.);
#4914=EDGE_CURVE('',#3932,#3802,#1568,.T.);
#4915=EDGE_CURVE('',#3932,#3933,#1569,.T.);
#4916=EDGE_CURVE('',#3933,#3801,#1570,.T.);
#4917=EDGE_CURVE('',#3934,#3794,#1571,.T.);
#4918=EDGE_CURVE('',#3935,#3934,#1572,.T.);
#4919=EDGE_CURVE('',#3795,#3935,#1573,.T.);
#4920=EDGE_CURVE('',#3936,#3935,#1574,.T.);
#4921=EDGE_CURVE('',#3796,#3936,#1575,.T.);
#4922=EDGE_CURVE('',#3933,#3937,#1576,.T.);
#4923=EDGE_CURVE('',#3937,#3800,#1577,.T.);
#4924=EDGE_CURVE('',#3938,#3799,#1578,.T.);
#4925=EDGE_CURVE('',#3937,#3938,#3521,.T.);
#4926=EDGE_CURVE('',#3939,#3798,#1579,.T.);
#4927=EDGE_CURVE('',#3938,#3939,#1580,.T.);
#4928=EDGE_CURVE('',#3940,#3797,#1581,.T.);
#4929=EDGE_CURVE('',#3939,#3940,#3522,.T.);
#4930=EDGE_CURVE('',#3940,#3936,#1582,.T.);
#4931=EDGE_CURVE('',#3934,#3931,#1583,.T.);
#4932=EDGE_CURVE('',#3926,#3921,#1584,.T.);
#4933=EDGE_CURVE('',#3941,#3811,#1585,.T.);
#4934=EDGE_CURVE('',#3922,#3941,#3523,.T.);
#4935=EDGE_CURVE('',#3942,#3810,#1586,.T.);
#4936=EDGE_CURVE('',#3941,#3942,#1587,.T.);
#4937=EDGE_CURVE('',#3943,#3809,#1588,.T.);
#4938=EDGE_CURVE('',#3942,#3943,#3524,.T.);
#4939=EDGE_CURVE('',#3944,#3808,#1589,.T.);
#4940=EDGE_CURVE('',#3943,#3944,#1590,.T.);
#4941=EDGE_CURVE('',#3944,#3923,#1591,.T.);
#4942=EDGE_CURVE('',#3945,#3923,#1592,.T.);
#4943=EDGE_CURVE('',#3945,#3946,#1593,.T.);
#4944=EDGE_CURVE('',#3946,#3944,#1594,.T.);
#4945=EDGE_CURVE('',#3748,#3943,#1595,.T.);
#4946=EDGE_CURVE('',#3942,#3747,#1596,.T.);
#4947=EDGE_CURVE('',#3746,#3941,#1597,.T.);
#4948=EDGE_CURVE('',#3922,#3745,#1598,.T.);
#4949=EDGE_CURVE('',#3947,#3946,#1599,.T.);
#4950=EDGE_CURVE('',#3925,#3947,#1600,.T.);
#4951=EDGE_CURVE('',#3948,#3928,#1601,.T.);
#4952=EDGE_CURVE('',#3949,#3948,#1602,.T.);
#4953=EDGE_CURVE('',#3933,#3949,#1603,.T.);
#4954=EDGE_CURVE('',#3937,#3749,#1604,.T.);
#4955=EDGE_CURVE('',#3921,#3950,#1605,.T.);
#4956=EDGE_CURVE('',#3951,#3950,#1606,.T.);
#4957=EDGE_CURVE('',#3951,#3926,#1607,.T.);
#4958=EDGE_CURVE('',#3952,#3951,#1608,.T.);
#4959=EDGE_CURVE('',#3952,#3927,#1609,.T.);
#4960=EDGE_CURVE('',#3953,#3952,#1610,.T.);
#4961=EDGE_CURVE('',#3953,#3929,#1611,.T.);
#4962=EDGE_CURVE('',#3744,#3940,#1612,.T.);
#4963=EDGE_CURVE('',#3954,#3936,#1613,.T.);
#4964=EDGE_CURVE('',#3955,#3954,#1614,.T.);
#4965=EDGE_CURVE('',#3931,#3955,#1615,.T.);
#4966=EDGE_CURVE('',#3950,#3953,#1616,.T.);
#4967=EDGE_CURVE('',#3955,#3956,#1617,.T.);
#4968=EDGE_CURVE('',#3956,#3934,#1618,.T.);
#4969=EDGE_CURVE('',#3956,#3957,#1619,.T.);
#4970=EDGE_CURVE('',#3957,#3935,#1620,.T.);
#4971=EDGE_CURVE('',#3958,#3959,#3525,.T.);
#4972=EDGE_CURVE('',#3719,#3959,#1621,.T.);
#4973=EDGE_CURVE('',#3958,#3718,#1622,.T.);
#4974=EDGE_CURVE('',#3717,#3960,#1623,.T.);
#4975=EDGE_CURVE('',#3958,#3960,#1624,.T.);
#4976=EDGE_CURVE('',#3961,#3960,#3526,.T.);
#4977=EDGE_CURVE('',#3961,#3716,#1625,.T.);
#4978=EDGE_CURVE('',#3961,#3962,#1626,.T.);
#4979=EDGE_CURVE('',#3962,#3963,#3527,.T.);
#4980=EDGE_CURVE('',#3963,#3964,#1627,.T.);
#4981=EDGE_CURVE('',#3964,#3965,#3528,.T.);
#4982=EDGE_CURVE('',#3965,#3966,#1628,.T.);
#4983=EDGE_CURVE('',#3966,#3967,#3529,.T.);
#4984=EDGE_CURVE('',#3967,#3968,#1629,.T.);
#4985=EDGE_CURVE('',#3968,#3969,#3530,.T.);
#4986=EDGE_CURVE('',#3969,#3959,#1630,.T.);
#4987=EDGE_CURVE('',#3970,#3971,#3531,.T.);
#4988=EDGE_CURVE('',#3713,#3971,#1631,.T.);
#4989=EDGE_CURVE('',#3970,#3712,#1632,.T.);
#4990=EDGE_CURVE('',#3972,#3971,#1633,.T.);
#4991=EDGE_CURVE('',#3972,#3973,#1634,.T.);
#4992=EDGE_CURVE('',#3714,#3973,#114,.T.);
#4993=EDGE_CURVE('',#3974,#3975,#3532,.T.);
#4994=EDGE_CURVE('',#3711,#3975,#1635,.T.);
#4995=EDGE_CURVE('',#3974,#3710,#1636,.T.);
#4996=EDGE_CURVE('',#3970,#3975,#1637,.T.);
#4997=EDGE_CURVE('',#3976,#3709,#1638,.T.);
#4998=EDGE_CURVE('',#3974,#3976,#1639,.T.);
#4999=EDGE_CURVE('',#3969,#3720,#1640,.T.);
#5000=EDGE_CURVE('',#3715,#3977,#115,.T.);
#5001=EDGE_CURVE('',#3962,#3977,#1641,.T.);
#5002=EDGE_CURVE('',#3939,#3742,#1642,.T.);
#5003=EDGE_CURVE('',#3743,#3938,#1643,.T.);
#5004=EDGE_CURVE('',#3978,#3855,#3533,.T.);
#5005=EDGE_CURVE('',#3854,#3979,#3534,.T.);
#5006=EDGE_CURVE('',#3979,#3980,#1644,.T.);
#5007=EDGE_CURVE('',#3980,#3981,#3535,.T.);
#5008=EDGE_CURVE('',#3981,#3982,#1645,.T.);
#5009=EDGE_CURVE('',#3982,#3983,#3536,.T.);
#5010=EDGE_CURVE('',#3983,#3984,#1646,.T.);
#5011=EDGE_CURVE('',#3984,#3985,#3537,.T.);
#5012=EDGE_CURVE('',#3985,#3978,#1647,.T.);
#5013=EDGE_CURVE('',#3983,#3986,#1648,.T.);
#5014=EDGE_CURVE('',#3987,#3986,#116,.T.);
#5015=EDGE_CURVE('',#3984,#3987,#1649,.T.);
#5016=EDGE_CURVE('',#3988,#3987,#152,.T.);
#5017=EDGE_CURVE('',#3985,#3988,#1650,.T.);
#5018=EDGE_CURVE('',#3989,#3988,#3538,.T.);
#5019=EDGE_CURVE('',#3978,#3989,#1651,.T.);
#5020=EDGE_CURVE('',#3856,#3989,#153,.T.);
#5021=EDGE_CURVE('',#3990,#3851,#3539,.T.);
#5022=EDGE_CURVE('',#3850,#3991,#3540,.T.);
#5023=EDGE_CURVE('',#3991,#3992,#1652,.T.);
#5024=EDGE_CURVE('',#3992,#3993,#3541,.T.);
#5025=EDGE_CURVE('',#3993,#3994,#1653,.T.);
#5026=EDGE_CURVE('',#3994,#3995,#3542,.T.);
#5027=EDGE_CURVE('',#3995,#3996,#1654,.T.);
#5028=EDGE_CURVE('',#3996,#3997,#3543,.T.);
#5029=EDGE_CURVE('',#3997,#3990,#1655,.T.);
#5030=EDGE_CURVE('',#3995,#3998,#1656,.T.);
#5031=EDGE_CURVE('',#3999,#3998,#117,.T.);
#5032=EDGE_CURVE('',#3996,#3999,#1657,.T.);
#5033=EDGE_CURVE('',#4000,#3999,#154,.T.);
#5034=EDGE_CURVE('',#3997,#4000,#1658,.T.);
#5035=EDGE_CURVE('',#4001,#4000,#3544,.T.);
#5036=EDGE_CURVE('',#3990,#4001,#1659,.T.);
#5037=EDGE_CURVE('',#3852,#4001,#155,.T.);
#5038=EDGE_CURVE('',#3976,#4002,#3545,.T.);
#5039=EDGE_CURVE('',#4002,#4003,#1660,.T.);
#5040=EDGE_CURVE('',#4003,#4004,#3546,.T.);
#5041=EDGE_CURVE('',#4004,#4005,#1661,.T.);
#5042=EDGE_CURVE('',#4005,#4006,#3547,.T.);
#5043=EDGE_CURVE('',#4006,#4007,#1662,.T.);
#5044=EDGE_CURVE('',#4007,#3972,#3548,.T.);
#5045=EDGE_CURVE('',#4002,#3708,#1663,.T.);
#5046=EDGE_CURVE('',#4003,#3707,#1664,.T.);
#5047=EDGE_CURVE('',#3964,#3725,#1665,.T.);
#5048=EDGE_CURVE('',#3965,#3724,#1666,.T.);
#5049=EDGE_CURVE('',#3966,#3723,#1667,.T.);
#5050=EDGE_CURVE('',#3967,#3722,#1668,.T.);
#5051=EDGE_CURVE('',#3968,#3721,#1669,.T.);
#5052=EDGE_CURVE('',#4008,#3847,#3549,.T.);
#5053=EDGE_CURVE('',#3846,#4009,#3550,.T.);
#5054=EDGE_CURVE('',#4009,#4010,#1670,.T.);
#5055=EDGE_CURVE('',#4010,#4011,#3551,.T.);
#5056=EDGE_CURVE('',#4011,#4012,#1671,.T.);
#5057=EDGE_CURVE('',#4012,#4013,#3552,.T.);
#5058=EDGE_CURVE('',#4013,#4014,#1672,.T.);
#5059=EDGE_CURVE('',#4014,#4015,#3553,.T.);
#5060=EDGE_CURVE('',#4015,#4008,#1673,.T.);
#5061=EDGE_CURVE('',#4013,#4016,#1674,.T.);
#5062=EDGE_CURVE('',#4016,#4017,#118,.T.);
#5063=EDGE_CURVE('',#4014,#4017,#1675,.T.);
#5064=EDGE_CURVE('',#4017,#4018,#156,.T.);
#5065=EDGE_CURVE('',#4015,#4018,#1676,.T.);
#5066=EDGE_CURVE('',#4018,#4019,#3554,.T.);
#5067=EDGE_CURVE('',#4019,#4008,#1677,.T.);
#5068=EDGE_CURVE('',#3848,#4019,#157,.T.);
#5069=EDGE_CURVE('',#3957,#3954,#1678,.T.);
#5070=EDGE_CURVE('',#4020,#3924,#1679,.T.);
#5071=EDGE_CURVE('',#4020,#3945,#1680,.T.);
#5072=EDGE_CURVE('',#3947,#4020,#1681,.T.);
#5073=EDGE_CURVE('',#4021,#3930,#1682,.T.);
#5074=EDGE_CURVE('',#3948,#4021,#1683,.T.);
#5075=EDGE_CURVE('',#4022,#3932,#1684,.T.);
#5076=EDGE_CURVE('',#4021,#4022,#1685,.T.);
#5077=EDGE_CURVE('',#4022,#3949,#1686,.T.);
#5078=EDGE_CURVE('',#4012,#4023,#1687,.T.);
#5079=EDGE_CURVE('',#4023,#4016,#158,.T.);
#5080=EDGE_CURVE('',#3982,#4024,#1688,.T.);
#5081=EDGE_CURVE('',#3986,#4024,#159,.T.);
#5082=EDGE_CURVE('',#3994,#4025,#1689,.T.);
#5083=EDGE_CURVE('',#3998,#4025,#160,.T.);
#5084=EDGE_CURVE('',#3920,#4026,#119,.T.);
#5085=EDGE_CURVE('',#4027,#3919,#120,.T.);
#5086=EDGE_CURVE('',#4026,#4027,#1690,.T.);
#5087=EDGE_CURVE('',#4027,#4028,#1691,.T.);
#5088=EDGE_CURVE('',#4028,#4029,#1692,.T.);
#5089=EDGE_CURVE('',#4029,#4026,#1693,.T.);
#5090=EDGE_CURVE('',#4029,#3918,#121,.T.);
#5091=EDGE_CURVE('',#3917,#4028,#122,.T.);
#5092=EDGE_CURVE('',#3862,#4030,#1694,.T.);
#5093=EDGE_CURVE('',#4030,#4030,#3555,.T.);
#5094=EDGE_CURVE('',#4031,#4031,#3556,.T.);
#5095=EDGE_CURVE('',#3863,#4032,#1695,.T.);
#5096=EDGE_CURVE('',#4032,#4032,#3557,.T.);
#5097=EDGE_CURVE('',#4033,#4033,#3558,.T.);
#5098=EDGE_CURVE('',#3858,#4034,#3559,.T.);
#5099=EDGE_CURVE('',#4035,#3857,#3560,.T.);
#5100=EDGE_CURVE('',#4034,#4035,#1696,.T.);
#5101=EDGE_CURVE('',#4036,#4037,#3561,.T.);
#5102=EDGE_CURVE('',#4035,#4036,#3562,.T.);
#5103=EDGE_CURVE('',#4037,#3857,#3563,.T.);
#5104=EDGE_CURVE('',#4038,#4037,#161,.T.);
#5105=EDGE_CURVE('',#4039,#4038,#3564,.T.);
#5106=EDGE_CURVE('',#4036,#4039,#162,.T.);
#5107=EDGE_CURVE('',#4040,#3702,#3565,.T.);
#5108=EDGE_CURVE('',#4039,#4040,#123,.T.);
#5109=EDGE_CURVE('',#3702,#4038,#124,.T.);
#5110=EDGE_CURVE('',#3701,#4041,#3566,.T.);
#5111=EDGE_CURVE('',#4042,#3700,#3567,.T.);
#5112=EDGE_CURVE('',#4041,#4042,#3568,.T.);
#5113=EDGE_CURVE('',#4043,#3699,#3569,.T.);
#5114=EDGE_CURVE('',#4042,#4043,#1697,.T.);
#5115=EDGE_CURVE('',#4044,#3698,#3570,.T.);
#5116=EDGE_CURVE('',#4043,#4044,#3571,.T.);
#5117=EDGE_CURVE('',#3892,#3697,#3572,.T.);
#5118=EDGE_CURVE('',#4044,#3892,#1698,.T.);
#5119=EDGE_CURVE('',#3893,#3696,#3573,.T.);
#5120=EDGE_CURVE('',#3894,#3695,#3574,.T.);
#5121=EDGE_CURVE('',#3895,#3642,#3575,.T.);
#5122=EDGE_CURVE('',#3896,#3641,#3576,.T.);
#5123=EDGE_CURVE('',#4040,#4041,#1699,.T.);
#5124=EDGE_CURVE('',#4024,#4045,#125,.T.);
#5125=EDGE_CURVE('',#4045,#4046,#163,.T.);
#5126=EDGE_CURVE('',#4046,#4047,#3577,.T.);
#5127=EDGE_CURVE('',#4047,#3853,#164,.T.);
#5128=EDGE_CURVE('',#4025,#4048,#126,.T.);
#5129=EDGE_CURVE('',#4049,#4048,#165,.T.);
#5130=EDGE_CURVE('',#4050,#4049,#3578,.T.);
#5131=EDGE_CURVE('',#3849,#4050,#166,.T.);
#5132=EDGE_CURVE('',#4051,#4023,#127,.T.);
#5133=EDGE_CURVE('',#4052,#4051,#167,.T.);
#5134=EDGE_CURVE('',#4053,#4052,#3579,.T.);
#5135=EDGE_CURVE('',#4053,#3845,#168,.T.);
#5136=EDGE_CURVE('',#4054,#3840,#169,.T.);
#5137=EDGE_CURVE('',#4055,#4054,#128,.T.);
#5138=EDGE_CURVE('',#4055,#4056,#170,.T.);
#5139=EDGE_CURVE('',#4057,#4056,#3580,.T.);
#5140=EDGE_CURVE('',#4057,#3861,#171,.T.);
#5141=EDGE_CURVE('',#3860,#3735,#3581,.T.);
#5142=EDGE_CURVE('',#4058,#3726,#129,.T.);
#5143=EDGE_CURVE('',#3977,#4058,#172,.T.);
#5144=EDGE_CURVE('',#3973,#4059,#173,.T.);
#5145=EDGE_CURVE('',#4059,#3703,#130,.T.);
#5146=EDGE_CURVE('',#3640,#3906,#3582,.T.);
#5147=EDGE_CURVE('',#3905,#4060,#3583,.T.);
#5148=EDGE_CURVE('',#4060,#4061,#1700,.T.);
#5149=EDGE_CURVE('',#4061,#3897,#3584,.T.);
#5150=EDGE_CURVE('',#4044,#3885,#1701,.T.);
#5151=EDGE_CURVE('',#4062,#3914,#3585,.T.);
#5152=EDGE_CURVE('',#3891,#4062,#1702,.T.);
#5153=EDGE_CURVE('',#3991,#4050,#1703,.T.);
#5154=EDGE_CURVE('',#3992,#4049,#1704,.T.);
#5155=EDGE_CURVE('',#3993,#4048,#1705,.T.);
#5156=EDGE_CURVE('',#3888,#4041,#1706,.T.);
#5157=EDGE_CURVE('',#4042,#3887,#1707,.T.);
#5158=EDGE_CURVE('',#4043,#3886,#1708,.T.);
#5159=EDGE_CURVE('',#4062,#4034,#1709,.T.);
#5160=EDGE_CURVE('',#3911,#3859,#3586,.T.);
#5161=EDGE_CURVE('',#3898,#4063,#131,.T.);
#5162=EDGE_CURVE('',#4063,#4061,#1710,.T.);
#5163=EDGE_CURVE('',#4063,#4064,#1711,.T.);
#5164=EDGE_CURVE('',#4064,#3904,#132,.T.);
#5165=EDGE_CURVE('',#4007,#4059,#1712,.T.);
#5166=EDGE_CURVE('',#4006,#3704,#1713,.T.);
#5167=EDGE_CURVE('',#3889,#4039,#1714,.T.);
#5168=EDGE_CURVE('',#3890,#4036,#1715,.T.);
#5169=EDGE_CURVE('',#3981,#4045,#1716,.T.);
#5170=EDGE_CURVE('',#3980,#4046,#1717,.T.);
#5171=EDGE_CURVE('',#3979,#4047,#1718,.T.);
#5172=EDGE_CURVE('',#3627,#3694,#1719,.T.);
#5173=EDGE_CURVE('',#4004,#3706,#1720,.T.);
#5174=EDGE_CURVE('',#4005,#3705,#1721,.T.);
#5175=EDGE_CURVE('',#4060,#4064,#1722,.T.);
#5176=EDGE_CURVE('',#3860,#3910,#3587,.T.);
#5177=EDGE_CURVE('',#3735,#3909,#3588,.T.);
#5178=EDGE_CURVE('',#3690,#3908,#3589,.T.);
#5179=EDGE_CURVE('',#3639,#3907,#3590,.T.);
#5180=EDGE_CURVE('',#3874,#3736,#1723,.T.);
#5181=EDGE_CURVE('',#3873,#3688,#1724,.F.);
#5182=EDGE_CURVE('',#3687,#3872,#1725,.T.);
#5183=EDGE_CURVE('',#3686,#3871,#1726,.T.);
#5184=EDGE_CURVE('',#4056,#3838,#1727,.T.);
#5185=EDGE_CURVE('',#3837,#4055,#1728,.T.);
#5186=EDGE_CURVE('',#3836,#4054,#1729,.T.);
#5187=EDGE_CURVE('',#3839,#4057,#1730,.T.);
#5188=EDGE_CURVE('',#3762,#3731,#1731,.T.);
#5189=EDGE_CURVE('',#3730,#3761,#1732,.T.);
#5190=EDGE_CURVE('',#3764,#3732,#1733,.T.);
#5191=EDGE_CURVE('',#3875,#3737,#1734,.T.);
#5192=EDGE_CURVE('',#3691,#3611,#1735,.T.);
#5193=EDGE_CURVE('',#3615,#3692,#1736,.T.);
#5194=EDGE_CURVE('',#3963,#4058,#1737,.T.);
#5195=EDGE_CURVE('',#4010,#4052,#1738,.T.);
#5196=EDGE_CURVE('',#4011,#4051,#1739,.T.);
#5197=EDGE_CURVE('',#4009,#4053,#1740,.T.);
#5198=EDGE_CURVE('',#4033,#3916,#1741,.T.);
#5199=EDGE_CURVE('',#4031,#3915,#1742,.T.);
#5200=EDGE_CURVE('',#4065,#4065,#3591,.T.);
#5201=EDGE_CURVE('',#4065,#3902,#1743,.T.);
#5202=EDGE_CURVE('',#3693,#3617,#1744,.T.);
#5203=EDGE_CURVE('',#4066,#4067,#1745,.T.);
#5204=EDGE_CURVE('',#4067,#4068,#1746,.T.);
#5205=EDGE_CURVE('',#4069,#4068,#1747,.T.);
#5206=EDGE_CURVE('',#4066,#4069,#1748,.T.);
#5207=EDGE_CURVE('',#4070,#4066,#1749,.T.);
#5208=EDGE_CURVE('',#4071,#4069,#1750,.T.);
#5209=EDGE_CURVE('',#4070,#4071,#1751,.T.);
#5210=EDGE_CURVE('',#4072,#4070,#1752,.T.);
#5211=EDGE_CURVE('',#4073,#4071,#1753,.T.);
#5212=EDGE_CURVE('',#4072,#4073,#1754,.T.);
#5213=EDGE_CURVE('',#4074,#4072,#1755,.T.);
#5214=EDGE_CURVE('',#4075,#4073,#1756,.T.);
#5215=EDGE_CURVE('',#4074,#4075,#1757,.T.);
#5216=EDGE_CURVE('',#4076,#4074,#1758,.T.);
#5217=EDGE_CURVE('',#4077,#4075,#1759,.T.);
#5218=EDGE_CURVE('',#4076,#4077,#1760,.T.);
#5219=EDGE_CURVE('',#4067,#4076,#1761,.T.);
#5220=EDGE_CURVE('',#4068,#4077,#1762,.T.);
#5221=EDGE_CURVE('',#4078,#4079,#1763,.T.);
#5222=EDGE_CURVE('',#4079,#4080,#1764,.T.);
#5223=EDGE_CURVE('',#4081,#4080,#1765,.T.);
#5224=EDGE_CURVE('',#4078,#4081,#1766,.T.);
#5225=EDGE_CURVE('',#4082,#4078,#1767,.T.);
#5226=EDGE_CURVE('',#4083,#4081,#1768,.T.);
#5227=EDGE_CURVE('',#4082,#4083,#1769,.T.);
#5228=EDGE_CURVE('',#4084,#4082,#1770,.T.);
#5229=EDGE_CURVE('',#4085,#4083,#1771,.T.);
#5230=EDGE_CURVE('',#4084,#4085,#1772,.T.);
#5231=EDGE_CURVE('',#4086,#4084,#1773,.T.);
#5232=EDGE_CURVE('',#4087,#4085,#1774,.T.);
#5233=EDGE_CURVE('',#4086,#4087,#1775,.T.);
#5234=EDGE_CURVE('',#4088,#4086,#1776,.T.);
#5235=EDGE_CURVE('',#4089,#4087,#1777,.T.);
#5236=EDGE_CURVE('',#4088,#4089,#1778,.T.);
#5237=EDGE_CURVE('',#4079,#4088,#1779,.T.);
#5238=EDGE_CURVE('',#4080,#4089,#1780,.T.);
#5239=EDGE_CURVE('',#4090,#4091,#1781,.T.);
#5240=EDGE_CURVE('',#4091,#4092,#1782,.T.);
#5241=EDGE_CURVE('',#4093,#4092,#1783,.T.);
#5242=EDGE_CURVE('',#4090,#4093,#1784,.T.);
#5243=EDGE_CURVE('',#4094,#4090,#1785,.T.);
#5244=EDGE_CURVE('',#4095,#4093,#1786,.T.);
#5245=EDGE_CURVE('',#4094,#4095,#1787,.T.);
#5246=EDGE_CURVE('',#4096,#4094,#1788,.T.);
#5247=EDGE_CURVE('',#4097,#4095,#1789,.T.);
#5248=EDGE_CURVE('',#4096,#4097,#1790,.T.);
#5249=EDGE_CURVE('',#4098,#4096,#1791,.T.);
#5250=EDGE_CURVE('',#4099,#4097,#1792,.T.);
#5251=EDGE_CURVE('',#4098,#4099,#1793,.T.);
#5252=EDGE_CURVE('',#4100,#4098,#1794,.T.);
#5253=EDGE_CURVE('',#4101,#4099,#1795,.T.);
#5254=EDGE_CURVE('',#4100,#4101,#1796,.T.);
#5255=EDGE_CURVE('',#4091,#4100,#1797,.T.);
#5256=EDGE_CURVE('',#4092,#4101,#1798,.T.);
#5257=EDGE_CURVE('',#4102,#4103,#1799,.T.);
#5258=EDGE_CURVE('',#4103,#4104,#1800,.T.);
#5259=EDGE_CURVE('',#4105,#4104,#1801,.T.);
#5260=EDGE_CURVE('',#4102,#4105,#1802,.T.);
#5261=EDGE_CURVE('',#4106,#4102,#1803,.T.);
#5262=EDGE_CURVE('',#4107,#4105,#1804,.T.);
#5263=EDGE_CURVE('',#4106,#4107,#1805,.T.);
#5264=EDGE_CURVE('',#4108,#4106,#1806,.T.);
#5265=EDGE_CURVE('',#4109,#4107,#1807,.T.);
#5266=EDGE_CURVE('',#4108,#4109,#1808,.T.);
#5267=EDGE_CURVE('',#4110,#4108,#1809,.T.);
#5268=EDGE_CURVE('',#4111,#4109,#1810,.T.);
#5269=EDGE_CURVE('',#4110,#4111,#1811,.T.);
#5270=EDGE_CURVE('',#4112,#4110,#1812,.T.);
#5271=EDGE_CURVE('',#4113,#4111,#1813,.T.);
#5272=EDGE_CURVE('',#4112,#4113,#1814,.T.);
#5273=EDGE_CURVE('',#4103,#4112,#1815,.T.);
#5274=EDGE_CURVE('',#4104,#4113,#1816,.T.);
#5275=EDGE_CURVE('',#4114,#4115,#1817,.T.);
#5276=EDGE_CURVE('',#4115,#4116,#1818,.T.);
#5277=EDGE_CURVE('',#4117,#4116,#1819,.T.);
#5278=EDGE_CURVE('',#4114,#4117,#1820,.T.);
#5279=EDGE_CURVE('',#4118,#4114,#1821,.T.);
#5280=EDGE_CURVE('',#4119,#4117,#1822,.T.);
#5281=EDGE_CURVE('',#4118,#4119,#1823,.T.);
#5282=EDGE_CURVE('',#4120,#4118,#1824,.T.);
#5283=EDGE_CURVE('',#4121,#4119,#1825,.T.);
#5284=EDGE_CURVE('',#4120,#4121,#1826,.T.);
#5285=EDGE_CURVE('',#4122,#4120,#1827,.T.);
#5286=EDGE_CURVE('',#4123,#4121,#1828,.T.);
#5287=EDGE_CURVE('',#4122,#4123,#1829,.T.);
#5288=EDGE_CURVE('',#4124,#4122,#1830,.T.);
#5289=EDGE_CURVE('',#4125,#4123,#1831,.T.);
#5290=EDGE_CURVE('',#4124,#4125,#1832,.T.);
#5291=EDGE_CURVE('',#4115,#4124,#1833,.T.);
#5292=EDGE_CURVE('',#4116,#4125,#1834,.T.);
#5293=EDGE_CURVE('',#4126,#4127,#1835,.T.);
#5294=EDGE_CURVE('',#4127,#4128,#1836,.T.);
#5295=EDGE_CURVE('',#4129,#4128,#1837,.T.);
#5296=EDGE_CURVE('',#4126,#4129,#1838,.T.);
#5297=EDGE_CURVE('',#4130,#4126,#1839,.T.);
#5298=EDGE_CURVE('',#4131,#4129,#1840,.T.);
#5299=EDGE_CURVE('',#4130,#4131,#1841,.T.);
#5300=EDGE_CURVE('',#4132,#4130,#1842,.T.);
#5301=EDGE_CURVE('',#4133,#4131,#1843,.T.);
#5302=EDGE_CURVE('',#4132,#4133,#1844,.T.);
#5303=EDGE_CURVE('',#4134,#4132,#1845,.T.);
#5304=EDGE_CURVE('',#4135,#4133,#1846,.T.);
#5305=EDGE_CURVE('',#4134,#4135,#1847,.T.);
#5306=EDGE_CURVE('',#4136,#4134,#1848,.T.);
#5307=EDGE_CURVE('',#4137,#4135,#1849,.T.);
#5308=EDGE_CURVE('',#4136,#4137,#1850,.T.);
#5309=EDGE_CURVE('',#4127,#4136,#1851,.T.);
#5310=EDGE_CURVE('',#4128,#4137,#1852,.T.);
#5311=EDGE_CURVE('',#4138,#4139,#1853,.T.);
#5312=EDGE_CURVE('',#4139,#4140,#1854,.T.);
#5313=EDGE_CURVE('',#4141,#4140,#1855,.T.);
#5314=EDGE_CURVE('',#4138,#4141,#1856,.T.);
#5315=EDGE_CURVE('',#4142,#4138,#1857,.T.);
#5316=EDGE_CURVE('',#4143,#4141,#1858,.T.);
#5317=EDGE_CURVE('',#4142,#4143,#1859,.T.);
#5318=EDGE_CURVE('',#4144,#4142,#1860,.T.);
#5319=EDGE_CURVE('',#4145,#4143,#1861,.T.);
#5320=EDGE_CURVE('',#4144,#4145,#1862,.T.);
#5321=EDGE_CURVE('',#4146,#4144,#1863,.T.);
#5322=EDGE_CURVE('',#4147,#4145,#1864,.T.);
#5323=EDGE_CURVE('',#4146,#4147,#1865,.T.);
#5324=EDGE_CURVE('',#4148,#4146,#1866,.T.);
#5325=EDGE_CURVE('',#4149,#4147,#1867,.T.);
#5326=EDGE_CURVE('',#4148,#4149,#1868,.T.);
#5327=EDGE_CURVE('',#4139,#4148,#1869,.T.);
#5328=EDGE_CURVE('',#4140,#4149,#1870,.T.);
#5329=EDGE_CURVE('',#4150,#4151,#1871,.T.);
#5330=EDGE_CURVE('',#4151,#4152,#1872,.T.);
#5331=EDGE_CURVE('',#4153,#4152,#1873,.T.);
#5332=EDGE_CURVE('',#4150,#4153,#1874,.T.);
#5333=EDGE_CURVE('',#4154,#4150,#1875,.T.);
#5334=EDGE_CURVE('',#4155,#4153,#1876,.T.);
#5335=EDGE_CURVE('',#4154,#4155,#1877,.T.);
#5336=EDGE_CURVE('',#4156,#4154,#1878,.T.);
#5337=EDGE_CURVE('',#4157,#4155,#1879,.T.);
#5338=EDGE_CURVE('',#4156,#4157,#1880,.T.);
#5339=EDGE_CURVE('',#4158,#4156,#1881,.T.);
#5340=EDGE_CURVE('',#4159,#4157,#1882,.T.);
#5341=EDGE_CURVE('',#4158,#4159,#1883,.T.);
#5342=EDGE_CURVE('',#4160,#4158,#1884,.T.);
#5343=EDGE_CURVE('',#4161,#4159,#1885,.T.);
#5344=EDGE_CURVE('',#4160,#4161,#1886,.T.);
#5345=EDGE_CURVE('',#4162,#4160,#1887,.T.);
#5346=EDGE_CURVE('',#4163,#4161,#1888,.T.);
#5347=EDGE_CURVE('',#4162,#4163,#1889,.T.);
#5348=EDGE_CURVE('',#4164,#4162,#1890,.T.);
#5349=EDGE_CURVE('',#4165,#4163,#1891,.T.);
#5350=EDGE_CURVE('',#4164,#4165,#1892,.T.);
#5351=EDGE_CURVE('',#4166,#4164,#1893,.T.);
#5352=EDGE_CURVE('',#4167,#4165,#1894,.T.);
#5353=EDGE_CURVE('',#4166,#4167,#1895,.T.);
#5354=EDGE_CURVE('',#4166,#4168,#3592,.T.);
#5355=EDGE_CURVE('',#4169,#4167,#3593,.T.);
#5356=EDGE_CURVE('',#4168,#4169,#1896,.T.);
#5357=EDGE_CURVE('',#4170,#4168,#1897,.T.);
#5358=EDGE_CURVE('',#4171,#4169,#1898,.T.);
#5359=EDGE_CURVE('',#4170,#4171,#1899,.T.);
#5360=EDGE_CURVE('',#4172,#4170,#1900,.T.);
#5361=EDGE_CURVE('',#4173,#4171,#1901,.T.);
#5362=EDGE_CURVE('',#4172,#4173,#1902,.T.);
#5363=EDGE_CURVE('',#4174,#4172,#1903,.T.);
#5364=EDGE_CURVE('',#4175,#4173,#1904,.T.);
#5365=EDGE_CURVE('',#4174,#4175,#1905,.T.);
#5366=EDGE_CURVE('',#4176,#4174,#1906,.T.);
#5367=EDGE_CURVE('',#4177,#4175,#1907,.T.);
#5368=EDGE_CURVE('',#4176,#4177,#1908,.T.);
#5369=EDGE_CURVE('',#4178,#4176,#1909,.T.);
#5370=EDGE_CURVE('',#4179,#4177,#1910,.T.);
#5371=EDGE_CURVE('',#4178,#4179,#1911,.T.);
#5372=EDGE_CURVE('',#4180,#4178,#1912,.T.);
#5373=EDGE_CURVE('',#4181,#4179,#1913,.T.);
#5374=EDGE_CURVE('',#4180,#4181,#1914,.T.);
#5375=EDGE_CURVE('',#4182,#4180,#1915,.T.);
#5376=EDGE_CURVE('',#4183,#4181,#1916,.T.);
#5377=EDGE_CURVE('',#4182,#4183,#1917,.T.);
#5378=EDGE_CURVE('',#4184,#4182,#1918,.T.);
#5379=EDGE_CURVE('',#4185,#4183,#1919,.T.);
#5380=EDGE_CURVE('',#4184,#4185,#1920,.T.);
#5381=EDGE_CURVE('',#4186,#4184,#1921,.T.);
#5382=EDGE_CURVE('',#4187,#4185,#1922,.T.);
#5383=EDGE_CURVE('',#4186,#4187,#1923,.T.);
#5384=EDGE_CURVE('',#4188,#4186,#1924,.T.);
#5385=EDGE_CURVE('',#4189,#4187,#1925,.T.);
#5386=EDGE_CURVE('',#4188,#4189,#1926,.T.);
#5387=EDGE_CURVE('',#4190,#4188,#1927,.T.);
#5388=EDGE_CURVE('',#4191,#4189,#1928,.T.);
#5389=EDGE_CURVE('',#4190,#4191,#1929,.T.);
#5390=EDGE_CURVE('',#4192,#4190,#1930,.T.);
#5391=EDGE_CURVE('',#4193,#4191,#1931,.T.);
#5392=EDGE_CURVE('',#4192,#4193,#1932,.T.);
#5393=EDGE_CURVE('',#4194,#4192,#1933,.T.);
#5394=EDGE_CURVE('',#4195,#4193,#1934,.T.);
#5395=EDGE_CURVE('',#4194,#4195,#1935,.T.);
#5396=EDGE_CURVE('',#4194,#4196,#3594,.T.);
#5397=EDGE_CURVE('',#4197,#4195,#3595,.T.);
#5398=EDGE_CURVE('',#4196,#4197,#1936,.T.);
#5399=EDGE_CURVE('',#4198,#4196,#1937,.T.);
#5400=EDGE_CURVE('',#4199,#4197,#1938,.T.);
#5401=EDGE_CURVE('',#4198,#4199,#1939,.T.);
#5402=EDGE_CURVE('',#4200,#4198,#1940,.T.);
#5403=EDGE_CURVE('',#4201,#4199,#1941,.T.);
#5404=EDGE_CURVE('',#4200,#4201,#1942,.T.);
#5405=EDGE_CURVE('',#4202,#4200,#1943,.T.);
#5406=EDGE_CURVE('',#4203,#4201,#1944,.T.);
#5407=EDGE_CURVE('',#4202,#4203,#1945,.T.);
#5408=EDGE_CURVE('',#4204,#4202,#1946,.T.);
#5409=EDGE_CURVE('',#4205,#4203,#1947,.T.);
#5410=EDGE_CURVE('',#4204,#4205,#1948,.T.);
#5411=EDGE_CURVE('',#4206,#4204,#1949,.T.);
#5412=EDGE_CURVE('',#4207,#4205,#1950,.T.);
#5413=EDGE_CURVE('',#4206,#4207,#1951,.T.);
#5414=EDGE_CURVE('',#4208,#4206,#1952,.T.);
#5415=EDGE_CURVE('',#4209,#4207,#1953,.T.);
#5416=EDGE_CURVE('',#4208,#4209,#1954,.T.);
#5417=EDGE_CURVE('',#4210,#4208,#1955,.T.);
#5418=EDGE_CURVE('',#4211,#4209,#1956,.T.);
#5419=EDGE_CURVE('',#4210,#4211,#1957,.T.);
#5420=EDGE_CURVE('',#4212,#4210,#1958,.T.);
#5421=EDGE_CURVE('',#4213,#4211,#1959,.T.);
#5422=EDGE_CURVE('',#4212,#4213,#1960,.T.);
#5423=EDGE_CURVE('',#4214,#4212,#1961,.T.);
#5424=EDGE_CURVE('',#4215,#4213,#1962,.T.);
#5425=EDGE_CURVE('',#4214,#4215,#1963,.T.);
#5426=EDGE_CURVE('',#4216,#4214,#1964,.T.);
#5427=EDGE_CURVE('',#4217,#4215,#1965,.T.);
#5428=EDGE_CURVE('',#4216,#4217,#1966,.T.);
#5429=EDGE_CURVE('',#4218,#4216,#1967,.T.);
#5430=EDGE_CURVE('',#4219,#4217,#1968,.T.);
#5431=EDGE_CURVE('',#4218,#4219,#1969,.T.);
#5432=EDGE_CURVE('',#4220,#4218,#1970,.T.);
#5433=EDGE_CURVE('',#4221,#4219,#1971,.T.);
#5434=EDGE_CURVE('',#4220,#4221,#1972,.T.);
#5435=EDGE_CURVE('',#4222,#4220,#1973,.T.);
#5436=EDGE_CURVE('',#4223,#4221,#1974,.T.);
#5437=EDGE_CURVE('',#4222,#4223,#1975,.T.);
#5438=EDGE_CURVE('',#4224,#4222,#1976,.T.);
#5439=EDGE_CURVE('',#4225,#4223,#1977,.T.);
#5440=EDGE_CURVE('',#4224,#4225,#1978,.T.);
#5441=EDGE_CURVE('',#4226,#4224,#1979,.T.);
#5442=EDGE_CURVE('',#4227,#4225,#1980,.T.);
#5443=EDGE_CURVE('',#4226,#4227,#1981,.T.);
#5444=EDGE_CURVE('',#4228,#4226,#1982,.T.);
#5445=EDGE_CURVE('',#4229,#4227,#1983,.T.);
#5446=EDGE_CURVE('',#4228,#4229,#1984,.T.);
#5447=EDGE_CURVE('',#4230,#4228,#1985,.T.);
#5448=EDGE_CURVE('',#4231,#4229,#1986,.T.);
#5449=EDGE_CURVE('',#4230,#4231,#1987,.T.);
#5450=EDGE_CURVE('',#4232,#4230,#1988,.T.);
#5451=EDGE_CURVE('',#4233,#4231,#1989,.T.);
#5452=EDGE_CURVE('',#4232,#4233,#1990,.T.);
#5453=EDGE_CURVE('',#4234,#4232,#1991,.T.);
#5454=EDGE_CURVE('',#4235,#4233,#1992,.T.);
#5455=EDGE_CURVE('',#4234,#4235,#1993,.T.);
#5456=EDGE_CURVE('',#4236,#4234,#1994,.T.);
#5457=EDGE_CURVE('',#4237,#4235,#1995,.T.);
#5458=EDGE_CURVE('',#4236,#4237,#1996,.T.);
#5459=EDGE_CURVE('',#4238,#4236,#1997,.T.);
#5460=EDGE_CURVE('',#4239,#4237,#1998,.T.);
#5461=EDGE_CURVE('',#4238,#4239,#1999,.T.);
#5462=EDGE_CURVE('',#4240,#4238,#2000,.T.);
#5463=EDGE_CURVE('',#4241,#4239,#2001,.T.);
#5464=EDGE_CURVE('',#4240,#4241,#2002,.T.);
#5465=EDGE_CURVE('',#4242,#4240,#2003,.T.);
#5466=EDGE_CURVE('',#4243,#4241,#2004,.T.);
#5467=EDGE_CURVE('',#4242,#4243,#2005,.T.);
#5468=EDGE_CURVE('',#4244,#4242,#2006,.T.);
#5469=EDGE_CURVE('',#4245,#4243,#2007,.T.);
#5470=EDGE_CURVE('',#4244,#4245,#2008,.T.);
#5471=EDGE_CURVE('',#4246,#4244,#2009,.T.);
#5472=EDGE_CURVE('',#4247,#4245,#2010,.T.);
#5473=EDGE_CURVE('',#4246,#4247,#2011,.T.);
#5474=EDGE_CURVE('',#4248,#4246,#2012,.T.);
#5475=EDGE_CURVE('',#4249,#4247,#2013,.T.);
#5476=EDGE_CURVE('',#4248,#4249,#2014,.T.);
#5477=EDGE_CURVE('',#4250,#4248,#2015,.T.);
#5478=EDGE_CURVE('',#4251,#4249,#2016,.T.);
#5479=EDGE_CURVE('',#4250,#4251,#2017,.T.);
#5480=EDGE_CURVE('',#4252,#4250,#2018,.T.);
#5481=EDGE_CURVE('',#4253,#4251,#2019,.T.);
#5482=EDGE_CURVE('',#4252,#4253,#2020,.T.);
#5483=EDGE_CURVE('',#4254,#4252,#2021,.T.);
#5484=EDGE_CURVE('',#4255,#4253,#2022,.T.);
#5485=EDGE_CURVE('',#4254,#4255,#2023,.T.);
#5486=EDGE_CURVE('',#4256,#4254,#2024,.T.);
#5487=EDGE_CURVE('',#4257,#4255,#2025,.T.);
#5488=EDGE_CURVE('',#4256,#4257,#2026,.T.);
#5489=EDGE_CURVE('',#4258,#4256,#2027,.T.);
#5490=EDGE_CURVE('',#4259,#4257,#2028,.T.);
#5491=EDGE_CURVE('',#4258,#4259,#2029,.T.);
#5492=EDGE_CURVE('',#4260,#4258,#2030,.T.);
#5493=EDGE_CURVE('',#4261,#4259,#2031,.T.);
#5494=EDGE_CURVE('',#4260,#4261,#2032,.T.);
#5495=EDGE_CURVE('',#4151,#4260,#2033,.T.);
#5496=EDGE_CURVE('',#4152,#4261,#2034,.T.);
#5497=EDGE_CURVE('',#4262,#4263,#2035,.T.);
#5498=EDGE_CURVE('',#4263,#4264,#2036,.T.);
#5499=EDGE_CURVE('',#4265,#4264,#2037,.T.);
#5500=EDGE_CURVE('',#4262,#4265,#2038,.T.);
#5501=EDGE_CURVE('',#4266,#4262,#2039,.T.);
#5502=EDGE_CURVE('',#4267,#4265,#2040,.T.);
#5503=EDGE_CURVE('',#4266,#4267,#2041,.T.);
#5504=EDGE_CURVE('',#4268,#4266,#2042,.T.);
#5505=EDGE_CURVE('',#4269,#4267,#2043,.T.);
#5506=EDGE_CURVE('',#4268,#4269,#2044,.T.);
#5507=EDGE_CURVE('',#4270,#4268,#2045,.T.);
#5508=EDGE_CURVE('',#4271,#4269,#2046,.T.);
#5509=EDGE_CURVE('',#4270,#4271,#2047,.T.);
#5510=EDGE_CURVE('',#4272,#4270,#2048,.T.);
#5511=EDGE_CURVE('',#4273,#4271,#2049,.T.);
#5512=EDGE_CURVE('',#4272,#4273,#2050,.T.);
#5513=EDGE_CURVE('',#4263,#4272,#2051,.T.);
#5514=EDGE_CURVE('',#4264,#4273,#2052,.T.);
#5515=EDGE_CURVE('',#4274,#4275,#2053,.T.);
#5516=EDGE_CURVE('',#4275,#4276,#2054,.T.);
#5517=EDGE_CURVE('',#4277,#4276,#2055,.T.);
#5518=EDGE_CURVE('',#4274,#4277,#2056,.T.);
#5519=EDGE_CURVE('',#4278,#4274,#2057,.T.);
#5520=EDGE_CURVE('',#4279,#4277,#2058,.T.);
#5521=EDGE_CURVE('',#4278,#4279,#2059,.T.);
#5522=EDGE_CURVE('',#4278,#4280,#3596,.T.);
#5523=EDGE_CURVE('',#4281,#4279,#3597,.T.);
#5524=EDGE_CURVE('',#4280,#4281,#2060,.T.);
#5525=EDGE_CURVE('',#4282,#4280,#2061,.T.);
#5526=EDGE_CURVE('',#4283,#4281,#2062,.T.);
#5527=EDGE_CURVE('',#4282,#4283,#2063,.T.);
#5528=EDGE_CURVE('',#4284,#4282,#2064,.T.);
#5529=EDGE_CURVE('',#4285,#4283,#2065,.T.);
#5530=EDGE_CURVE('',#4284,#4285,#2066,.T.);
#5531=EDGE_CURVE('',#4284,#4286,#3598,.T.);
#5532=EDGE_CURVE('',#4287,#4285,#3599,.T.);
#5533=EDGE_CURVE('',#4286,#4287,#2067,.T.);
#5534=EDGE_CURVE('',#4288,#4286,#2068,.T.);
#5535=EDGE_CURVE('',#4289,#4287,#2069,.T.);
#5536=EDGE_CURVE('',#4288,#4289,#2070,.T.);
#5537=EDGE_CURVE('',#4290,#4288,#2071,.T.);
#5538=EDGE_CURVE('',#4291,#4289,#2072,.T.);
#5539=EDGE_CURVE('',#4290,#4291,#2073,.T.);
#5540=EDGE_CURVE('',#4292,#4290,#2074,.T.);
#5541=EDGE_CURVE('',#4293,#4291,#2075,.T.);
#5542=EDGE_CURVE('',#4292,#4293,#2076,.T.);
#5543=EDGE_CURVE('',#4294,#4292,#2077,.T.);
#5544=EDGE_CURVE('',#4295,#4293,#2078,.T.);
#5545=EDGE_CURVE('',#4294,#4295,#2079,.T.);
#5546=EDGE_CURVE('',#4296,#4294,#2080,.T.);
#5547=EDGE_CURVE('',#4297,#4295,#2081,.T.);
#5548=EDGE_CURVE('',#4296,#4297,#2082,.T.);
#5549=EDGE_CURVE('',#4298,#4296,#2083,.T.);
#5550=EDGE_CURVE('',#4299,#4297,#2084,.T.);
#5551=EDGE_CURVE('',#4298,#4299,#2085,.T.);
#5552=EDGE_CURVE('',#4300,#4298,#2086,.T.);
#5553=EDGE_CURVE('',#4301,#4299,#2087,.T.);
#5554=EDGE_CURVE('',#4300,#4301,#2088,.T.);
#5555=EDGE_CURVE('',#4302,#4300,#2089,.T.);
#5556=EDGE_CURVE('',#4303,#4301,#2090,.T.);
#5557=EDGE_CURVE('',#4302,#4303,#2091,.T.);
#5558=EDGE_CURVE('',#4304,#4302,#2092,.T.);
#5559=EDGE_CURVE('',#4305,#4303,#2093,.T.);
#5560=EDGE_CURVE('',#4304,#4305,#2094,.T.);
#5561=EDGE_CURVE('',#4306,#4304,#2095,.T.);
#5562=EDGE_CURVE('',#4307,#4305,#2096,.T.);
#5563=EDGE_CURVE('',#4306,#4307,#2097,.T.);
#5564=EDGE_CURVE('',#4308,#4306,#2098,.T.);
#5565=EDGE_CURVE('',#4309,#4307,#2099,.T.);
#5566=EDGE_CURVE('',#4308,#4309,#2100,.T.);
#5567=EDGE_CURVE('',#4310,#4308,#2101,.T.);
#5568=EDGE_CURVE('',#4311,#4309,#2102,.T.);
#5569=EDGE_CURVE('',#4310,#4311,#2103,.T.);
#5570=EDGE_CURVE('',#4312,#4310,#2104,.T.);
#5571=EDGE_CURVE('',#4313,#4311,#2105,.T.);
#5572=EDGE_CURVE('',#4312,#4313,#2106,.T.);
#5573=EDGE_CURVE('',#4314,#4312,#2107,.T.);
#5574=EDGE_CURVE('',#4315,#4313,#2108,.T.);
#5575=EDGE_CURVE('',#4314,#4315,#2109,.T.);
#5576=EDGE_CURVE('',#4316,#4314,#2110,.T.);
#5577=EDGE_CURVE('',#4317,#4315,#2111,.T.);
#5578=EDGE_CURVE('',#4316,#4317,#2112,.T.);
#5579=EDGE_CURVE('',#4318,#4316,#2113,.T.);
#5580=EDGE_CURVE('',#4319,#4317,#2114,.T.);
#5581=EDGE_CURVE('',#4318,#4319,#2115,.T.);
#5582=EDGE_CURVE('',#4320,#4318,#2116,.T.);
#5583=EDGE_CURVE('',#4321,#4319,#2117,.T.);
#5584=EDGE_CURVE('',#4320,#4321,#2118,.T.);
#5585=EDGE_CURVE('',#4322,#4320,#2119,.T.);
#5586=EDGE_CURVE('',#4323,#4321,#2120,.T.);
#5587=EDGE_CURVE('',#4322,#4323,#2121,.T.);
#5588=EDGE_CURVE('',#4324,#4322,#2122,.T.);
#5589=EDGE_CURVE('',#4325,#4323,#2123,.T.);
#5590=EDGE_CURVE('',#4324,#4325,#2124,.T.);
#5591=EDGE_CURVE('',#4324,#4326,#3600,.T.);
#5592=EDGE_CURVE('',#4327,#4325,#3601,.T.);
#5593=EDGE_CURVE('',#4326,#4327,#2125,.T.);
#5594=EDGE_CURVE('',#4328,#4326,#2126,.T.);
#5595=EDGE_CURVE('',#4329,#4327,#2127,.T.);
#5596=EDGE_CURVE('',#4328,#4329,#2128,.T.);
#5597=EDGE_CURVE('',#4330,#4328,#2129,.T.);
#5598=EDGE_CURVE('',#4331,#4329,#2130,.T.);
#5599=EDGE_CURVE('',#4330,#4331,#2131,.T.);
#5600=EDGE_CURVE('',#4332,#4330,#2132,.T.);
#5601=EDGE_CURVE('',#4333,#4331,#2133,.T.);
#5602=EDGE_CURVE('',#4332,#4333,#2134,.T.);
#5603=EDGE_CURVE('',#4334,#4332,#2135,.T.);
#5604=EDGE_CURVE('',#4335,#4333,#2136,.T.);
#5605=EDGE_CURVE('',#4334,#4335,#2137,.T.);
#5606=EDGE_CURVE('',#4336,#4334,#2138,.T.);
#5607=EDGE_CURVE('',#4337,#4335,#2139,.T.);
#5608=EDGE_CURVE('',#4336,#4337,#2140,.T.);
#5609=EDGE_CURVE('',#4338,#4336,#2141,.T.);
#5610=EDGE_CURVE('',#4339,#4337,#2142,.T.);
#5611=EDGE_CURVE('',#4338,#4339,#2143,.T.);
#5612=EDGE_CURVE('',#4340,#4338,#2144,.T.);
#5613=EDGE_CURVE('',#4341,#4339,#2145,.T.);
#5614=EDGE_CURVE('',#4340,#4341,#2146,.T.);
#5615=EDGE_CURVE('',#4342,#4340,#2147,.T.);
#5616=EDGE_CURVE('',#4343,#4341,#2148,.T.);
#5617=EDGE_CURVE('',#4342,#4343,#2149,.T.);
#5618=EDGE_CURVE('',#4344,#4342,#2150,.T.);
#5619=EDGE_CURVE('',#4345,#4343,#2151,.T.);
#5620=EDGE_CURVE('',#4344,#4345,#2152,.T.);
#5621=EDGE_CURVE('',#4346,#4344,#2153,.T.);
#5622=EDGE_CURVE('',#4347,#4345,#2154,.T.);
#5623=EDGE_CURVE('',#4346,#4347,#2155,.T.);
#5624=EDGE_CURVE('',#4348,#4346,#2156,.T.);
#5625=EDGE_CURVE('',#4349,#4347,#2157,.T.);
#5626=EDGE_CURVE('',#4348,#4349,#2158,.T.);
#5627=EDGE_CURVE('',#4350,#4348,#2159,.T.);
#5628=EDGE_CURVE('',#4351,#4349,#2160,.T.);
#5629=EDGE_CURVE('',#4350,#4351,#2161,.T.);
#5630=EDGE_CURVE('',#4352,#4350,#2162,.T.);
#5631=EDGE_CURVE('',#4353,#4351,#2163,.T.);
#5632=EDGE_CURVE('',#4352,#4353,#2164,.T.);
#5633=EDGE_CURVE('',#4354,#4352,#2165,.T.);
#5634=EDGE_CURVE('',#4355,#4353,#2166,.T.);
#5635=EDGE_CURVE('',#4354,#4355,#2167,.T.);
#5636=EDGE_CURVE('',#4356,#4354,#2168,.T.);
#5637=EDGE_CURVE('',#4357,#4355,#2169,.T.);
#5638=EDGE_CURVE('',#4356,#4357,#2170,.T.);
#5639=EDGE_CURVE('',#4358,#4356,#2171,.T.);
#5640=EDGE_CURVE('',#4359,#4357,#2172,.T.);
#5641=EDGE_CURVE('',#4358,#4359,#2173,.T.);
#5642=EDGE_CURVE('',#4360,#4358,#2174,.T.);
#5643=EDGE_CURVE('',#4361,#4359,#2175,.T.);
#5644=EDGE_CURVE('',#4360,#4361,#2176,.T.);
#5645=EDGE_CURVE('',#4362,#4360,#2177,.T.);
#5646=EDGE_CURVE('',#4363,#4361,#2178,.T.);
#5647=EDGE_CURVE('',#4362,#4363,#2179,.T.);
#5648=EDGE_CURVE('',#4275,#4362,#2180,.T.);
#5649=EDGE_CURVE('',#4276,#4363,#2181,.T.);
#5650=EDGE_CURVE('',#4364,#4365,#2182,.T.);
#5651=EDGE_CURVE('',#4365,#4366,#2183,.T.);
#5652=EDGE_CURVE('',#4367,#4366,#2184,.T.);
#5653=EDGE_CURVE('',#4364,#4367,#2185,.T.);
#5654=EDGE_CURVE('',#4368,#4364,#2186,.T.);
#5655=EDGE_CURVE('',#4369,#4367,#2187,.T.);
#5656=EDGE_CURVE('',#4368,#4369,#2188,.T.);
#5657=EDGE_CURVE('',#4370,#4368,#2189,.T.);
#5658=EDGE_CURVE('',#4371,#4369,#2190,.T.);
#5659=EDGE_CURVE('',#4370,#4371,#2191,.T.);
#5660=EDGE_CURVE('',#4372,#4370,#2192,.T.);
#5661=EDGE_CURVE('',#4373,#4371,#2193,.T.);
#5662=EDGE_CURVE('',#4372,#4373,#2194,.T.);
#5663=EDGE_CURVE('',#4374,#4372,#2195,.T.);
#5664=EDGE_CURVE('',#4375,#4373,#2196,.T.);
#5665=EDGE_CURVE('',#4374,#4375,#2197,.T.);
#5666=EDGE_CURVE('',#4365,#4374,#2198,.T.);
#5667=EDGE_CURVE('',#4366,#4375,#2199,.T.);
#5668=EDGE_CURVE('',#4376,#4377,#2200,.T.);
#5669=EDGE_CURVE('',#4377,#4378,#2201,.T.);
#5670=EDGE_CURVE('',#4379,#4378,#2202,.T.);
#5671=EDGE_CURVE('',#4376,#4379,#2203,.T.);
#5672=EDGE_CURVE('',#4380,#4376,#2204,.T.);
#5673=EDGE_CURVE('',#4381,#4379,#2205,.T.);
#5674=EDGE_CURVE('',#4380,#4381,#2206,.T.);
#5675=EDGE_CURVE('',#4382,#4380,#2207,.T.);
#5676=EDGE_CURVE('',#4383,#4381,#2208,.T.);
#5677=EDGE_CURVE('',#4382,#4383,#2209,.T.);
#5678=EDGE_CURVE('',#4384,#4382,#2210,.T.);
#5679=EDGE_CURVE('',#4385,#4383,#2211,.T.);
#5680=EDGE_CURVE('',#4384,#4385,#2212,.T.);
#5681=EDGE_CURVE('',#4386,#4384,#2213,.T.);
#5682=EDGE_CURVE('',#4387,#4385,#2214,.T.);
#5683=EDGE_CURVE('',#4386,#4387,#2215,.T.);
#5684=EDGE_CURVE('',#4377,#4386,#2216,.T.);
#5685=EDGE_CURVE('',#4378,#4387,#2217,.T.);
#5686=EDGE_CURVE('',#4388,#4389,#2218,.T.);
#5687=EDGE_CURVE('',#4389,#4390,#2219,.T.);
#5688=EDGE_CURVE('',#4391,#4390,#2220,.T.);
#5689=EDGE_CURVE('',#4388,#4391,#2221,.T.);
#5690=EDGE_CURVE('',#4392,#4388,#2222,.T.);
#5691=EDGE_CURVE('',#4393,#4391,#2223,.T.);
#5692=EDGE_CURVE('',#4392,#4393,#2224,.T.);
#5693=EDGE_CURVE('',#4394,#4392,#2225,.T.);
#5694=EDGE_CURVE('',#4395,#4393,#2226,.T.);
#5695=EDGE_CURVE('',#4394,#4395,#2227,.T.);
#5696=EDGE_CURVE('',#4394,#4396,#3602,.T.);
#5697=EDGE_CURVE('',#4397,#4395,#3603,.T.);
#5698=EDGE_CURVE('',#4396,#4397,#2228,.T.);
#5699=EDGE_CURVE('',#4398,#4396,#2229,.T.);
#5700=EDGE_CURVE('',#4399,#4397,#2230,.T.);
#5701=EDGE_CURVE('',#4398,#4399,#2231,.T.);
#5702=EDGE_CURVE('',#4400,#4398,#2232,.T.);
#5703=EDGE_CURVE('',#4401,#4399,#2233,.T.);
#5704=EDGE_CURVE('',#4400,#4401,#2234,.T.);
#5705=EDGE_CURVE('',#4402,#4400,#2235,.T.);
#5706=EDGE_CURVE('',#4403,#4401,#2236,.T.);
#5707=EDGE_CURVE('',#4402,#4403,#2237,.T.);
#5708=EDGE_CURVE('',#4404,#4402,#2238,.T.);
#5709=EDGE_CURVE('',#4405,#4403,#2239,.T.);
#5710=EDGE_CURVE('',#4404,#4405,#2240,.T.);
#5711=EDGE_CURVE('',#4404,#4406,#3604,.T.);
#5712=EDGE_CURVE('',#4407,#4405,#3605,.T.);
#5713=EDGE_CURVE('',#4406,#4407,#2241,.T.);
#5714=EDGE_CURVE('',#4408,#4406,#2242,.T.);
#5715=EDGE_CURVE('',#4409,#4407,#2243,.T.);
#5716=EDGE_CURVE('',#4408,#4409,#2244,.T.);
#5717=EDGE_CURVE('',#4410,#4408,#2245,.T.);
#5718=EDGE_CURVE('',#4411,#4409,#2246,.T.);
#5719=EDGE_CURVE('',#4410,#4411,#2247,.T.);
#5720=EDGE_CURVE('',#4412,#4410,#2248,.T.);
#5721=EDGE_CURVE('',#4413,#4411,#2249,.T.);
#5722=EDGE_CURVE('',#4412,#4413,#2250,.T.);
#5723=EDGE_CURVE('',#4414,#4412,#2251,.T.);
#5724=EDGE_CURVE('',#4415,#4413,#2252,.T.);
#5725=EDGE_CURVE('',#4414,#4415,#2253,.T.);
#5726=EDGE_CURVE('',#4416,#4414,#2254,.T.);
#5727=EDGE_CURVE('',#4417,#4415,#2255,.T.);
#5728=EDGE_CURVE('',#4416,#4417,#2256,.T.);
#5729=EDGE_CURVE('',#4418,#4416,#2257,.T.);
#5730=EDGE_CURVE('',#4419,#4417,#2258,.T.);
#5731=EDGE_CURVE('',#4418,#4419,#2259,.T.);
#5732=EDGE_CURVE('',#4420,#4418,#2260,.T.);
#5733=EDGE_CURVE('',#4421,#4419,#2261,.T.);
#5734=EDGE_CURVE('',#4420,#4421,#2262,.T.);
#5735=EDGE_CURVE('',#4422,#4420,#2263,.T.);
#5736=EDGE_CURVE('',#4423,#4421,#2264,.T.);
#5737=EDGE_CURVE('',#4422,#4423,#2265,.T.);
#5738=EDGE_CURVE('',#4424,#4422,#2266,.T.);
#5739=EDGE_CURVE('',#4425,#4423,#2267,.T.);
#5740=EDGE_CURVE('',#4424,#4425,#2268,.T.);
#5741=EDGE_CURVE('',#4426,#4424,#2269,.T.);
#5742=EDGE_CURVE('',#4427,#4425,#2270,.T.);
#5743=EDGE_CURVE('',#4426,#4427,#2271,.T.);
#5744=EDGE_CURVE('',#4428,#4426,#2272,.T.);
#5745=EDGE_CURVE('',#4429,#4427,#2273,.T.);
#5746=EDGE_CURVE('',#4428,#4429,#2274,.T.);
#5747=EDGE_CURVE('',#4430,#4428,#2275,.T.);
#5748=EDGE_CURVE('',#4431,#4429,#2276,.T.);
#5749=EDGE_CURVE('',#4430,#4431,#2277,.T.);
#5750=EDGE_CURVE('',#4432,#4430,#2278,.T.);
#5751=EDGE_CURVE('',#4433,#4431,#2279,.T.);
#5752=EDGE_CURVE('',#4432,#4433,#2280,.T.);
#5753=EDGE_CURVE('',#4434,#4432,#2281,.T.);
#5754=EDGE_CURVE('',#4435,#4433,#2282,.T.);
#5755=EDGE_CURVE('',#4434,#4435,#2283,.T.);
#5756=EDGE_CURVE('',#4436,#4434,#2284,.T.);
#5757=EDGE_CURVE('',#4437,#4435,#2285,.T.);
#5758=EDGE_CURVE('',#4436,#4437,#2286,.T.);
#5759=EDGE_CURVE('',#4436,#4438,#3606,.T.);
#5760=EDGE_CURVE('',#4439,#4437,#3607,.T.);
#5761=EDGE_CURVE('',#4438,#4439,#2287,.T.);
#5762=EDGE_CURVE('',#4440,#4438,#2288,.T.);
#5763=EDGE_CURVE('',#4441,#4439,#2289,.T.);
#5764=EDGE_CURVE('',#4440,#4441,#2290,.T.);
#5765=EDGE_CURVE('',#4442,#4440,#2291,.T.);
#5766=EDGE_CURVE('',#4443,#4441,#2292,.T.);
#5767=EDGE_CURVE('',#4442,#4443,#2293,.T.);
#5768=EDGE_CURVE('',#4442,#4444,#3608,.T.);
#5769=EDGE_CURVE('',#4445,#4443,#3609,.T.);
#5770=EDGE_CURVE('',#4444,#4445,#2294,.T.);
#5771=EDGE_CURVE('',#4446,#4444,#2295,.T.);
#5772=EDGE_CURVE('',#4447,#4445,#2296,.T.);
#5773=EDGE_CURVE('',#4446,#4447,#2297,.T.);
#5774=EDGE_CURVE('',#4448,#4446,#2298,.T.);
#5775=EDGE_CURVE('',#4449,#4447,#2299,.T.);
#5776=EDGE_CURVE('',#4448,#4449,#2300,.T.);
#5777=EDGE_CURVE('',#4450,#4448,#2301,.T.);
#5778=EDGE_CURVE('',#4451,#4449,#2302,.T.);
#5779=EDGE_CURVE('',#4450,#4451,#2303,.T.);
#5780=EDGE_CURVE('',#4452,#4450,#2304,.T.);
#5781=EDGE_CURVE('',#4453,#4451,#2305,.T.);
#5782=EDGE_CURVE('',#4452,#4453,#2306,.T.);
#5783=EDGE_CURVE('',#4454,#4452,#2307,.T.);
#5784=EDGE_CURVE('',#4455,#4453,#2308,.T.);
#5785=EDGE_CURVE('',#4454,#4455,#2309,.T.);
#5786=EDGE_CURVE('',#4456,#4454,#2310,.T.);
#5787=EDGE_CURVE('',#4457,#4455,#2311,.T.);
#5788=EDGE_CURVE('',#4456,#4457,#2312,.T.);
#5789=EDGE_CURVE('',#4458,#4456,#2313,.T.);
#5790=EDGE_CURVE('',#4459,#4457,#2314,.T.);
#5791=EDGE_CURVE('',#4458,#4459,#2315,.T.);
#5792=EDGE_CURVE('',#4460,#4458,#2316,.T.);
#5793=EDGE_CURVE('',#4461,#4459,#2317,.T.);
#5794=EDGE_CURVE('',#4460,#4461,#2318,.T.);
#5795=EDGE_CURVE('',#4462,#4460,#2319,.T.);
#5796=EDGE_CURVE('',#4463,#4461,#2320,.T.);
#5797=EDGE_CURVE('',#4462,#4463,#2321,.T.);
#5798=EDGE_CURVE('',#4464,#4462,#2322,.T.);
#5799=EDGE_CURVE('',#4465,#4463,#2323,.T.);
#5800=EDGE_CURVE('',#4464,#4465,#2324,.T.);
#5801=EDGE_CURVE('',#4466,#4464,#2325,.T.);
#5802=EDGE_CURVE('',#4467,#4465,#2326,.T.);
#5803=EDGE_CURVE('',#4466,#4467,#2327,.T.);
#5804=EDGE_CURVE('',#4468,#4466,#2328,.T.);
#5805=EDGE_CURVE('',#4469,#4467,#2329,.T.);
#5806=EDGE_CURVE('',#4468,#4469,#2330,.T.);
#5807=EDGE_CURVE('',#4470,#4468,#2331,.T.);
#5808=EDGE_CURVE('',#4471,#4469,#2332,.T.);
#5809=EDGE_CURVE('',#4470,#4471,#2333,.T.);
#5810=EDGE_CURVE('',#4472,#4470,#2334,.T.);
#5811=EDGE_CURVE('',#4473,#4471,#2335,.T.);
#5812=EDGE_CURVE('',#4472,#4473,#2336,.T.);
#5813=EDGE_CURVE('',#4474,#4472,#2337,.T.);
#5814=EDGE_CURVE('',#4475,#4473,#2338,.T.);
#5815=EDGE_CURVE('',#4474,#4475,#2339,.T.);
#5816=EDGE_CURVE('',#4389,#4474,#2340,.T.);
#5817=EDGE_CURVE('',#4390,#4475,#2341,.T.);
#5818=ORIENTED_EDGE('',*,*,#4476,.F.);
#5819=ORIENTED_EDGE('',*,*,#4477,.F.);
#5820=ORIENTED_EDGE('',*,*,#4478,.F.);
#5821=ORIENTED_EDGE('',*,*,#4479,.F.);
#5822=ORIENTED_EDGE('',*,*,#4480,.F.);
#5823=ORIENTED_EDGE('',*,*,#4481,.F.);
#5824=ORIENTED_EDGE('',*,*,#4482,.F.);
#5825=ORIENTED_EDGE('',*,*,#4483,.F.);
#5826=ORIENTED_EDGE('',*,*,#4484,.F.);
#5827=ORIENTED_EDGE('',*,*,#4485,.F.);
#5828=ORIENTED_EDGE('',*,*,#4486,.F.);
#5829=ORIENTED_EDGE('',*,*,#4487,.F.);
#5830=ORIENTED_EDGE('',*,*,#4488,.F.);
#5831=ORIENTED_EDGE('',*,*,#4489,.F.);
#5832=ORIENTED_EDGE('',*,*,#4490,.F.);
#5833=ORIENTED_EDGE('',*,*,#4491,.F.);
#5834=ORIENTED_EDGE('',*,*,#4492,.F.);
#5835=ORIENTED_EDGE('',*,*,#4493,.F.);
#5836=ORIENTED_EDGE('',*,*,#4478,.T.);
#5837=ORIENTED_EDGE('',*,*,#4494,.F.);
#5838=ORIENTED_EDGE('',*,*,#4495,.F.);
#5839=ORIENTED_EDGE('',*,*,#4496,.F.);
#5840=ORIENTED_EDGE('',*,*,#4477,.T.);
#5841=ORIENTED_EDGE('',*,*,#4497,.F.);
#5842=ORIENTED_EDGE('',*,*,#4498,.T.);
#5843=ORIENTED_EDGE('',*,*,#4494,.T.);
#5844=ORIENTED_EDGE('',*,*,#4486,.T.);
#5845=ORIENTED_EDGE('',*,*,#4499,.F.);
#5846=ORIENTED_EDGE('',*,*,#4500,.T.);
#5847=ORIENTED_EDGE('',*,*,#4501,.T.);
#5848=ORIENTED_EDGE('',*,*,#4485,.T.);
#5849=ORIENTED_EDGE('',*,*,#4502,.T.);
#5850=ORIENTED_EDGE('',*,*,#4503,.T.);
#5851=ORIENTED_EDGE('',*,*,#4499,.T.);
#5852=ORIENTED_EDGE('',*,*,#4484,.T.);
#5853=ORIENTED_EDGE('',*,*,#4504,.F.);
#5854=ORIENTED_EDGE('',*,*,#4505,.F.);
#5855=ORIENTED_EDGE('',*,*,#4502,.F.);
#5856=ORIENTED_EDGE('',*,*,#4491,.T.);
#5857=ORIENTED_EDGE('',*,*,#4506,.T.);
#5858=ORIENTED_EDGE('',*,*,#4507,.F.);
#5859=ORIENTED_EDGE('',*,*,#4508,.F.);
#5860=ORIENTED_EDGE('',*,*,#4490,.T.);
#5861=ORIENTED_EDGE('',*,*,#4509,.T.);
#5862=ORIENTED_EDGE('',*,*,#4510,.F.);
#5863=ORIENTED_EDGE('',*,*,#4506,.F.);
#5864=ORIENTED_EDGE('',*,*,#4489,.T.);
#5865=ORIENTED_EDGE('',*,*,#4511,.T.);
#5866=ORIENTED_EDGE('',*,*,#4512,.T.);
#5867=ORIENTED_EDGE('',*,*,#4509,.F.);
#5868=ORIENTED_EDGE('',*,*,#4479,.T.);
#5869=ORIENTED_EDGE('',*,*,#4496,.T.);
#5870=ORIENTED_EDGE('',*,*,#4513,.F.);
#5871=ORIENTED_EDGE('',*,*,#4514,.T.);
#5872=ORIENTED_EDGE('',*,*,#4515,.T.);
#5873=ORIENTED_EDGE('',*,*,#4516,.T.);
#5874=ORIENTED_EDGE('',*,*,#4517,.F.);
#5875=ORIENTED_EDGE('',*,*,#4511,.F.);
#5876=ORIENTED_EDGE('',*,*,#4488,.T.);
#5877=ORIENTED_EDGE('',*,*,#4518,.T.);
#5878=ORIENTED_EDGE('',*,*,#4519,.F.);
#5879=ORIENTED_EDGE('',*,*,#4504,.T.);
#5880=ORIENTED_EDGE('',*,*,#4483,.T.);
#5881=ORIENTED_EDGE('',*,*,#4520,.T.);
#5882=ORIENTED_EDGE('',*,*,#4521,.F.);
#5883=ORIENTED_EDGE('',*,*,#4522,.T.);
#5884=ORIENTED_EDGE('',*,*,#4523,.F.);
#5885=ORIENTED_EDGE('',*,*,#4524,.T.);
#5886=ORIENTED_EDGE('',*,*,#4525,.T.);
#5887=ORIENTED_EDGE('',*,*,#4526,.T.);
#5888=ORIENTED_EDGE('',*,*,#4526,.F.);
#5889=ORIENTED_EDGE('',*,*,#4527,.F.);
#5890=ORIENTED_EDGE('',*,*,#4528,.F.);
#5891=ORIENTED_EDGE('',*,*,#4529,.F.);
#5892=ORIENTED_EDGE('',*,*,#4530,.T.);
#5893=ORIENTED_EDGE('',*,*,#4531,.F.);
#5894=ORIENTED_EDGE('',*,*,#4532,.T.);
#5895=ORIENTED_EDGE('',*,*,#4533,.T.);
#5896=ORIENTED_EDGE('',*,*,#4534,.T.);
#5897=ORIENTED_EDGE('',*,*,#4531,.T.);
#5898=ORIENTED_EDGE('',*,*,#4535,.T.);
#5899=ORIENTED_EDGE('',*,*,#4536,.T.);
#5900=ORIENTED_EDGE('',*,*,#4537,.T.);
#5901=ORIENTED_EDGE('',*,*,#4538,.T.);
#5902=ORIENTED_EDGE('',*,*,#4539,.T.);
#5903=ORIENTED_EDGE('',*,*,#4540,.T.);
#5904=ORIENTED_EDGE('',*,*,#4541,.T.);
#5905=ORIENTED_EDGE('',*,*,#4534,.F.);
#5906=ORIENTED_EDGE('',*,*,#4542,.F.);
#5907=ORIENTED_EDGE('',*,*,#4543,.F.);
#5908=ORIENTED_EDGE('',*,*,#4535,.F.);
#5909=ORIENTED_EDGE('',*,*,#4524,.F.);
#5910=ORIENTED_EDGE('',*,*,#4544,.F.);
#5911=ORIENTED_EDGE('',*,*,#4545,.T.);
#5912=ORIENTED_EDGE('',*,*,#4546,.F.);
#5913=ORIENTED_EDGE('',*,*,#4547,.F.);
#5914=ORIENTED_EDGE('',*,*,#4545,.F.);
#5915=ORIENTED_EDGE('',*,*,#4548,.F.);
#5916=ORIENTED_EDGE('',*,*,#4549,.T.);
#5917=ORIENTED_EDGE('',*,*,#4550,.F.);
#5918=ORIENTED_EDGE('',*,*,#4549,.F.);
#5919=ORIENTED_EDGE('',*,*,#4551,.F.);
#5920=ORIENTED_EDGE('',*,*,#4552,.T.);
#5921=ORIENTED_EDGE('',*,*,#4553,.F.);
#5922=ORIENTED_EDGE('',*,*,#4554,.F.);
#5923=ORIENTED_EDGE('',*,*,#4552,.F.);
#5924=ORIENTED_EDGE('',*,*,#4555,.F.);
#5925=ORIENTED_EDGE('',*,*,#4556,.T.);
#5926=ORIENTED_EDGE('',*,*,#4557,.F.);
#5927=ORIENTED_EDGE('',*,*,#4556,.F.);
#5928=ORIENTED_EDGE('',*,*,#4558,.F.);
#5929=ORIENTED_EDGE('',*,*,#4559,.T.);
#5930=ORIENTED_EDGE('',*,*,#4560,.F.);
#5931=ORIENTED_EDGE('',*,*,#4559,.F.);
#5932=ORIENTED_EDGE('',*,*,#4561,.F.);
#5933=ORIENTED_EDGE('',*,*,#4529,.T.);
#5934=ORIENTED_EDGE('',*,*,#4523,.T.);
#5935=ORIENTED_EDGE('',*,*,#4530,.F.);
#5936=ORIENTED_EDGE('',*,*,#4561,.T.);
#5937=ORIENTED_EDGE('',*,*,#4558,.T.);
#5938=ORIENTED_EDGE('',*,*,#4555,.T.);
#5939=ORIENTED_EDGE('',*,*,#4551,.T.);
#5940=ORIENTED_EDGE('',*,*,#4548,.T.);
#5941=ORIENTED_EDGE('',*,*,#4544,.T.);
#5942=ORIENTED_EDGE('',*,*,#4562,.F.);
#5943=ORIENTED_EDGE('',*,*,#4563,.F.);
#5944=ORIENTED_EDGE('',*,*,#4537,.F.);
#5945=ORIENTED_EDGE('',*,*,#4564,.T.);
#5946=ORIENTED_EDGE('',*,*,#4565,.F.);
#5947=ORIENTED_EDGE('',*,*,#4566,.F.);
#5948=ORIENTED_EDGE('',*,*,#4564,.F.);
#5949=ORIENTED_EDGE('',*,*,#4536,.F.);
#5950=ORIENTED_EDGE('',*,*,#4543,.T.);
#5951=ORIENTED_EDGE('',*,*,#4532,.F.);
#5952=ORIENTED_EDGE('',*,*,#4541,.F.);
#5953=ORIENTED_EDGE('',*,*,#4567,.T.);
#5954=ORIENTED_EDGE('',*,*,#4568,.F.);
#5955=ORIENTED_EDGE('',*,*,#4569,.F.);
#5956=ORIENTED_EDGE('',*,*,#4570,.F.);
#5957=ORIENTED_EDGE('',*,*,#4567,.F.);
#5958=ORIENTED_EDGE('',*,*,#4540,.F.);
#5959=ORIENTED_EDGE('',*,*,#4571,.T.);
#5960=ORIENTED_EDGE('',*,*,#4572,.F.);
#5961=ORIENTED_EDGE('',*,*,#4571,.F.);
#5962=ORIENTED_EDGE('',*,*,#4539,.F.);
#5963=ORIENTED_EDGE('',*,*,#4573,.T.);
#5964=ORIENTED_EDGE('',*,*,#4574,.F.);
#5965=ORIENTED_EDGE('',*,*,#4573,.F.);
#5966=ORIENTED_EDGE('',*,*,#4538,.F.);
#5967=ORIENTED_EDGE('',*,*,#4563,.T.);
#5968=ORIENTED_EDGE('',*,*,#4527,.T.);
#5969=ORIENTED_EDGE('',*,*,#4525,.F.);
#5970=ORIENTED_EDGE('',*,*,#4546,.T.);
#5971=ORIENTED_EDGE('',*,*,#4547,.T.);
#5972=ORIENTED_EDGE('',*,*,#4550,.T.);
#5973=ORIENTED_EDGE('',*,*,#4575,.T.);
#5974=ORIENTED_EDGE('',*,*,#4576,.T.);
#5975=ORIENTED_EDGE('',*,*,#4577,.F.);
#5976=ORIENTED_EDGE('',*,*,#4578,.F.);
#5977=ORIENTED_EDGE('',*,*,#4579,.F.);
#5978=ORIENTED_EDGE('',*,*,#4580,.T.);
#5979=ORIENTED_EDGE('',*,*,#4581,.F.);
#5980=ORIENTED_EDGE('',*,*,#4582,.T.);
#5981=ORIENTED_EDGE('',*,*,#4583,.T.);
#5982=ORIENTED_EDGE('',*,*,#4584,.T.);
#5983=ORIENTED_EDGE('',*,*,#4513,.T.);
#5984=ORIENTED_EDGE('',*,*,#4495,.T.);
#5985=ORIENTED_EDGE('',*,*,#4498,.F.);
#5986=ORIENTED_EDGE('',*,*,#4585,.F.);
#5987=ORIENTED_EDGE('',*,*,#4586,.F.);
#5988=ORIENTED_EDGE('',*,*,#4587,.T.);
#5989=ORIENTED_EDGE('',*,*,#4521,.T.);
#5990=ORIENTED_EDGE('',*,*,#4588,.T.);
#5991=ORIENTED_EDGE('',*,*,#4589,.F.);
#5992=ORIENTED_EDGE('',*,*,#4500,.F.);
#5993=ORIENTED_EDGE('',*,*,#4503,.F.);
#5994=ORIENTED_EDGE('',*,*,#4505,.T.);
#5995=ORIENTED_EDGE('',*,*,#4519,.T.);
#5996=ORIENTED_EDGE('',*,*,#4590,.F.);
#5997=ORIENTED_EDGE('',*,*,#4591,.F.);
#5998=ORIENTED_EDGE('',*,*,#4507,.T.);
#5999=ORIENTED_EDGE('',*,*,#4510,.T.);
#6000=ORIENTED_EDGE('',*,*,#4512,.F.);
#6001=ORIENTED_EDGE('',*,*,#4517,.T.);
#6002=ORIENTED_EDGE('',*,*,#4592,.T.);
#6003=ORIENTED_EDGE('',*,*,#4593,.T.);
#6004=ORIENTED_EDGE('',*,*,#4565,.T.);
#6005=ORIENTED_EDGE('',*,*,#4566,.T.);
#6006=ORIENTED_EDGE('',*,*,#4542,.T.);
#6007=ORIENTED_EDGE('',*,*,#4533,.F.);
#6008=ORIENTED_EDGE('',*,*,#4569,.T.);
#6009=ORIENTED_EDGE('',*,*,#4594,.T.);
#6010=ORIENTED_EDGE('',*,*,#4528,.T.);
#6011=ORIENTED_EDGE('',*,*,#4594,.F.);
#6012=ORIENTED_EDGE('',*,*,#4568,.T.);
#6013=ORIENTED_EDGE('',*,*,#4570,.T.);
#6014=ORIENTED_EDGE('',*,*,#4572,.T.);
#6015=ORIENTED_EDGE('',*,*,#4574,.T.);
#6016=ORIENTED_EDGE('',*,*,#4562,.T.);
#6017=ORIENTED_EDGE('',*,*,#4593,.F.);
#6018=ORIENTED_EDGE('',*,*,#4595,.T.);
#6019=ORIENTED_EDGE('',*,*,#4596,.T.);
#6020=ORIENTED_EDGE('',*,*,#4597,.T.);
#6021=ORIENTED_EDGE('',*,*,#4598,.T.);
#6022=ORIENTED_EDGE('',*,*,#4599,.T.);
#6023=ORIENTED_EDGE('',*,*,#4600,.T.);
#6024=ORIENTED_EDGE('',*,*,#4601,.T.);
#6025=ORIENTED_EDGE('',*,*,#4602,.F.);
#6026=ORIENTED_EDGE('',*,*,#4603,.T.);
#6027=ORIENTED_EDGE('',*,*,#4604,.T.);
#6028=ORIENTED_EDGE('',*,*,#4605,.T.);
#6029=ORIENTED_EDGE('',*,*,#4606,.T.);
#6030=ORIENTED_EDGE('',*,*,#4607,.T.);
#6031=ORIENTED_EDGE('',*,*,#4608,.T.);
#6032=ORIENTED_EDGE('',*,*,#4609,.T.);
#6033=ORIENTED_EDGE('',*,*,#4610,.T.);
#6034=ORIENTED_EDGE('',*,*,#4611,.T.);
#6035=ORIENTED_EDGE('',*,*,#4612,.T.);
#6036=ORIENTED_EDGE('',*,*,#4613,.T.);
#6037=ORIENTED_EDGE('',*,*,#4614,.F.);
#6038=ORIENTED_EDGE('',*,*,#4615,.F.);
#6039=ORIENTED_EDGE('',*,*,#4616,.T.);
#6040=ORIENTED_EDGE('',*,*,#4617,.T.);
#6041=ORIENTED_EDGE('',*,*,#4618,.T.);
#6042=ORIENTED_EDGE('',*,*,#4619,.F.);
#6043=ORIENTED_EDGE('',*,*,#4620,.F.);
#6044=ORIENTED_EDGE('',*,*,#4621,.F.);
#6045=ORIENTED_EDGE('',*,*,#4622,.F.);
#6046=ORIENTED_EDGE('',*,*,#4623,.F.);
#6047=ORIENTED_EDGE('',*,*,#4624,.F.);
#6048=ORIENTED_EDGE('',*,*,#4625,.F.);
#6049=ORIENTED_EDGE('',*,*,#4626,.F.);
#6050=ORIENTED_EDGE('',*,*,#4627,.F.);
#6051=ORIENTED_EDGE('',*,*,#4628,.F.);
#6052=ORIENTED_EDGE('',*,*,#4629,.T.);
#6053=ORIENTED_EDGE('',*,*,#4630,.F.);
#6054=ORIENTED_EDGE('',*,*,#4631,.F.);
#6055=ORIENTED_EDGE('',*,*,#4632,.T.);
#6056=ORIENTED_EDGE('',*,*,#4633,.F.);
#6057=ORIENTED_EDGE('',*,*,#4634,.F.);
#6058=ORIENTED_EDGE('',*,*,#4635,.T.);
#6059=ORIENTED_EDGE('',*,*,#4583,.F.);
#6060=ORIENTED_EDGE('',*,*,#4636,.F.);
#6061=ORIENTED_EDGE('',*,*,#4637,.F.);
#6062=ORIENTED_EDGE('',*,*,#4638,.F.);
#6063=ORIENTED_EDGE('',*,*,#4639,.F.);
#6064=ORIENTED_EDGE('',*,*,#4640,.F.);
#6065=ORIENTED_EDGE('',*,*,#4641,.F.);
#6066=ORIENTED_EDGE('',*,*,#4642,.F.);
#6067=ORIENTED_EDGE('',*,*,#4575,.F.);
#6068=ORIENTED_EDGE('',*,*,#4553,.T.);
#6069=ORIENTED_EDGE('',*,*,#4554,.T.);
#6070=ORIENTED_EDGE('',*,*,#4557,.T.);
#6071=ORIENTED_EDGE('',*,*,#4560,.T.);
#6072=ORIENTED_EDGE('',*,*,#4643,.F.);
#6073=ORIENTED_EDGE('',*,*,#4644,.T.);
#6074=ORIENTED_EDGE('',*,*,#4645,.F.);
#6075=ORIENTED_EDGE('',*,*,#4646,.T.);
#6076=ORIENTED_EDGE('',*,*,#4647,.F.);
#6077=ORIENTED_EDGE('',*,*,#4648,.T.);
#6078=ORIENTED_EDGE('',*,*,#4649,.F.);
#6079=ORIENTED_EDGE('',*,*,#4650,.T.);
#6080=ORIENTED_EDGE('',*,*,#4651,.F.);
#6081=ORIENTED_EDGE('',*,*,#4652,.F.);
#6082=ORIENTED_EDGE('',*,*,#4653,.F.);
#6083=ORIENTED_EDGE('',*,*,#4654,.F.);
#6084=ORIENTED_EDGE('',*,*,#4651,.T.);
#6085=ORIENTED_EDGE('',*,*,#4655,.F.);
#6086=ORIENTED_EDGE('',*,*,#4656,.F.);
#6087=ORIENTED_EDGE('',*,*,#4657,.F.);
#6088=ORIENTED_EDGE('',*,*,#4658,.F.);
#6089=ORIENTED_EDGE('',*,*,#4659,.F.);
#6090=ORIENTED_EDGE('',*,*,#4656,.T.);
#6091=ORIENTED_EDGE('',*,*,#4660,.F.);
#6092=ORIENTED_EDGE('',*,*,#4661,.F.);
#6093=ORIENTED_EDGE('',*,*,#4662,.F.);
#6094=ORIENTED_EDGE('',*,*,#4658,.T.);
#6095=ORIENTED_EDGE('',*,*,#4663,.F.);
#6096=ORIENTED_EDGE('',*,*,#4661,.T.);
#6097=ORIENTED_EDGE('',*,*,#4664,.F.);
#6098=ORIENTED_EDGE('',*,*,#4665,.F.);
#6099=ORIENTED_EDGE('',*,*,#4666,.F.);
#6100=ORIENTED_EDGE('',*,*,#4667,.F.);
#6101=ORIENTED_EDGE('',*,*,#4668,.F.);
#6102=ORIENTED_EDGE('',*,*,#4665,.T.);
#6103=ORIENTED_EDGE('',*,*,#4669,.F.);
#6104=ORIENTED_EDGE('',*,*,#4670,.F.);
#6105=ORIENTED_EDGE('',*,*,#4671,.F.);
#6106=ORIENTED_EDGE('',*,*,#4667,.T.);
#6107=ORIENTED_EDGE('',*,*,#4672,.F.);
#6108=ORIENTED_EDGE('',*,*,#4670,.T.);
#6109=ORIENTED_EDGE('',*,*,#4673,.F.);
#6110=ORIENTED_EDGE('',*,*,#4653,.T.);
#6111=ORIENTED_EDGE('',*,*,#4674,.F.);
#6112=ORIENTED_EDGE('',*,*,#4662,.T.);
#6113=ORIENTED_EDGE('',*,*,#4675,.F.);
#6114=ORIENTED_EDGE('',*,*,#4628,.T.);
#6115=ORIENTED_EDGE('',*,*,#4676,.F.);
#6116=ORIENTED_EDGE('',*,*,#4659,.T.);
#6117=ORIENTED_EDGE('',*,*,#4676,.T.);
#6118=ORIENTED_EDGE('',*,*,#4627,.T.);
#6119=ORIENTED_EDGE('',*,*,#4677,.T.);
#6120=ORIENTED_EDGE('',*,*,#4678,.T.);
#6121=ORIENTED_EDGE('',*,*,#4657,.T.);
#6122=ORIENTED_EDGE('',*,*,#4678,.F.);
#6123=ORIENTED_EDGE('',*,*,#4679,.F.);
#6124=ORIENTED_EDGE('',*,*,#4680,.F.);
#6125=ORIENTED_EDGE('',*,*,#4652,.T.);
#6126=ORIENTED_EDGE('',*,*,#4680,.T.);
#6127=ORIENTED_EDGE('',*,*,#4681,.T.);
#6128=ORIENTED_EDGE('',*,*,#4633,.T.);
#6129=ORIENTED_EDGE('',*,*,#4682,.T.);
#6130=ORIENTED_EDGE('',*,*,#4683,.T.);
#6131=ORIENTED_EDGE('',*,*,#4684,.T.);
#6132=ORIENTED_EDGE('',*,*,#4685,.T.);
#6133=ORIENTED_EDGE('',*,*,#4686,.T.);
#6134=ORIENTED_EDGE('',*,*,#4687,.T.);
#6135=ORIENTED_EDGE('',*,*,#4688,.T.);
#6136=ORIENTED_EDGE('',*,*,#4689,.T.);
#6137=ORIENTED_EDGE('',*,*,#4690,.T.);
#6138=ORIENTED_EDGE('',*,*,#4691,.T.);
#6139=ORIENTED_EDGE('',*,*,#4692,.T.);
#6140=ORIENTED_EDGE('',*,*,#4693,.T.);
#6141=ORIENTED_EDGE('',*,*,#4694,.T.);
#6142=ORIENTED_EDGE('',*,*,#4695,.T.);
#6143=ORIENTED_EDGE('',*,*,#4696,.T.);
#6144=ORIENTED_EDGE('',*,*,#4697,.T.);
#6145=ORIENTED_EDGE('',*,*,#4698,.T.);
#6146=ORIENTED_EDGE('',*,*,#4699,.T.);
#6147=ORIENTED_EDGE('',*,*,#4700,.T.);
#6148=ORIENTED_EDGE('',*,*,#4701,.T.);
#6149=ORIENTED_EDGE('',*,*,#4702,.T.);
#6150=ORIENTED_EDGE('',*,*,#4703,.T.);
#6151=ORIENTED_EDGE('',*,*,#4704,.T.);
#6152=ORIENTED_EDGE('',*,*,#4705,.T.);
#6153=ORIENTED_EDGE('',*,*,#4706,.T.);
#6154=ORIENTED_EDGE('',*,*,#4707,.T.);
#6155=ORIENTED_EDGE('',*,*,#4708,.T.);
#6156=ORIENTED_EDGE('',*,*,#4709,.T.);
#6157=ORIENTED_EDGE('',*,*,#4710,.T.);
#6158=ORIENTED_EDGE('',*,*,#4711,.T.);
#6159=ORIENTED_EDGE('',*,*,#4712,.T.);
#6160=ORIENTED_EDGE('',*,*,#4713,.T.);
#6161=ORIENTED_EDGE('',*,*,#4714,.T.);
#6162=ORIENTED_EDGE('',*,*,#4715,.T.);
#6163=ORIENTED_EDGE('',*,*,#4716,.T.);
#6164=ORIENTED_EDGE('',*,*,#4717,.T.);
#6165=ORIENTED_EDGE('',*,*,#4718,.T.);
#6166=ORIENTED_EDGE('',*,*,#4719,.T.);
#6167=ORIENTED_EDGE('',*,*,#4720,.T.);
#6168=ORIENTED_EDGE('',*,*,#4721,.T.);
#6169=ORIENTED_EDGE('',*,*,#4722,.T.);
#6170=ORIENTED_EDGE('',*,*,#4723,.T.);
#6171=ORIENTED_EDGE('',*,*,#4724,.T.);
#6172=ORIENTED_EDGE('',*,*,#4725,.T.);
#6173=ORIENTED_EDGE('',*,*,#4726,.T.);
#6174=ORIENTED_EDGE('',*,*,#4727,.T.);
#6175=ORIENTED_EDGE('',*,*,#4728,.T.);
#6176=ORIENTED_EDGE('',*,*,#4729,.T.);
#6177=ORIENTED_EDGE('',*,*,#4730,.T.);
#6178=ORIENTED_EDGE('',*,*,#4731,.T.);
#6179=ORIENTED_EDGE('',*,*,#4732,.T.);
#6180=ORIENTED_EDGE('',*,*,#4733,.T.);
#6181=ORIENTED_EDGE('',*,*,#4734,.T.);
#6182=ORIENTED_EDGE('',*,*,#4735,.T.);
#6183=ORIENTED_EDGE('',*,*,#4736,.T.);
#6184=ORIENTED_EDGE('',*,*,#4737,.T.);
#6185=ORIENTED_EDGE('',*,*,#4738,.T.);
#6186=ORIENTED_EDGE('',*,*,#4739,.T.);
#6187=ORIENTED_EDGE('',*,*,#4740,.T.);
#6188=ORIENTED_EDGE('',*,*,#4741,.T.);
#6189=ORIENTED_EDGE('',*,*,#4742,.T.);
#6190=ORIENTED_EDGE('',*,*,#4743,.T.);
#6191=ORIENTED_EDGE('',*,*,#4744,.T.);
#6192=ORIENTED_EDGE('',*,*,#4654,.T.);
#6193=ORIENTED_EDGE('',*,*,#4673,.T.);
#6194=ORIENTED_EDGE('',*,*,#4672,.T.);
#6195=ORIENTED_EDGE('',*,*,#4669,.T.);
#6196=ORIENTED_EDGE('',*,*,#4664,.T.);
#6197=ORIENTED_EDGE('',*,*,#4663,.T.);
#6198=ORIENTED_EDGE('',*,*,#4660,.T.);
#6199=ORIENTED_EDGE('',*,*,#4655,.T.);
#6200=ORIENTED_EDGE('',*,*,#4745,.F.);
#6201=ORIENTED_EDGE('',*,*,#4746,.F.);
#6202=ORIENTED_EDGE('',*,*,#4747,.F.);
#6203=ORIENTED_EDGE('',*,*,#4699,.F.);
#6204=ORIENTED_EDGE('',*,*,#4745,.T.);
#6205=ORIENTED_EDGE('',*,*,#4708,.F.);
#6206=ORIENTED_EDGE('',*,*,#4748,.F.);
#6207=ORIENTED_EDGE('',*,*,#4749,.F.);
#6208=ORIENTED_EDGE('',*,*,#4750,.F.);
#6209=ORIENTED_EDGE('',*,*,#4751,.F.);
#6210=ORIENTED_EDGE('',*,*,#4748,.T.);
#6211=ORIENTED_EDGE('',*,*,#4707,.F.);
#6212=ORIENTED_EDGE('',*,*,#4752,.F.);
#6213=ORIENTED_EDGE('',*,*,#4753,.F.);
#6214=ORIENTED_EDGE('',*,*,#4750,.T.);
#6215=ORIENTED_EDGE('',*,*,#4706,.F.);
#6216=ORIENTED_EDGE('',*,*,#4754,.F.);
#6217=ORIENTED_EDGE('',*,*,#4755,.F.);
#6218=ORIENTED_EDGE('',*,*,#4752,.T.);
#6219=ORIENTED_EDGE('',*,*,#4705,.F.);
#6220=ORIENTED_EDGE('',*,*,#4756,.F.);
#6221=ORIENTED_EDGE('',*,*,#4757,.F.);
#6222=ORIENTED_EDGE('',*,*,#4754,.T.);
#6223=ORIENTED_EDGE('',*,*,#4704,.F.);
#6224=ORIENTED_EDGE('',*,*,#4758,.F.);
#6225=ORIENTED_EDGE('',*,*,#4759,.F.);
#6226=ORIENTED_EDGE('',*,*,#4756,.T.);
#6227=ORIENTED_EDGE('',*,*,#4703,.F.);
#6228=ORIENTED_EDGE('',*,*,#4758,.T.);
#6229=ORIENTED_EDGE('',*,*,#4702,.F.);
#6230=ORIENTED_EDGE('',*,*,#4760,.F.);
#6231=ORIENTED_EDGE('',*,*,#4761,.F.);
#6232=ORIENTED_EDGE('',*,*,#4762,.F.);
#6233=ORIENTED_EDGE('',*,*,#4763,.F.);
#6234=ORIENTED_EDGE('',*,*,#4760,.T.);
#6235=ORIENTED_EDGE('',*,*,#4701,.F.);
#6236=ORIENTED_EDGE('',*,*,#4762,.T.);
#6237=ORIENTED_EDGE('',*,*,#4700,.F.);
#6238=ORIENTED_EDGE('',*,*,#4747,.T.);
#6239=ORIENTED_EDGE('',*,*,#4764,.F.);
#6240=ORIENTED_EDGE('',*,*,#4755,.T.);
#6241=ORIENTED_EDGE('',*,*,#4765,.T.);
#6242=ORIENTED_EDGE('',*,*,#4766,.T.);
#6243=ORIENTED_EDGE('',*,*,#4767,.F.);
#6244=ORIENTED_EDGE('',*,*,#4753,.T.);
#6245=ORIENTED_EDGE('',*,*,#4767,.T.);
#6246=ORIENTED_EDGE('',*,*,#4768,.T.);
#6247=ORIENTED_EDGE('',*,*,#4769,.F.);
#6248=ORIENTED_EDGE('',*,*,#4751,.T.);
#6249=ORIENTED_EDGE('',*,*,#4769,.T.);
#6250=ORIENTED_EDGE('',*,*,#4770,.T.);
#6251=ORIENTED_EDGE('',*,*,#4771,.T.);
#6252=ORIENTED_EDGE('',*,*,#4749,.T.);
#6253=ORIENTED_EDGE('',*,*,#4771,.F.);
#6254=ORIENTED_EDGE('',*,*,#4772,.F.);
#6255=ORIENTED_EDGE('',*,*,#4773,.F.);
#6256=ORIENTED_EDGE('',*,*,#4746,.T.);
#6257=ORIENTED_EDGE('',*,*,#4773,.T.);
#6258=ORIENTED_EDGE('',*,*,#4774,.T.);
#6259=ORIENTED_EDGE('',*,*,#4775,.T.);
#6260=ORIENTED_EDGE('',*,*,#4776,.F.);
#6261=ORIENTED_EDGE('',*,*,#4777,.T.);
#6262=ORIENTED_EDGE('',*,*,#4778,.T.);
#6263=ORIENTED_EDGE('',*,*,#4779,.F.);
#6264=ORIENTED_EDGE('',*,*,#4780,.F.);
#6265=ORIENTED_EDGE('',*,*,#4781,.T.);
#6266=ORIENTED_EDGE('',*,*,#4782,.T.);
#6267=ORIENTED_EDGE('',*,*,#4783,.F.);
#6268=ORIENTED_EDGE('',*,*,#4784,.F.);
#6269=ORIENTED_EDGE('',*,*,#4785,.T.);
#6270=ORIENTED_EDGE('',*,*,#4786,.T.);
#6271=ORIENTED_EDGE('',*,*,#4787,.T.);
#6272=ORIENTED_EDGE('',*,*,#4788,.T.);
#6273=ORIENTED_EDGE('',*,*,#4789,.T.);
#6274=ORIENTED_EDGE('',*,*,#4790,.T.);
#6275=ORIENTED_EDGE('',*,*,#4791,.T.);
#6276=ORIENTED_EDGE('',*,*,#4792,.F.);
#6277=ORIENTED_EDGE('',*,*,#4793,.F.);
#6278=ORIENTED_EDGE('',*,*,#4794,.F.);
#6279=ORIENTED_EDGE('',*,*,#4795,.F.);
#6280=ORIENTED_EDGE('',*,*,#4796,.F.);
#6281=ORIENTED_EDGE('',*,*,#4733,.F.);
#6282=ORIENTED_EDGE('',*,*,#4797,.F.);
#6283=ORIENTED_EDGE('',*,*,#4798,.F.);
#6284=ORIENTED_EDGE('',*,*,#4794,.T.);
#6285=ORIENTED_EDGE('',*,*,#4744,.F.);
#6286=ORIENTED_EDGE('',*,*,#4799,.F.);
#6287=ORIENTED_EDGE('',*,*,#4800,.F.);
#6288=ORIENTED_EDGE('',*,*,#4797,.T.);
#6289=ORIENTED_EDGE('',*,*,#4743,.F.);
#6290=ORIENTED_EDGE('',*,*,#4801,.F.);
#6291=ORIENTED_EDGE('',*,*,#4802,.F.);
#6292=ORIENTED_EDGE('',*,*,#4799,.T.);
#6293=ORIENTED_EDGE('',*,*,#4742,.F.);
#6294=ORIENTED_EDGE('',*,*,#4803,.F.);
#6295=ORIENTED_EDGE('',*,*,#4804,.F.);
#6296=ORIENTED_EDGE('',*,*,#4801,.T.);
#6297=ORIENTED_EDGE('',*,*,#4741,.F.);
#6298=ORIENTED_EDGE('',*,*,#4805,.F.);
#6299=ORIENTED_EDGE('',*,*,#4806,.F.);
#6300=ORIENTED_EDGE('',*,*,#4803,.T.);
#6301=ORIENTED_EDGE('',*,*,#4740,.F.);
#6302=ORIENTED_EDGE('',*,*,#4805,.T.);
#6303=ORIENTED_EDGE('',*,*,#4739,.F.);
#6304=ORIENTED_EDGE('',*,*,#4807,.F.);
#6305=ORIENTED_EDGE('',*,*,#4808,.F.);
#6306=ORIENTED_EDGE('',*,*,#4809,.F.);
#6307=ORIENTED_EDGE('',*,*,#4810,.F.);
#6308=ORIENTED_EDGE('',*,*,#4807,.T.);
#6309=ORIENTED_EDGE('',*,*,#4738,.F.);
#6310=ORIENTED_EDGE('',*,*,#4811,.F.);
#6311=ORIENTED_EDGE('',*,*,#4812,.F.);
#6312=ORIENTED_EDGE('',*,*,#4809,.T.);
#6313=ORIENTED_EDGE('',*,*,#4737,.F.);
#6314=ORIENTED_EDGE('',*,*,#4813,.F.);
#6315=ORIENTED_EDGE('',*,*,#4814,.F.);
#6316=ORIENTED_EDGE('',*,*,#4811,.T.);
#6317=ORIENTED_EDGE('',*,*,#4736,.F.);
#6318=ORIENTED_EDGE('',*,*,#4815,.F.);
#6319=ORIENTED_EDGE('',*,*,#4816,.F.);
#6320=ORIENTED_EDGE('',*,*,#4813,.T.);
#6321=ORIENTED_EDGE('',*,*,#4735,.F.);
#6322=ORIENTED_EDGE('',*,*,#4796,.T.);
#6323=ORIENTED_EDGE('',*,*,#4817,.F.);
#6324=ORIENTED_EDGE('',*,*,#4815,.T.);
#6325=ORIENTED_EDGE('',*,*,#4734,.F.);
#6326=ORIENTED_EDGE('',*,*,#4806,.T.);
#6327=ORIENTED_EDGE('',*,*,#4818,.T.);
#6328=ORIENTED_EDGE('',*,*,#4578,.T.);
#6329=ORIENTED_EDGE('',*,*,#4819,.T.);
#6330=ORIENTED_EDGE('',*,*,#4804,.T.);
#6331=ORIENTED_EDGE('',*,*,#4819,.F.);
#6332=ORIENTED_EDGE('',*,*,#4577,.T.);
#6333=ORIENTED_EDGE('',*,*,#4820,.T.);
#6334=ORIENTED_EDGE('',*,*,#4802,.T.);
#6335=ORIENTED_EDGE('',*,*,#4820,.F.);
#6336=ORIENTED_EDGE('',*,*,#4576,.F.);
#6337=ORIENTED_EDGE('',*,*,#4642,.T.);
#6338=ORIENTED_EDGE('',*,*,#4821,.F.);
#6339=ORIENTED_EDGE('',*,*,#4800,.T.);
#6340=ORIENTED_EDGE('',*,*,#4821,.T.);
#6341=ORIENTED_EDGE('',*,*,#4641,.T.);
#6342=ORIENTED_EDGE('',*,*,#4822,.F.);
#6343=ORIENTED_EDGE('',*,*,#4798,.T.);
#6344=ORIENTED_EDGE('',*,*,#4822,.T.);
#6345=ORIENTED_EDGE('',*,*,#4640,.T.);
#6346=ORIENTED_EDGE('',*,*,#4823,.F.);
#6347=ORIENTED_EDGE('',*,*,#4795,.T.);
#6348=ORIENTED_EDGE('',*,*,#4823,.T.);
#6349=ORIENTED_EDGE('',*,*,#4639,.T.);
#6350=ORIENTED_EDGE('',*,*,#4824,.F.);
#6351=ORIENTED_EDGE('',*,*,#4825,.F.);
#6352=ORIENTED_EDGE('',*,*,#4826,.F.);
#6353=ORIENTED_EDGE('',*,*,#4827,.F.);
#6354=ORIENTED_EDGE('',*,*,#4683,.F.);
#6355=ORIENTED_EDGE('',*,*,#4828,.F.);
#6356=ORIENTED_EDGE('',*,*,#4829,.F.);
#6357=ORIENTED_EDGE('',*,*,#4825,.T.);
#6358=ORIENTED_EDGE('',*,*,#4698,.F.);
#6359=ORIENTED_EDGE('',*,*,#4830,.F.);
#6360=ORIENTED_EDGE('',*,*,#4831,.F.);
#6361=ORIENTED_EDGE('',*,*,#4828,.T.);
#6362=ORIENTED_EDGE('',*,*,#4697,.F.);
#6363=ORIENTED_EDGE('',*,*,#4832,.F.);
#6364=ORIENTED_EDGE('',*,*,#4833,.F.);
#6365=ORIENTED_EDGE('',*,*,#4830,.T.);
#6366=ORIENTED_EDGE('',*,*,#4696,.F.);
#6367=ORIENTED_EDGE('',*,*,#4834,.F.);
#6368=ORIENTED_EDGE('',*,*,#4835,.F.);
#6369=ORIENTED_EDGE('',*,*,#4832,.T.);
#6370=ORIENTED_EDGE('',*,*,#4695,.F.);
#6371=ORIENTED_EDGE('',*,*,#4834,.T.);
#6372=ORIENTED_EDGE('',*,*,#4694,.F.);
#6373=ORIENTED_EDGE('',*,*,#4836,.F.);
#6374=ORIENTED_EDGE('',*,*,#4837,.F.);
#6375=ORIENTED_EDGE('',*,*,#4838,.F.);
#6376=ORIENTED_EDGE('',*,*,#4839,.F.);
#6377=ORIENTED_EDGE('',*,*,#4836,.T.);
#6378=ORIENTED_EDGE('',*,*,#4693,.F.);
#6379=ORIENTED_EDGE('',*,*,#4838,.T.);
#6380=ORIENTED_EDGE('',*,*,#4692,.F.);
#6381=ORIENTED_EDGE('',*,*,#4840,.F.);
#6382=ORIENTED_EDGE('',*,*,#4841,.F.);
#6383=ORIENTED_EDGE('',*,*,#4842,.F.);
#6384=ORIENTED_EDGE('',*,*,#4843,.F.);
#6385=ORIENTED_EDGE('',*,*,#4840,.T.);
#6386=ORIENTED_EDGE('',*,*,#4691,.F.);
#6387=ORIENTED_EDGE('',*,*,#4844,.F.);
#6388=ORIENTED_EDGE('',*,*,#4845,.F.);
#6389=ORIENTED_EDGE('',*,*,#4842,.T.);
#6390=ORIENTED_EDGE('',*,*,#4690,.F.);
#6391=ORIENTED_EDGE('',*,*,#4844,.T.);
#6392=ORIENTED_EDGE('',*,*,#4689,.F.);
#6393=ORIENTED_EDGE('',*,*,#4846,.F.);
#6394=ORIENTED_EDGE('',*,*,#4847,.F.);
#6395=ORIENTED_EDGE('',*,*,#4848,.F.);
#6396=ORIENTED_EDGE('',*,*,#4849,.F.);
#6397=ORIENTED_EDGE('',*,*,#4846,.T.);
#6398=ORIENTED_EDGE('',*,*,#4688,.F.);
#6399=ORIENTED_EDGE('',*,*,#4850,.F.);
#6400=ORIENTED_EDGE('',*,*,#4851,.F.);
#6401=ORIENTED_EDGE('',*,*,#4848,.T.);
#6402=ORIENTED_EDGE('',*,*,#4687,.F.);
#6403=ORIENTED_EDGE('',*,*,#4850,.T.);
#6404=ORIENTED_EDGE('',*,*,#4686,.F.);
#6405=ORIENTED_EDGE('',*,*,#4852,.F.);
#6406=ORIENTED_EDGE('',*,*,#4853,.F.);
#6407=ORIENTED_EDGE('',*,*,#4854,.F.);
#6408=ORIENTED_EDGE('',*,*,#4855,.F.);
#6409=ORIENTED_EDGE('',*,*,#4852,.T.);
#6410=ORIENTED_EDGE('',*,*,#4685,.F.);
#6411=ORIENTED_EDGE('',*,*,#4854,.T.);
#6412=ORIENTED_EDGE('',*,*,#4684,.F.);
#6413=ORIENTED_EDGE('',*,*,#4827,.T.);
#6414=ORIENTED_EDGE('',*,*,#4856,.F.);
#6415=ORIENTED_EDGE('',*,*,#4841,.T.);
#6416=ORIENTED_EDGE('',*,*,#4857,.T.);
#6417=ORIENTED_EDGE('',*,*,#4858,.T.);
#6418=ORIENTED_EDGE('',*,*,#4859,.F.);
#6419=ORIENTED_EDGE('',*,*,#4839,.T.);
#6420=ORIENTED_EDGE('',*,*,#4859,.T.);
#6421=ORIENTED_EDGE('',*,*,#4860,.T.);
#6422=ORIENTED_EDGE('',*,*,#4861,.T.);
#6423=ORIENTED_EDGE('',*,*,#4862,.T.);
#6424=ORIENTED_EDGE('',*,*,#4863,.T.);
#6425=ORIENTED_EDGE('',*,*,#4864,.T.);
#6426=ORIENTED_EDGE('',*,*,#4865,.T.);
#6427=ORIENTED_EDGE('',*,*,#4866,.T.);
#6428=ORIENTED_EDGE('',*,*,#4837,.T.);
#6429=ORIENTED_EDGE('',*,*,#4866,.F.);
#6430=ORIENTED_EDGE('',*,*,#4867,.F.);
#6431=ORIENTED_EDGE('',*,*,#4868,.F.);
#6432=ORIENTED_EDGE('',*,*,#4835,.T.);
#6433=ORIENTED_EDGE('',*,*,#4868,.T.);
#6434=ORIENTED_EDGE('',*,*,#4869,.F.);
#6435=ORIENTED_EDGE('',*,*,#4870,.T.);
#6436=ORIENTED_EDGE('',*,*,#4871,.F.);
#6437=ORIENTED_EDGE('',*,*,#4833,.T.);
#6438=ORIENTED_EDGE('',*,*,#4870,.F.);
#6439=ORIENTED_EDGE('',*,*,#4872,.F.);
#6440=ORIENTED_EDGE('',*,*,#4873,.F.);
#6441=ORIENTED_EDGE('',*,*,#4831,.T.);
#6442=ORIENTED_EDGE('',*,*,#4873,.T.);
#6443=ORIENTED_EDGE('',*,*,#4874,.F.);
#6444=ORIENTED_EDGE('',*,*,#4875,.T.);
#6445=ORIENTED_EDGE('',*,*,#4876,.F.);
#6446=ORIENTED_EDGE('',*,*,#4877,.T.);
#6447=ORIENTED_EDGE('',*,*,#4878,.T.);
#6448=ORIENTED_EDGE('',*,*,#4879,.T.);
#6449=ORIENTED_EDGE('',*,*,#4880,.T.);
#6450=ORIENTED_EDGE('',*,*,#4881,.T.);
#6451=ORIENTED_EDGE('',*,*,#4882,.F.);
#6452=ORIENTED_EDGE('',*,*,#4883,.T.);
#6453=ORIENTED_EDGE('',*,*,#4829,.T.);
#6454=ORIENTED_EDGE('',*,*,#4883,.F.);
#6455=ORIENTED_EDGE('',*,*,#4884,.F.);
#6456=ORIENTED_EDGE('',*,*,#4885,.F.);
#6457=ORIENTED_EDGE('',*,*,#4826,.T.);
#6458=ORIENTED_EDGE('',*,*,#4885,.T.);
#6459=ORIENTED_EDGE('',*,*,#4886,.F.);
#6460=ORIENTED_EDGE('',*,*,#4887,.T.);
#6461=ORIENTED_EDGE('',*,*,#4888,.F.);
#6462=ORIENTED_EDGE('',*,*,#4889,.F.);
#6463=ORIENTED_EDGE('',*,*,#4890,.F.);
#6464=ORIENTED_EDGE('',*,*,#4891,.F.);
#6465=ORIENTED_EDGE('',*,*,#4892,.F.);
#6466=ORIENTED_EDGE('',*,*,#4893,.F.);
#6467=ORIENTED_EDGE('',*,*,#4894,.F.);
#6468=ORIENTED_EDGE('',*,*,#4895,.F.);
#6469=ORIENTED_EDGE('',*,*,#4727,.F.);
#6470=ORIENTED_EDGE('',*,*,#4896,.F.);
#6471=ORIENTED_EDGE('',*,*,#4897,.F.);
#6472=ORIENTED_EDGE('',*,*,#4898,.F.);
#6473=ORIENTED_EDGE('',*,*,#4721,.F.);
#6474=ORIENTED_EDGE('',*,*,#4899,.F.);
#6475=ORIENTED_EDGE('',*,*,#4900,.F.);
#6476=ORIENTED_EDGE('',*,*,#4899,.T.);
#6477=ORIENTED_EDGE('',*,*,#4720,.F.);
#6478=ORIENTED_EDGE('',*,*,#4901,.F.);
#6479=ORIENTED_EDGE('',*,*,#4729,.F.);
#6480=ORIENTED_EDGE('',*,*,#4902,.F.);
#6481=ORIENTED_EDGE('',*,*,#4903,.F.);
#6482=ORIENTED_EDGE('',*,*,#4904,.F.);
#6483=ORIENTED_EDGE('',*,*,#4905,.F.);
#6484=ORIENTED_EDGE('',*,*,#4901,.T.);
#6485=ORIENTED_EDGE('',*,*,#4719,.F.);
#6486=ORIENTED_EDGE('',*,*,#4906,.F.);
#6487=ORIENTED_EDGE('',*,*,#4730,.F.);
#6488=ORIENTED_EDGE('',*,*,#4904,.T.);
#6489=ORIENTED_EDGE('',*,*,#4907,.F.);
#6490=ORIENTED_EDGE('',*,*,#4908,.F.);
#6491=ORIENTED_EDGE('',*,*,#4909,.F.);
#6492=ORIENTED_EDGE('',*,*,#4906,.T.);
#6493=ORIENTED_EDGE('',*,*,#4718,.F.);
#6494=ORIENTED_EDGE('',*,*,#4910,.F.);
#6495=ORIENTED_EDGE('',*,*,#4731,.F.);
#6496=ORIENTED_EDGE('',*,*,#4908,.T.);
#6497=ORIENTED_EDGE('',*,*,#4911,.F.);
#6498=ORIENTED_EDGE('',*,*,#4912,.F.);
#6499=ORIENTED_EDGE('',*,*,#4913,.F.);
#6500=ORIENTED_EDGE('',*,*,#4910,.T.);
#6501=ORIENTED_EDGE('',*,*,#4717,.F.);
#6502=ORIENTED_EDGE('',*,*,#4914,.F.);
#6503=ORIENTED_EDGE('',*,*,#4915,.F.);
#6504=ORIENTED_EDGE('',*,*,#4914,.T.);
#6505=ORIENTED_EDGE('',*,*,#4716,.F.);
#6506=ORIENTED_EDGE('',*,*,#4916,.F.);
#6507=ORIENTED_EDGE('',*,*,#4709,.F.);
#6508=ORIENTED_EDGE('',*,*,#4917,.F.);
#6509=ORIENTED_EDGE('',*,*,#4918,.F.);
#6510=ORIENTED_EDGE('',*,*,#4919,.F.);
#6511=ORIENTED_EDGE('',*,*,#4710,.F.);
#6512=ORIENTED_EDGE('',*,*,#4919,.T.);
#6513=ORIENTED_EDGE('',*,*,#4920,.F.);
#6514=ORIENTED_EDGE('',*,*,#4921,.F.);
#6515=ORIENTED_EDGE('',*,*,#4922,.F.);
#6516=ORIENTED_EDGE('',*,*,#4916,.T.);
#6517=ORIENTED_EDGE('',*,*,#4715,.F.);
#6518=ORIENTED_EDGE('',*,*,#4923,.F.);
#6519=ORIENTED_EDGE('',*,*,#4923,.T.);
#6520=ORIENTED_EDGE('',*,*,#4714,.F.);
#6521=ORIENTED_EDGE('',*,*,#4924,.F.);
#6522=ORIENTED_EDGE('',*,*,#4925,.F.);
#6523=ORIENTED_EDGE('',*,*,#4924,.T.);
#6524=ORIENTED_EDGE('',*,*,#4713,.F.);
#6525=ORIENTED_EDGE('',*,*,#4926,.F.);
#6526=ORIENTED_EDGE('',*,*,#4927,.F.);
#6527=ORIENTED_EDGE('',*,*,#4926,.T.);
#6528=ORIENTED_EDGE('',*,*,#4712,.F.);
#6529=ORIENTED_EDGE('',*,*,#4928,.F.);
#6530=ORIENTED_EDGE('',*,*,#4929,.F.);
#6531=ORIENTED_EDGE('',*,*,#4711,.F.);
#6532=ORIENTED_EDGE('',*,*,#4921,.T.);
#6533=ORIENTED_EDGE('',*,*,#4930,.F.);
#6534=ORIENTED_EDGE('',*,*,#4928,.T.);
#6535=ORIENTED_EDGE('',*,*,#4732,.F.);
#6536=ORIENTED_EDGE('',*,*,#4912,.T.);
#6537=ORIENTED_EDGE('',*,*,#4931,.F.);
#6538=ORIENTED_EDGE('',*,*,#4917,.T.);
#6539=ORIENTED_EDGE('',*,*,#4728,.F.);
#6540=ORIENTED_EDGE('',*,*,#4895,.T.);
#6541=ORIENTED_EDGE('',*,*,#4932,.F.);
#6542=ORIENTED_EDGE('',*,*,#4902,.T.);
#6543=ORIENTED_EDGE('',*,*,#4896,.T.);
#6544=ORIENTED_EDGE('',*,*,#4726,.F.);
#6545=ORIENTED_EDGE('',*,*,#4933,.F.);
#6546=ORIENTED_EDGE('',*,*,#4934,.F.);
#6547=ORIENTED_EDGE('',*,*,#4933,.T.);
#6548=ORIENTED_EDGE('',*,*,#4725,.F.);
#6549=ORIENTED_EDGE('',*,*,#4935,.F.);
#6550=ORIENTED_EDGE('',*,*,#4936,.F.);
#6551=ORIENTED_EDGE('',*,*,#4935,.T.);
#6552=ORIENTED_EDGE('',*,*,#4724,.F.);
#6553=ORIENTED_EDGE('',*,*,#4937,.F.);
#6554=ORIENTED_EDGE('',*,*,#4938,.F.);
#6555=ORIENTED_EDGE('',*,*,#4723,.F.);
#6556=ORIENTED_EDGE('',*,*,#4939,.F.);
#6557=ORIENTED_EDGE('',*,*,#4940,.F.);
#6558=ORIENTED_EDGE('',*,*,#4937,.T.);
#6559=ORIENTED_EDGE('',*,*,#4722,.F.);
#6560=ORIENTED_EDGE('',*,*,#4898,.T.);
#6561=ORIENTED_EDGE('',*,*,#4941,.F.);
#6562=ORIENTED_EDGE('',*,*,#4939,.T.);
#6563=ORIENTED_EDGE('',*,*,#4941,.T.);
#6564=ORIENTED_EDGE('',*,*,#4942,.F.);
#6565=ORIENTED_EDGE('',*,*,#4943,.T.);
#6566=ORIENTED_EDGE('',*,*,#4944,.T.);
#6567=ORIENTED_EDGE('',*,*,#4938,.T.);
#6568=ORIENTED_EDGE('',*,*,#4945,.F.);
#6569=ORIENTED_EDGE('',*,*,#4648,.F.);
#6570=ORIENTED_EDGE('',*,*,#4946,.F.);
#6571=ORIENTED_EDGE('',*,*,#4936,.T.);
#6572=ORIENTED_EDGE('',*,*,#4946,.T.);
#6573=ORIENTED_EDGE('',*,*,#4647,.T.);
#6574=ORIENTED_EDGE('',*,*,#4947,.T.);
#6575=ORIENTED_EDGE('',*,*,#4934,.T.);
#6576=ORIENTED_EDGE('',*,*,#4947,.F.);
#6577=ORIENTED_EDGE('',*,*,#4646,.F.);
#6578=ORIENTED_EDGE('',*,*,#4948,.F.);
#6579=ORIENTED_EDGE('',*,*,#4940,.T.);
#6580=ORIENTED_EDGE('',*,*,#4944,.F.);
#6581=ORIENTED_EDGE('',*,*,#4949,.F.);
#6582=ORIENTED_EDGE('',*,*,#4950,.F.);
#6583=ORIENTED_EDGE('',*,*,#4905,.T.);
#6584=ORIENTED_EDGE('',*,*,#4951,.F.);
#6585=ORIENTED_EDGE('',*,*,#4952,.F.);
#6586=ORIENTED_EDGE('',*,*,#4953,.F.);
#6587=ORIENTED_EDGE('',*,*,#4922,.T.);
#6588=ORIENTED_EDGE('',*,*,#4954,.T.);
#6589=ORIENTED_EDGE('',*,*,#4649,.T.);
#6590=ORIENTED_EDGE('',*,*,#4945,.T.);
#6591=ORIENTED_EDGE('',*,*,#4932,.T.);
#6592=ORIENTED_EDGE('',*,*,#4955,.T.);
#6593=ORIENTED_EDGE('',*,*,#4956,.F.);
#6594=ORIENTED_EDGE('',*,*,#4957,.T.);
#6595=ORIENTED_EDGE('',*,*,#4903,.T.);
#6596=ORIENTED_EDGE('',*,*,#4957,.F.);
#6597=ORIENTED_EDGE('',*,*,#4958,.F.);
#6598=ORIENTED_EDGE('',*,*,#4959,.T.);
#6599=ORIENTED_EDGE('',*,*,#4907,.T.);
#6600=ORIENTED_EDGE('',*,*,#4959,.F.);
#6601=ORIENTED_EDGE('',*,*,#4960,.F.);
#6602=ORIENTED_EDGE('',*,*,#4961,.T.);
#6603=ORIENTED_EDGE('',*,*,#4894,.T.);
#6604=ORIENTED_EDGE('',*,*,#4948,.T.);
#6605=ORIENTED_EDGE('',*,*,#4645,.T.);
#6606=ORIENTED_EDGE('',*,*,#4962,.T.);
#6607=ORIENTED_EDGE('',*,*,#4930,.T.);
#6608=ORIENTED_EDGE('',*,*,#4963,.F.);
#6609=ORIENTED_EDGE('',*,*,#4964,.F.);
#6610=ORIENTED_EDGE('',*,*,#4965,.F.);
#6611=ORIENTED_EDGE('',*,*,#4911,.T.);
#6612=ORIENTED_EDGE('',*,*,#4961,.F.);
#6613=ORIENTED_EDGE('',*,*,#4966,.F.);
#6614=ORIENTED_EDGE('',*,*,#4955,.F.);
#6615=ORIENTED_EDGE('',*,*,#4931,.T.);
#6616=ORIENTED_EDGE('',*,*,#4965,.T.);
#6617=ORIENTED_EDGE('',*,*,#4967,.T.);
#6618=ORIENTED_EDGE('',*,*,#4968,.T.);
#6619=ORIENTED_EDGE('',*,*,#4918,.T.);
#6620=ORIENTED_EDGE('',*,*,#4968,.F.);
#6621=ORIENTED_EDGE('',*,*,#4969,.T.);
#6622=ORIENTED_EDGE('',*,*,#4970,.T.);
#6623=ORIENTED_EDGE('',*,*,#4971,.T.);
#6624=ORIENTED_EDGE('',*,*,#4972,.F.);
#6625=ORIENTED_EDGE('',*,*,#4618,.F.);
#6626=ORIENTED_EDGE('',*,*,#4973,.F.);
#6627=ORIENTED_EDGE('',*,*,#4973,.T.);
#6628=ORIENTED_EDGE('',*,*,#4617,.F.);
#6629=ORIENTED_EDGE('',*,*,#4974,.T.);
#6630=ORIENTED_EDGE('',*,*,#4975,.F.);
#6631=ORIENTED_EDGE('',*,*,#4976,.T.);
#6632=ORIENTED_EDGE('',*,*,#4974,.F.);
#6633=ORIENTED_EDGE('',*,*,#4616,.F.);
#6634=ORIENTED_EDGE('',*,*,#4977,.F.);
#6635=ORIENTED_EDGE('',*,*,#4971,.F.);
#6636=ORIENTED_EDGE('',*,*,#4975,.T.);
#6637=ORIENTED_EDGE('',*,*,#4976,.F.);
#6638=ORIENTED_EDGE('',*,*,#4978,.T.);
#6639=ORIENTED_EDGE('',*,*,#4979,.T.);
#6640=ORIENTED_EDGE('',*,*,#4980,.T.);
#6641=ORIENTED_EDGE('',*,*,#4981,.T.);
#6642=ORIENTED_EDGE('',*,*,#4982,.T.);
#6643=ORIENTED_EDGE('',*,*,#4983,.T.);
#6644=ORIENTED_EDGE('',*,*,#4984,.T.);
#6645=ORIENTED_EDGE('',*,*,#4985,.T.);
#6646=ORIENTED_EDGE('',*,*,#4986,.T.);
#6647=ORIENTED_EDGE('',*,*,#4987,.T.);
#6648=ORIENTED_EDGE('',*,*,#4988,.F.);
#6649=ORIENTED_EDGE('',*,*,#4612,.F.);
#6650=ORIENTED_EDGE('',*,*,#4989,.F.);
#6651=ORIENTED_EDGE('',*,*,#4988,.T.);
#6652=ORIENTED_EDGE('',*,*,#4990,.F.);
#6653=ORIENTED_EDGE('',*,*,#4991,.T.);
#6654=ORIENTED_EDGE('',*,*,#4992,.F.);
#6655=ORIENTED_EDGE('',*,*,#4613,.F.);
#6656=ORIENTED_EDGE('',*,*,#4993,.T.);
#6657=ORIENTED_EDGE('',*,*,#4994,.F.);
#6658=ORIENTED_EDGE('',*,*,#4610,.F.);
#6659=ORIENTED_EDGE('',*,*,#4995,.F.);
#6660=ORIENTED_EDGE('',*,*,#4989,.T.);
#6661=ORIENTED_EDGE('',*,*,#4611,.F.);
#6662=ORIENTED_EDGE('',*,*,#4994,.T.);
#6663=ORIENTED_EDGE('',*,*,#4996,.F.);
#6664=ORIENTED_EDGE('',*,*,#4995,.T.);
#6665=ORIENTED_EDGE('',*,*,#4609,.F.);
#6666=ORIENTED_EDGE('',*,*,#4997,.F.);
#6667=ORIENTED_EDGE('',*,*,#4998,.F.);
#6668=ORIENTED_EDGE('',*,*,#4972,.T.);
#6669=ORIENTED_EDGE('',*,*,#4986,.F.);
#6670=ORIENTED_EDGE('',*,*,#4999,.T.);
#6671=ORIENTED_EDGE('',*,*,#4619,.T.);
#6672=ORIENTED_EDGE('',*,*,#4977,.T.);
#6673=ORIENTED_EDGE('',*,*,#4615,.T.);
#6674=ORIENTED_EDGE('',*,*,#5000,.T.);
#6675=ORIENTED_EDGE('',*,*,#5001,.F.);
#6676=ORIENTED_EDGE('',*,*,#4978,.F.);
#6677=ORIENTED_EDGE('',*,*,#4929,.T.);
#6678=ORIENTED_EDGE('',*,*,#4962,.F.);
#6679=ORIENTED_EDGE('',*,*,#4644,.F.);
#6680=ORIENTED_EDGE('',*,*,#5002,.F.);
#6681=ORIENTED_EDGE('',*,*,#4925,.T.);
#6682=ORIENTED_EDGE('',*,*,#5003,.F.);
#6683=ORIENTED_EDGE('',*,*,#4650,.F.);
#6684=ORIENTED_EDGE('',*,*,#4954,.F.);
#6685=ORIENTED_EDGE('',*,*,#4927,.T.);
#6686=ORIENTED_EDGE('',*,*,#5002,.T.);
#6687=ORIENTED_EDGE('',*,*,#4643,.T.);
#6688=ORIENTED_EDGE('',*,*,#5003,.T.);
#6689=ORIENTED_EDGE('',*,*,#5004,.T.);
#6690=ORIENTED_EDGE('',*,*,#4784,.T.);
#6691=ORIENTED_EDGE('',*,*,#5005,.T.);
#6692=ORIENTED_EDGE('',*,*,#5006,.T.);
#6693=ORIENTED_EDGE('',*,*,#5007,.T.);
#6694=ORIENTED_EDGE('',*,*,#5008,.T.);
#6695=ORIENTED_EDGE('',*,*,#5009,.T.);
#6696=ORIENTED_EDGE('',*,*,#5010,.T.);
#6697=ORIENTED_EDGE('',*,*,#5011,.T.);
#6698=ORIENTED_EDGE('',*,*,#5012,.T.);
#6699=ORIENTED_EDGE('',*,*,#5010,.F.);
#6700=ORIENTED_EDGE('',*,*,#5013,.T.);
#6701=ORIENTED_EDGE('',*,*,#5014,.F.);
#6702=ORIENTED_EDGE('',*,*,#5015,.F.);
#6703=ORIENTED_EDGE('',*,*,#5011,.F.);
#6704=ORIENTED_EDGE('',*,*,#5015,.T.);
#6705=ORIENTED_EDGE('',*,*,#5016,.F.);
#6706=ORIENTED_EDGE('',*,*,#5017,.F.);
#6707=ORIENTED_EDGE('',*,*,#5012,.F.);
#6708=ORIENTED_EDGE('',*,*,#5017,.T.);
#6709=ORIENTED_EDGE('',*,*,#5018,.F.);
#6710=ORIENTED_EDGE('',*,*,#5019,.F.);
#6711=ORIENTED_EDGE('',*,*,#5004,.F.);
#6712=ORIENTED_EDGE('',*,*,#5019,.T.);
#6713=ORIENTED_EDGE('',*,*,#5020,.F.);
#6714=ORIENTED_EDGE('',*,*,#4785,.F.);
#6715=ORIENTED_EDGE('',*,*,#5021,.T.);
#6716=ORIENTED_EDGE('',*,*,#4780,.T.);
#6717=ORIENTED_EDGE('',*,*,#5022,.T.);
#6718=ORIENTED_EDGE('',*,*,#5023,.T.);
#6719=ORIENTED_EDGE('',*,*,#5024,.T.);
#6720=ORIENTED_EDGE('',*,*,#5025,.T.);
#6721=ORIENTED_EDGE('',*,*,#5026,.T.);
#6722=ORIENTED_EDGE('',*,*,#5027,.T.);
#6723=ORIENTED_EDGE('',*,*,#5028,.T.);
#6724=ORIENTED_EDGE('',*,*,#5029,.T.);
#6725=ORIENTED_EDGE('',*,*,#5027,.F.);
#6726=ORIENTED_EDGE('',*,*,#5030,.T.);
#6727=ORIENTED_EDGE('',*,*,#5031,.F.);
#6728=ORIENTED_EDGE('',*,*,#5032,.F.);
#6729=ORIENTED_EDGE('',*,*,#5028,.F.);
#6730=ORIENTED_EDGE('',*,*,#5032,.T.);
#6731=ORIENTED_EDGE('',*,*,#5033,.F.);
#6732=ORIENTED_EDGE('',*,*,#5034,.F.);
#6733=ORIENTED_EDGE('',*,*,#5029,.F.);
#6734=ORIENTED_EDGE('',*,*,#5034,.T.);
#6735=ORIENTED_EDGE('',*,*,#5035,.F.);
#6736=ORIENTED_EDGE('',*,*,#5036,.F.);
#6737=ORIENTED_EDGE('',*,*,#5021,.F.);
#6738=ORIENTED_EDGE('',*,*,#5036,.T.);
#6739=ORIENTED_EDGE('',*,*,#5037,.F.);
#6740=ORIENTED_EDGE('',*,*,#4781,.F.);
#6741=ORIENTED_EDGE('',*,*,#4987,.F.);
#6742=ORIENTED_EDGE('',*,*,#4996,.T.);
#6743=ORIENTED_EDGE('',*,*,#4993,.F.);
#6744=ORIENTED_EDGE('',*,*,#4998,.T.);
#6745=ORIENTED_EDGE('',*,*,#5038,.T.);
#6746=ORIENTED_EDGE('',*,*,#5039,.T.);
#6747=ORIENTED_EDGE('',*,*,#5040,.T.);
#6748=ORIENTED_EDGE('',*,*,#5041,.T.);
#6749=ORIENTED_EDGE('',*,*,#5042,.T.);
#6750=ORIENTED_EDGE('',*,*,#5043,.T.);
#6751=ORIENTED_EDGE('',*,*,#5044,.T.);
#6752=ORIENTED_EDGE('',*,*,#4990,.T.);
#6753=ORIENTED_EDGE('',*,*,#5038,.F.);
#6754=ORIENTED_EDGE('',*,*,#4997,.T.);
#6755=ORIENTED_EDGE('',*,*,#4608,.F.);
#6756=ORIENTED_EDGE('',*,*,#5045,.F.);
#6757=ORIENTED_EDGE('',*,*,#5039,.F.);
#6758=ORIENTED_EDGE('',*,*,#5045,.T.);
#6759=ORIENTED_EDGE('',*,*,#4607,.F.);
#6760=ORIENTED_EDGE('',*,*,#5046,.F.);
#6761=ORIENTED_EDGE('',*,*,#4981,.F.);
#6762=ORIENTED_EDGE('',*,*,#5047,.T.);
#6763=ORIENTED_EDGE('',*,*,#4624,.T.);
#6764=ORIENTED_EDGE('',*,*,#5048,.F.);
#6765=ORIENTED_EDGE('',*,*,#4982,.F.);
#6766=ORIENTED_EDGE('',*,*,#5048,.T.);
#6767=ORIENTED_EDGE('',*,*,#4623,.T.);
#6768=ORIENTED_EDGE('',*,*,#5049,.F.);
#6769=ORIENTED_EDGE('',*,*,#4983,.F.);
#6770=ORIENTED_EDGE('',*,*,#5049,.T.);
#6771=ORIENTED_EDGE('',*,*,#4622,.T.);
#6772=ORIENTED_EDGE('',*,*,#5050,.F.);
#6773=ORIENTED_EDGE('',*,*,#4984,.F.);
#6774=ORIENTED_EDGE('',*,*,#5050,.T.);
#6775=ORIENTED_EDGE('',*,*,#4621,.T.);
#6776=ORIENTED_EDGE('',*,*,#5051,.F.);
#6777=ORIENTED_EDGE('',*,*,#4985,.F.);
#6778=ORIENTED_EDGE('',*,*,#5051,.T.);
#6779=ORIENTED_EDGE('',*,*,#4620,.T.);
#6780=ORIENTED_EDGE('',*,*,#4999,.F.);
#6781=ORIENTED_EDGE('',*,*,#5052,.T.);
#6782=ORIENTED_EDGE('',*,*,#4776,.T.);
#6783=ORIENTED_EDGE('',*,*,#5053,.T.);
#6784=ORIENTED_EDGE('',*,*,#5054,.T.);
#6785=ORIENTED_EDGE('',*,*,#5055,.T.);
#6786=ORIENTED_EDGE('',*,*,#5056,.T.);
#6787=ORIENTED_EDGE('',*,*,#5057,.T.);
#6788=ORIENTED_EDGE('',*,*,#5058,.T.);
#6789=ORIENTED_EDGE('',*,*,#5059,.T.);
#6790=ORIENTED_EDGE('',*,*,#5060,.T.);
#6791=ORIENTED_EDGE('',*,*,#5058,.F.);
#6792=ORIENTED_EDGE('',*,*,#5061,.T.);
#6793=ORIENTED_EDGE('',*,*,#5062,.T.);
#6794=ORIENTED_EDGE('',*,*,#5063,.F.);
#6795=ORIENTED_EDGE('',*,*,#5059,.F.);
#6796=ORIENTED_EDGE('',*,*,#5063,.T.);
#6797=ORIENTED_EDGE('',*,*,#5064,.T.);
#6798=ORIENTED_EDGE('',*,*,#5065,.F.);
#6799=ORIENTED_EDGE('',*,*,#5060,.F.);
#6800=ORIENTED_EDGE('',*,*,#5065,.T.);
#6801=ORIENTED_EDGE('',*,*,#5066,.T.);
#6802=ORIENTED_EDGE('',*,*,#5067,.T.);
#6803=ORIENTED_EDGE('',*,*,#5052,.F.);
#6804=ORIENTED_EDGE('',*,*,#5067,.F.);
#6805=ORIENTED_EDGE('',*,*,#5068,.F.);
#6806=ORIENTED_EDGE('',*,*,#4777,.F.);
#6807=ORIENTED_EDGE('',*,*,#4920,.T.);
#6808=ORIENTED_EDGE('',*,*,#4970,.F.);
#6809=ORIENTED_EDGE('',*,*,#5069,.T.);
#6810=ORIENTED_EDGE('',*,*,#4963,.T.);
#6811=ORIENTED_EDGE('',*,*,#4967,.F.);
#6812=ORIENTED_EDGE('',*,*,#4964,.T.);
#6813=ORIENTED_EDGE('',*,*,#5069,.F.);
#6814=ORIENTED_EDGE('',*,*,#4969,.F.);
#6815=ORIENTED_EDGE('',*,*,#4897,.T.);
#6816=ORIENTED_EDGE('',*,*,#5070,.F.);
#6817=ORIENTED_EDGE('',*,*,#5071,.T.);
#6818=ORIENTED_EDGE('',*,*,#4942,.T.);
#6819=ORIENTED_EDGE('',*,*,#4900,.T.);
#6820=ORIENTED_EDGE('',*,*,#4950,.T.);
#6821=ORIENTED_EDGE('',*,*,#5072,.T.);
#6822=ORIENTED_EDGE('',*,*,#5070,.T.);
#6823=ORIENTED_EDGE('',*,*,#5072,.F.);
#6824=ORIENTED_EDGE('',*,*,#4949,.T.);
#6825=ORIENTED_EDGE('',*,*,#4943,.F.);
#6826=ORIENTED_EDGE('',*,*,#5071,.F.);
#6827=ORIENTED_EDGE('',*,*,#4956,.T.);
#6828=ORIENTED_EDGE('',*,*,#4966,.T.);
#6829=ORIENTED_EDGE('',*,*,#4960,.T.);
#6830=ORIENTED_EDGE('',*,*,#4958,.T.);
#6831=ORIENTED_EDGE('',*,*,#4909,.T.);
#6832=ORIENTED_EDGE('',*,*,#5073,.F.);
#6833=ORIENTED_EDGE('',*,*,#5074,.F.);
#6834=ORIENTED_EDGE('',*,*,#4951,.T.);
#6835=ORIENTED_EDGE('',*,*,#4913,.T.);
#6836=ORIENTED_EDGE('',*,*,#5075,.F.);
#6837=ORIENTED_EDGE('',*,*,#5076,.F.);
#6838=ORIENTED_EDGE('',*,*,#5073,.T.);
#6839=ORIENTED_EDGE('',*,*,#4915,.T.);
#6840=ORIENTED_EDGE('',*,*,#4953,.T.);
#6841=ORIENTED_EDGE('',*,*,#5077,.F.);
#6842=ORIENTED_EDGE('',*,*,#5075,.T.);
#6843=ORIENTED_EDGE('',*,*,#5076,.T.);
#6844=ORIENTED_EDGE('',*,*,#5077,.T.);
#6845=ORIENTED_EDGE('',*,*,#4952,.T.);
#6846=ORIENTED_EDGE('',*,*,#5074,.T.);
#6847=ORIENTED_EDGE('',*,*,#5057,.F.);
#6848=ORIENTED_EDGE('',*,*,#5078,.T.);
#6849=ORIENTED_EDGE('',*,*,#5079,.T.);
#6850=ORIENTED_EDGE('',*,*,#5061,.F.);
#6851=ORIENTED_EDGE('',*,*,#5009,.F.);
#6852=ORIENTED_EDGE('',*,*,#5080,.T.);
#6853=ORIENTED_EDGE('',*,*,#5081,.F.);
#6854=ORIENTED_EDGE('',*,*,#5013,.F.);
#6855=ORIENTED_EDGE('',*,*,#5026,.F.);
#6856=ORIENTED_EDGE('',*,*,#5082,.T.);
#6857=ORIENTED_EDGE('',*,*,#5083,.F.);
#6858=ORIENTED_EDGE('',*,*,#5030,.F.);
#6859=ORIENTED_EDGE('',*,*,#5084,.F.);
#6860=ORIENTED_EDGE('',*,*,#4892,.T.);
#6861=ORIENTED_EDGE('',*,*,#5085,.F.);
#6862=ORIENTED_EDGE('',*,*,#5086,.F.);
#6863=ORIENTED_EDGE('',*,*,#5086,.T.);
#6864=ORIENTED_EDGE('',*,*,#5087,.T.);
#6865=ORIENTED_EDGE('',*,*,#5088,.T.);
#6866=ORIENTED_EDGE('',*,*,#5089,.T.);
#6867=ORIENTED_EDGE('',*,*,#5084,.T.);
#6868=ORIENTED_EDGE('',*,*,#5089,.F.);
#6869=ORIENTED_EDGE('',*,*,#5090,.T.);
#6870=ORIENTED_EDGE('',*,*,#4893,.T.);
#6871=ORIENTED_EDGE('',*,*,#5091,.F.);
#6872=ORIENTED_EDGE('',*,*,#4890,.T.);
#6873=ORIENTED_EDGE('',*,*,#5090,.F.);
#6874=ORIENTED_EDGE('',*,*,#5088,.F.);
#6875=ORIENTED_EDGE('',*,*,#5085,.T.);
#6876=ORIENTED_EDGE('',*,*,#4891,.T.);
#6877=ORIENTED_EDGE('',*,*,#5091,.T.);
#6878=ORIENTED_EDGE('',*,*,#5087,.F.);
#6879=ORIENTED_EDGE('',*,*,#4792,.T.);
#6880=ORIENTED_EDGE('',*,*,#5092,.T.);
#6881=ORIENTED_EDGE('',*,*,#5093,.F.);
#6882=ORIENTED_EDGE('',*,*,#5092,.F.);
#6883=ORIENTED_EDGE('',*,*,#5093,.T.);
#6884=ORIENTED_EDGE('',*,*,#5094,.T.);
#6885=ORIENTED_EDGE('',*,*,#4793,.T.);
#6886=ORIENTED_EDGE('',*,*,#5095,.T.);
#6887=ORIENTED_EDGE('',*,*,#5096,.F.);
#6888=ORIENTED_EDGE('',*,*,#5095,.F.);
#6889=ORIENTED_EDGE('',*,*,#5096,.T.);
#6890=ORIENTED_EDGE('',*,*,#5097,.T.);
#6891=ORIENTED_EDGE('',*,*,#5098,.F.);
#6892=ORIENTED_EDGE('',*,*,#4787,.F.);
#6893=ORIENTED_EDGE('',*,*,#5099,.F.);
#6894=ORIENTED_EDGE('',*,*,#5100,.F.);
#6895=ORIENTED_EDGE('',*,*,#5101,.F.);
#6896=ORIENTED_EDGE('',*,*,#5102,.F.);
#6897=ORIENTED_EDGE('',*,*,#5099,.T.);
#6898=ORIENTED_EDGE('',*,*,#5103,.F.);
#6899=ORIENTED_EDGE('',*,*,#5101,.T.);
#6900=ORIENTED_EDGE('',*,*,#5104,.F.);
#6901=ORIENTED_EDGE('',*,*,#5105,.F.);
#6902=ORIENTED_EDGE('',*,*,#5106,.F.);
#6903=ORIENTED_EDGE('',*,*,#5107,.F.);
#6904=ORIENTED_EDGE('',*,*,#5108,.F.);
#6905=ORIENTED_EDGE('',*,*,#5105,.T.);
#6906=ORIENTED_EDGE('',*,*,#5109,.F.);
#6907=ORIENTED_EDGE('',*,*,#5110,.F.);
#6908=ORIENTED_EDGE('',*,*,#4600,.F.);
#6909=ORIENTED_EDGE('',*,*,#5111,.F.);
#6910=ORIENTED_EDGE('',*,*,#5112,.F.);
#6911=ORIENTED_EDGE('',*,*,#5113,.F.);
#6912=ORIENTED_EDGE('',*,*,#5114,.F.);
#6913=ORIENTED_EDGE('',*,*,#5111,.T.);
#6914=ORIENTED_EDGE('',*,*,#4599,.F.);
#6915=ORIENTED_EDGE('',*,*,#5115,.F.);
#6916=ORIENTED_EDGE('',*,*,#5116,.F.);
#6917=ORIENTED_EDGE('',*,*,#5113,.T.);
#6918=ORIENTED_EDGE('',*,*,#4598,.F.);
#6919=ORIENTED_EDGE('',*,*,#5117,.F.);
#6920=ORIENTED_EDGE('',*,*,#5118,.F.);
#6921=ORIENTED_EDGE('',*,*,#5115,.T.);
#6922=ORIENTED_EDGE('',*,*,#4597,.F.);
#6923=ORIENTED_EDGE('',*,*,#5119,.F.);
#6924=ORIENTED_EDGE('',*,*,#4858,.F.);
#6925=ORIENTED_EDGE('',*,*,#5117,.T.);
#6926=ORIENTED_EDGE('',*,*,#4596,.F.);
#6927=ORIENTED_EDGE('',*,*,#5120,.F.);
#6928=ORIENTED_EDGE('',*,*,#4860,.F.);
#6929=ORIENTED_EDGE('',*,*,#5119,.T.);
#6930=ORIENTED_EDGE('',*,*,#4595,.F.);
#6931=ORIENTED_EDGE('',*,*,#5121,.F.);
#6932=ORIENTED_EDGE('',*,*,#4861,.F.);
#6933=ORIENTED_EDGE('',*,*,#5120,.T.);
#6934=ORIENTED_EDGE('',*,*,#4592,.F.);
#6935=ORIENTED_EDGE('',*,*,#5122,.F.);
#6936=ORIENTED_EDGE('',*,*,#4862,.F.);
#6937=ORIENTED_EDGE('',*,*,#5121,.T.);
#6938=ORIENTED_EDGE('',*,*,#4516,.F.);
#6939=ORIENTED_EDGE('',*,*,#5110,.T.);
#6940=ORIENTED_EDGE('',*,*,#5123,.F.);
#6941=ORIENTED_EDGE('',*,*,#5107,.T.);
#6942=ORIENTED_EDGE('',*,*,#4601,.F.);
#6943=ORIENTED_EDGE('',*,*,#5103,.T.);
#6944=ORIENTED_EDGE('',*,*,#4786,.F.);
#6945=ORIENTED_EDGE('',*,*,#5020,.T.);
#6946=ORIENTED_EDGE('',*,*,#5018,.T.);
#6947=ORIENTED_EDGE('',*,*,#5016,.T.);
#6948=ORIENTED_EDGE('',*,*,#5014,.T.);
#6949=ORIENTED_EDGE('',*,*,#5081,.T.);
#6950=ORIENTED_EDGE('',*,*,#5124,.T.);
#6951=ORIENTED_EDGE('',*,*,#5125,.T.);
#6952=ORIENTED_EDGE('',*,*,#5126,.T.);
#6953=ORIENTED_EDGE('',*,*,#5127,.T.);
#6954=ORIENTED_EDGE('',*,*,#4782,.F.);
#6955=ORIENTED_EDGE('',*,*,#5037,.T.);
#6956=ORIENTED_EDGE('',*,*,#5035,.T.);
#6957=ORIENTED_EDGE('',*,*,#5033,.T.);
#6958=ORIENTED_EDGE('',*,*,#5031,.T.);
#6959=ORIENTED_EDGE('',*,*,#5083,.T.);
#6960=ORIENTED_EDGE('',*,*,#5128,.T.);
#6961=ORIENTED_EDGE('',*,*,#5129,.F.);
#6962=ORIENTED_EDGE('',*,*,#5130,.F.);
#6963=ORIENTED_EDGE('',*,*,#5131,.F.);
#6964=ORIENTED_EDGE('',*,*,#4778,.F.);
#6965=ORIENTED_EDGE('',*,*,#5068,.T.);
#6966=ORIENTED_EDGE('',*,*,#5066,.F.);
#6967=ORIENTED_EDGE('',*,*,#5064,.F.);
#6968=ORIENTED_EDGE('',*,*,#5062,.F.);
#6969=ORIENTED_EDGE('',*,*,#5079,.F.);
#6970=ORIENTED_EDGE('',*,*,#5132,.F.);
#6971=ORIENTED_EDGE('',*,*,#5133,.F.);
#6972=ORIENTED_EDGE('',*,*,#5134,.F.);
#6973=ORIENTED_EDGE('',*,*,#5135,.T.);
#6974=ORIENTED_EDGE('',*,*,#4774,.F.);
#6975=ORIENTED_EDGE('',*,*,#4772,.T.);
#6976=ORIENTED_EDGE('',*,*,#4770,.F.);
#6977=ORIENTED_EDGE('',*,*,#4768,.F.);
#6978=ORIENTED_EDGE('',*,*,#4766,.F.);
#6979=ORIENTED_EDGE('',*,*,#5136,.F.);
#6980=ORIENTED_EDGE('',*,*,#5137,.F.);
#6981=ORIENTED_EDGE('',*,*,#5138,.T.);
#6982=ORIENTED_EDGE('',*,*,#5139,.F.);
#6983=ORIENTED_EDGE('',*,*,#5140,.T.);
#6984=ORIENTED_EDGE('',*,*,#4790,.F.);
#6985=ORIENTED_EDGE('',*,*,#5141,.T.);
#6986=ORIENTED_EDGE('',*,*,#4634,.T.);
#6987=ORIENTED_EDGE('',*,*,#4681,.F.);
#6988=ORIENTED_EDGE('',*,*,#4679,.T.);
#6989=ORIENTED_EDGE('',*,*,#4677,.F.);
#6990=ORIENTED_EDGE('',*,*,#4626,.T.);
#6991=ORIENTED_EDGE('',*,*,#5142,.F.);
#6992=ORIENTED_EDGE('',*,*,#5143,.F.);
#6993=ORIENTED_EDGE('',*,*,#5000,.F.);
#6994=ORIENTED_EDGE('',*,*,#4614,.T.);
#6995=ORIENTED_EDGE('',*,*,#4992,.T.);
#6996=ORIENTED_EDGE('',*,*,#5144,.T.);
#6997=ORIENTED_EDGE('',*,*,#5145,.T.);
#6998=ORIENTED_EDGE('',*,*,#4602,.T.);
#6999=ORIENTED_EDGE('',*,*,#5109,.T.);
#7000=ORIENTED_EDGE('',*,*,#5104,.T.);
#7001=ORIENTED_EDGE('',*,*,#5122,.T.);
#7002=ORIENTED_EDGE('',*,*,#4515,.F.);
#7003=ORIENTED_EDGE('',*,*,#5146,.T.);
#7004=ORIENTED_EDGE('',*,*,#4876,.T.);
#7005=ORIENTED_EDGE('',*,*,#5147,.T.);
#7006=ORIENTED_EDGE('',*,*,#5148,.T.);
#7007=ORIENTED_EDGE('',*,*,#5149,.T.);
#7008=ORIENTED_EDGE('',*,*,#4863,.F.);
#7009=ORIENTED_EDGE('',*,*,#4843,.T.);
#7010=ORIENTED_EDGE('',*,*,#5150,.F.);
#7011=ORIENTED_EDGE('',*,*,#5118,.T.);
#7012=ORIENTED_EDGE('',*,*,#4857,.F.);
#7013=ORIENTED_EDGE('',*,*,#4856,.T.);
#7014=ORIENTED_EDGE('',*,*,#4887,.F.);
#7015=ORIENTED_EDGE('',*,*,#5151,.F.);
#7016=ORIENTED_EDGE('',*,*,#5152,.F.);
#7017=ORIENTED_EDGE('',*,*,#5022,.F.);
#7018=ORIENTED_EDGE('',*,*,#4779,.T.);
#7019=ORIENTED_EDGE('',*,*,#5131,.T.);
#7020=ORIENTED_EDGE('',*,*,#5153,.F.);
#7021=ORIENTED_EDGE('',*,*,#5023,.F.);
#7022=ORIENTED_EDGE('',*,*,#5153,.T.);
#7023=ORIENTED_EDGE('',*,*,#5130,.T.);
#7024=ORIENTED_EDGE('',*,*,#5154,.F.);
#7025=ORIENTED_EDGE('',*,*,#5024,.F.);
#7026=ORIENTED_EDGE('',*,*,#5154,.T.);
#7027=ORIENTED_EDGE('',*,*,#5129,.T.);
#7028=ORIENTED_EDGE('',*,*,#5155,.F.);
#7029=ORIENTED_EDGE('',*,*,#4849,.T.);
#7030=ORIENTED_EDGE('',*,*,#5156,.T.);
#7031=ORIENTED_EDGE('',*,*,#5112,.T.);
#7032=ORIENTED_EDGE('',*,*,#5157,.T.);
#7033=ORIENTED_EDGE('',*,*,#4845,.T.);
#7034=ORIENTED_EDGE('',*,*,#5158,.F.);
#7035=ORIENTED_EDGE('',*,*,#5116,.T.);
#7036=ORIENTED_EDGE('',*,*,#5150,.T.);
#7037=ORIENTED_EDGE('',*,*,#5098,.T.);
#7038=ORIENTED_EDGE('',*,*,#5159,.F.);
#7039=ORIENTED_EDGE('',*,*,#5151,.T.);
#7040=ORIENTED_EDGE('',*,*,#4886,.T.);
#7041=ORIENTED_EDGE('',*,*,#4884,.T.);
#7042=ORIENTED_EDGE('',*,*,#4882,.T.);
#7043=ORIENTED_EDGE('',*,*,#5160,.T.);
#7044=ORIENTED_EDGE('',*,*,#4788,.F.);
#7045=ORIENTED_EDGE('',*,*,#4847,.T.);
#7046=ORIENTED_EDGE('',*,*,#5157,.F.);
#7047=ORIENTED_EDGE('',*,*,#5114,.T.);
#7048=ORIENTED_EDGE('',*,*,#5158,.T.);
#7049=ORIENTED_EDGE('',*,*,#5161,.F.);
#7050=ORIENTED_EDGE('',*,*,#4864,.F.);
#7051=ORIENTED_EDGE('',*,*,#5149,.F.);
#7052=ORIENTED_EDGE('',*,*,#5162,.F.);
#7053=ORIENTED_EDGE('',*,*,#5161,.T.);
#7054=ORIENTED_EDGE('',*,*,#5163,.T.);
#7055=ORIENTED_EDGE('',*,*,#5164,.T.);
#7056=ORIENTED_EDGE('',*,*,#4874,.T.);
#7057=ORIENTED_EDGE('',*,*,#4872,.T.);
#7058=ORIENTED_EDGE('',*,*,#4869,.T.);
#7059=ORIENTED_EDGE('',*,*,#4867,.T.);
#7060=ORIENTED_EDGE('',*,*,#4865,.F.);
#7061=ORIENTED_EDGE('',*,*,#5044,.F.);
#7062=ORIENTED_EDGE('',*,*,#5165,.T.);
#7063=ORIENTED_EDGE('',*,*,#5144,.F.);
#7064=ORIENTED_EDGE('',*,*,#4991,.F.);
#7065=ORIENTED_EDGE('',*,*,#5043,.F.);
#7066=ORIENTED_EDGE('',*,*,#5166,.T.);
#7067=ORIENTED_EDGE('',*,*,#4603,.F.);
#7068=ORIENTED_EDGE('',*,*,#5145,.F.);
#7069=ORIENTED_EDGE('',*,*,#5165,.F.);
#7070=ORIENTED_EDGE('',*,*,#4851,.T.);
#7071=ORIENTED_EDGE('',*,*,#5167,.T.);
#7072=ORIENTED_EDGE('',*,*,#5108,.T.);
#7073=ORIENTED_EDGE('',*,*,#5123,.T.);
#7074=ORIENTED_EDGE('',*,*,#5156,.F.);
#7075=ORIENTED_EDGE('',*,*,#4853,.T.);
#7076=ORIENTED_EDGE('',*,*,#5168,.T.);
#7077=ORIENTED_EDGE('',*,*,#5106,.T.);
#7078=ORIENTED_EDGE('',*,*,#5167,.F.);
#7079=ORIENTED_EDGE('',*,*,#4855,.T.);
#7080=ORIENTED_EDGE('',*,*,#5152,.T.);
#7081=ORIENTED_EDGE('',*,*,#5159,.T.);
#7082=ORIENTED_EDGE('',*,*,#5100,.T.);
#7083=ORIENTED_EDGE('',*,*,#5102,.T.);
#7084=ORIENTED_EDGE('',*,*,#5168,.F.);
#7085=ORIENTED_EDGE('',*,*,#5008,.F.);
#7086=ORIENTED_EDGE('',*,*,#5169,.T.);
#7087=ORIENTED_EDGE('',*,*,#5124,.F.);
#7088=ORIENTED_EDGE('',*,*,#5080,.F.);
#7089=ORIENTED_EDGE('',*,*,#5007,.F.);
#7090=ORIENTED_EDGE('',*,*,#5170,.T.);
#7091=ORIENTED_EDGE('',*,*,#5125,.F.);
#7092=ORIENTED_EDGE('',*,*,#5169,.F.);
#7093=ORIENTED_EDGE('',*,*,#5006,.F.);
#7094=ORIENTED_EDGE('',*,*,#5171,.T.);
#7095=ORIENTED_EDGE('',*,*,#5126,.F.);
#7096=ORIENTED_EDGE('',*,*,#5170,.F.);
#7097=ORIENTED_EDGE('',*,*,#5005,.F.);
#7098=ORIENTED_EDGE('',*,*,#4783,.T.);
#7099=ORIENTED_EDGE('',*,*,#5127,.F.);
#7100=ORIENTED_EDGE('',*,*,#5171,.F.);
#7101=ORIENTED_EDGE('',*,*,#5025,.F.);
#7102=ORIENTED_EDGE('',*,*,#5155,.T.);
#7103=ORIENTED_EDGE('',*,*,#5128,.F.);
#7104=ORIENTED_EDGE('',*,*,#5082,.F.);
#7105=ORIENTED_EDGE('',*,*,#4493,.T.);
#7106=ORIENTED_EDGE('',*,*,#5172,.T.);
#7107=ORIENTED_EDGE('',*,*,#4590,.T.);
#7108=ORIENTED_EDGE('',*,*,#4518,.F.);
#7109=ORIENTED_EDGE('',*,*,#4492,.T.);
#7110=ORIENTED_EDGE('',*,*,#4508,.T.);
#7111=ORIENTED_EDGE('',*,*,#4591,.T.);
#7112=ORIENTED_EDGE('',*,*,#5172,.F.);
#7113=ORIENTED_EDGE('',*,*,#5041,.F.);
#7114=ORIENTED_EDGE('',*,*,#5173,.T.);
#7115=ORIENTED_EDGE('',*,*,#4605,.F.);
#7116=ORIENTED_EDGE('',*,*,#5174,.F.);
#7117=ORIENTED_EDGE('',*,*,#5040,.F.);
#7118=ORIENTED_EDGE('',*,*,#5046,.T.);
#7119=ORIENTED_EDGE('',*,*,#4606,.F.);
#7120=ORIENTED_EDGE('',*,*,#5173,.F.);
#7121=ORIENTED_EDGE('',*,*,#5042,.F.);
#7122=ORIENTED_EDGE('',*,*,#5174,.T.);
#7123=ORIENTED_EDGE('',*,*,#4604,.F.);
#7124=ORIENTED_EDGE('',*,*,#5166,.F.);
#7125=ORIENTED_EDGE('',*,*,#5162,.T.);
#7126=ORIENTED_EDGE('',*,*,#5148,.F.);
#7127=ORIENTED_EDGE('',*,*,#5175,.T.);
#7128=ORIENTED_EDGE('',*,*,#5163,.F.);
#7129=ORIENTED_EDGE('',*,*,#5164,.F.);
#7130=ORIENTED_EDGE('',*,*,#5175,.F.);
#7131=ORIENTED_EDGE('',*,*,#5147,.F.);
#7132=ORIENTED_EDGE('',*,*,#4875,.F.);
#7133=ORIENTED_EDGE('',*,*,#5160,.F.);
#7134=ORIENTED_EDGE('',*,*,#4881,.F.);
#7135=ORIENTED_EDGE('',*,*,#5176,.F.);
#7136=ORIENTED_EDGE('',*,*,#4789,.F.);
#7137=ORIENTED_EDGE('',*,*,#5177,.F.);
#7138=ORIENTED_EDGE('',*,*,#5141,.F.);
#7139=ORIENTED_EDGE('',*,*,#5176,.T.);
#7140=ORIENTED_EDGE('',*,*,#4880,.F.);
#7141=ORIENTED_EDGE('',*,*,#5178,.F.);
#7142=ORIENTED_EDGE('',*,*,#4635,.F.);
#7143=ORIENTED_EDGE('',*,*,#5177,.T.);
#7144=ORIENTED_EDGE('',*,*,#4879,.F.);
#7145=ORIENTED_EDGE('',*,*,#5179,.F.);
#7146=ORIENTED_EDGE('',*,*,#4584,.F.);
#7147=ORIENTED_EDGE('',*,*,#5178,.T.);
#7148=ORIENTED_EDGE('',*,*,#4878,.F.);
#7149=ORIENTED_EDGE('',*,*,#5146,.F.);
#7150=ORIENTED_EDGE('',*,*,#4514,.F.);
#7151=ORIENTED_EDGE('',*,*,#5179,.T.);
#7152=ORIENTED_EDGE('',*,*,#4877,.F.);
#7153=ORIENTED_EDGE('',*,*,#4814,.T.);
#7154=ORIENTED_EDGE('',*,*,#5180,.T.);
#7155=ORIENTED_EDGE('',*,*,#4636,.T.);
#7156=ORIENTED_EDGE('',*,*,#4582,.F.);
#7157=ORIENTED_EDGE('',*,*,#5181,.F.);
#7158=ORIENTED_EDGE('',*,*,#4810,.T.);
#7159=ORIENTED_EDGE('',*,*,#5182,.F.);
#7160=ORIENTED_EDGE('',*,*,#4580,.F.);
#7161=ORIENTED_EDGE('',*,*,#5183,.T.);
#7162=ORIENTED_EDGE('',*,*,#4812,.T.);
#7163=ORIENTED_EDGE('',*,*,#5181,.T.);
#7164=ORIENTED_EDGE('',*,*,#4581,.T.);
#7165=ORIENTED_EDGE('',*,*,#5182,.T.);
#7166=ORIENTED_EDGE('',*,*,#4761,.T.);
#7167=ORIENTED_EDGE('',*,*,#5184,.F.);
#7168=ORIENTED_EDGE('',*,*,#5138,.F.);
#7169=ORIENTED_EDGE('',*,*,#5185,.F.);
#7170=ORIENTED_EDGE('',*,*,#4759,.T.);
#7171=ORIENTED_EDGE('',*,*,#5185,.T.);
#7172=ORIENTED_EDGE('',*,*,#5137,.T.);
#7173=ORIENTED_EDGE('',*,*,#5186,.F.);
#7174=ORIENTED_EDGE('',*,*,#4764,.T.);
#7175=ORIENTED_EDGE('',*,*,#4791,.F.);
#7176=ORIENTED_EDGE('',*,*,#5140,.F.);
#7177=ORIENTED_EDGE('',*,*,#5187,.F.);
#7178=ORIENTED_EDGE('',*,*,#4763,.T.);
#7179=ORIENTED_EDGE('',*,*,#5187,.T.);
#7180=ORIENTED_EDGE('',*,*,#5139,.T.);
#7181=ORIENTED_EDGE('',*,*,#5184,.T.);
#7182=ORIENTED_EDGE('',*,*,#4668,.T.);
#7183=ORIENTED_EDGE('',*,*,#5188,.T.);
#7184=ORIENTED_EDGE('',*,*,#4630,.T.);
#7185=ORIENTED_EDGE('',*,*,#5189,.T.);
#7186=ORIENTED_EDGE('',*,*,#4674,.T.);
#7187=ORIENTED_EDGE('',*,*,#4682,.F.);
#7188=ORIENTED_EDGE('',*,*,#4632,.F.);
#7189=ORIENTED_EDGE('',*,*,#5190,.F.);
#7190=ORIENTED_EDGE('',*,*,#4671,.T.);
#7191=ORIENTED_EDGE('',*,*,#5190,.T.);
#7192=ORIENTED_EDGE('',*,*,#4631,.T.);
#7193=ORIENTED_EDGE('',*,*,#5188,.F.);
#7194=ORIENTED_EDGE('',*,*,#4817,.T.);
#7195=ORIENTED_EDGE('',*,*,#4824,.T.);
#7196=ORIENTED_EDGE('',*,*,#4638,.T.);
#7197=ORIENTED_EDGE('',*,*,#5191,.F.);
#7198=ORIENTED_EDGE('',*,*,#4816,.T.);
#7199=ORIENTED_EDGE('',*,*,#5191,.T.);
#7200=ORIENTED_EDGE('',*,*,#4637,.T.);
#7201=ORIENTED_EDGE('',*,*,#5180,.F.);
#7202=ORIENTED_EDGE('',*,*,#4666,.T.);
#7203=ORIENTED_EDGE('',*,*,#5189,.F.);
#7204=ORIENTED_EDGE('',*,*,#4629,.F.);
#7205=ORIENTED_EDGE('',*,*,#4675,.T.);
#7206=ORIENTED_EDGE('',*,*,#4476,.T.);
#7207=ORIENTED_EDGE('',*,*,#5192,.F.);
#7208=ORIENTED_EDGE('',*,*,#4585,.T.);
#7209=ORIENTED_EDGE('',*,*,#4497,.T.);
#7210=ORIENTED_EDGE('',*,*,#4480,.T.);
#7211=ORIENTED_EDGE('',*,*,#4522,.F.);
#7212=ORIENTED_EDGE('',*,*,#4587,.F.);
#7213=ORIENTED_EDGE('',*,*,#5193,.F.);
#7214=ORIENTED_EDGE('',*,*,#4481,.T.);
#7215=ORIENTED_EDGE('',*,*,#5193,.T.);
#7216=ORIENTED_EDGE('',*,*,#4586,.T.);
#7217=ORIENTED_EDGE('',*,*,#5192,.T.);
#7218=ORIENTED_EDGE('',*,*,#4979,.F.);
#7219=ORIENTED_EDGE('',*,*,#5001,.T.);
#7220=ORIENTED_EDGE('',*,*,#5143,.T.);
#7221=ORIENTED_EDGE('',*,*,#5194,.F.);
#7222=ORIENTED_EDGE('',*,*,#5055,.F.);
#7223=ORIENTED_EDGE('',*,*,#5195,.T.);
#7224=ORIENTED_EDGE('',*,*,#5133,.T.);
#7225=ORIENTED_EDGE('',*,*,#5196,.F.);
#7226=ORIENTED_EDGE('',*,*,#5056,.F.);
#7227=ORIENTED_EDGE('',*,*,#5196,.T.);
#7228=ORIENTED_EDGE('',*,*,#5132,.T.);
#7229=ORIENTED_EDGE('',*,*,#5078,.F.);
#7230=ORIENTED_EDGE('',*,*,#5053,.F.);
#7231=ORIENTED_EDGE('',*,*,#4775,.F.);
#7232=ORIENTED_EDGE('',*,*,#5135,.F.);
#7233=ORIENTED_EDGE('',*,*,#5197,.F.);
#7234=ORIENTED_EDGE('',*,*,#5054,.F.);
#7235=ORIENTED_EDGE('',*,*,#5197,.T.);
#7236=ORIENTED_EDGE('',*,*,#5134,.T.);
#7237=ORIENTED_EDGE('',*,*,#5195,.F.);
#7238=ORIENTED_EDGE('',*,*,#4757,.T.);
#7239=ORIENTED_EDGE('',*,*,#5186,.T.);
#7240=ORIENTED_EDGE('',*,*,#5136,.T.);
#7241=ORIENTED_EDGE('',*,*,#4765,.F.);
#7242=ORIENTED_EDGE('',*,*,#4980,.F.);
#7243=ORIENTED_EDGE('',*,*,#5194,.T.);
#7244=ORIENTED_EDGE('',*,*,#5142,.T.);
#7245=ORIENTED_EDGE('',*,*,#4625,.T.);
#7246=ORIENTED_EDGE('',*,*,#5047,.F.);
#7247=ORIENTED_EDGE('',*,*,#4808,.T.);
#7248=ORIENTED_EDGE('',*,*,#5183,.F.);
#7249=ORIENTED_EDGE('',*,*,#4579,.T.);
#7250=ORIENTED_EDGE('',*,*,#4818,.F.);
#7251=ORIENTED_EDGE('',*,*,#5097,.F.);
#7252=ORIENTED_EDGE('',*,*,#5198,.T.);
#7253=ORIENTED_EDGE('',*,*,#4889,.T.);
#7254=ORIENTED_EDGE('',*,*,#5198,.F.);
#7255=ORIENTED_EDGE('',*,*,#5094,.F.);
#7256=ORIENTED_EDGE('',*,*,#5199,.T.);
#7257=ORIENTED_EDGE('',*,*,#4888,.T.);
#7258=ORIENTED_EDGE('',*,*,#5199,.F.);
#7259=ORIENTED_EDGE('',*,*,#5200,.T.);
#7260=ORIENTED_EDGE('',*,*,#5200,.F.);
#7261=ORIENTED_EDGE('',*,*,#5201,.T.);
#7262=ORIENTED_EDGE('',*,*,#4871,.T.);
#7263=ORIENTED_EDGE('',*,*,#5201,.F.);
#7264=ORIENTED_EDGE('',*,*,#4487,.T.);
#7265=ORIENTED_EDGE('',*,*,#4501,.F.);
#7266=ORIENTED_EDGE('',*,*,#4589,.T.);
#7267=ORIENTED_EDGE('',*,*,#5202,.T.);
#7268=ORIENTED_EDGE('',*,*,#4482,.T.);
#7269=ORIENTED_EDGE('',*,*,#5202,.F.);
#7270=ORIENTED_EDGE('',*,*,#4588,.F.);
#7271=ORIENTED_EDGE('',*,*,#4520,.F.);
#7272=ORIENTED_EDGE('',*,*,#5203,.T.);
#7273=ORIENTED_EDGE('',*,*,#5204,.T.);
#7274=ORIENTED_EDGE('',*,*,#5205,.F.);
#7275=ORIENTED_EDGE('',*,*,#5206,.F.);
#7276=ORIENTED_EDGE('',*,*,#5207,.T.);
#7277=ORIENTED_EDGE('',*,*,#5206,.T.);
#7278=ORIENTED_EDGE('',*,*,#5208,.F.);
#7279=ORIENTED_EDGE('',*,*,#5209,.F.);
#7280=ORIENTED_EDGE('',*,*,#5210,.T.);
#7281=ORIENTED_EDGE('',*,*,#5209,.T.);
#7282=ORIENTED_EDGE('',*,*,#5211,.F.);
#7283=ORIENTED_EDGE('',*,*,#5212,.F.);
#7284=ORIENTED_EDGE('',*,*,#5213,.T.);
#7285=ORIENTED_EDGE('',*,*,#5212,.T.);
#7286=ORIENTED_EDGE('',*,*,#5214,.F.);
#7287=ORIENTED_EDGE('',*,*,#5215,.F.);
#7288=ORIENTED_EDGE('',*,*,#5216,.T.);
#7289=ORIENTED_EDGE('',*,*,#5215,.T.);
#7290=ORIENTED_EDGE('',*,*,#5217,.F.);
#7291=ORIENTED_EDGE('',*,*,#5218,.F.);
#7292=ORIENTED_EDGE('',*,*,#5219,.T.);
#7293=ORIENTED_EDGE('',*,*,#5218,.T.);
#7294=ORIENTED_EDGE('',*,*,#5220,.F.);
#7295=ORIENTED_EDGE('',*,*,#5204,.F.);
#7296=ORIENTED_EDGE('',*,*,#5221,.T.);
#7297=ORIENTED_EDGE('',*,*,#5222,.T.);
#7298=ORIENTED_EDGE('',*,*,#5223,.F.);
#7299=ORIENTED_EDGE('',*,*,#5224,.F.);
#7300=ORIENTED_EDGE('',*,*,#5225,.T.);
#7301=ORIENTED_EDGE('',*,*,#5224,.T.);
#7302=ORIENTED_EDGE('',*,*,#5226,.F.);
#7303=ORIENTED_EDGE('',*,*,#5227,.F.);
#7304=ORIENTED_EDGE('',*,*,#5228,.T.);
#7305=ORIENTED_EDGE('',*,*,#5227,.T.);
#7306=ORIENTED_EDGE('',*,*,#5229,.F.);
#7307=ORIENTED_EDGE('',*,*,#5230,.F.);
#7308=ORIENTED_EDGE('',*,*,#5231,.T.);
#7309=ORIENTED_EDGE('',*,*,#5230,.T.);
#7310=ORIENTED_EDGE('',*,*,#5232,.F.);
#7311=ORIENTED_EDGE('',*,*,#5233,.F.);
#7312=ORIENTED_EDGE('',*,*,#5234,.T.);
#7313=ORIENTED_EDGE('',*,*,#5233,.T.);
#7314=ORIENTED_EDGE('',*,*,#5235,.F.);
#7315=ORIENTED_EDGE('',*,*,#5236,.F.);
#7316=ORIENTED_EDGE('',*,*,#5237,.T.);
#7317=ORIENTED_EDGE('',*,*,#5236,.T.);
#7318=ORIENTED_EDGE('',*,*,#5238,.F.);
#7319=ORIENTED_EDGE('',*,*,#5222,.F.);
#7320=ORIENTED_EDGE('',*,*,#5239,.T.);
#7321=ORIENTED_EDGE('',*,*,#5240,.T.);
#7322=ORIENTED_EDGE('',*,*,#5241,.F.);
#7323=ORIENTED_EDGE('',*,*,#5242,.F.);
#7324=ORIENTED_EDGE('',*,*,#5243,.T.);
#7325=ORIENTED_EDGE('',*,*,#5242,.T.);
#7326=ORIENTED_EDGE('',*,*,#5244,.F.);
#7327=ORIENTED_EDGE('',*,*,#5245,.F.);
#7328=ORIENTED_EDGE('',*,*,#5246,.T.);
#7329=ORIENTED_EDGE('',*,*,#5245,.T.);
#7330=ORIENTED_EDGE('',*,*,#5247,.F.);
#7331=ORIENTED_EDGE('',*,*,#5248,.F.);
#7332=ORIENTED_EDGE('',*,*,#5249,.T.);
#7333=ORIENTED_EDGE('',*,*,#5248,.T.);
#7334=ORIENTED_EDGE('',*,*,#5250,.F.);
#7335=ORIENTED_EDGE('',*,*,#5251,.F.);
#7336=ORIENTED_EDGE('',*,*,#5252,.T.);
#7337=ORIENTED_EDGE('',*,*,#5251,.T.);
#7338=ORIENTED_EDGE('',*,*,#5253,.F.);
#7339=ORIENTED_EDGE('',*,*,#5254,.F.);
#7340=ORIENTED_EDGE('',*,*,#5255,.T.);
#7341=ORIENTED_EDGE('',*,*,#5254,.T.);
#7342=ORIENTED_EDGE('',*,*,#5256,.F.);
#7343=ORIENTED_EDGE('',*,*,#5240,.F.);
#7344=ORIENTED_EDGE('',*,*,#5257,.T.);
#7345=ORIENTED_EDGE('',*,*,#5258,.T.);
#7346=ORIENTED_EDGE('',*,*,#5259,.F.);
#7347=ORIENTED_EDGE('',*,*,#5260,.F.);
#7348=ORIENTED_EDGE('',*,*,#5261,.T.);
#7349=ORIENTED_EDGE('',*,*,#5260,.T.);
#7350=ORIENTED_EDGE('',*,*,#5262,.F.);
#7351=ORIENTED_EDGE('',*,*,#5263,.F.);
#7352=ORIENTED_EDGE('',*,*,#5264,.T.);
#7353=ORIENTED_EDGE('',*,*,#5263,.T.);
#7354=ORIENTED_EDGE('',*,*,#5265,.F.);
#7355=ORIENTED_EDGE('',*,*,#5266,.F.);
#7356=ORIENTED_EDGE('',*,*,#5267,.T.);
#7357=ORIENTED_EDGE('',*,*,#5266,.T.);
#7358=ORIENTED_EDGE('',*,*,#5268,.F.);
#7359=ORIENTED_EDGE('',*,*,#5269,.F.);
#7360=ORIENTED_EDGE('',*,*,#5270,.T.);
#7361=ORIENTED_EDGE('',*,*,#5269,.T.);
#7362=ORIENTED_EDGE('',*,*,#5271,.F.);
#7363=ORIENTED_EDGE('',*,*,#5272,.F.);
#7364=ORIENTED_EDGE('',*,*,#5273,.T.);
#7365=ORIENTED_EDGE('',*,*,#5272,.T.);
#7366=ORIENTED_EDGE('',*,*,#5274,.F.);
#7367=ORIENTED_EDGE('',*,*,#5258,.F.);
#7368=ORIENTED_EDGE('',*,*,#5275,.T.);
#7369=ORIENTED_EDGE('',*,*,#5276,.T.);
#7370=ORIENTED_EDGE('',*,*,#5277,.F.);
#7371=ORIENTED_EDGE('',*,*,#5278,.F.);
#7372=ORIENTED_EDGE('',*,*,#5279,.T.);
#7373=ORIENTED_EDGE('',*,*,#5278,.T.);
#7374=ORIENTED_EDGE('',*,*,#5280,.F.);
#7375=ORIENTED_EDGE('',*,*,#5281,.F.);
#7376=ORIENTED_EDGE('',*,*,#5282,.T.);
#7377=ORIENTED_EDGE('',*,*,#5281,.T.);
#7378=ORIENTED_EDGE('',*,*,#5283,.F.);
#7379=ORIENTED_EDGE('',*,*,#5284,.F.);
#7380=ORIENTED_EDGE('',*,*,#5285,.T.);
#7381=ORIENTED_EDGE('',*,*,#5284,.T.);
#7382=ORIENTED_EDGE('',*,*,#5286,.F.);
#7383=ORIENTED_EDGE('',*,*,#5287,.F.);
#7384=ORIENTED_EDGE('',*,*,#5288,.T.);
#7385=ORIENTED_EDGE('',*,*,#5287,.T.);
#7386=ORIENTED_EDGE('',*,*,#5289,.F.);
#7387=ORIENTED_EDGE('',*,*,#5290,.F.);
#7388=ORIENTED_EDGE('',*,*,#5291,.T.);
#7389=ORIENTED_EDGE('',*,*,#5290,.T.);
#7390=ORIENTED_EDGE('',*,*,#5292,.F.);
#7391=ORIENTED_EDGE('',*,*,#5276,.F.);
#7392=ORIENTED_EDGE('',*,*,#5293,.T.);
#7393=ORIENTED_EDGE('',*,*,#5294,.T.);
#7394=ORIENTED_EDGE('',*,*,#5295,.F.);
#7395=ORIENTED_EDGE('',*,*,#5296,.F.);
#7396=ORIENTED_EDGE('',*,*,#5297,.T.);
#7397=ORIENTED_EDGE('',*,*,#5296,.T.);
#7398=ORIENTED_EDGE('',*,*,#5298,.F.);
#7399=ORIENTED_EDGE('',*,*,#5299,.F.);
#7400=ORIENTED_EDGE('',*,*,#5300,.T.);
#7401=ORIENTED_EDGE('',*,*,#5299,.T.);
#7402=ORIENTED_EDGE('',*,*,#5301,.F.);
#7403=ORIENTED_EDGE('',*,*,#5302,.F.);
#7404=ORIENTED_EDGE('',*,*,#5303,.T.);
#7405=ORIENTED_EDGE('',*,*,#5302,.T.);
#7406=ORIENTED_EDGE('',*,*,#5304,.F.);
#7407=ORIENTED_EDGE('',*,*,#5305,.F.);
#7408=ORIENTED_EDGE('',*,*,#5306,.T.);
#7409=ORIENTED_EDGE('',*,*,#5305,.T.);
#7410=ORIENTED_EDGE('',*,*,#5307,.F.);
#7411=ORIENTED_EDGE('',*,*,#5308,.F.);
#7412=ORIENTED_EDGE('',*,*,#5309,.T.);
#7413=ORIENTED_EDGE('',*,*,#5308,.T.);
#7414=ORIENTED_EDGE('',*,*,#5310,.F.);
#7415=ORIENTED_EDGE('',*,*,#5294,.F.);
#7416=ORIENTED_EDGE('',*,*,#5311,.T.);
#7417=ORIENTED_EDGE('',*,*,#5312,.T.);
#7418=ORIENTED_EDGE('',*,*,#5313,.F.);
#7419=ORIENTED_EDGE('',*,*,#5314,.F.);
#7420=ORIENTED_EDGE('',*,*,#5315,.T.);
#7421=ORIENTED_EDGE('',*,*,#5314,.T.);
#7422=ORIENTED_EDGE('',*,*,#5316,.F.);
#7423=ORIENTED_EDGE('',*,*,#5317,.F.);
#7424=ORIENTED_EDGE('',*,*,#5318,.T.);
#7425=ORIENTED_EDGE('',*,*,#5317,.T.);
#7426=ORIENTED_EDGE('',*,*,#5319,.F.);
#7427=ORIENTED_EDGE('',*,*,#5320,.F.);
#7428=ORIENTED_EDGE('',*,*,#5321,.T.);
#7429=ORIENTED_EDGE('',*,*,#5320,.T.);
#7430=ORIENTED_EDGE('',*,*,#5322,.F.);
#7431=ORIENTED_EDGE('',*,*,#5323,.F.);
#7432=ORIENTED_EDGE('',*,*,#5324,.T.);
#7433=ORIENTED_EDGE('',*,*,#5323,.T.);
#7434=ORIENTED_EDGE('',*,*,#5325,.F.);
#7435=ORIENTED_EDGE('',*,*,#5326,.F.);
#7436=ORIENTED_EDGE('',*,*,#5327,.T.);
#7437=ORIENTED_EDGE('',*,*,#5326,.T.);
#7438=ORIENTED_EDGE('',*,*,#5328,.F.);
#7439=ORIENTED_EDGE('',*,*,#5312,.F.);
#7440=ORIENTED_EDGE('',*,*,#5329,.T.);
#7441=ORIENTED_EDGE('',*,*,#5330,.T.);
#7442=ORIENTED_EDGE('',*,*,#5331,.F.);
#7443=ORIENTED_EDGE('',*,*,#5332,.F.);
#7444=ORIENTED_EDGE('',*,*,#5333,.T.);
#7445=ORIENTED_EDGE('',*,*,#5332,.T.);
#7446=ORIENTED_EDGE('',*,*,#5334,.F.);
#7447=ORIENTED_EDGE('',*,*,#5335,.F.);
#7448=ORIENTED_EDGE('',*,*,#5336,.T.);
#7449=ORIENTED_EDGE('',*,*,#5335,.T.);
#7450=ORIENTED_EDGE('',*,*,#5337,.F.);
#7451=ORIENTED_EDGE('',*,*,#5338,.F.);
#7452=ORIENTED_EDGE('',*,*,#5339,.T.);
#7453=ORIENTED_EDGE('',*,*,#5338,.T.);
#7454=ORIENTED_EDGE('',*,*,#5340,.F.);
#7455=ORIENTED_EDGE('',*,*,#5341,.F.);
#7456=ORIENTED_EDGE('',*,*,#5342,.T.);
#7457=ORIENTED_EDGE('',*,*,#5341,.T.);
#7458=ORIENTED_EDGE('',*,*,#5343,.F.);
#7459=ORIENTED_EDGE('',*,*,#5344,.F.);
#7460=ORIENTED_EDGE('',*,*,#5345,.T.);
#7461=ORIENTED_EDGE('',*,*,#5344,.T.);
#7462=ORIENTED_EDGE('',*,*,#5346,.F.);
#7463=ORIENTED_EDGE('',*,*,#5347,.F.);
#7464=ORIENTED_EDGE('',*,*,#5348,.T.);
#7465=ORIENTED_EDGE('',*,*,#5347,.T.);
#7466=ORIENTED_EDGE('',*,*,#5349,.F.);
#7467=ORIENTED_EDGE('',*,*,#5350,.F.);
#7468=ORIENTED_EDGE('',*,*,#5351,.T.);
#7469=ORIENTED_EDGE('',*,*,#5350,.T.);
#7470=ORIENTED_EDGE('',*,*,#5352,.F.);
#7471=ORIENTED_EDGE('',*,*,#5353,.F.);
#7472=ORIENTED_EDGE('',*,*,#5354,.F.);
#7473=ORIENTED_EDGE('',*,*,#5353,.T.);
#7474=ORIENTED_EDGE('',*,*,#5355,.F.);
#7475=ORIENTED_EDGE('',*,*,#5356,.F.);
#7476=ORIENTED_EDGE('',*,*,#5357,.T.);
#7477=ORIENTED_EDGE('',*,*,#5356,.T.);
#7478=ORIENTED_EDGE('',*,*,#5358,.F.);
#7479=ORIENTED_EDGE('',*,*,#5359,.F.);
#7480=ORIENTED_EDGE('',*,*,#5360,.T.);
#7481=ORIENTED_EDGE('',*,*,#5359,.T.);
#7482=ORIENTED_EDGE('',*,*,#5361,.F.);
#7483=ORIENTED_EDGE('',*,*,#5362,.F.);
#7484=ORIENTED_EDGE('',*,*,#5363,.T.);
#7485=ORIENTED_EDGE('',*,*,#5362,.T.);
#7486=ORIENTED_EDGE('',*,*,#5364,.F.);
#7487=ORIENTED_EDGE('',*,*,#5365,.F.);
#7488=ORIENTED_EDGE('',*,*,#5366,.T.);
#7489=ORIENTED_EDGE('',*,*,#5365,.T.);
#7490=ORIENTED_EDGE('',*,*,#5367,.F.);
#7491=ORIENTED_EDGE('',*,*,#5368,.F.);
#7492=ORIENTED_EDGE('',*,*,#5369,.T.);
#7493=ORIENTED_EDGE('',*,*,#5368,.T.);
#7494=ORIENTED_EDGE('',*,*,#5370,.F.);
#7495=ORIENTED_EDGE('',*,*,#5371,.F.);
#7496=ORIENTED_EDGE('',*,*,#5372,.T.);
#7497=ORIENTED_EDGE('',*,*,#5371,.T.);
#7498=ORIENTED_EDGE('',*,*,#5373,.F.);
#7499=ORIENTED_EDGE('',*,*,#5374,.F.);
#7500=ORIENTED_EDGE('',*,*,#5375,.T.);
#7501=ORIENTED_EDGE('',*,*,#5374,.T.);
#7502=ORIENTED_EDGE('',*,*,#5376,.F.);
#7503=ORIENTED_EDGE('',*,*,#5377,.F.);
#7504=ORIENTED_EDGE('',*,*,#5378,.T.);
#7505=ORIENTED_EDGE('',*,*,#5377,.T.);
#7506=ORIENTED_EDGE('',*,*,#5379,.F.);
#7507=ORIENTED_EDGE('',*,*,#5380,.F.);
#7508=ORIENTED_EDGE('',*,*,#5381,.T.);
#7509=ORIENTED_EDGE('',*,*,#5380,.T.);
#7510=ORIENTED_EDGE('',*,*,#5382,.F.);
#7511=ORIENTED_EDGE('',*,*,#5383,.F.);
#7512=ORIENTED_EDGE('',*,*,#5384,.T.);
#7513=ORIENTED_EDGE('',*,*,#5383,.T.);
#7514=ORIENTED_EDGE('',*,*,#5385,.F.);
#7515=ORIENTED_EDGE('',*,*,#5386,.F.);
#7516=ORIENTED_EDGE('',*,*,#5387,.T.);
#7517=ORIENTED_EDGE('',*,*,#5386,.T.);
#7518=ORIENTED_EDGE('',*,*,#5388,.F.);
#7519=ORIENTED_EDGE('',*,*,#5389,.F.);
#7520=ORIENTED_EDGE('',*,*,#5390,.T.);
#7521=ORIENTED_EDGE('',*,*,#5389,.T.);
#7522=ORIENTED_EDGE('',*,*,#5391,.F.);
#7523=ORIENTED_EDGE('',*,*,#5392,.F.);
#7524=ORIENTED_EDGE('',*,*,#5393,.T.);
#7525=ORIENTED_EDGE('',*,*,#5392,.T.);
#7526=ORIENTED_EDGE('',*,*,#5394,.F.);
#7527=ORIENTED_EDGE('',*,*,#5395,.F.);
#7528=ORIENTED_EDGE('',*,*,#5396,.F.);
#7529=ORIENTED_EDGE('',*,*,#5395,.T.);
#7530=ORIENTED_EDGE('',*,*,#5397,.F.);
#7531=ORIENTED_EDGE('',*,*,#5398,.F.);
#7532=ORIENTED_EDGE('',*,*,#5399,.T.);
#7533=ORIENTED_EDGE('',*,*,#5398,.T.);
#7534=ORIENTED_EDGE('',*,*,#5400,.F.);
#7535=ORIENTED_EDGE('',*,*,#5401,.F.);
#7536=ORIENTED_EDGE('',*,*,#5402,.T.);
#7537=ORIENTED_EDGE('',*,*,#5401,.T.);
#7538=ORIENTED_EDGE('',*,*,#5403,.F.);
#7539=ORIENTED_EDGE('',*,*,#5404,.F.);
#7540=ORIENTED_EDGE('',*,*,#5405,.T.);
#7541=ORIENTED_EDGE('',*,*,#5404,.T.);
#7542=ORIENTED_EDGE('',*,*,#5406,.F.);
#7543=ORIENTED_EDGE('',*,*,#5407,.F.);
#7544=ORIENTED_EDGE('',*,*,#5408,.T.);
#7545=ORIENTED_EDGE('',*,*,#5407,.T.);
#7546=ORIENTED_EDGE('',*,*,#5409,.F.);
#7547=ORIENTED_EDGE('',*,*,#5410,.F.);
#7548=ORIENTED_EDGE('',*,*,#5411,.T.);
#7549=ORIENTED_EDGE('',*,*,#5410,.T.);
#7550=ORIENTED_EDGE('',*,*,#5412,.F.);
#7551=ORIENTED_EDGE('',*,*,#5413,.F.);
#7552=ORIENTED_EDGE('',*,*,#5414,.T.);
#7553=ORIENTED_EDGE('',*,*,#5413,.T.);
#7554=ORIENTED_EDGE('',*,*,#5415,.F.);
#7555=ORIENTED_EDGE('',*,*,#5416,.F.);
#7556=ORIENTED_EDGE('',*,*,#5417,.T.);
#7557=ORIENTED_EDGE('',*,*,#5416,.T.);
#7558=ORIENTED_EDGE('',*,*,#5418,.F.);
#7559=ORIENTED_EDGE('',*,*,#5419,.F.);
#7560=ORIENTED_EDGE('',*,*,#5420,.T.);
#7561=ORIENTED_EDGE('',*,*,#5419,.T.);
#7562=ORIENTED_EDGE('',*,*,#5421,.F.);
#7563=ORIENTED_EDGE('',*,*,#5422,.F.);
#7564=ORIENTED_EDGE('',*,*,#5423,.T.);
#7565=ORIENTED_EDGE('',*,*,#5422,.T.);
#7566=ORIENTED_EDGE('',*,*,#5424,.F.);
#7567=ORIENTED_EDGE('',*,*,#5425,.F.);
#7568=ORIENTED_EDGE('',*,*,#5426,.T.);
#7569=ORIENTED_EDGE('',*,*,#5425,.T.);
#7570=ORIENTED_EDGE('',*,*,#5427,.F.);
#7571=ORIENTED_EDGE('',*,*,#5428,.F.);
#7572=ORIENTED_EDGE('',*,*,#5429,.T.);
#7573=ORIENTED_EDGE('',*,*,#5428,.T.);
#7574=ORIENTED_EDGE('',*,*,#5430,.F.);
#7575=ORIENTED_EDGE('',*,*,#5431,.F.);
#7576=ORIENTED_EDGE('',*,*,#5432,.T.);
#7577=ORIENTED_EDGE('',*,*,#5431,.T.);
#7578=ORIENTED_EDGE('',*,*,#5433,.F.);
#7579=ORIENTED_EDGE('',*,*,#5434,.F.);
#7580=ORIENTED_EDGE('',*,*,#5435,.T.);
#7581=ORIENTED_EDGE('',*,*,#5434,.T.);
#7582=ORIENTED_EDGE('',*,*,#5436,.F.);
#7583=ORIENTED_EDGE('',*,*,#5437,.F.);
#7584=ORIENTED_EDGE('',*,*,#5438,.T.);
#7585=ORIENTED_EDGE('',*,*,#5437,.T.);
#7586=ORIENTED_EDGE('',*,*,#5439,.F.);
#7587=ORIENTED_EDGE('',*,*,#5440,.F.);
#7588=ORIENTED_EDGE('',*,*,#5441,.T.);
#7589=ORIENTED_EDGE('',*,*,#5440,.T.);
#7590=ORIENTED_EDGE('',*,*,#5442,.F.);
#7591=ORIENTED_EDGE('',*,*,#5443,.F.);
#7592=ORIENTED_EDGE('',*,*,#5444,.T.);
#7593=ORIENTED_EDGE('',*,*,#5443,.T.);
#7594=ORIENTED_EDGE('',*,*,#5445,.F.);
#7595=ORIENTED_EDGE('',*,*,#5446,.F.);
#7596=ORIENTED_EDGE('',*,*,#5447,.T.);
#7597=ORIENTED_EDGE('',*,*,#5446,.T.);
#7598=ORIENTED_EDGE('',*,*,#5448,.F.);
#7599=ORIENTED_EDGE('',*,*,#5449,.F.);
#7600=ORIENTED_EDGE('',*,*,#5450,.T.);
#7601=ORIENTED_EDGE('',*,*,#5449,.T.);
#7602=ORIENTED_EDGE('',*,*,#5451,.F.);
#7603=ORIENTED_EDGE('',*,*,#5452,.F.);
#7604=ORIENTED_EDGE('',*,*,#5453,.T.);
#7605=ORIENTED_EDGE('',*,*,#5452,.T.);
#7606=ORIENTED_EDGE('',*,*,#5454,.F.);
#7607=ORIENTED_EDGE('',*,*,#5455,.F.);
#7608=ORIENTED_EDGE('',*,*,#5456,.T.);
#7609=ORIENTED_EDGE('',*,*,#5455,.T.);
#7610=ORIENTED_EDGE('',*,*,#5457,.F.);
#7611=ORIENTED_EDGE('',*,*,#5458,.F.);
#7612=ORIENTED_EDGE('',*,*,#5459,.T.);
#7613=ORIENTED_EDGE('',*,*,#5458,.T.);
#7614=ORIENTED_EDGE('',*,*,#5460,.F.);
#7615=ORIENTED_EDGE('',*,*,#5461,.F.);
#7616=ORIENTED_EDGE('',*,*,#5462,.T.);
#7617=ORIENTED_EDGE('',*,*,#5461,.T.);
#7618=ORIENTED_EDGE('',*,*,#5463,.F.);
#7619=ORIENTED_EDGE('',*,*,#5464,.F.);
#7620=ORIENTED_EDGE('',*,*,#5465,.T.);
#7621=ORIENTED_EDGE('',*,*,#5464,.T.);
#7622=ORIENTED_EDGE('',*,*,#5466,.F.);
#7623=ORIENTED_EDGE('',*,*,#5467,.F.);
#7624=ORIENTED_EDGE('',*,*,#5468,.T.);
#7625=ORIENTED_EDGE('',*,*,#5467,.T.);
#7626=ORIENTED_EDGE('',*,*,#5469,.F.);
#7627=ORIENTED_EDGE('',*,*,#5470,.F.);
#7628=ORIENTED_EDGE('',*,*,#5471,.T.);
#7629=ORIENTED_EDGE('',*,*,#5470,.T.);
#7630=ORIENTED_EDGE('',*,*,#5472,.F.);
#7631=ORIENTED_EDGE('',*,*,#5473,.F.);
#7632=ORIENTED_EDGE('',*,*,#5474,.T.);
#7633=ORIENTED_EDGE('',*,*,#5473,.T.);
#7634=ORIENTED_EDGE('',*,*,#5475,.F.);
#7635=ORIENTED_EDGE('',*,*,#5476,.F.);
#7636=ORIENTED_EDGE('',*,*,#5477,.T.);
#7637=ORIENTED_EDGE('',*,*,#5476,.T.);
#7638=ORIENTED_EDGE('',*,*,#5478,.F.);
#7639=ORIENTED_EDGE('',*,*,#5479,.F.);
#7640=ORIENTED_EDGE('',*,*,#5480,.T.);
#7641=ORIENTED_EDGE('',*,*,#5479,.T.);
#7642=ORIENTED_EDGE('',*,*,#5481,.F.);
#7643=ORIENTED_EDGE('',*,*,#5482,.F.);
#7644=ORIENTED_EDGE('',*,*,#5483,.T.);
#7645=ORIENTED_EDGE('',*,*,#5482,.T.);
#7646=ORIENTED_EDGE('',*,*,#5484,.F.);
#7647=ORIENTED_EDGE('',*,*,#5485,.F.);
#7648=ORIENTED_EDGE('',*,*,#5486,.T.);
#7649=ORIENTED_EDGE('',*,*,#5485,.T.);
#7650=ORIENTED_EDGE('',*,*,#5487,.F.);
#7651=ORIENTED_EDGE('',*,*,#5488,.F.);
#7652=ORIENTED_EDGE('',*,*,#5489,.T.);
#7653=ORIENTED_EDGE('',*,*,#5488,.T.);
#7654=ORIENTED_EDGE('',*,*,#5490,.F.);
#7655=ORIENTED_EDGE('',*,*,#5491,.F.);
#7656=ORIENTED_EDGE('',*,*,#5492,.T.);
#7657=ORIENTED_EDGE('',*,*,#5491,.T.);
#7658=ORIENTED_EDGE('',*,*,#5493,.F.);
#7659=ORIENTED_EDGE('',*,*,#5494,.F.);
#7660=ORIENTED_EDGE('',*,*,#5495,.T.);
#7661=ORIENTED_EDGE('',*,*,#5494,.T.);
#7662=ORIENTED_EDGE('',*,*,#5496,.F.);
#7663=ORIENTED_EDGE('',*,*,#5330,.F.);
#7664=ORIENTED_EDGE('',*,*,#5495,.F.);
#7665=ORIENTED_EDGE('',*,*,#5329,.F.);
#7666=ORIENTED_EDGE('',*,*,#5333,.F.);
#7667=ORIENTED_EDGE('',*,*,#5336,.F.);
#7668=ORIENTED_EDGE('',*,*,#5339,.F.);
#7669=ORIENTED_EDGE('',*,*,#5342,.F.);
#7670=ORIENTED_EDGE('',*,*,#5345,.F.);
#7671=ORIENTED_EDGE('',*,*,#5348,.F.);
#7672=ORIENTED_EDGE('',*,*,#5351,.F.);
#7673=ORIENTED_EDGE('',*,*,#5354,.T.);
#7674=ORIENTED_EDGE('',*,*,#5357,.F.);
#7675=ORIENTED_EDGE('',*,*,#5360,.F.);
#7676=ORIENTED_EDGE('',*,*,#5363,.F.);
#7677=ORIENTED_EDGE('',*,*,#5366,.F.);
#7678=ORIENTED_EDGE('',*,*,#5369,.F.);
#7679=ORIENTED_EDGE('',*,*,#5372,.F.);
#7680=ORIENTED_EDGE('',*,*,#5375,.F.);
#7681=ORIENTED_EDGE('',*,*,#5378,.F.);
#7682=ORIENTED_EDGE('',*,*,#5381,.F.);
#7683=ORIENTED_EDGE('',*,*,#5384,.F.);
#7684=ORIENTED_EDGE('',*,*,#5387,.F.);
#7685=ORIENTED_EDGE('',*,*,#5390,.F.);
#7686=ORIENTED_EDGE('',*,*,#5393,.F.);
#7687=ORIENTED_EDGE('',*,*,#5396,.T.);
#7688=ORIENTED_EDGE('',*,*,#5399,.F.);
#7689=ORIENTED_EDGE('',*,*,#5402,.F.);
#7690=ORIENTED_EDGE('',*,*,#5405,.F.);
#7691=ORIENTED_EDGE('',*,*,#5408,.F.);
#7692=ORIENTED_EDGE('',*,*,#5411,.F.);
#7693=ORIENTED_EDGE('',*,*,#5414,.F.);
#7694=ORIENTED_EDGE('',*,*,#5417,.F.);
#7695=ORIENTED_EDGE('',*,*,#5420,.F.);
#7696=ORIENTED_EDGE('',*,*,#5423,.F.);
#7697=ORIENTED_EDGE('',*,*,#5426,.F.);
#7698=ORIENTED_EDGE('',*,*,#5429,.F.);
#7699=ORIENTED_EDGE('',*,*,#5432,.F.);
#7700=ORIENTED_EDGE('',*,*,#5435,.F.);
#7701=ORIENTED_EDGE('',*,*,#5438,.F.);
#7702=ORIENTED_EDGE('',*,*,#5441,.F.);
#7703=ORIENTED_EDGE('',*,*,#5444,.F.);
#7704=ORIENTED_EDGE('',*,*,#5447,.F.);
#7705=ORIENTED_EDGE('',*,*,#5450,.F.);
#7706=ORIENTED_EDGE('',*,*,#5453,.F.);
#7707=ORIENTED_EDGE('',*,*,#5456,.F.);
#7708=ORIENTED_EDGE('',*,*,#5459,.F.);
#7709=ORIENTED_EDGE('',*,*,#5462,.F.);
#7710=ORIENTED_EDGE('',*,*,#5465,.F.);
#7711=ORIENTED_EDGE('',*,*,#5468,.F.);
#7712=ORIENTED_EDGE('',*,*,#5471,.F.);
#7713=ORIENTED_EDGE('',*,*,#5474,.F.);
#7714=ORIENTED_EDGE('',*,*,#5477,.F.);
#7715=ORIENTED_EDGE('',*,*,#5480,.F.);
#7716=ORIENTED_EDGE('',*,*,#5483,.F.);
#7717=ORIENTED_EDGE('',*,*,#5486,.F.);
#7718=ORIENTED_EDGE('',*,*,#5489,.F.);
#7719=ORIENTED_EDGE('',*,*,#5492,.F.);
#7720=ORIENTED_EDGE('',*,*,#5327,.F.);
#7721=ORIENTED_EDGE('',*,*,#5311,.F.);
#7722=ORIENTED_EDGE('',*,*,#5315,.F.);
#7723=ORIENTED_EDGE('',*,*,#5318,.F.);
#7724=ORIENTED_EDGE('',*,*,#5321,.F.);
#7725=ORIENTED_EDGE('',*,*,#5324,.F.);
#7726=ORIENTED_EDGE('',*,*,#5309,.F.);
#7727=ORIENTED_EDGE('',*,*,#5293,.F.);
#7728=ORIENTED_EDGE('',*,*,#5297,.F.);
#7729=ORIENTED_EDGE('',*,*,#5300,.F.);
#7730=ORIENTED_EDGE('',*,*,#5303,.F.);
#7731=ORIENTED_EDGE('',*,*,#5306,.F.);
#7732=ORIENTED_EDGE('',*,*,#5291,.F.);
#7733=ORIENTED_EDGE('',*,*,#5275,.F.);
#7734=ORIENTED_EDGE('',*,*,#5279,.F.);
#7735=ORIENTED_EDGE('',*,*,#5282,.F.);
#7736=ORIENTED_EDGE('',*,*,#5285,.F.);
#7737=ORIENTED_EDGE('',*,*,#5288,.F.);
#7738=ORIENTED_EDGE('',*,*,#5273,.F.);
#7739=ORIENTED_EDGE('',*,*,#5257,.F.);
#7740=ORIENTED_EDGE('',*,*,#5261,.F.);
#7741=ORIENTED_EDGE('',*,*,#5264,.F.);
#7742=ORIENTED_EDGE('',*,*,#5267,.F.);
#7743=ORIENTED_EDGE('',*,*,#5270,.F.);
#7744=ORIENTED_EDGE('',*,*,#5255,.F.);
#7745=ORIENTED_EDGE('',*,*,#5239,.F.);
#7746=ORIENTED_EDGE('',*,*,#5243,.F.);
#7747=ORIENTED_EDGE('',*,*,#5246,.F.);
#7748=ORIENTED_EDGE('',*,*,#5249,.F.);
#7749=ORIENTED_EDGE('',*,*,#5252,.F.);
#7750=ORIENTED_EDGE('',*,*,#5237,.F.);
#7751=ORIENTED_EDGE('',*,*,#5221,.F.);
#7752=ORIENTED_EDGE('',*,*,#5225,.F.);
#7753=ORIENTED_EDGE('',*,*,#5228,.F.);
#7754=ORIENTED_EDGE('',*,*,#5231,.F.);
#7755=ORIENTED_EDGE('',*,*,#5234,.F.);
#7756=ORIENTED_EDGE('',*,*,#5219,.F.);
#7757=ORIENTED_EDGE('',*,*,#5203,.F.);
#7758=ORIENTED_EDGE('',*,*,#5207,.F.);
#7759=ORIENTED_EDGE('',*,*,#5210,.F.);
#7760=ORIENTED_EDGE('',*,*,#5213,.F.);
#7761=ORIENTED_EDGE('',*,*,#5216,.F.);
#7762=ORIENTED_EDGE('',*,*,#5496,.T.);
#7763=ORIENTED_EDGE('',*,*,#5493,.T.);
#7764=ORIENTED_EDGE('',*,*,#5490,.T.);
#7765=ORIENTED_EDGE('',*,*,#5487,.T.);
#7766=ORIENTED_EDGE('',*,*,#5484,.T.);
#7767=ORIENTED_EDGE('',*,*,#5481,.T.);
#7768=ORIENTED_EDGE('',*,*,#5478,.T.);
#7769=ORIENTED_EDGE('',*,*,#5475,.T.);
#7770=ORIENTED_EDGE('',*,*,#5472,.T.);
#7771=ORIENTED_EDGE('',*,*,#5469,.T.);
#7772=ORIENTED_EDGE('',*,*,#5466,.T.);
#7773=ORIENTED_EDGE('',*,*,#5463,.T.);
#7774=ORIENTED_EDGE('',*,*,#5460,.T.);
#7775=ORIENTED_EDGE('',*,*,#5457,.T.);
#7776=ORIENTED_EDGE('',*,*,#5454,.T.);
#7777=ORIENTED_EDGE('',*,*,#5451,.T.);
#7778=ORIENTED_EDGE('',*,*,#5448,.T.);
#7779=ORIENTED_EDGE('',*,*,#5445,.T.);
#7780=ORIENTED_EDGE('',*,*,#5442,.T.);
#7781=ORIENTED_EDGE('',*,*,#5439,.T.);
#7782=ORIENTED_EDGE('',*,*,#5436,.T.);
#7783=ORIENTED_EDGE('',*,*,#5433,.T.);
#7784=ORIENTED_EDGE('',*,*,#5430,.T.);
#7785=ORIENTED_EDGE('',*,*,#5427,.T.);
#7786=ORIENTED_EDGE('',*,*,#5424,.T.);
#7787=ORIENTED_EDGE('',*,*,#5421,.T.);
#7788=ORIENTED_EDGE('',*,*,#5418,.T.);
#7789=ORIENTED_EDGE('',*,*,#5415,.T.);
#7790=ORIENTED_EDGE('',*,*,#5412,.T.);
#7791=ORIENTED_EDGE('',*,*,#5409,.T.);
#7792=ORIENTED_EDGE('',*,*,#5406,.T.);
#7793=ORIENTED_EDGE('',*,*,#5403,.T.);
#7794=ORIENTED_EDGE('',*,*,#5400,.T.);
#7795=ORIENTED_EDGE('',*,*,#5397,.T.);
#7796=ORIENTED_EDGE('',*,*,#5394,.T.);
#7797=ORIENTED_EDGE('',*,*,#5391,.T.);
#7798=ORIENTED_EDGE('',*,*,#5388,.T.);
#7799=ORIENTED_EDGE('',*,*,#5385,.T.);
#7800=ORIENTED_EDGE('',*,*,#5382,.T.);
#7801=ORIENTED_EDGE('',*,*,#5379,.T.);
#7802=ORIENTED_EDGE('',*,*,#5376,.T.);
#7803=ORIENTED_EDGE('',*,*,#5373,.T.);
#7804=ORIENTED_EDGE('',*,*,#5370,.T.);
#7805=ORIENTED_EDGE('',*,*,#5367,.T.);
#7806=ORIENTED_EDGE('',*,*,#5364,.T.);
#7807=ORIENTED_EDGE('',*,*,#5361,.T.);
#7808=ORIENTED_EDGE('',*,*,#5358,.T.);
#7809=ORIENTED_EDGE('',*,*,#5355,.T.);
#7810=ORIENTED_EDGE('',*,*,#5352,.T.);
#7811=ORIENTED_EDGE('',*,*,#5349,.T.);
#7812=ORIENTED_EDGE('',*,*,#5346,.T.);
#7813=ORIENTED_EDGE('',*,*,#5343,.T.);
#7814=ORIENTED_EDGE('',*,*,#5340,.T.);
#7815=ORIENTED_EDGE('',*,*,#5337,.T.);
#7816=ORIENTED_EDGE('',*,*,#5334,.T.);
#7817=ORIENTED_EDGE('',*,*,#5331,.T.);
#7818=ORIENTED_EDGE('',*,*,#5328,.T.);
#7819=ORIENTED_EDGE('',*,*,#5325,.T.);
#7820=ORIENTED_EDGE('',*,*,#5322,.T.);
#7821=ORIENTED_EDGE('',*,*,#5319,.T.);
#7822=ORIENTED_EDGE('',*,*,#5316,.T.);
#7823=ORIENTED_EDGE('',*,*,#5313,.T.);
#7824=ORIENTED_EDGE('',*,*,#5310,.T.);
#7825=ORIENTED_EDGE('',*,*,#5307,.T.);
#7826=ORIENTED_EDGE('',*,*,#5304,.T.);
#7827=ORIENTED_EDGE('',*,*,#5301,.T.);
#7828=ORIENTED_EDGE('',*,*,#5298,.T.);
#7829=ORIENTED_EDGE('',*,*,#5295,.T.);
#7830=ORIENTED_EDGE('',*,*,#5292,.T.);
#7831=ORIENTED_EDGE('',*,*,#5289,.T.);
#7832=ORIENTED_EDGE('',*,*,#5286,.T.);
#7833=ORIENTED_EDGE('',*,*,#5283,.T.);
#7834=ORIENTED_EDGE('',*,*,#5280,.T.);
#7835=ORIENTED_EDGE('',*,*,#5277,.T.);
#7836=ORIENTED_EDGE('',*,*,#5274,.T.);
#7837=ORIENTED_EDGE('',*,*,#5271,.T.);
#7838=ORIENTED_EDGE('',*,*,#5268,.T.);
#7839=ORIENTED_EDGE('',*,*,#5265,.T.);
#7840=ORIENTED_EDGE('',*,*,#5262,.T.);
#7841=ORIENTED_EDGE('',*,*,#5259,.T.);
#7842=ORIENTED_EDGE('',*,*,#5256,.T.);
#7843=ORIENTED_EDGE('',*,*,#5253,.T.);
#7844=ORIENTED_EDGE('',*,*,#5250,.T.);
#7845=ORIENTED_EDGE('',*,*,#5247,.T.);
#7846=ORIENTED_EDGE('',*,*,#5244,.T.);
#7847=ORIENTED_EDGE('',*,*,#5241,.T.);
#7848=ORIENTED_EDGE('',*,*,#5238,.T.);
#7849=ORIENTED_EDGE('',*,*,#5235,.T.);
#7850=ORIENTED_EDGE('',*,*,#5232,.T.);
#7851=ORIENTED_EDGE('',*,*,#5229,.T.);
#7852=ORIENTED_EDGE('',*,*,#5226,.T.);
#7853=ORIENTED_EDGE('',*,*,#5223,.T.);
#7854=ORIENTED_EDGE('',*,*,#5220,.T.);
#7855=ORIENTED_EDGE('',*,*,#5217,.T.);
#7856=ORIENTED_EDGE('',*,*,#5214,.T.);
#7857=ORIENTED_EDGE('',*,*,#5211,.T.);
#7858=ORIENTED_EDGE('',*,*,#5208,.T.);
#7859=ORIENTED_EDGE('',*,*,#5205,.T.);
#7860=ORIENTED_EDGE('',*,*,#5497,.T.);
#7861=ORIENTED_EDGE('',*,*,#5498,.T.);
#7862=ORIENTED_EDGE('',*,*,#5499,.F.);
#7863=ORIENTED_EDGE('',*,*,#5500,.F.);
#7864=ORIENTED_EDGE('',*,*,#5501,.T.);
#7865=ORIENTED_EDGE('',*,*,#5500,.T.);
#7866=ORIENTED_EDGE('',*,*,#5502,.F.);
#7867=ORIENTED_EDGE('',*,*,#5503,.F.);
#7868=ORIENTED_EDGE('',*,*,#5504,.T.);
#7869=ORIENTED_EDGE('',*,*,#5503,.T.);
#7870=ORIENTED_EDGE('',*,*,#5505,.F.);
#7871=ORIENTED_EDGE('',*,*,#5506,.F.);
#7872=ORIENTED_EDGE('',*,*,#5507,.T.);
#7873=ORIENTED_EDGE('',*,*,#5506,.T.);
#7874=ORIENTED_EDGE('',*,*,#5508,.F.);
#7875=ORIENTED_EDGE('',*,*,#5509,.F.);
#7876=ORIENTED_EDGE('',*,*,#5510,.T.);
#7877=ORIENTED_EDGE('',*,*,#5509,.T.);
#7878=ORIENTED_EDGE('',*,*,#5511,.F.);
#7879=ORIENTED_EDGE('',*,*,#5512,.F.);
#7880=ORIENTED_EDGE('',*,*,#5513,.T.);
#7881=ORIENTED_EDGE('',*,*,#5512,.T.);
#7882=ORIENTED_EDGE('',*,*,#5514,.F.);
#7883=ORIENTED_EDGE('',*,*,#5498,.F.);
#7884=ORIENTED_EDGE('',*,*,#5515,.T.);
#7885=ORIENTED_EDGE('',*,*,#5516,.T.);
#7886=ORIENTED_EDGE('',*,*,#5517,.F.);
#7887=ORIENTED_EDGE('',*,*,#5518,.F.);
#7888=ORIENTED_EDGE('',*,*,#5519,.T.);
#7889=ORIENTED_EDGE('',*,*,#5518,.T.);
#7890=ORIENTED_EDGE('',*,*,#5520,.F.);
#7891=ORIENTED_EDGE('',*,*,#5521,.F.);
#7892=ORIENTED_EDGE('',*,*,#5522,.F.);
#7893=ORIENTED_EDGE('',*,*,#5521,.T.);
#7894=ORIENTED_EDGE('',*,*,#5523,.F.);
#7895=ORIENTED_EDGE('',*,*,#5524,.F.);
#7896=ORIENTED_EDGE('',*,*,#5525,.T.);
#7897=ORIENTED_EDGE('',*,*,#5524,.T.);
#7898=ORIENTED_EDGE('',*,*,#5526,.F.);
#7899=ORIENTED_EDGE('',*,*,#5527,.F.);
#7900=ORIENTED_EDGE('',*,*,#5528,.T.);
#7901=ORIENTED_EDGE('',*,*,#5527,.T.);
#7902=ORIENTED_EDGE('',*,*,#5529,.F.);
#7903=ORIENTED_EDGE('',*,*,#5530,.F.);
#7904=ORIENTED_EDGE('',*,*,#5531,.F.);
#7905=ORIENTED_EDGE('',*,*,#5530,.T.);
#7906=ORIENTED_EDGE('',*,*,#5532,.F.);
#7907=ORIENTED_EDGE('',*,*,#5533,.F.);
#7908=ORIENTED_EDGE('',*,*,#5534,.T.);
#7909=ORIENTED_EDGE('',*,*,#5533,.T.);
#7910=ORIENTED_EDGE('',*,*,#5535,.F.);
#7911=ORIENTED_EDGE('',*,*,#5536,.F.);
#7912=ORIENTED_EDGE('',*,*,#5537,.T.);
#7913=ORIENTED_EDGE('',*,*,#5536,.T.);
#7914=ORIENTED_EDGE('',*,*,#5538,.F.);
#7915=ORIENTED_EDGE('',*,*,#5539,.F.);
#7916=ORIENTED_EDGE('',*,*,#5540,.T.);
#7917=ORIENTED_EDGE('',*,*,#5539,.T.);
#7918=ORIENTED_EDGE('',*,*,#5541,.F.);
#7919=ORIENTED_EDGE('',*,*,#5542,.F.);
#7920=ORIENTED_EDGE('',*,*,#5543,.T.);
#7921=ORIENTED_EDGE('',*,*,#5542,.T.);
#7922=ORIENTED_EDGE('',*,*,#5544,.F.);
#7923=ORIENTED_EDGE('',*,*,#5545,.F.);
#7924=ORIENTED_EDGE('',*,*,#5546,.T.);
#7925=ORIENTED_EDGE('',*,*,#5545,.T.);
#7926=ORIENTED_EDGE('',*,*,#5547,.F.);
#7927=ORIENTED_EDGE('',*,*,#5548,.F.);
#7928=ORIENTED_EDGE('',*,*,#5549,.T.);
#7929=ORIENTED_EDGE('',*,*,#5548,.T.);
#7930=ORIENTED_EDGE('',*,*,#5550,.F.);
#7931=ORIENTED_EDGE('',*,*,#5551,.F.);
#7932=ORIENTED_EDGE('',*,*,#5552,.T.);
#7933=ORIENTED_EDGE('',*,*,#5551,.T.);
#7934=ORIENTED_EDGE('',*,*,#5553,.F.);
#7935=ORIENTED_EDGE('',*,*,#5554,.F.);
#7936=ORIENTED_EDGE('',*,*,#5555,.T.);
#7937=ORIENTED_EDGE('',*,*,#5554,.T.);
#7938=ORIENTED_EDGE('',*,*,#5556,.F.);
#7939=ORIENTED_EDGE('',*,*,#5557,.F.);
#7940=ORIENTED_EDGE('',*,*,#5558,.T.);
#7941=ORIENTED_EDGE('',*,*,#5557,.T.);
#7942=ORIENTED_EDGE('',*,*,#5559,.F.);
#7943=ORIENTED_EDGE('',*,*,#5560,.F.);
#7944=ORIENTED_EDGE('',*,*,#5561,.T.);
#7945=ORIENTED_EDGE('',*,*,#5560,.T.);
#7946=ORIENTED_EDGE('',*,*,#5562,.F.);
#7947=ORIENTED_EDGE('',*,*,#5563,.F.);
#7948=ORIENTED_EDGE('',*,*,#5564,.T.);
#7949=ORIENTED_EDGE('',*,*,#5563,.T.);
#7950=ORIENTED_EDGE('',*,*,#5565,.F.);
#7951=ORIENTED_EDGE('',*,*,#5566,.F.);
#7952=ORIENTED_EDGE('',*,*,#5567,.T.);
#7953=ORIENTED_EDGE('',*,*,#5566,.T.);
#7954=ORIENTED_EDGE('',*,*,#5568,.F.);
#7955=ORIENTED_EDGE('',*,*,#5569,.F.);
#7956=ORIENTED_EDGE('',*,*,#5570,.T.);
#7957=ORIENTED_EDGE('',*,*,#5569,.T.);
#7958=ORIENTED_EDGE('',*,*,#5571,.F.);
#7959=ORIENTED_EDGE('',*,*,#5572,.F.);
#7960=ORIENTED_EDGE('',*,*,#5573,.T.);
#7961=ORIENTED_EDGE('',*,*,#5572,.T.);
#7962=ORIENTED_EDGE('',*,*,#5574,.F.);
#7963=ORIENTED_EDGE('',*,*,#5575,.F.);
#7964=ORIENTED_EDGE('',*,*,#5576,.T.);
#7965=ORIENTED_EDGE('',*,*,#5575,.T.);
#7966=ORIENTED_EDGE('',*,*,#5577,.F.);
#7967=ORIENTED_EDGE('',*,*,#5578,.F.);
#7968=ORIENTED_EDGE('',*,*,#5579,.T.);
#7969=ORIENTED_EDGE('',*,*,#5578,.T.);
#7970=ORIENTED_EDGE('',*,*,#5580,.F.);
#7971=ORIENTED_EDGE('',*,*,#5581,.F.);
#7972=ORIENTED_EDGE('',*,*,#5582,.T.);
#7973=ORIENTED_EDGE('',*,*,#5581,.T.);
#7974=ORIENTED_EDGE('',*,*,#5583,.F.);
#7975=ORIENTED_EDGE('',*,*,#5584,.F.);
#7976=ORIENTED_EDGE('',*,*,#5585,.T.);
#7977=ORIENTED_EDGE('',*,*,#5584,.T.);
#7978=ORIENTED_EDGE('',*,*,#5586,.F.);
#7979=ORIENTED_EDGE('',*,*,#5587,.F.);
#7980=ORIENTED_EDGE('',*,*,#5588,.T.);
#7981=ORIENTED_EDGE('',*,*,#5587,.T.);
#7982=ORIENTED_EDGE('',*,*,#5589,.F.);
#7983=ORIENTED_EDGE('',*,*,#5590,.F.);
#7984=ORIENTED_EDGE('',*,*,#5591,.F.);
#7985=ORIENTED_EDGE('',*,*,#5590,.T.);
#7986=ORIENTED_EDGE('',*,*,#5592,.F.);
#7987=ORIENTED_EDGE('',*,*,#5593,.F.);
#7988=ORIENTED_EDGE('',*,*,#5594,.T.);
#7989=ORIENTED_EDGE('',*,*,#5593,.T.);
#7990=ORIENTED_EDGE('',*,*,#5595,.F.);
#7991=ORIENTED_EDGE('',*,*,#5596,.F.);
#7992=ORIENTED_EDGE('',*,*,#5597,.T.);
#7993=ORIENTED_EDGE('',*,*,#5596,.T.);
#7994=ORIENTED_EDGE('',*,*,#5598,.F.);
#7995=ORIENTED_EDGE('',*,*,#5599,.F.);
#7996=ORIENTED_EDGE('',*,*,#5600,.T.);
#7997=ORIENTED_EDGE('',*,*,#5599,.T.);
#7998=ORIENTED_EDGE('',*,*,#5601,.F.);
#7999=ORIENTED_EDGE('',*,*,#5602,.F.);
#8000=ORIENTED_EDGE('',*,*,#5603,.T.);
#8001=ORIENTED_EDGE('',*,*,#5602,.T.);
#8002=ORIENTED_EDGE('',*,*,#5604,.F.);
#8003=ORIENTED_EDGE('',*,*,#5605,.F.);
#8004=ORIENTED_EDGE('',*,*,#5606,.T.);
#8005=ORIENTED_EDGE('',*,*,#5605,.T.);
#8006=ORIENTED_EDGE('',*,*,#5607,.F.);
#8007=ORIENTED_EDGE('',*,*,#5608,.F.);
#8008=ORIENTED_EDGE('',*,*,#5609,.T.);
#8009=ORIENTED_EDGE('',*,*,#5608,.T.);
#8010=ORIENTED_EDGE('',*,*,#5610,.F.);
#8011=ORIENTED_EDGE('',*,*,#5611,.F.);
#8012=ORIENTED_EDGE('',*,*,#5612,.T.);
#8013=ORIENTED_EDGE('',*,*,#5611,.T.);
#8014=ORIENTED_EDGE('',*,*,#5613,.F.);
#8015=ORIENTED_EDGE('',*,*,#5614,.F.);
#8016=ORIENTED_EDGE('',*,*,#5615,.T.);
#8017=ORIENTED_EDGE('',*,*,#5614,.T.);
#8018=ORIENTED_EDGE('',*,*,#5616,.F.);
#8019=ORIENTED_EDGE('',*,*,#5617,.F.);
#8020=ORIENTED_EDGE('',*,*,#5618,.T.);
#8021=ORIENTED_EDGE('',*,*,#5617,.T.);
#8022=ORIENTED_EDGE('',*,*,#5619,.F.);
#8023=ORIENTED_EDGE('',*,*,#5620,.F.);
#8024=ORIENTED_EDGE('',*,*,#5621,.T.);
#8025=ORIENTED_EDGE('',*,*,#5620,.T.);
#8026=ORIENTED_EDGE('',*,*,#5622,.F.);
#8027=ORIENTED_EDGE('',*,*,#5623,.F.);
#8028=ORIENTED_EDGE('',*,*,#5624,.T.);
#8029=ORIENTED_EDGE('',*,*,#5623,.T.);
#8030=ORIENTED_EDGE('',*,*,#5625,.F.);
#8031=ORIENTED_EDGE('',*,*,#5626,.F.);
#8032=ORIENTED_EDGE('',*,*,#5627,.T.);
#8033=ORIENTED_EDGE('',*,*,#5626,.T.);
#8034=ORIENTED_EDGE('',*,*,#5628,.F.);
#8035=ORIENTED_EDGE('',*,*,#5629,.F.);
#8036=ORIENTED_EDGE('',*,*,#5630,.T.);
#8037=ORIENTED_EDGE('',*,*,#5629,.T.);
#8038=ORIENTED_EDGE('',*,*,#5631,.F.);
#8039=ORIENTED_EDGE('',*,*,#5632,.F.);
#8040=ORIENTED_EDGE('',*,*,#5633,.T.);
#8041=ORIENTED_EDGE('',*,*,#5632,.T.);
#8042=ORIENTED_EDGE('',*,*,#5634,.F.);
#8043=ORIENTED_EDGE('',*,*,#5635,.F.);
#8044=ORIENTED_EDGE('',*,*,#5636,.T.);
#8045=ORIENTED_EDGE('',*,*,#5635,.T.);
#8046=ORIENTED_EDGE('',*,*,#5637,.F.);
#8047=ORIENTED_EDGE('',*,*,#5638,.F.);
#8048=ORIENTED_EDGE('',*,*,#5639,.T.);
#8049=ORIENTED_EDGE('',*,*,#5638,.T.);
#8050=ORIENTED_EDGE('',*,*,#5640,.F.);
#8051=ORIENTED_EDGE('',*,*,#5641,.F.);
#8052=ORIENTED_EDGE('',*,*,#5642,.T.);
#8053=ORIENTED_EDGE('',*,*,#5641,.T.);
#8054=ORIENTED_EDGE('',*,*,#5643,.F.);
#8055=ORIENTED_EDGE('',*,*,#5644,.F.);
#8056=ORIENTED_EDGE('',*,*,#5645,.T.);
#8057=ORIENTED_EDGE('',*,*,#5644,.T.);
#8058=ORIENTED_EDGE('',*,*,#5646,.F.);
#8059=ORIENTED_EDGE('',*,*,#5647,.F.);
#8060=ORIENTED_EDGE('',*,*,#5648,.T.);
#8061=ORIENTED_EDGE('',*,*,#5647,.T.);
#8062=ORIENTED_EDGE('',*,*,#5649,.F.);
#8063=ORIENTED_EDGE('',*,*,#5516,.F.);
#8064=ORIENTED_EDGE('',*,*,#5648,.F.);
#8065=ORIENTED_EDGE('',*,*,#5515,.F.);
#8066=ORIENTED_EDGE('',*,*,#5519,.F.);
#8067=ORIENTED_EDGE('',*,*,#5522,.T.);
#8068=ORIENTED_EDGE('',*,*,#5525,.F.);
#8069=ORIENTED_EDGE('',*,*,#5528,.F.);
#8070=ORIENTED_EDGE('',*,*,#5531,.T.);
#8071=ORIENTED_EDGE('',*,*,#5534,.F.);
#8072=ORIENTED_EDGE('',*,*,#5537,.F.);
#8073=ORIENTED_EDGE('',*,*,#5540,.F.);
#8074=ORIENTED_EDGE('',*,*,#5543,.F.);
#8075=ORIENTED_EDGE('',*,*,#5546,.F.);
#8076=ORIENTED_EDGE('',*,*,#5549,.F.);
#8077=ORIENTED_EDGE('',*,*,#5552,.F.);
#8078=ORIENTED_EDGE('',*,*,#5555,.F.);
#8079=ORIENTED_EDGE('',*,*,#5558,.F.);
#8080=ORIENTED_EDGE('',*,*,#5561,.F.);
#8081=ORIENTED_EDGE('',*,*,#5564,.F.);
#8082=ORIENTED_EDGE('',*,*,#5567,.F.);
#8083=ORIENTED_EDGE('',*,*,#5570,.F.);
#8084=ORIENTED_EDGE('',*,*,#5573,.F.);
#8085=ORIENTED_EDGE('',*,*,#5576,.F.);
#8086=ORIENTED_EDGE('',*,*,#5579,.F.);
#8087=ORIENTED_EDGE('',*,*,#5582,.F.);
#8088=ORIENTED_EDGE('',*,*,#5585,.F.);
#8089=ORIENTED_EDGE('',*,*,#5588,.F.);
#8090=ORIENTED_EDGE('',*,*,#5591,.T.);
#8091=ORIENTED_EDGE('',*,*,#5594,.F.);
#8092=ORIENTED_EDGE('',*,*,#5597,.F.);
#8093=ORIENTED_EDGE('',*,*,#5600,.F.);
#8094=ORIENTED_EDGE('',*,*,#5603,.F.);
#8095=ORIENTED_EDGE('',*,*,#5606,.F.);
#8096=ORIENTED_EDGE('',*,*,#5609,.F.);
#8097=ORIENTED_EDGE('',*,*,#5612,.F.);
#8098=ORIENTED_EDGE('',*,*,#5615,.F.);
#8099=ORIENTED_EDGE('',*,*,#5618,.F.);
#8100=ORIENTED_EDGE('',*,*,#5621,.F.);
#8101=ORIENTED_EDGE('',*,*,#5624,.F.);
#8102=ORIENTED_EDGE('',*,*,#5627,.F.);
#8103=ORIENTED_EDGE('',*,*,#5630,.F.);
#8104=ORIENTED_EDGE('',*,*,#5633,.F.);
#8105=ORIENTED_EDGE('',*,*,#5636,.F.);
#8106=ORIENTED_EDGE('',*,*,#5639,.F.);
#8107=ORIENTED_EDGE('',*,*,#5642,.F.);
#8108=ORIENTED_EDGE('',*,*,#5645,.F.);
#8109=ORIENTED_EDGE('',*,*,#5513,.F.);
#8110=ORIENTED_EDGE('',*,*,#5497,.F.);
#8111=ORIENTED_EDGE('',*,*,#5501,.F.);
#8112=ORIENTED_EDGE('',*,*,#5504,.F.);
#8113=ORIENTED_EDGE('',*,*,#5507,.F.);
#8114=ORIENTED_EDGE('',*,*,#5510,.F.);
#8115=ORIENTED_EDGE('',*,*,#5649,.T.);
#8116=ORIENTED_EDGE('',*,*,#5646,.T.);
#8117=ORIENTED_EDGE('',*,*,#5643,.T.);
#8118=ORIENTED_EDGE('',*,*,#5640,.T.);
#8119=ORIENTED_EDGE('',*,*,#5637,.T.);
#8120=ORIENTED_EDGE('',*,*,#5634,.T.);
#8121=ORIENTED_EDGE('',*,*,#5631,.T.);
#8122=ORIENTED_EDGE('',*,*,#5628,.T.);
#8123=ORIENTED_EDGE('',*,*,#5625,.T.);
#8124=ORIENTED_EDGE('',*,*,#5622,.T.);
#8125=ORIENTED_EDGE('',*,*,#5619,.T.);
#8126=ORIENTED_EDGE('',*,*,#5616,.T.);
#8127=ORIENTED_EDGE('',*,*,#5613,.T.);
#8128=ORIENTED_EDGE('',*,*,#5610,.T.);
#8129=ORIENTED_EDGE('',*,*,#5607,.T.);
#8130=ORIENTED_EDGE('',*,*,#5604,.T.);
#8131=ORIENTED_EDGE('',*,*,#5601,.T.);
#8132=ORIENTED_EDGE('',*,*,#5598,.T.);
#8133=ORIENTED_EDGE('',*,*,#5595,.T.);
#8134=ORIENTED_EDGE('',*,*,#5592,.T.);
#8135=ORIENTED_EDGE('',*,*,#5589,.T.);
#8136=ORIENTED_EDGE('',*,*,#5586,.T.);
#8137=ORIENTED_EDGE('',*,*,#5583,.T.);
#8138=ORIENTED_EDGE('',*,*,#5580,.T.);
#8139=ORIENTED_EDGE('',*,*,#5577,.T.);
#8140=ORIENTED_EDGE('',*,*,#5574,.T.);
#8141=ORIENTED_EDGE('',*,*,#5571,.T.);
#8142=ORIENTED_EDGE('',*,*,#5568,.T.);
#8143=ORIENTED_EDGE('',*,*,#5565,.T.);
#8144=ORIENTED_EDGE('',*,*,#5562,.T.);
#8145=ORIENTED_EDGE('',*,*,#5559,.T.);
#8146=ORIENTED_EDGE('',*,*,#5556,.T.);
#8147=ORIENTED_EDGE('',*,*,#5553,.T.);
#8148=ORIENTED_EDGE('',*,*,#5550,.T.);
#8149=ORIENTED_EDGE('',*,*,#5547,.T.);
#8150=ORIENTED_EDGE('',*,*,#5544,.T.);
#8151=ORIENTED_EDGE('',*,*,#5541,.T.);
#8152=ORIENTED_EDGE('',*,*,#5538,.T.);
#8153=ORIENTED_EDGE('',*,*,#5535,.T.);
#8154=ORIENTED_EDGE('',*,*,#5532,.T.);
#8155=ORIENTED_EDGE('',*,*,#5529,.T.);
#8156=ORIENTED_EDGE('',*,*,#5526,.T.);
#8157=ORIENTED_EDGE('',*,*,#5523,.T.);
#8158=ORIENTED_EDGE('',*,*,#5520,.T.);
#8159=ORIENTED_EDGE('',*,*,#5517,.T.);
#8160=ORIENTED_EDGE('',*,*,#5514,.T.);
#8161=ORIENTED_EDGE('',*,*,#5511,.T.);
#8162=ORIENTED_EDGE('',*,*,#5508,.T.);
#8163=ORIENTED_EDGE('',*,*,#5505,.T.);
#8164=ORIENTED_EDGE('',*,*,#5502,.T.);
#8165=ORIENTED_EDGE('',*,*,#5499,.T.);
#8166=ORIENTED_EDGE('',*,*,#5650,.T.);
#8167=ORIENTED_EDGE('',*,*,#5651,.T.);
#8168=ORIENTED_EDGE('',*,*,#5652,.F.);
#8169=ORIENTED_EDGE('',*,*,#5653,.F.);
#8170=ORIENTED_EDGE('',*,*,#5654,.T.);
#8171=ORIENTED_EDGE('',*,*,#5653,.T.);
#8172=ORIENTED_EDGE('',*,*,#5655,.F.);
#8173=ORIENTED_EDGE('',*,*,#5656,.F.);
#8174=ORIENTED_EDGE('',*,*,#5657,.T.);
#8175=ORIENTED_EDGE('',*,*,#5656,.T.);
#8176=ORIENTED_EDGE('',*,*,#5658,.F.);
#8177=ORIENTED_EDGE('',*,*,#5659,.F.);
#8178=ORIENTED_EDGE('',*,*,#5660,.T.);
#8179=ORIENTED_EDGE('',*,*,#5659,.T.);
#8180=ORIENTED_EDGE('',*,*,#5661,.F.);
#8181=ORIENTED_EDGE('',*,*,#5662,.F.);
#8182=ORIENTED_EDGE('',*,*,#5663,.T.);
#8183=ORIENTED_EDGE('',*,*,#5662,.T.);
#8184=ORIENTED_EDGE('',*,*,#5664,.F.);
#8185=ORIENTED_EDGE('',*,*,#5665,.F.);
#8186=ORIENTED_EDGE('',*,*,#5666,.T.);
#8187=ORIENTED_EDGE('',*,*,#5665,.T.);
#8188=ORIENTED_EDGE('',*,*,#5667,.F.);
#8189=ORIENTED_EDGE('',*,*,#5651,.F.);
#8190=ORIENTED_EDGE('',*,*,#5668,.T.);
#8191=ORIENTED_EDGE('',*,*,#5669,.T.);
#8192=ORIENTED_EDGE('',*,*,#5670,.F.);
#8193=ORIENTED_EDGE('',*,*,#5671,.F.);
#8194=ORIENTED_EDGE('',*,*,#5672,.T.);
#8195=ORIENTED_EDGE('',*,*,#5671,.T.);
#8196=ORIENTED_EDGE('',*,*,#5673,.F.);
#8197=ORIENTED_EDGE('',*,*,#5674,.F.);
#8198=ORIENTED_EDGE('',*,*,#5675,.T.);
#8199=ORIENTED_EDGE('',*,*,#5674,.T.);
#8200=ORIENTED_EDGE('',*,*,#5676,.F.);
#8201=ORIENTED_EDGE('',*,*,#5677,.F.);
#8202=ORIENTED_EDGE('',*,*,#5678,.T.);
#8203=ORIENTED_EDGE('',*,*,#5677,.T.);
#8204=ORIENTED_EDGE('',*,*,#5679,.F.);
#8205=ORIENTED_EDGE('',*,*,#5680,.F.);
#8206=ORIENTED_EDGE('',*,*,#5681,.T.);
#8207=ORIENTED_EDGE('',*,*,#5680,.T.);
#8208=ORIENTED_EDGE('',*,*,#5682,.F.);
#8209=ORIENTED_EDGE('',*,*,#5683,.F.);
#8210=ORIENTED_EDGE('',*,*,#5684,.T.);
#8211=ORIENTED_EDGE('',*,*,#5683,.T.);
#8212=ORIENTED_EDGE('',*,*,#5685,.F.);
#8213=ORIENTED_EDGE('',*,*,#5669,.F.);
#8214=ORIENTED_EDGE('',*,*,#5686,.T.);
#8215=ORIENTED_EDGE('',*,*,#5687,.T.);
#8216=ORIENTED_EDGE('',*,*,#5688,.F.);
#8217=ORIENTED_EDGE('',*,*,#5689,.F.);
#8218=ORIENTED_EDGE('',*,*,#5690,.T.);
#8219=ORIENTED_EDGE('',*,*,#5689,.T.);
#8220=ORIENTED_EDGE('',*,*,#5691,.F.);
#8221=ORIENTED_EDGE('',*,*,#5692,.F.);
#8222=ORIENTED_EDGE('',*,*,#5693,.T.);
#8223=ORIENTED_EDGE('',*,*,#5692,.T.);
#8224=ORIENTED_EDGE('',*,*,#5694,.F.);
#8225=ORIENTED_EDGE('',*,*,#5695,.F.);
#8226=ORIENTED_EDGE('',*,*,#5696,.F.);
#8227=ORIENTED_EDGE('',*,*,#5695,.T.);
#8228=ORIENTED_EDGE('',*,*,#5697,.F.);
#8229=ORIENTED_EDGE('',*,*,#5698,.F.);
#8230=ORIENTED_EDGE('',*,*,#5699,.T.);
#8231=ORIENTED_EDGE('',*,*,#5698,.T.);
#8232=ORIENTED_EDGE('',*,*,#5700,.F.);
#8233=ORIENTED_EDGE('',*,*,#5701,.F.);
#8234=ORIENTED_EDGE('',*,*,#5702,.T.);
#8235=ORIENTED_EDGE('',*,*,#5701,.T.);
#8236=ORIENTED_EDGE('',*,*,#5703,.F.);
#8237=ORIENTED_EDGE('',*,*,#5704,.F.);
#8238=ORIENTED_EDGE('',*,*,#5705,.T.);
#8239=ORIENTED_EDGE('',*,*,#5704,.T.);
#8240=ORIENTED_EDGE('',*,*,#5706,.F.);
#8241=ORIENTED_EDGE('',*,*,#5707,.F.);
#8242=ORIENTED_EDGE('',*,*,#5708,.T.);
#8243=ORIENTED_EDGE('',*,*,#5707,.T.);
#8244=ORIENTED_EDGE('',*,*,#5709,.F.);
#8245=ORIENTED_EDGE('',*,*,#5710,.F.);
#8246=ORIENTED_EDGE('',*,*,#5711,.F.);
#8247=ORIENTED_EDGE('',*,*,#5710,.T.);
#8248=ORIENTED_EDGE('',*,*,#5712,.F.);
#8249=ORIENTED_EDGE('',*,*,#5713,.F.);
#8250=ORIENTED_EDGE('',*,*,#5714,.T.);
#8251=ORIENTED_EDGE('',*,*,#5713,.T.);
#8252=ORIENTED_EDGE('',*,*,#5715,.F.);
#8253=ORIENTED_EDGE('',*,*,#5716,.F.);
#8254=ORIENTED_EDGE('',*,*,#5717,.T.);
#8255=ORIENTED_EDGE('',*,*,#5716,.T.);
#8256=ORIENTED_EDGE('',*,*,#5718,.F.);
#8257=ORIENTED_EDGE('',*,*,#5719,.F.);
#8258=ORIENTED_EDGE('',*,*,#5720,.T.);
#8259=ORIENTED_EDGE('',*,*,#5719,.T.);
#8260=ORIENTED_EDGE('',*,*,#5721,.F.);
#8261=ORIENTED_EDGE('',*,*,#5722,.F.);
#8262=ORIENTED_EDGE('',*,*,#5723,.T.);
#8263=ORIENTED_EDGE('',*,*,#5722,.T.);
#8264=ORIENTED_EDGE('',*,*,#5724,.F.);
#8265=ORIENTED_EDGE('',*,*,#5725,.F.);
#8266=ORIENTED_EDGE('',*,*,#5726,.T.);
#8267=ORIENTED_EDGE('',*,*,#5725,.T.);
#8268=ORIENTED_EDGE('',*,*,#5727,.F.);
#8269=ORIENTED_EDGE('',*,*,#5728,.F.);
#8270=ORIENTED_EDGE('',*,*,#5729,.T.);
#8271=ORIENTED_EDGE('',*,*,#5728,.T.);
#8272=ORIENTED_EDGE('',*,*,#5730,.F.);
#8273=ORIENTED_EDGE('',*,*,#5731,.F.);
#8274=ORIENTED_EDGE('',*,*,#5732,.T.);
#8275=ORIENTED_EDGE('',*,*,#5731,.T.);
#8276=ORIENTED_EDGE('',*,*,#5733,.F.);
#8277=ORIENTED_EDGE('',*,*,#5734,.F.);
#8278=ORIENTED_EDGE('',*,*,#5735,.T.);
#8279=ORIENTED_EDGE('',*,*,#5734,.T.);
#8280=ORIENTED_EDGE('',*,*,#5736,.F.);
#8281=ORIENTED_EDGE('',*,*,#5737,.F.);
#8282=ORIENTED_EDGE('',*,*,#5738,.T.);
#8283=ORIENTED_EDGE('',*,*,#5737,.T.);
#8284=ORIENTED_EDGE('',*,*,#5739,.F.);
#8285=ORIENTED_EDGE('',*,*,#5740,.F.);
#8286=ORIENTED_EDGE('',*,*,#5741,.T.);
#8287=ORIENTED_EDGE('',*,*,#5740,.T.);
#8288=ORIENTED_EDGE('',*,*,#5742,.F.);
#8289=ORIENTED_EDGE('',*,*,#5743,.F.);
#8290=ORIENTED_EDGE('',*,*,#5744,.T.);
#8291=ORIENTED_EDGE('',*,*,#5743,.T.);
#8292=ORIENTED_EDGE('',*,*,#5745,.F.);
#8293=ORIENTED_EDGE('',*,*,#5746,.F.);
#8294=ORIENTED_EDGE('',*,*,#5747,.T.);
#8295=ORIENTED_EDGE('',*,*,#5746,.T.);
#8296=ORIENTED_EDGE('',*,*,#5748,.F.);
#8297=ORIENTED_EDGE('',*,*,#5749,.F.);
#8298=ORIENTED_EDGE('',*,*,#5750,.T.);
#8299=ORIENTED_EDGE('',*,*,#5749,.T.);
#8300=ORIENTED_EDGE('',*,*,#5751,.F.);
#8301=ORIENTED_EDGE('',*,*,#5752,.F.);
#8302=ORIENTED_EDGE('',*,*,#5753,.T.);
#8303=ORIENTED_EDGE('',*,*,#5752,.T.);
#8304=ORIENTED_EDGE('',*,*,#5754,.F.);
#8305=ORIENTED_EDGE('',*,*,#5755,.F.);
#8306=ORIENTED_EDGE('',*,*,#5756,.T.);
#8307=ORIENTED_EDGE('',*,*,#5755,.T.);
#8308=ORIENTED_EDGE('',*,*,#5757,.F.);
#8309=ORIENTED_EDGE('',*,*,#5758,.F.);
#8310=ORIENTED_EDGE('',*,*,#5759,.F.);
#8311=ORIENTED_EDGE('',*,*,#5758,.T.);
#8312=ORIENTED_EDGE('',*,*,#5760,.F.);
#8313=ORIENTED_EDGE('',*,*,#5761,.F.);
#8314=ORIENTED_EDGE('',*,*,#5762,.T.);
#8315=ORIENTED_EDGE('',*,*,#5761,.T.);
#8316=ORIENTED_EDGE('',*,*,#5763,.F.);
#8317=ORIENTED_EDGE('',*,*,#5764,.F.);
#8318=ORIENTED_EDGE('',*,*,#5765,.T.);
#8319=ORIENTED_EDGE('',*,*,#5764,.T.);
#8320=ORIENTED_EDGE('',*,*,#5766,.F.);
#8321=ORIENTED_EDGE('',*,*,#5767,.F.);
#8322=ORIENTED_EDGE('',*,*,#5768,.F.);
#8323=ORIENTED_EDGE('',*,*,#5767,.T.);
#8324=ORIENTED_EDGE('',*,*,#5769,.F.);
#8325=ORIENTED_EDGE('',*,*,#5770,.F.);
#8326=ORIENTED_EDGE('',*,*,#5771,.T.);
#8327=ORIENTED_EDGE('',*,*,#5770,.T.);
#8328=ORIENTED_EDGE('',*,*,#5772,.F.);
#8329=ORIENTED_EDGE('',*,*,#5773,.F.);
#8330=ORIENTED_EDGE('',*,*,#5774,.T.);
#8331=ORIENTED_EDGE('',*,*,#5773,.T.);
#8332=ORIENTED_EDGE('',*,*,#5775,.F.);
#8333=ORIENTED_EDGE('',*,*,#5776,.F.);
#8334=ORIENTED_EDGE('',*,*,#5777,.T.);
#8335=ORIENTED_EDGE('',*,*,#5776,.T.);
#8336=ORIENTED_EDGE('',*,*,#5778,.F.);
#8337=ORIENTED_EDGE('',*,*,#5779,.F.);
#8338=ORIENTED_EDGE('',*,*,#5780,.T.);
#8339=ORIENTED_EDGE('',*,*,#5779,.T.);
#8340=ORIENTED_EDGE('',*,*,#5781,.F.);
#8341=ORIENTED_EDGE('',*,*,#5782,.F.);
#8342=ORIENTED_EDGE('',*,*,#5783,.T.);
#8343=ORIENTED_EDGE('',*,*,#5782,.T.);
#8344=ORIENTED_EDGE('',*,*,#5784,.F.);
#8345=ORIENTED_EDGE('',*,*,#5785,.F.);
#8346=ORIENTED_EDGE('',*,*,#5786,.T.);
#8347=ORIENTED_EDGE('',*,*,#5785,.T.);
#8348=ORIENTED_EDGE('',*,*,#5787,.F.);
#8349=ORIENTED_EDGE('',*,*,#5788,.F.);
#8350=ORIENTED_EDGE('',*,*,#5789,.T.);
#8351=ORIENTED_EDGE('',*,*,#5788,.T.);
#8352=ORIENTED_EDGE('',*,*,#5790,.F.);
#8353=ORIENTED_EDGE('',*,*,#5791,.F.);
#8354=ORIENTED_EDGE('',*,*,#5792,.T.);
#8355=ORIENTED_EDGE('',*,*,#5791,.T.);
#8356=ORIENTED_EDGE('',*,*,#5793,.F.);
#8357=ORIENTED_EDGE('',*,*,#5794,.F.);
#8358=ORIENTED_EDGE('',*,*,#5795,.T.);
#8359=ORIENTED_EDGE('',*,*,#5794,.T.);
#8360=ORIENTED_EDGE('',*,*,#5796,.F.);
#8361=ORIENTED_EDGE('',*,*,#5797,.F.);
#8362=ORIENTED_EDGE('',*,*,#5798,.T.);
#8363=ORIENTED_EDGE('',*,*,#5797,.T.);
#8364=ORIENTED_EDGE('',*,*,#5799,.F.);
#8365=ORIENTED_EDGE('',*,*,#5800,.F.);
#8366=ORIENTED_EDGE('',*,*,#5801,.T.);
#8367=ORIENTED_EDGE('',*,*,#5800,.T.);
#8368=ORIENTED_EDGE('',*,*,#5802,.F.);
#8369=ORIENTED_EDGE('',*,*,#5803,.F.);
#8370=ORIENTED_EDGE('',*,*,#5804,.T.);
#8371=ORIENTED_EDGE('',*,*,#5803,.T.);
#8372=ORIENTED_EDGE('',*,*,#5805,.F.);
#8373=ORIENTED_EDGE('',*,*,#5806,.F.);
#8374=ORIENTED_EDGE('',*,*,#5807,.T.);
#8375=ORIENTED_EDGE('',*,*,#5806,.T.);
#8376=ORIENTED_EDGE('',*,*,#5808,.F.);
#8377=ORIENTED_EDGE('',*,*,#5809,.F.);
#8378=ORIENTED_EDGE('',*,*,#5810,.T.);
#8379=ORIENTED_EDGE('',*,*,#5809,.T.);
#8380=ORIENTED_EDGE('',*,*,#5811,.F.);
#8381=ORIENTED_EDGE('',*,*,#5812,.F.);
#8382=ORIENTED_EDGE('',*,*,#5813,.T.);
#8383=ORIENTED_EDGE('',*,*,#5812,.T.);
#8384=ORIENTED_EDGE('',*,*,#5814,.F.);
#8385=ORIENTED_EDGE('',*,*,#5815,.F.);
#8386=ORIENTED_EDGE('',*,*,#5816,.T.);
#8387=ORIENTED_EDGE('',*,*,#5815,.T.);
#8388=ORIENTED_EDGE('',*,*,#5817,.F.);
#8389=ORIENTED_EDGE('',*,*,#5687,.F.);
#8390=ORIENTED_EDGE('',*,*,#5816,.F.);
#8391=ORIENTED_EDGE('',*,*,#5686,.F.);
#8392=ORIENTED_EDGE('',*,*,#5690,.F.);
#8393=ORIENTED_EDGE('',*,*,#5693,.F.);
#8394=ORIENTED_EDGE('',*,*,#5696,.T.);
#8395=ORIENTED_EDGE('',*,*,#5699,.F.);
#8396=ORIENTED_EDGE('',*,*,#5702,.F.);
#8397=ORIENTED_EDGE('',*,*,#5705,.F.);
#8398=ORIENTED_EDGE('',*,*,#5708,.F.);
#8399=ORIENTED_EDGE('',*,*,#5711,.T.);
#8400=ORIENTED_EDGE('',*,*,#5714,.F.);
#8401=ORIENTED_EDGE('',*,*,#5717,.F.);
#8402=ORIENTED_EDGE('',*,*,#5720,.F.);
#8403=ORIENTED_EDGE('',*,*,#5723,.F.);
#8404=ORIENTED_EDGE('',*,*,#5726,.F.);
#8405=ORIENTED_EDGE('',*,*,#5729,.F.);
#8406=ORIENTED_EDGE('',*,*,#5732,.F.);
#8407=ORIENTED_EDGE('',*,*,#5735,.F.);
#8408=ORIENTED_EDGE('',*,*,#5738,.F.);
#8409=ORIENTED_EDGE('',*,*,#5741,.F.);
#8410=ORIENTED_EDGE('',*,*,#5744,.F.);
#8411=ORIENTED_EDGE('',*,*,#5747,.F.);
#8412=ORIENTED_EDGE('',*,*,#5750,.F.);
#8413=ORIENTED_EDGE('',*,*,#5753,.F.);
#8414=ORIENTED_EDGE('',*,*,#5756,.F.);
#8415=ORIENTED_EDGE('',*,*,#5759,.T.);
#8416=ORIENTED_EDGE('',*,*,#5762,.F.);
#8417=ORIENTED_EDGE('',*,*,#5765,.F.);
#8418=ORIENTED_EDGE('',*,*,#5768,.T.);
#8419=ORIENTED_EDGE('',*,*,#5771,.F.);
#8420=ORIENTED_EDGE('',*,*,#5774,.F.);
#8421=ORIENTED_EDGE('',*,*,#5777,.F.);
#8422=ORIENTED_EDGE('',*,*,#5780,.F.);
#8423=ORIENTED_EDGE('',*,*,#5783,.F.);
#8424=ORIENTED_EDGE('',*,*,#5786,.F.);
#8425=ORIENTED_EDGE('',*,*,#5789,.F.);
#8426=ORIENTED_EDGE('',*,*,#5792,.F.);
#8427=ORIENTED_EDGE('',*,*,#5795,.F.);
#8428=ORIENTED_EDGE('',*,*,#5798,.F.);
#8429=ORIENTED_EDGE('',*,*,#5801,.F.);
#8430=ORIENTED_EDGE('',*,*,#5804,.F.);
#8431=ORIENTED_EDGE('',*,*,#5807,.F.);
#8432=ORIENTED_EDGE('',*,*,#5810,.F.);
#8433=ORIENTED_EDGE('',*,*,#5813,.F.);
#8434=ORIENTED_EDGE('',*,*,#5684,.F.);
#8435=ORIENTED_EDGE('',*,*,#5668,.F.);
#8436=ORIENTED_EDGE('',*,*,#5672,.F.);
#8437=ORIENTED_EDGE('',*,*,#5675,.F.);
#8438=ORIENTED_EDGE('',*,*,#5678,.F.);
#8439=ORIENTED_EDGE('',*,*,#5681,.F.);
#8440=ORIENTED_EDGE('',*,*,#5666,.F.);
#8441=ORIENTED_EDGE('',*,*,#5650,.F.);
#8442=ORIENTED_EDGE('',*,*,#5654,.F.);
#8443=ORIENTED_EDGE('',*,*,#5657,.F.);
#8444=ORIENTED_EDGE('',*,*,#5660,.F.);
#8445=ORIENTED_EDGE('',*,*,#5663,.F.);
#8446=ORIENTED_EDGE('',*,*,#5817,.T.);
#8447=ORIENTED_EDGE('',*,*,#5814,.T.);
#8448=ORIENTED_EDGE('',*,*,#5811,.T.);
#8449=ORIENTED_EDGE('',*,*,#5808,.T.);
#8450=ORIENTED_EDGE('',*,*,#5805,.T.);
#8451=ORIENTED_EDGE('',*,*,#5802,.T.);
#8452=ORIENTED_EDGE('',*,*,#5799,.T.);
#8453=ORIENTED_EDGE('',*,*,#5796,.T.);
#8454=ORIENTED_EDGE('',*,*,#5793,.T.);
#8455=ORIENTED_EDGE('',*,*,#5790,.T.);
#8456=ORIENTED_EDGE('',*,*,#5787,.T.);
#8457=ORIENTED_EDGE('',*,*,#5784,.T.);
#8458=ORIENTED_EDGE('',*,*,#5781,.T.);
#8459=ORIENTED_EDGE('',*,*,#5778,.T.);
#8460=ORIENTED_EDGE('',*,*,#5775,.T.);
#8461=ORIENTED_EDGE('',*,*,#5772,.T.);
#8462=ORIENTED_EDGE('',*,*,#5769,.T.);
#8463=ORIENTED_EDGE('',*,*,#5766,.T.);
#8464=ORIENTED_EDGE('',*,*,#5763,.T.);
#8465=ORIENTED_EDGE('',*,*,#5760,.T.);
#8466=ORIENTED_EDGE('',*,*,#5757,.T.);
#8467=ORIENTED_EDGE('',*,*,#5754,.T.);
#8468=ORIENTED_EDGE('',*,*,#5751,.T.);
#8469=ORIENTED_EDGE('',*,*,#5748,.T.);
#8470=ORIENTED_EDGE('',*,*,#5745,.T.);
#8471=ORIENTED_EDGE('',*,*,#5742,.T.);
#8472=ORIENTED_EDGE('',*,*,#5739,.T.);
#8473=ORIENTED_EDGE('',*,*,#5736,.T.);
#8474=ORIENTED_EDGE('',*,*,#5733,.T.);
#8475=ORIENTED_EDGE('',*,*,#5730,.T.);
#8476=ORIENTED_EDGE('',*,*,#5727,.T.);
#8477=ORIENTED_EDGE('',*,*,#5724,.T.);
#8478=ORIENTED_EDGE('',*,*,#5721,.T.);
#8479=ORIENTED_EDGE('',*,*,#5718,.T.);
#8480=ORIENTED_EDGE('',*,*,#5715,.T.);
#8481=ORIENTED_EDGE('',*,*,#5712,.T.);
#8482=ORIENTED_EDGE('',*,*,#5709,.T.);
#8483=ORIENTED_EDGE('',*,*,#5706,.T.);
#8484=ORIENTED_EDGE('',*,*,#5703,.T.);
#8485=ORIENTED_EDGE('',*,*,#5700,.T.);
#8486=ORIENTED_EDGE('',*,*,#5697,.T.);
#8487=ORIENTED_EDGE('',*,*,#5694,.T.);
#8488=ORIENTED_EDGE('',*,*,#5691,.T.);
#8489=ORIENTED_EDGE('',*,*,#5688,.T.);
#8490=ORIENTED_EDGE('',*,*,#5685,.T.);
#8491=ORIENTED_EDGE('',*,*,#5682,.T.);
#8492=ORIENTED_EDGE('',*,*,#5679,.T.);
#8493=ORIENTED_EDGE('',*,*,#5676,.T.);
#8494=ORIENTED_EDGE('',*,*,#5673,.T.);
#8495=ORIENTED_EDGE('',*,*,#5670,.T.);
#8496=ORIENTED_EDGE('',*,*,#5667,.T.);
#8497=ORIENTED_EDGE('',*,*,#5664,.T.);
#8498=ORIENTED_EDGE('',*,*,#5661,.T.);
#8499=ORIENTED_EDGE('',*,*,#5658,.T.);
#8500=ORIENTED_EDGE('',*,*,#5655,.T.);
#8501=ORIENTED_EDGE('',*,*,#5652,.T.);
#8502=PLANE('',#9365);
#8503=PLANE('',#9369);
#8504=PLANE('',#9373);
#8505=PLANE('',#9378);
#8506=PLANE('',#9381);
#8507=PLANE('',#9385);
#8508=PLANE('',#9388);
#8509=PLANE('',#9391);
#8510=PLANE('',#9395);
#8511=PLANE('',#9399);
#8512=PLANE('',#9401);
#8513=PLANE('',#9405);
#8514=PLANE('',#9410);
#8515=PLANE('',#9414);
#8516=PLANE('',#9415);
#8517=PLANE('',#9418);
#8518=PLANE('',#9422);
#8519=PLANE('',#9435);
#8520=PLANE('',#9459);
#8521=PLANE('',#9463);
#8522=PLANE('',#9467);
#8523=PLANE('',#9471);
#8524=PLANE('',#9476);
#8525=PLANE('',#9479);
#8526=PLANE('',#9481);
#8527=PLANE('',#9505);
#8528=PLANE('',#9508);
#8529=PLANE('',#9511);
#8530=PLANE('',#9514);
#8531=PLANE('',#9517);
#8532=PLANE('',#9520);
#8533=PLANE('',#9523);
#8534=PLANE('',#9526);
#8535=PLANE('',#9531);
#8536=PLANE('',#9534);
#8537=PLANE('',#9537);
#8538=PLANE('',#9540);
#8539=PLANE('',#9543);
#8540=PLANE('',#9546);
#8541=PLANE('',#9547);
#8542=PLANE('',#9549);
#8543=PLANE('',#9551);
#8544=PLANE('',#9553);
#8545=PLANE('',#9556);
#8546=PLANE('',#9559);
#8547=PLANE('',#9562);
#8548=PLANE('',#9565);
#8549=PLANE('',#9568);
#8550=PLANE('',#9571);
#8551=PLANE('',#9574);
#8552=PLANE('',#9579);
#8553=PLANE('',#9583);
#8554=PLANE('',#9587);
#8555=PLANE('',#9592);
#8556=PLANE('',#9595);
#8557=PLANE('',#9596);
#8558=PLANE('',#9597);
#8559=PLANE('',#9598);
#8560=PLANE('',#9599);
#8561=PLANE('',#9600);
#8562=PLANE('',#9601);
#8563=PLANE('',#9602);
#8564=PLANE('',#9603);
#8565=PLANE('',#9604);
#8566=PLANE('',#9605);
#8567=PLANE('',#9606);
#8568=PLANE('',#9607);
#8569=PLANE('',#9610);
#8570=PLANE('',#9613);
#8571=PLANE('',#9614);
#8572=PLANE('',#9615);
#8573=PLANE('',#9618);
#8574=PLANE('',#9621);
#8575=PLANE('',#9622);
#8576=PLANE('',#9623);
#8577=PLANE('',#9625);
#8578=PLANE('',#9627);
#8579=PLANE('',#9628);
#8580=PLANE('',#9629);
#8581=PLANE('',#9630);
#8582=PLANE('',#9631);
#8583=PLANE('',#9632);
#8584=PLANE('',#9633);
#8585=PLANE('',#9636);
#8586=PLANE('',#9639);
#8587=PLANE('',#9646);
#8588=PLANE('',#9650);
#8589=PLANE('',#9651);
#8590=PLANE('',#9652);
#8591=PLANE('',#9653);
#8592=PLANE('',#9657);
#8593=PLANE('',#9658);
#8594=PLANE('',#9664);
#8595=PLANE('',#9667);
#8596=PLANE('',#9670);
#8597=PLANE('',#9676);
#8598=PLANE('',#9679);
#8599=PLANE('',#9682);
#8600=PLANE('',#9688);
#8601=PLANE('',#9690);
#8602=PLANE('',#9692);
#8603=PLANE('',#9694);
#8604=PLANE('',#9700);
#8605=PLANE('',#9703);
#8606=PLANE('',#9706);
#8607=PLANE('',#9707);
#8608=PLANE('',#9708);
#8609=PLANE('',#9709);
#8610=PLANE('',#9710);
#8611=PLANE('',#9711);
#8612=PLANE('',#9712);
#8613=PLANE('',#9713);
#8614=PLANE('',#9714);
#8615=PLANE('',#9715);
#8616=PLANE('',#9722);
#8617=PLANE('',#9723);
#8618=PLANE('',#9727);
#8619=PLANE('',#9730);
#8620=PLANE('',#9734);
#8621=PLANE('',#9779);
#8622=PLANE('',#9783);
#8623=PLANE('',#9787);
#8624=PLANE('',#9791);
#8625=PLANE('',#9793);
#8626=PLANE('',#9796);
#8627=PLANE('',#9799);
#8628=PLANE('',#9800);
#8629=PLANE('',#9802);
#8630=PLANE('',#9803);
#8631=PLANE('',#9805);
#8632=PLANE('',#9807);
#8633=PLANE('',#9809);
#8634=PLANE('',#9810);
#8635=PLANE('',#9813);
#8636=PLANE('',#9824);
#8637=PLANE('',#9825);
#8638=PLANE('',#9828);
#8639=PLANE('',#9830);
#8640=PLANE('',#9833);
#8641=PLANE('',#9834);
#8642=PLANE('',#9836);
#8643=PLANE('',#9839);
#8644=PLANE('',#9842);
#8645=PLANE('',#9844);
#8646=PLANE('',#9846);
#8647=PLANE('',#9850);
#8648=PLANE('',#9853);
#8649=PLANE('',#9856);
#8650=PLANE('',#9857);
#8651=PLANE('',#9858);
#8652=PLANE('',#9859);
#8653=PLANE('',#9860);
#8654=PLANE('',#9861);
#8655=PLANE('',#9862);
#8656=PLANE('',#9863);
#8657=PLANE('',#9864);
#8658=PLANE('',#9865);
#8659=PLANE('',#9866);
#8660=PLANE('',#9867);
#8661=PLANE('',#9868);
#8662=PLANE('',#9869);
#8663=PLANE('',#9870);
#8664=PLANE('',#9871);
#8665=PLANE('',#9872);
#8666=PLANE('',#9873);
#8667=PLANE('',#9874);
#8668=PLANE('',#9875);
#8669=PLANE('',#9876);
#8670=PLANE('',#9877);
#8671=PLANE('',#9878);
#8672=PLANE('',#9879);
#8673=PLANE('',#9880);
#8674=PLANE('',#9881);
#8675=PLANE('',#9882);
#8676=PLANE('',#9883);
#8677=PLANE('',#9884);
#8678=PLANE('',#9885);
#8679=PLANE('',#9886);
#8680=PLANE('',#9887);
#8681=PLANE('',#9888);
#8682=PLANE('',#9889);
#8683=PLANE('',#9890);
#8684=PLANE('',#9891);
#8685=PLANE('',#9892);
#8686=PLANE('',#9893);
#8687=PLANE('',#9894);
#8688=PLANE('',#9895);
#8689=PLANE('',#9896);
#8690=PLANE('',#9897);
#8691=PLANE('',#9898);
#8692=PLANE('',#9899);
#8693=PLANE('',#9900);
#8694=PLANE('',#9901);
#8695=PLANE('',#9902);
#8696=PLANE('',#9903);
#8697=PLANE('',#9904);
#8698=PLANE('',#9905);
#8699=PLANE('',#9909);
#8700=PLANE('',#9910);
#8701=PLANE('',#9911);
#8702=PLANE('',#9912);
#8703=PLANE('',#9913);
#8704=PLANE('',#9914);
#8705=PLANE('',#9915);
#8706=PLANE('',#9916);
#8707=PLANE('',#9917);
#8708=PLANE('',#9918);
#8709=PLANE('',#9919);
#8710=PLANE('',#9920);
#8711=PLANE('',#9921);
#8712=PLANE('',#9925);
#8713=PLANE('',#9926);
#8714=PLANE('',#9927);
#8715=PLANE('',#9928);
#8716=PLANE('',#9929);
#8717=PLANE('',#9930);
#8718=PLANE('',#9931);
#8719=PLANE('',#9932);
#8720=PLANE('',#9933);
#8721=PLANE('',#9934);
#8722=PLANE('',#9935);
#8723=PLANE('',#9936);
#8724=PLANE('',#9937);
#8725=PLANE('',#9938);
#8726=PLANE('',#9939);
#8727=PLANE('',#9940);
#8728=PLANE('',#9941);
#8729=PLANE('',#9942);
#8730=PLANE('',#9943);
#8731=PLANE('',#9944);
#8732=PLANE('',#9945);
#8733=PLANE('',#9946);
#8734=PLANE('',#9947);
#8735=PLANE('',#9948);
#8736=PLANE('',#9949);
#8737=PLANE('',#9950);
#8738=PLANE('',#9951);
#8739=PLANE('',#9952);
#8740=PLANE('',#9953);
#8741=PLANE('',#9954);
#8742=PLANE('',#9955);
#8743=PLANE('',#9956);
#8744=PLANE('',#9957);
#8745=PLANE('',#9958);
#8746=PLANE('',#9959);
#8747=PLANE('',#9960);
#8748=PLANE('',#9961);
#8749=PLANE('',#9962);
#8750=PLANE('',#9963);
#8751=PLANE('',#9964);
#8752=PLANE('',#9965);
#8753=PLANE('',#9966);
#8754=PLANE('',#9967);
#8755=PLANE('',#9971);
#8756=PLANE('',#9972);
#8757=PLANE('',#9976);
#8758=PLANE('',#9977);
#8759=PLANE('',#9978);
#8760=PLANE('',#9979);
#8761=PLANE('',#9980);
#8762=PLANE('',#9981);
#8763=PLANE('',#9982);
#8764=PLANE('',#9983);
#8765=PLANE('',#9984);
#8766=PLANE('',#9985);
#8767=PLANE('',#9986);
#8768=PLANE('',#9987);
#8769=PLANE('',#9988);
#8770=PLANE('',#9989);
#8771=PLANE('',#9990);
#8772=PLANE('',#9991);
#8773=PLANE('',#9992);
#8774=PLANE('',#9993);
#8775=PLANE('',#9994);
#8776=PLANE('',#9998);
#8777=PLANE('',#9999);
#8778=PLANE('',#10000);
#8779=PLANE('',#10001);
#8780=PLANE('',#10002);
#8781=PLANE('',#10003);
#8782=PLANE('',#10004);
#8783=PLANE('',#10005);
#8784=PLANE('',#10006);
#8785=PLANE('',#10007);
#8786=PLANE('',#10008);
#8787=PLANE('',#10009);
#8788=PLANE('',#10010);
#8789=PLANE('',#10011);
#8790=PLANE('',#10012);
#8791=PLANE('',#10013);
#8792=PLANE('',#10014);
#8793=PLANE('',#10015);
#8794=PLANE('',#10016);
#8795=PLANE('',#10017);
#8796=PLANE('',#10018);
#8797=PLANE('',#10019);
#8798=PLANE('',#10020);
#8799=PLANE('',#10021);
#8800=PLANE('',#10022);
#8801=PLANE('',#10023);
#8802=PLANE('',#10024);
#8803=PLANE('',#10025);
#8804=PLANE('',#10026);
#8805=PLANE('',#10027);
#8806=PLANE('',#10028);
#8807=PLANE('',#10029);
#8808=PLANE('',#10030);
#8809=PLANE('',#10031);
#8810=PLANE('',#10032);
#8811=PLANE('',#10033);
#8812=PLANE('',#10037);
#8813=PLANE('',#10038);
#8814=PLANE('',#10039);
#8815=PLANE('',#10040);
#8816=PLANE('',#10044);
#8817=PLANE('',#10045);
#8818=PLANE('',#10046);
#8819=PLANE('',#10047);
#8820=PLANE('',#10048);
#8821=PLANE('',#10049);
#8822=PLANE('',#10050);
#8823=PLANE('',#10051);
#8824=PLANE('',#10052);
#8825=PLANE('',#10053);
#8826=PLANE('',#10054);
#8827=PLANE('',#10055);
#8828=PLANE('',#10056);
#8829=PLANE('',#10057);
#8830=PLANE('',#10058);
#8831=PLANE('',#10062);
#8832=PLANE('',#10063);
#8833=PLANE('',#10067);
#8834=PLANE('',#10068);
#8835=PLANE('',#10069);
#8836=PLANE('',#10070);
#8837=PLANE('',#10071);
#8838=PLANE('',#10072);
#8839=PLANE('',#10073);
#8840=PLANE('',#10074);
#8841=PLANE('',#10075);
#8842=PLANE('',#10076);
#8843=PLANE('',#10077);
#8844=PLANE('',#10078);
#8845=PLANE('',#10079);
#8846=PLANE('',#10080);
#8847=PLANE('',#10081);
#8848=PLANE('',#10082);
#8849=PLANE('',#10083);
#8850=PLANE('',#10084);
#8851=ADVANCED_FACE('',(#274),#8502,.F.);
#8852=ADVANCED_FACE('',(#275),#8503,.F.);
#8853=ADVANCED_FACE('',(#276),#8504,.F.);
#8854=ADVANCED_FACE('',(#277),#174,.F.);
#8855=ADVANCED_FACE('',(#278),#8505,.T.);
#8856=ADVANCED_FACE('',(#279),#175,.F.);
#8857=ADVANCED_FACE('',(#280),#8506,.T.);
#8858=ADVANCED_FACE('',(#281),#176,.F.);
#8859=ADVANCED_FACE('',(#282),#177,.F.);
#8860=ADVANCED_FACE('',(#283),#8507,.T.);
#8861=ADVANCED_FACE('',(#284),#178,.F.);
#8862=ADVANCED_FACE('',(#285),#8508,.T.);
#8863=ADVANCED_FACE('',(#286),#179,.F.);
#8864=ADVANCED_FACE('',(#287),#8509,.F.);
#8865=ADVANCED_FACE('',(#288),#180,.F.);
#8866=ADVANCED_FACE('',(#289),#8510,.T.);
#8867=ADVANCED_FACE('',(#290),#8511,.F.);
#8868=ADVANCED_FACE('',(#291),#8512,.F.);
#8869=ADVANCED_FACE('',(#292),#181,.F.);
#8870=ADVANCED_FACE('',(#293),#8513,.F.);
#8871=ADVANCED_FACE('',(#294),#182,.F.);
#8872=ADVANCED_FACE('',(#295),#8514,.F.);
#8873=ADVANCED_FACE('',(#296),#183,.F.);
#8874=ADVANCED_FACE('',(#297),#8515,.T.);
#8875=ADVANCED_FACE('',(#298),#8516,.F.);
#8876=ADVANCED_FACE('',(#299),#184,.F.);
#8877=ADVANCED_FACE('',(#300),#8517,.F.);
#8878=ADVANCED_FACE('',(#301),#185,.F.);
#8879=ADVANCED_FACE('',(#302),#8518,.F.);
#8880=ADVANCED_FACE('',(#303),#186,.F.);
#8881=ADVANCED_FACE('',(#304),#187,.F.);
#8882=ADVANCED_FACE('',(#305,#67),#8519,.T.);
#8883=ADVANCED_FACE('',(#306),#8520,.F.);
#8884=ADVANCED_FACE('',(#307),#40,.F.);
#8885=ADVANCED_FACE('',(#308),#8521,.F.);
#8886=ADVANCED_FACE('',(#309),#41,.F.);
#8887=ADVANCED_FACE('',(#310),#8522,.F.);
#8888=ADVANCED_FACE('',(#311),#42,.F.);
#8889=ADVANCED_FACE('',(#312),#8523,.F.);
#8890=ADVANCED_FACE('',(#313),#43,.F.);
#8891=ADVANCED_FACE('',(#314),#188,.F.);
#8892=ADVANCED_FACE('',(#315),#8524,.T.);
#8893=ADVANCED_FACE('',(#316),#189,.F.);
#8894=ADVANCED_FACE('',(#317),#8525,.T.);
#8895=ADVANCED_FACE('',(#318,#68,#69,#70,#71),#8526,.T.);
#8896=ADVANCED_FACE('',(#319),#8527,.F.);
#8897=ADVANCED_FACE('',(#320),#44,.F.);
#8898=ADVANCED_FACE('',(#321),#8528,.F.);
#8899=ADVANCED_FACE('',(#322),#45,.F.);
#8900=ADVANCED_FACE('',(#323),#8529,.F.);
#8901=ADVANCED_FACE('',(#324),#46,.F.);
#8902=ADVANCED_FACE('',(#325),#8530,.F.);
#8903=ADVANCED_FACE('',(#326),#47,.F.);
#8904=ADVANCED_FACE('',(#327),#8531,.F.);
#8905=ADVANCED_FACE('',(#328),#48,.F.);
#8906=ADVANCED_FACE('',(#329),#8532,.T.);
#8907=ADVANCED_FACE('',(#330),#190,.F.);
#8908=ADVANCED_FACE('',(#331),#8533,.T.);
#8909=ADVANCED_FACE('',(#332),#191,.F.);
#8910=ADVANCED_FACE('',(#333,#72,#73),#8534,.F.);
#8911=ADVANCED_FACE('',(#334),#49,.F.);
#8912=ADVANCED_FACE('',(#335),#8535,.F.);
#8913=ADVANCED_FACE('',(#336),#50,.F.);
#8914=ADVANCED_FACE('',(#337),#8536,.F.);
#8915=ADVANCED_FACE('',(#338),#51,.F.);
#8916=ADVANCED_FACE('',(#339),#8537,.F.);
#8917=ADVANCED_FACE('',(#340),#52,.F.);
#8918=ADVANCED_FACE('',(#341),#8538,.F.);
#8919=ADVANCED_FACE('',(#342),#53,.F.);
#8920=ADVANCED_FACE('',(#343),#8539,.F.);
#8921=ADVANCED_FACE('',(#344),#54,.F.);
#8922=ADVANCED_FACE('',(#345),#8540,.F.);
#8923=ADVANCED_FACE('',(#346),#8541,.T.);
#8924=ADVANCED_FACE('',(#347),#192,.F.);
#8925=ADVANCED_FACE('',(#348),#8542,.T.);
#8926=ADVANCED_FACE('',(#349),#193,.F.);
#8927=ADVANCED_FACE('',(#350),#8543,.T.);
#8928=ADVANCED_FACE('',(#351),#194,.F.);
#8929=ADVANCED_FACE('',(#352),#8544,.F.);
#8930=ADVANCED_FACE('',(#353),#55,.T.);
#8931=ADVANCED_FACE('',(#354),#8545,.F.);
#8932=ADVANCED_FACE('',(#355),#56,.T.);
#8933=ADVANCED_FACE('',(#356),#8546,.F.);
#8934=ADVANCED_FACE('',(#357),#57,.T.);
#8935=ADVANCED_FACE('',(#358),#8547,.F.);
#8936=ADVANCED_FACE('',(#359),#58,.F.);
#8937=ADVANCED_FACE('',(#360),#8548,.F.);
#8938=ADVANCED_FACE('',(#361),#59,.T.);
#8939=ADVANCED_FACE('',(#362),#8549,.F.);
#8940=ADVANCED_FACE('',(#363),#60,.T.);
#8941=ADVANCED_FACE('',(#364),#8550,.F.);
#8942=ADVANCED_FACE('',(#365),#61,.F.);
#8943=ADVANCED_FACE('',(#366),#8551,.F.);
#8944=ADVANCED_FACE('',(#367),#62,.T.);
#8945=ADVANCED_FACE('',(#368),#195,.F.);
#8946=ADVANCED_FACE('',(#369),#8552,.F.);
#8947=ADVANCED_FACE('',(#370),#196,.T.);
#8948=ADVANCED_FACE('',(#371,#74),#8553,.T.);
#8949=ADVANCED_FACE('',(#372),#197,.T.);
#8950=ADVANCED_FACE('',(#373),#8554,.F.);
#8951=ADVANCED_FACE('',(#374),#198,.T.);
#8952=ADVANCED_FACE('',(#375,#75,#76,#77),#8555,.F.);
#8953=ADVANCED_FACE('',(#376),#8556,.F.);
#8954=ADVANCED_FACE('',(#377),#8557,.F.);
#8955=ADVANCED_FACE('',(#378),#8558,.F.);
#8956=ADVANCED_FACE('',(#379),#8559,.F.);
#8957=ADVANCED_FACE('',(#380),#8560,.F.);
#8958=ADVANCED_FACE('',(#381),#8561,.F.);
#8959=ADVANCED_FACE('',(#382),#8562,.F.);
#8960=ADVANCED_FACE('',(#383),#8563,.F.);
#8961=ADVANCED_FACE('',(#384),#8564,.F.);
#8962=ADVANCED_FACE('',(#385),#8565,.F.);
#8963=ADVANCED_FACE('',(#386),#8566,.F.);
#8964=ADVANCED_FACE('',(#387),#8567,.F.);
#8965=ADVANCED_FACE('',(#388),#8568,.F.);
#8966=ADVANCED_FACE('',(#389),#63,.F.);
#8967=ADVANCED_FACE('',(#390),#8569,.F.);
#8968=ADVANCED_FACE('',(#391),#64,.F.);
#8969=ADVANCED_FACE('',(#392),#8570,.F.);
#8970=ADVANCED_FACE('',(#393),#8571,.F.);
#8971=ADVANCED_FACE('',(#394),#8572,.F.);
#8972=ADVANCED_FACE('',(#395),#65,.F.);
#8973=ADVANCED_FACE('',(#396),#8573,.F.);
#8974=ADVANCED_FACE('',(#397),#66,.F.);
#8975=ADVANCED_FACE('',(#398),#8574,.F.);
#8976=ADVANCED_FACE('',(#399),#8575,.F.);
#8977=ADVANCED_FACE('',(#400),#8576,.T.);
#8978=ADVANCED_FACE('',(#401),#199,.F.);
#8979=ADVANCED_FACE('',(#402),#8577,.F.);
#8980=ADVANCED_FACE('',(#403),#200,.F.);
#8981=ADVANCED_FACE('',(#404),#8578,.F.);
#8982=ADVANCED_FACE('',(#405),#8579,.T.);
#8983=ADVANCED_FACE('',(#406),#8580,.T.);
#8984=ADVANCED_FACE('',(#407),#8581,.T.);
#8985=ADVANCED_FACE('',(#408),#8582,.F.);
#8986=ADVANCED_FACE('',(#409),#8583,.T.);
#8987=ADVANCED_FACE('',(#410),#8584,.T.);
#8988=ADVANCED_FACE('',(#411),#201,.F.);
#8989=ADVANCED_FACE('',(#412),#8585,.F.);
#8990=ADVANCED_FACE('',(#413),#202,.F.);
#8991=ADVANCED_FACE('',(#414),#8586,.T.);
#8992=ADVANCED_FACE('',(#415),#203,.F.);
#8993=ADVANCED_FACE('',(#416),#8587,.F.);
#8994=ADVANCED_FACE('',(#417),#204,.F.);
#8995=ADVANCED_FACE('',(#418),#8588,.F.);
#8996=ADVANCED_FACE('',(#419),#8589,.F.);
#8997=ADVANCED_FACE('',(#420),#8590,.T.);
#8998=ADVANCED_FACE('',(#421),#8591,.T.);
#8999=ADVANCED_FACE('',(#422),#205,.F.);
#9000=ADVANCED_FACE('',(#423),#206,.F.);
#9001=ADVANCED_FACE('',(#424),#8592,.F.);
#9002=ADVANCED_FACE('',(#425),#8593,.T.);
#9003=ADVANCED_FACE('',(#426),#8594,.F.);
#9004=ADVANCED_FACE('',(#427),#207,.F.);
#9005=ADVANCED_FACE('',(#428),#8595,.F.);
#9006=ADVANCED_FACE('',(#429),#208,.F.);
#9007=ADVANCED_FACE('',(#430),#8596,.T.);
#9008=ADVANCED_FACE('',(#431),#8597,.F.);
#9009=ADVANCED_FACE('',(#432),#209,.F.);
#9010=ADVANCED_FACE('',(#433),#8598,.F.);
#9011=ADVANCED_FACE('',(#434),#210,.F.);
#9012=ADVANCED_FACE('',(#435),#8599,.T.);
#9013=ADVANCED_FACE('',(#436),#211,.F.);
#9014=ADVANCED_FACE('',(#437),#8600,.F.);
#9015=ADVANCED_FACE('',(#438),#212,.F.);
#9016=ADVANCED_FACE('',(#439),#8601,.T.);
#9017=ADVANCED_FACE('',(#440),#213,.F.);
#9018=ADVANCED_FACE('',(#441),#8602,.T.);
#9019=ADVANCED_FACE('',(#442),#214,.F.);
#9020=ADVANCED_FACE('',(#443),#8603,.T.);
#9021=ADVANCED_FACE('',(#444),#8604,.T.);
#9022=ADVANCED_FACE('',(#445),#215,.F.);
#9023=ADVANCED_FACE('',(#446),#8605,.T.);
#9024=ADVANCED_FACE('',(#447),#216,.F.);
#9025=ADVANCED_FACE('',(#448),#8606,.T.);
#9026=ADVANCED_FACE('',(#449),#8607,.T.);
#9027=ADVANCED_FACE('',(#450),#8608,.T.);
#9028=ADVANCED_FACE('',(#451),#8609,.T.);
#9029=ADVANCED_FACE('',(#452),#8610,.T.);
#9030=ADVANCED_FACE('',(#453),#8611,.T.);
#9031=ADVANCED_FACE('',(#454),#8612,.T.);
#9032=ADVANCED_FACE('',(#455),#8613,.T.);
#9033=ADVANCED_FACE('',(#456),#8614,.T.);
#9034=ADVANCED_FACE('',(#457),#8615,.T.);
#9035=ADVANCED_FACE('',(#458),#217,.F.);
#9036=ADVANCED_FACE('',(#459),#218,.F.);
#9037=ADVANCED_FACE('',(#460),#219,.F.);
#9038=ADVANCED_FACE('',(#461),#220,.T.);
#9039=ADVANCED_FACE('',(#462),#8616,.F.);
#9040=ADVANCED_FACE('',(#463),#8617,.F.);
#9041=ADVANCED_FACE('',(#464),#221,.T.);
#9042=ADVANCED_FACE('',(#465),#8618,.F.);
#9043=ADVANCED_FACE('',(#466),#222,.F.);
#9044=ADVANCED_FACE('',(#467,#78),#8619,.T.);
#9045=ADVANCED_FACE('',(#468),#223,.F.);
#9046=ADVANCED_FACE('',(#469,#79),#8620,.T.);
#9047=ADVANCED_FACE('',(#470),#224,.T.);
#9048=ADVANCED_FACE('',(#471),#33,.T.);
#9049=ADVANCED_FACE('',(#472),#31,.T.);
#9050=ADVANCED_FACE('',(#473),#32,.T.);
#9051=ADVANCED_FACE('',(#474),#34,.T.);
#9052=ADVANCED_FACE('',(#475),#225,.T.);
#9053=ADVANCED_FACE('',(#476),#35,.T.);
#9054=ADVANCED_FACE('',(#477),#226,.T.);
#9055=ADVANCED_FACE('',(#478),#36,.T.);
#9056=ADVANCED_FACE('',(#479),#227,.T.);
#9057=ADVANCED_FACE('',(#480),#37,.T.);
#9058=ADVANCED_FACE('',(#481),#228,.T.);
#9059=ADVANCED_FACE('',(#482),#229,.T.);
#9060=ADVANCED_FACE('',(#483),#230,.F.);
#9061=ADVANCED_FACE('',(#484),#8621,.F.);
#9062=ADVANCED_FACE('',(#485),#8622,.F.);
#9063=ADVANCED_FACE('',(#486),#231,.T.);
#9064=ADVANCED_FACE('',(#487),#232,.F.);
#9065=ADVANCED_FACE('',(#488),#8623,.T.);
#9066=ADVANCED_FACE('',(#489),#233,.F.);
#9067=ADVANCED_FACE('',(#490),#234,.T.);
#9068=ADVANCED_FACE('',(#491),#235,.T.);
#9069=ADVANCED_FACE('',(#492),#8624,.F.);
#9070=ADVANCED_FACE('',(#493),#8625,.F.);
#9071=ADVANCED_FACE('',(#494),#236,.T.);
#9072=ADVANCED_FACE('',(#495),#8626,.T.);
#9073=ADVANCED_FACE('',(#496),#237,.F.);
#9074=ADVANCED_FACE('',(#497),#8627,.F.);
#9075=ADVANCED_FACE('',(#498),#8628,.F.);
#9076=ADVANCED_FACE('',(#499),#238,.F.);
#9077=ADVANCED_FACE('',(#500),#8629,.F.);
#9078=ADVANCED_FACE('',(#501),#8630,.F.);
#9079=ADVANCED_FACE('',(#502),#239,.F.);
#9080=ADVANCED_FACE('',(#503),#8631,.F.);
#9081=ADVANCED_FACE('',(#504),#240,.F.);
#9082=ADVANCED_FACE('',(#505),#8632,.F.);
#9083=ADVANCED_FACE('',(#506),#241,.F.);
#9084=ADVANCED_FACE('',(#507),#8633,.T.);
#9085=ADVANCED_FACE('',(#508),#8634,.F.);
#9086=ADVANCED_FACE('',(#509),#242,.F.);
#9087=ADVANCED_FACE('',(#510),#243,.F.);
#9088=ADVANCED_FACE('',(#511),#8635,.F.);
#9089=ADVANCED_FACE('',(#512),#244,.T.);
#9090=ADVANCED_FACE('',(#513),#245,.T.);
#9091=ADVANCED_FACE('',(#514),#38,.T.);
#9092=ADVANCED_FACE('',(#515),#246,.T.);
#9093=ADVANCED_FACE('',(#516),#39,.T.);
#9094=ADVANCED_FACE('',(#517),#247,.T.);
#9095=ADVANCED_FACE('',(#518),#8636,.T.);
#9096=ADVANCED_FACE('',(#519),#8637,.T.);
#9097=ADVANCED_FACE('',(#520),#248,.F.);
#9098=ADVANCED_FACE('',(#521),#249,.F.);
#9099=ADVANCED_FACE('',(#522),#8638,.T.);
#9100=ADVANCED_FACE('',(#523),#250,.F.);
#9101=ADVANCED_FACE('',(#524),#8639,.T.);
#9102=ADVANCED_FACE('',(#525),#251,.F.);
#9103=ADVANCED_FACE('',(#526),#252,.F.);
#9104=ADVANCED_FACE('',(#527),#8640,.T.);
#9105=ADVANCED_FACE('',(#528),#8641,.T.);
#9106=ADVANCED_FACE('',(#529),#253,.F.);
#9107=ADVANCED_FACE('',(#530),#8642,.F.);
#9108=ADVANCED_FACE('',(#531),#254,.F.);
#9109=ADVANCED_FACE('',(#532),#255,.F.);
#9110=ADVANCED_FACE('',(#533),#8643,.T.);
#9111=ADVANCED_FACE('',(#534),#256,.F.);
#9112=ADVANCED_FACE('',(#535),#257,.F.);
#9113=ADVANCED_FACE('',(#536),#8644,.T.);
#9114=ADVANCED_FACE('',(#537),#258,.F.);
#9115=ADVANCED_FACE('',(#538),#8645,.T.);
#9116=ADVANCED_FACE('',(#539),#259,.F.);
#9117=ADVANCED_FACE('',(#540),#8646,.T.);
#9118=ADVANCED_FACE('',(#541),#260,.F.);
#9119=ADVANCED_FACE('',(#542),#261,.F.);
#9120=ADVANCED_FACE('',(#543),#262,.F.);
#9121=ADVANCED_FACE('',(#544),#8647,.F.);
#9122=ADVANCED_FACE('',(#545),#263,.F.);
#9123=ADVANCED_FACE('',(#546),#8648,.T.);
#9124=ADVANCED_FACE('',(#547),#264,.F.);
#9125=ADVANCED_FACE('',(#548),#8649,.T.);
#9126=ADVANCED_FACE('',(#549),#8650,.T.);
#9127=ADVANCED_FACE('',(#550),#8651,.T.);
#9128=ADVANCED_FACE('',(#551),#8652,.T.);
#9129=ADVANCED_FACE('',(#552),#8653,.T.);
#9130=ADVANCED_FACE('',(#553),#8654,.T.);
#9131=ADVANCED_FACE('',(#554),#8655,.T.);
#9132=ADVANCED_FACE('',(#555),#8656,.T.);
#9133=ADVANCED_FACE('',(#556),#8657,.T.);
#9134=ADVANCED_FACE('',(#557),#8658,.T.);
#9135=ADVANCED_FACE('',(#558),#8659,.T.);
#9136=ADVANCED_FACE('',(#559),#8660,.T.);
#9137=ADVANCED_FACE('',(#560),#8661,.T.);
#9138=ADVANCED_FACE('',(#561),#8662,.T.);
#9139=ADVANCED_FACE('',(#562),#8663,.T.);
#9140=ADVANCED_FACE('',(#563),#8664,.T.);
#9141=ADVANCED_FACE('',(#564),#8665,.T.);
#9142=ADVANCED_FACE('',(#565),#8666,.T.);
#9143=ADVANCED_FACE('',(#566),#8667,.T.);
#9144=ADVANCED_FACE('',(#567),#8668,.T.);
#9145=ADVANCED_FACE('',(#568),#8669,.T.);
#9146=ADVANCED_FACE('',(#569),#8670,.T.);
#9147=ADVANCED_FACE('',(#570),#8671,.T.);
#9148=ADVANCED_FACE('',(#571),#8672,.T.);
#9149=ADVANCED_FACE('',(#572),#8673,.T.);
#9150=ADVANCED_FACE('',(#573),#8674,.T.);
#9151=ADVANCED_FACE('',(#574),#8675,.T.);
#9152=ADVANCED_FACE('',(#575),#8676,.T.);
#9153=ADVANCED_FACE('',(#576),#8677,.T.);
#9154=ADVANCED_FACE('',(#577),#8678,.T.);
#9155=ADVANCED_FACE('',(#578),#8679,.T.);
#9156=ADVANCED_FACE('',(#579),#8680,.T.);
#9157=ADVANCED_FACE('',(#580),#8681,.T.);
#9158=ADVANCED_FACE('',(#581),#8682,.T.);
#9159=ADVANCED_FACE('',(#582),#8683,.T.);
#9160=ADVANCED_FACE('',(#583),#8684,.T.);
#9161=ADVANCED_FACE('',(#584),#8685,.T.);
#9162=ADVANCED_FACE('',(#585),#8686,.T.);
#9163=ADVANCED_FACE('',(#586),#8687,.T.);
#9164=ADVANCED_FACE('',(#587),#8688,.T.);
#9165=ADVANCED_FACE('',(#588),#8689,.T.);
#9166=ADVANCED_FACE('',(#589),#8690,.T.);
#9167=ADVANCED_FACE('',(#590),#8691,.T.);
#9168=ADVANCED_FACE('',(#591),#8692,.T.);
#9169=ADVANCED_FACE('',(#592),#8693,.T.);
#9170=ADVANCED_FACE('',(#593),#8694,.T.);
#9171=ADVANCED_FACE('',(#594),#8695,.T.);
#9172=ADVANCED_FACE('',(#595),#8696,.T.);
#9173=ADVANCED_FACE('',(#596),#8697,.T.);
#9174=ADVANCED_FACE('',(#597),#8698,.T.);
#9175=ADVANCED_FACE('',(#598),#265,.T.);
#9176=ADVANCED_FACE('',(#599),#8699,.T.);
#9177=ADVANCED_FACE('',(#600),#8700,.T.);
#9178=ADVANCED_FACE('',(#601),#8701,.T.);
#9179=ADVANCED_FACE('',(#602),#8702,.T.);
#9180=ADVANCED_FACE('',(#603),#8703,.T.);
#9181=ADVANCED_FACE('',(#604),#8704,.T.);
#9182=ADVANCED_FACE('',(#605),#8705,.T.);
#9183=ADVANCED_FACE('',(#606),#8706,.T.);
#9184=ADVANCED_FACE('',(#607),#8707,.T.);
#9185=ADVANCED_FACE('',(#608),#8708,.T.);
#9186=ADVANCED_FACE('',(#609),#8709,.T.);
#9187=ADVANCED_FACE('',(#610),#8710,.T.);
#9188=ADVANCED_FACE('',(#611),#8711,.T.);
#9189=ADVANCED_FACE('',(#612),#266,.T.);
#9190=ADVANCED_FACE('',(#613),#8712,.T.);
#9191=ADVANCED_FACE('',(#614),#8713,.T.);
#9192=ADVANCED_FACE('',(#615),#8714,.T.);
#9193=ADVANCED_FACE('',(#616),#8715,.T.);
#9194=ADVANCED_FACE('',(#617),#8716,.T.);
#9195=ADVANCED_FACE('',(#618),#8717,.T.);
#9196=ADVANCED_FACE('',(#619),#8718,.T.);
#9197=ADVANCED_FACE('',(#620),#8719,.T.);
#9198=ADVANCED_FACE('',(#621),#8720,.T.);
#9199=ADVANCED_FACE('',(#622),#8721,.T.);
#9200=ADVANCED_FACE('',(#623),#8722,.T.);
#9201=ADVANCED_FACE('',(#624),#8723,.T.);
#9202=ADVANCED_FACE('',(#625),#8724,.T.);
#9203=ADVANCED_FACE('',(#626),#8725,.T.);
#9204=ADVANCED_FACE('',(#627),#8726,.T.);
#9205=ADVANCED_FACE('',(#628),#8727,.T.);
#9206=ADVANCED_FACE('',(#629),#8728,.T.);
#9207=ADVANCED_FACE('',(#630),#8729,.T.);
#9208=ADVANCED_FACE('',(#631),#8730,.T.);
#9209=ADVANCED_FACE('',(#632),#8731,.T.);
#9210=ADVANCED_FACE('',(#633),#8732,.T.);
#9211=ADVANCED_FACE('',(#634),#8733,.T.);
#9212=ADVANCED_FACE('',(#635),#8734,.T.);
#9213=ADVANCED_FACE('',(#636),#8735,.T.);
#9214=ADVANCED_FACE('',(#637),#8736,.T.);
#9215=ADVANCED_FACE('',(#638),#8737,.T.);
#9216=ADVANCED_FACE('',(#639),#8738,.T.);
#9217=ADVANCED_FACE('',(#640),#8739,.T.);
#9218=ADVANCED_FACE('',(#641),#8740,.T.);
#9219=ADVANCED_FACE('',(#642),#8741,.T.);
#9220=ADVANCED_FACE('',(#643),#8742,.T.);
#9221=ADVANCED_FACE('',(#644),#8743,.T.);
#9222=ADVANCED_FACE('',(#645),#8744,.T.);
#9223=ADVANCED_FACE('',(#646,#80,#81,#82,#83,#84,#85,#86),#8745,.T.);
#9224=ADVANCED_FACE('',(#647,#87,#88,#89,#90,#91,#92,#93),#8746,.F.);
#9225=ADVANCED_FACE('',(#648),#8747,.T.);
#9226=ADVANCED_FACE('',(#649),#8748,.T.);
#9227=ADVANCED_FACE('',(#650),#8749,.T.);
#9228=ADVANCED_FACE('',(#651),#8750,.T.);
#9229=ADVANCED_FACE('',(#652),#8751,.T.);
#9230=ADVANCED_FACE('',(#653),#8752,.T.);
#9231=ADVANCED_FACE('',(#654),#8753,.T.);
#9232=ADVANCED_FACE('',(#655),#8754,.T.);
#9233=ADVANCED_FACE('',(#656),#267,.T.);
#9234=ADVANCED_FACE('',(#657),#8755,.T.);
#9235=ADVANCED_FACE('',(#658),#8756,.T.);
#9236=ADVANCED_FACE('',(#659),#268,.T.);
#9237=ADVANCED_FACE('',(#660),#8757,.T.);
#9238=ADVANCED_FACE('',(#661),#8758,.T.);
#9239=ADVANCED_FACE('',(#662),#8759,.T.);
#9240=ADVANCED_FACE('',(#663),#8760,.T.);
#9241=ADVANCED_FACE('',(#664),#8761,.T.);
#9242=ADVANCED_FACE('',(#665),#8762,.T.);
#9243=ADVANCED_FACE('',(#666),#8763,.T.);
#9244=ADVANCED_FACE('',(#667),#8764,.T.);
#9245=ADVANCED_FACE('',(#668),#8765,.T.);
#9246=ADVANCED_FACE('',(#669),#8766,.T.);
#9247=ADVANCED_FACE('',(#670),#8767,.T.);
#9248=ADVANCED_FACE('',(#671),#8768,.T.);
#9249=ADVANCED_FACE('',(#672),#8769,.T.);
#9250=ADVANCED_FACE('',(#673),#8770,.T.);
#9251=ADVANCED_FACE('',(#674),#8771,.T.);
#9252=ADVANCED_FACE('',(#675),#8772,.T.);
#9253=ADVANCED_FACE('',(#676),#8773,.T.);
#9254=ADVANCED_FACE('',(#677),#8774,.T.);
#9255=ADVANCED_FACE('',(#678),#8775,.T.);
#9256=ADVANCED_FACE('',(#679),#269,.T.);
#9257=ADVANCED_FACE('',(#680),#8776,.T.);
#9258=ADVANCED_FACE('',(#681),#8777,.T.);
#9259=ADVANCED_FACE('',(#682),#8778,.T.);
#9260=ADVANCED_FACE('',(#683),#8779,.T.);
#9261=ADVANCED_FACE('',(#684),#8780,.T.);
#9262=ADVANCED_FACE('',(#685),#8781,.T.);
#9263=ADVANCED_FACE('',(#686),#8782,.T.);
#9264=ADVANCED_FACE('',(#687),#8783,.T.);
#9265=ADVANCED_FACE('',(#688),#8784,.T.);
#9266=ADVANCED_FACE('',(#689),#8785,.T.);
#9267=ADVANCED_FACE('',(#690),#8786,.T.);
#9268=ADVANCED_FACE('',(#691),#8787,.T.);
#9269=ADVANCED_FACE('',(#692),#8788,.T.);
#9270=ADVANCED_FACE('',(#693),#8789,.T.);
#9271=ADVANCED_FACE('',(#694),#8790,.T.);
#9272=ADVANCED_FACE('',(#695),#8791,.T.);
#9273=ADVANCED_FACE('',(#696),#8792,.T.);
#9274=ADVANCED_FACE('',(#697),#8793,.T.);
#9275=ADVANCED_FACE('',(#698),#8794,.T.);
#9276=ADVANCED_FACE('',(#699,#94),#8795,.T.);
#9277=ADVANCED_FACE('',(#700,#95),#8796,.F.);
#9278=ADVANCED_FACE('',(#701),#8797,.T.);
#9279=ADVANCED_FACE('',(#702),#8798,.T.);
#9280=ADVANCED_FACE('',(#703),#8799,.T.);
#9281=ADVANCED_FACE('',(#704),#8800,.T.);
#9282=ADVANCED_FACE('',(#705),#8801,.T.);
#9283=ADVANCED_FACE('',(#706),#8802,.T.);
#9284=ADVANCED_FACE('',(#707),#8803,.T.);
#9285=ADVANCED_FACE('',(#708),#8804,.T.);
#9286=ADVANCED_FACE('',(#709),#8805,.T.);
#9287=ADVANCED_FACE('',(#710),#8806,.T.);
#9288=ADVANCED_FACE('',(#711),#8807,.T.);
#9289=ADVANCED_FACE('',(#712),#8808,.T.);
#9290=ADVANCED_FACE('',(#713),#8809,.T.);
#9291=ADVANCED_FACE('',(#714),#8810,.T.);
#9292=ADVANCED_FACE('',(#715),#8811,.T.);
#9293=ADVANCED_FACE('',(#716),#270,.T.);
#9294=ADVANCED_FACE('',(#717),#8812,.T.);
#9295=ADVANCED_FACE('',(#718),#8813,.T.);
#9296=ADVANCED_FACE('',(#719),#8814,.T.);
#9297=ADVANCED_FACE('',(#720),#8815,.T.);
#9298=ADVANCED_FACE('',(#721),#271,.T.);
#9299=ADVANCED_FACE('',(#722),#8816,.T.);
#9300=ADVANCED_FACE('',(#723),#8817,.T.);
#9301=ADVANCED_FACE('',(#724),#8818,.T.);
#9302=ADVANCED_FACE('',(#725),#8819,.T.);
#9303=ADVANCED_FACE('',(#726),#8820,.T.);
#9304=ADVANCED_FACE('',(#727),#8821,.T.);
#9305=ADVANCED_FACE('',(#728),#8822,.T.);
#9306=ADVANCED_FACE('',(#729),#8823,.T.);
#9307=ADVANCED_FACE('',(#730),#8824,.T.);
#9308=ADVANCED_FACE('',(#731),#8825,.T.);
#9309=ADVANCED_FACE('',(#732),#8826,.T.);
#9310=ADVANCED_FACE('',(#733),#8827,.T.);
#9311=ADVANCED_FACE('',(#734),#8828,.T.);
#9312=ADVANCED_FACE('',(#735),#8829,.T.);
#9313=ADVANCED_FACE('',(#736),#8830,.T.);
#9314=ADVANCED_FACE('',(#737),#272,.T.);
#9315=ADVANCED_FACE('',(#738),#8831,.T.);
#9316=ADVANCED_FACE('',(#739),#8832,.T.);
#9317=ADVANCED_FACE('',(#740),#273,.T.);
#9318=ADVANCED_FACE('',(#741),#8833,.T.);
#9319=ADVANCED_FACE('',(#742),#8834,.T.);
#9320=ADVANCED_FACE('',(#743),#8835,.T.);
#9321=ADVANCED_FACE('',(#744),#8836,.T.);
#9322=ADVANCED_FACE('',(#745),#8837,.T.);
#9323=ADVANCED_FACE('',(#746),#8838,.T.);
#9324=ADVANCED_FACE('',(#747),#8839,.T.);
#9325=ADVANCED_FACE('',(#748),#8840,.T.);
#9326=ADVANCED_FACE('',(#749),#8841,.T.);
#9327=ADVANCED_FACE('',(#750),#8842,.T.);
#9328=ADVANCED_FACE('',(#751),#8843,.T.);
#9329=ADVANCED_FACE('',(#752),#8844,.T.);
#9330=ADVANCED_FACE('',(#753),#8845,.T.);
#9331=ADVANCED_FACE('',(#754),#8846,.T.);
#9332=ADVANCED_FACE('',(#755),#8847,.T.);
#9333=ADVANCED_FACE('',(#756),#8848,.T.);
#9334=ADVANCED_FACE('',(#757,#96,#97),#8849,.T.);
#9335=ADVANCED_FACE('',(#758,#98,#99),#8850,.F.);
#9336=CLOSED_SHELL('',(#8851,#8852,#8853,#8854,#8855,#8856,#8857,#8858,
#8859,#8860,#8861,#8862,#8863,#8864,#8865,#8866,#8867,#8868,#8869,#8870,
#8871,#8872,#8873,#8874,#8875,#8876,#8877,#8878,#8879,#8880,#8881,#8882,
#8883,#8884,#8885,#8886,#8887,#8888,#8889,#8890,#8891,#8892,#8893,#8894,
#8895,#8896,#8897,#8898,#8899,#8900,#8901,#8902,#8903,#8904,#8905,#8906,
#8907,#8908,#8909,#8910,#8911,#8912,#8913,#8914,#8915,#8916,#8917,#8918,
#8919,#8920,#8921,#8922,#8923,#8924,#8925,#8926,#8927,#8928,#8929,#8930,
#8931,#8932,#8933,#8934,#8935,#8936,#8937,#8938,#8939,#8940,#8941,#8942,
#8943,#8944,#8945,#8946,#8947,#8948,#8949,#8950,#8951,#8952,#8953,#8954,
#8955,#8956,#8957,#8958,#8959,#8960,#8961,#8962,#8963,#8964,#8965,#8966,
#8967,#8968,#8969,#8970,#8971,#8972,#8973,#8974,#8975,#8976,#8977,#8978,
#8979,#8980,#8981,#8982,#8983,#8984,#8985,#8986,#8987,#8988,#8989,#8990,
#8991,#8992,#8993,#8994,#8995,#8996,#8997,#8998,#8999,#9000,#9001,#9002,
#9003,#9004,#9005,#9006,#9007,#9008,#9009,#9010,#9011,#9012,#9013,#9014,
#9015,#9016,#9017,#9018,#9019,#9020,#9021,#9022,#9023,#9024,#9025,#9026,
#9027,#9028,#9029,#9030,#9031,#9032,#9033,#9034,#9035,#9036,#9037,#9038,
#9039,#9040,#9041,#9042,#9043,#9044,#9045,#9046,#9047,#9048,#9049,#9050,
#9051,#9052,#9053,#9054,#9055,#9056,#9057,#9058,#9059,#9060,#9061,#9062,
#9063,#9064,#9065,#9066,#9067,#9068,#9069,#9070,#9071,#9072,#9073,#9074,
#9075,#9076,#9077,#9078,#9079,#9080,#9081,#9082,#9083,#9084,#9085,#9086,
#9087,#9088,#9089,#9090,#9091,#9092,#9093,#9094,#9095,#9096,#9097,#9098,
#9099,#9100,#9101,#9102,#9103,#9104,#9105,#9106,#9107,#9108,#9109,#9110,
#9111,#9112,#9113,#9114,#9115,#9116,#9117,#9118,#9119,#9120,#9121,#9122,
#9123,#9124));
#9337=CLOSED_SHELL('',(#9125,#9126,#9127,#9128,#9129,#9130,#9131,#9132,
#9133,#9134,#9135,#9136,#9137,#9138,#9139,#9140,#9141,#9142,#9143,#9144,
#9145,#9146,#9147,#9148,#9149,#9150,#9151,#9152,#9153,#9154,#9155,#9156,
#9157,#9158,#9159,#9160,#9161,#9162,#9163,#9164,#9165,#9166,#9167,#9168,
#9169,#9170,#9171,#9172,#9173,#9174,#9175,#9176,#9177,#9178,#9179,#9180,
#9181,#9182,#9183,#9184,#9185,#9186,#9187,#9188,#9189,#9190,#9191,#9192,
#9193,#9194,#9195,#9196,#9197,#9198,#9199,#9200,#9201,#9202,#9203,#9204,
#9205,#9206,#9207,#9208,#9209,#9210,#9211,#9212,#9213,#9214,#9215,#9216,
#9217,#9218,#9219,#9220,#9221,#9222,#9223,#9224));
#9338=CLOSED_SHELL('',(#9225,#9226,#9227,#9228,#9229,#9230,#9231,#9232,
#9233,#9234,#9235,#9236,#9237,#9238,#9239,#9240,#9241,#9242,#9243,#9244,
#9245,#9246,#9247,#9248,#9249,#9250,#9251,#9252,#9253,#9254,#9255,#9256,
#9257,#9258,#9259,#9260,#9261,#9262,#9263,#9264,#9265,#9266,#9267,#9268,
#9269,#9270,#9271,#9272,#9273,#9274,#9275,#9276,#9277));
#9339=CLOSED_SHELL('',(#9278,#9279,#9280,#9281,#9282,#9283,#9284,#9285,
#9286,#9287,#9288,#9289,#9290,#9291,#9292,#9293,#9294,#9295,#9296,#9297,
#9298,#9299,#9300,#9301,#9302,#9303,#9304,#9305,#9306,#9307,#9308,#9309,
#9310,#9311,#9312,#9313,#9314,#9315,#9316,#9317,#9318,#9319,#9320,#9321,
#9322,#9323,#9324,#9325,#9326,#9327,#9328,#9329,#9330,#9331,#9332,#9333,
#9334,#9335));
#9340=DERIVED_UNIT_ELEMENT(#9344,1.);
#9341=DERIVED_UNIT_ELEMENT(#15774,-3.);
#9342=DERIVED_UNIT_ELEMENT(#9344,1.);
#9343=DERIVED_UNIT_ELEMENT(#15774,-3.);
#9344=(
MASS_UNIT()
NAMED_UNIT(*)
SI_UNIT(.KILO.,.GRAM.)
);
#9345=DERIVED_UNIT((#9340,#9341));
#9346=DERIVED_UNIT((#9342,#9343));
#9347=MEASURE_REPRESENTATION_ITEM('density measure',
POSITIVE_RATIO_MEASURE(1060.),#9345);
#9348=MEASURE_REPRESENTATION_ITEM('density measure',
POSITIVE_RATIO_MEASURE(1060.),#9346);
#9349=PROPERTY_DEFINITION_REPRESENTATION(#9359,#9353);
#9350=PROPERTY_DEFINITION_REPRESENTATION(#9360,#9354);
#9351=PROPERTY_DEFINITION_REPRESENTATION(#9361,#9355);
#9352=PROPERTY_DEFINITION_REPRESENTATION(#9362,#9356);
#9353=REPRESENTATION('material name',(#9357),#15770);
#9354=REPRESENTATION('density',(#9347),#15770);
#9355=REPRESENTATION('material name',(#9358),#15771);
#9356=REPRESENTATION('density',(#9348),#15771);
#9357=DESCRIPTIVE_REPRESENTATION_ITEM('ABS Plastic','ABS Plastic');
#9358=DESCRIPTIVE_REPRESENTATION_ITEM('ABS Plastic','ABS Plastic');
#9359=PROPERTY_DEFINITION('material property','material name',#15790);
#9360=PROPERTY_DEFINITION('material property','density of part',#15790);
#9361=PROPERTY_DEFINITION('material property','material name',#15791);
#9362=PROPERTY_DEFINITION('material property','density of part',#15791);
#9363=AXIS2_PLACEMENT_3D('',#12600,#10087,#10088);
#9364=AXIS2_PLACEMENT_3D('',#12601,#10089,#10090);
#9365=AXIS2_PLACEMENT_3D('',#12602,#10091,#10092);
#9366=AXIS2_PLACEMENT_3D('',#12605,#10093,#10094);
#9367=AXIS2_PLACEMENT_3D('',#12609,#10096,#10097);
#9368=AXIS2_PLACEMENT_3D('',#12613,#10099,#10100);
#9369=AXIS2_PLACEMENT_3D('',#12615,#10102,#10103);
#9370=AXIS2_PLACEMENT_3D('',#12618,#10104,#10105);
#9371=AXIS2_PLACEMENT_3D('',#12622,#10107,#10108);
#9372=AXIS2_PLACEMENT_3D('',#12626,#10110,#10111);
#9373=AXIS2_PLACEMENT_3D('',#12628,#10113,#10114);
#9374=AXIS2_PLACEMENT_3D('',#12633,#10116,#10117);
#9375=AXIS2_PLACEMENT_3D('',#12637,#10119,#10120);
#9376=AXIS2_PLACEMENT_3D('',#12640,#10122,#10123);
#9377=AXIS2_PLACEMENT_3D('',#12641,#10124,#10125);
#9378=AXIS2_PLACEMENT_3D('',#12658,#10128,#10129);
#9379=AXIS2_PLACEMENT_3D('',#12661,#10131,#10132);
#9380=AXIS2_PLACEMENT_3D('',#12662,#10133,#10134);
#9381=AXIS2_PLACEMENT_3D('',#12677,#10137,#10138);
#9382=AXIS2_PLACEMENT_3D('',#12680,#10140,#10141);
#9383=AXIS2_PLACEMENT_3D('',#12681,#10142,#10143);
#9384=AXIS2_PLACEMENT_3D('',#12696,#10145,#10146);
#9385=AXIS2_PLACEMENT_3D('',#12711,#10149,#10150);
#9386=AXIS2_PLACEMENT_3D('',#12714,#10152,#10153);
#9387=AXIS2_PLACEMENT_3D('',#12715,#10154,#10155);
#9388=AXIS2_PLACEMENT_3D('',#12730,#10157,#10158);
#9389=AXIS2_PLACEMENT_3D('',#12748,#10169,#10170);
#9390=AXIS2_PLACEMENT_3D('',#12751,#10171,#10172);
#9391=AXIS2_PLACEMENT_3D('',#12770,#10175,#10176);
#9392=AXIS2_PLACEMENT_3D('',#12772,#10177,#10178);
#9393=AXIS2_PLACEMENT_3D('',#12778,#10182,#10183);
#9394=AXIS2_PLACEMENT_3D('',#12781,#10184,#10185);
#9395=AXIS2_PLACEMENT_3D('',#12800,#10188,#10189);
#9396=AXIS2_PLACEMENT_3D('',#12804,#10191,#10192);
#9397=AXIS2_PLACEMENT_3D('',#12808,#10194,#10195);
#9398=AXIS2_PLACEMENT_3D('',#12812,#10197,#10198);
#9399=AXIS2_PLACEMENT_3D('',#12814,#10200,#10201);
#9400=AXIS2_PLACEMENT_3D('',#12816,#10202,#10203);
#9401=AXIS2_PLACEMENT_3D('',#12818,#10205,#10206);
#9402=AXIS2_PLACEMENT_3D('',#12823,#10209,#10210);
#9403=AXIS2_PLACEMENT_3D('',#12824,#10211,#10212);
#9404=AXIS2_PLACEMENT_3D('',#12835,#10213,#10214);
#9405=AXIS2_PLACEMENT_3D('',#12837,#10216,#10217);
#9406=AXIS2_PLACEMENT_3D('',#12839,#10218,#10219);
#9407=AXIS2_PLACEMENT_3D('',#12845,#10223,#10224);
#9408=AXIS2_PLACEMENT_3D('',#12847,#10225,#10226);
#9409=AXIS2_PLACEMENT_3D('',#12849,#10227,#10228);
#9410=AXIS2_PLACEMENT_3D('',#12851,#10230,#10231);
#9411=AXIS2_PLACEMENT_3D('',#12857,#10235,#10236);
#9412=AXIS2_PLACEMENT_3D('',#12858,#10237,#10238);
#9413=AXIS2_PLACEMENT_3D('',#12859,#10239,#10240);
#9414=AXIS2_PLACEMENT_3D('',#12860,#10241,#10242);
#9415=AXIS2_PLACEMENT_3D('',#12861,#10243,#10244);
#9416=AXIS2_PLACEMENT_3D('',#12868,#10248,#10249);
#9417=AXIS2_PLACEMENT_3D('',#12869,#10250,#10251);
#9418=AXIS2_PLACEMENT_3D('',#12878,#10252,#10253);
#9419=AXIS2_PLACEMENT_3D('',#12883,#10256,#10257);
#9420=AXIS2_PLACEMENT_3D('',#12884,#10258,#10259);
#9421=AXIS2_PLACEMENT_3D('',#12886,#10260,#10261);
#9422=AXIS2_PLACEMENT_3D('',#12888,#10263,#10264);
#9423=AXIS2_PLACEMENT_3D('',#12892,#10267,#10268);
#9424=AXIS2_PLACEMENT_3D('',#12893,#10269,#10270);
#9425=AXIS2_PLACEMENT_3D('',#12894,#10271,#10272);
#9426=AXIS2_PLACEMENT_3D('',#12898,#10274,#10275);
#9427=AXIS2_PLACEMENT_3D('',#12909,#10276,#10277);
#9428=AXIS2_PLACEMENT_3D('',#12926,#10278,#10279);
#9429=AXIS2_PLACEMENT_3D('',#12937,#10280,#10281);
#9430=AXIS2_PLACEMENT_3D('',#12940,#10283,#10284);
#9431=AXIS2_PLACEMENT_3D('',#12954,#10285,#10286);
#9432=AXIS2_PLACEMENT_3D('',#12980,#10287,#10288);
#9433=AXIS2_PLACEMENT_3D('',#12994,#10289,#10290);
#9434=AXIS2_PLACEMENT_3D('',#12996,#10291,#10292);
#9435=AXIS2_PLACEMENT_3D('',#12999,#10295,#10296);
#9436=AXIS2_PLACEMENT_3D('',#13003,#10298,#10299);
#9437=AXIS2_PLACEMENT_3D('',#13007,#10301,#10302);
#9438=AXIS2_PLACEMENT_3D('',#13011,#10304,#10305);
#9439=AXIS2_PLACEMENT_3D('',#13019,#10309,#10310);
#9440=AXIS2_PLACEMENT_3D('',#13023,#10312,#10313);
#9441=AXIS2_PLACEMENT_3D('',#13027,#10315,#10316);
#9442=AXIS2_PLACEMENT_3D('',#13031,#10318,#10319);
#9443=AXIS2_PLACEMENT_3D('',#13035,#10321,#10322);
#9444=AXIS2_PLACEMENT_3D('',#13043,#10326,#10327);
#9445=AXIS2_PLACEMENT_3D('',#13047,#10329,#10330);
#9446=AXIS2_PLACEMENT_3D('',#13051,#10332,#10333);
#9447=AXIS2_PLACEMENT_3D('',#13055,#10335,#10336);
#9448=AXIS2_PLACEMENT_3D('',#13059,#10338,#10339);
#9449=AXIS2_PLACEMENT_3D('',#13067,#10343,#10344);
#9450=AXIS2_PLACEMENT_3D('',#13071,#10346,#10347);
#9451=AXIS2_PLACEMENT_3D('',#13075,#10349,#10350);
#9452=AXIS2_PLACEMENT_3D('',#13084,#10355,#10356);
#9453=AXIS2_PLACEMENT_3D('',#13088,#10358,#10359);
#9454=AXIS2_PLACEMENT_3D('',#13092,#10361,#10362);
#9455=AXIS2_PLACEMENT_3D('',#13098,#10365,#10366);
#9456=AXIS2_PLACEMENT_3D('',#13102,#10368,#10369);
#9457=AXIS2_PLACEMENT_3D('',#13106,#10371,#10372);
#9458=AXIS2_PLACEMENT_3D('',#13109,#10374,#10375);
#9459=AXIS2_PLACEMENT_3D('',#13110,#10376,#10377);
#9460=AXIS2_PLACEMENT_3D('',#13119,#10382,#10383);
#9461=AXIS2_PLACEMENT_3D('',#13121,#10384,#10385);
#9462=AXIS2_PLACEMENT_3D('',#13124,#10387,#10388);
#9463=AXIS2_PLACEMENT_3D('',#13125,#10389,#10390);
#9464=AXIS2_PLACEMENT_3D('',#13131,#10394,#10395);
#9465=AXIS2_PLACEMENT_3D('',#13135,#10397,#10398);
#9466=AXIS2_PLACEMENT_3D('',#13136,#10399,#10400);
#9467=AXIS2_PLACEMENT_3D('',#13137,#10401,#10402);
#9468=AXIS2_PLACEMENT_3D('',#13143,#10406,#10407);
#9469=AXIS2_PLACEMENT_3D('',#13147,#10409,#10410);
#9470=AXIS2_PLACEMENT_3D('',#13148,#10411,#10412);
#9471=AXIS2_PLACEMENT_3D('',#13149,#10413,#10414);
#9472=AXIS2_PLACEMENT_3D('',#13155,#10418,#10419);
#9473=AXIS2_PLACEMENT_3D('',#13156,#10420,#10421);
#9474=AXIS2_PLACEMENT_3D('',#13157,#10422,#10423);
#9475=AXIS2_PLACEMENT_3D('',#13158,#10424,#10425);
#9476=AXIS2_PLACEMENT_3D('',#13161,#10428,#10429);
#9477=AXIS2_PLACEMENT_3D('',#13163,#10430,#10431);
#9478=AXIS2_PLACEMENT_3D('',#13165,#10433,#10434);
#9479=AXIS2_PLACEMENT_3D('',#13182,#10436,#10437);
#9480=AXIS2_PLACEMENT_3D('',#13183,#10438,#10439);
#9481=AXIS2_PLACEMENT_3D('',#13185,#10441,#10442);
#9482=AXIS2_PLACEMENT_3D('',#13190,#10444,#10445);
#9483=AXIS2_PLACEMENT_3D('',#13194,#10447,#10448);
#9484=AXIS2_PLACEMENT_3D('',#13198,#10450,#10451);
#9485=AXIS2_PLACEMENT_3D('',#13202,#10453,#10454);
#9486=AXIS2_PLACEMENT_3D('',#13206,#10456,#10457);
#9487=AXIS2_PLACEMENT_3D('',#13210,#10459,#10460);
#9488=AXIS2_PLACEMENT_3D('',#13214,#10462,#10463);
#9489=AXIS2_PLACEMENT_3D('',#13217,#10465,#10466);
#9490=AXIS2_PLACEMENT_3D('',#13222,#10468,#10469);
#9491=AXIS2_PLACEMENT_3D('',#13226,#10471,#10472);
#9492=AXIS2_PLACEMENT_3D('',#13230,#10474,#10475);
#9493=AXIS2_PLACEMENT_3D('',#13234,#10477,#10478);
#9494=AXIS2_PLACEMENT_3D('',#13237,#10480,#10481);
#9495=AXIS2_PLACEMENT_3D('',#13246,#10485,#10486);
#9496=AXIS2_PLACEMENT_3D('',#13250,#10488,#10489);
#9497=AXIS2_PLACEMENT_3D('',#13270,#10499,#10500);
#9498=AXIS2_PLACEMENT_3D('',#13274,#10502,#10503);
#9499=AXIS2_PLACEMENT_3D('',#13288,#10510,#10511);
#9500=AXIS2_PLACEMENT_3D('',#13292,#10513,#10514);
#9501=AXIS2_PLACEMENT_3D('',#13296,#10516,#10517);
#9502=AXIS2_PLACEMENT_3D('',#13300,#10519,#10520);
#9503=AXIS2_PLACEMENT_3D('',#13304,#10522,#10523);
#9504=AXIS2_PLACEMENT_3D('',#13308,#10525,#10526);
#9505=AXIS2_PLACEMENT_3D('',#13310,#10528,#10529);
#9506=AXIS2_PLACEMENT_3D('',#13316,#10533,#10534);
#9507=AXIS2_PLACEMENT_3D('',#13319,#10536,#10537);
#9508=AXIS2_PLACEMENT_3D('',#13320,#10538,#10539);
#9509=AXIS2_PLACEMENT_3D('',#13324,#10542,#10543);
#9510=AXIS2_PLACEMENT_3D('',#13327,#10545,#10546);
#9511=AXIS2_PLACEMENT_3D('',#13328,#10547,#10548);
#9512=AXIS2_PLACEMENT_3D('',#13332,#10551,#10552);
#9513=AXIS2_PLACEMENT_3D('',#13335,#10554,#10555);
#9514=AXIS2_PLACEMENT_3D('',#13336,#10556,#10557);
#9515=AXIS2_PLACEMENT_3D('',#13340,#10560,#10561);
#9516=AXIS2_PLACEMENT_3D('',#13343,#10563,#10564);
#9517=AXIS2_PLACEMENT_3D('',#13344,#10565,#10566);
#9518=AXIS2_PLACEMENT_3D('',#13348,#10569,#10570);
#9519=AXIS2_PLACEMENT_3D('',#13349,#10571,#10572);
#9520=AXIS2_PLACEMENT_3D('',#13350,#10573,#10574);
#9521=AXIS2_PLACEMENT_3D('',#13354,#10576,#10577);
#9522=AXIS2_PLACEMENT_3D('',#13356,#10579,#10580);
#9523=AXIS2_PLACEMENT_3D('',#13369,#10582,#10583);
#9524=AXIS2_PLACEMENT_3D('',#13371,#10584,#10585);
#9525=AXIS2_PLACEMENT_3D('',#13373,#10587,#10588);
#9526=AXIS2_PLACEMENT_3D('',#13386,#10590,#10591);
#9527=AXIS2_PLACEMENT_3D('',#13423,#10610,#10611);
#9528=AXIS2_PLACEMENT_3D('',#13425,#10612,#10613);
#9529=AXIS2_PLACEMENT_3D('',#13426,#10614,#10615);
#9530=AXIS2_PLACEMENT_3D('',#13430,#10617,#10618);
#9531=AXIS2_PLACEMENT_3D('',#13432,#10620,#10621);
#9532=AXIS2_PLACEMENT_3D('',#13436,#10624,#10625);
#9533=AXIS2_PLACEMENT_3D('',#13439,#10627,#10628);
#9534=AXIS2_PLACEMENT_3D('',#13440,#10629,#10630);
#9535=AXIS2_PLACEMENT_3D('',#13444,#10633,#10634);
#9536=AXIS2_PLACEMENT_3D('',#13447,#10636,#10637);
#9537=AXIS2_PLACEMENT_3D('',#13448,#10638,#10639);
#9538=AXIS2_PLACEMENT_3D('',#13452,#10642,#10643);
#9539=AXIS2_PLACEMENT_3D('',#13455,#10645,#10646);
#9540=AXIS2_PLACEMENT_3D('',#13456,#10647,#10648);
#9541=AXIS2_PLACEMENT_3D('',#13460,#10651,#10652);
#9542=AXIS2_PLACEMENT_3D('',#13463,#10654,#10655);
#9543=AXIS2_PLACEMENT_3D('',#13464,#10656,#10657);
#9544=AXIS2_PLACEMENT_3D('',#13468,#10660,#10661);
#9545=AXIS2_PLACEMENT_3D('',#13471,#10663,#10664);
#9546=AXIS2_PLACEMENT_3D('',#13472,#10665,#10666);
#9547=AXIS2_PLACEMENT_3D('',#13474,#10668,#10669);
#9548=AXIS2_PLACEMENT_3D('',#13477,#10672,#10673);
#9549=AXIS2_PLACEMENT_3D('',#13479,#10675,#10676);
#9550=AXIS2_PLACEMENT_3D('',#13481,#10678,#10679);
#9551=AXIS2_PLACEMENT_3D('',#13483,#10681,#10682);
#9552=AXIS2_PLACEMENT_3D('',#13485,#10684,#10685);
#9553=AXIS2_PLACEMENT_3D('',#13487,#10687,#10688);
#9554=AXIS2_PLACEMENT_3D('',#13493,#10692,#10693);
#9555=AXIS2_PLACEMENT_3D('',#13496,#10695,#10696);
#9556=AXIS2_PLACEMENT_3D('',#13497,#10697,#10698);
#9557=AXIS2_PLACEMENT_3D('',#13501,#10701,#10702);
#9558=AXIS2_PLACEMENT_3D('',#13504,#10704,#10705);
#9559=AXIS2_PLACEMENT_3D('',#13505,#10706,#10707);
#9560=AXIS2_PLACEMENT_3D('',#13509,#10710,#10711);
#9561=AXIS2_PLACEMENT_3D('',#13512,#10713,#10714);
#9562=AXIS2_PLACEMENT_3D('',#13513,#10715,#10716);
#9563=AXIS2_PLACEMENT_3D('',#13517,#10719,#10720);
#9564=AXIS2_PLACEMENT_3D('',#13520,#10722,#10723);
#9565=AXIS2_PLACEMENT_3D('',#13521,#10724,#10725);
#9566=AXIS2_PLACEMENT_3D('',#13525,#10728,#10729);
#9567=AXIS2_PLACEMENT_3D('',#13528,#10731,#10732);
#9568=AXIS2_PLACEMENT_3D('',#13529,#10733,#10734);
#9569=AXIS2_PLACEMENT_3D('',#13533,#10737,#10738);
#9570=AXIS2_PLACEMENT_3D('',#13536,#10740,#10741);
#9571=AXIS2_PLACEMENT_3D('',#13537,#10742,#10743);
#9572=AXIS2_PLACEMENT_3D('',#13541,#10746,#10747);
#9573=AXIS2_PLACEMENT_3D('',#13544,#10749,#10750);
#9574=AXIS2_PLACEMENT_3D('',#13545,#10751,#10752);
#9575=AXIS2_PLACEMENT_3D('',#13549,#10755,#10756);
#9576=AXIS2_PLACEMENT_3D('',#13550,#10757,#10758);
#9577=AXIS2_PLACEMENT_3D('',#13551,#10759,#10760);
#9578=AXIS2_PLACEMENT_3D('',#13555,#10762,#10763);
#9579=AXIS2_PLACEMENT_3D('',#13557,#10765,#10766);
#9580=AXIS2_PLACEMENT_3D('',#13561,#10768,#10769);
#9581=AXIS2_PLACEMENT_3D('',#13571,#10775,#10776);
#9582=AXIS2_PLACEMENT_3D('',#13573,#10777,#10778);
#9583=AXIS2_PLACEMENT_3D('',#13575,#10780,#10781);
#9584=AXIS2_PLACEMENT_3D('',#13580,#10784,#10785);
#9585=AXIS2_PLACEMENT_3D('',#13581,#10786,#10787);
#9586=AXIS2_PLACEMENT_3D('',#13583,#10788,#10789);
#9587=AXIS2_PLACEMENT_3D('',#13585,#10791,#10792);
#9588=AXIS2_PLACEMENT_3D('',#13595,#10797,#10798);
#9589=AXIS2_PLACEMENT_3D('',#13599,#10800,#10801);
#9590=AXIS2_PLACEMENT_3D('',#13605,#10805,#10806);
#9591=AXIS2_PLACEMENT_3D('',#13607,#10807,#10808);
#9592=AXIS2_PLACEMENT_3D('',#13609,#10810,#10811);
#9593=AXIS2_PLACEMENT_3D('',#13614,#10814,#10815);
#9594=AXIS2_PLACEMENT_3D('',#13616,#10816,#10817);
#9595=AXIS2_PLACEMENT_3D('',#13625,#10822,#10823);
#9596=AXIS2_PLACEMENT_3D('',#13631,#10827,#10828);
#9597=AXIS2_PLACEMENT_3D('',#13637,#10832,#10833);
#9598=AXIS2_PLACEMENT_3D('',#13641,#10836,#10837);
#9599=AXIS2_PLACEMENT_3D('',#13647,#10841,#10842);
#9600=AXIS2_PLACEMENT_3D('',#13651,#10845,#10846);
#9601=AXIS2_PLACEMENT_3D('',#13655,#10849,#10850);
#9602=AXIS2_PLACEMENT_3D('',#13659,#10853,#10854);
#9603=AXIS2_PLACEMENT_3D('',#13663,#10857,#10858);
#9604=AXIS2_PLACEMENT_3D('',#13667,#10861,#10862);
#9605=AXIS2_PLACEMENT_3D('',#13671,#10865,#10866);
#9606=AXIS2_PLACEMENT_3D('',#13677,#10870,#10871);
#9607=AXIS2_PLACEMENT_3D('',#13681,#10874,#10875);
#9608=AXIS2_PLACEMENT_3D('',#13685,#10878,#10879);
#9609=AXIS2_PLACEMENT_3D('',#13688,#10881,#10882);
#9610=AXIS2_PLACEMENT_3D('',#13689,#10883,#10884);
#9611=AXIS2_PLACEMENT_3D('',#13693,#10887,#10888);
#9612=AXIS2_PLACEMENT_3D('',#13696,#10890,#10891);
#9613=AXIS2_PLACEMENT_3D('',#13697,#10892,#10893);
#9614=AXIS2_PLACEMENT_3D('',#13699,#10895,#10896);
#9615=AXIS2_PLACEMENT_3D('',#13701,#10898,#10899);
#9616=AXIS2_PLACEMENT_3D('',#13703,#10901,#10902);
#9617=AXIS2_PLACEMENT_3D('',#13706,#10904,#10905);
#9618=AXIS2_PLACEMENT_3D('',#13707,#10906,#10907);
#9619=AXIS2_PLACEMENT_3D('',#13711,#10910,#10911);
#9620=AXIS2_PLACEMENT_3D('',#13714,#10913,#10914);
#9621=AXIS2_PLACEMENT_3D('',#13715,#10915,#10916);
#9622=AXIS2_PLACEMENT_3D('',#13719,#10919,#10920);
#9623=AXIS2_PLACEMENT_3D('',#13721,#10922,#10923);
#9624=AXIS2_PLACEMENT_3D('',#13727,#10927,#10928);
#9625=AXIS2_PLACEMENT_3D('',#13730,#10931,#10932);
#9626=AXIS2_PLACEMENT_3D('',#13732,#10934,#10935);
#9627=AXIS2_PLACEMENT_3D('',#13734,#10937,#10938);
#9628=AXIS2_PLACEMENT_3D('',#13744,#10945,#10946);
#9629=AXIS2_PLACEMENT_3D('',#13750,#10950,#10951);
#9630=AXIS2_PLACEMENT_3D('',#13754,#10954,#10955);
#9631=AXIS2_PLACEMENT_3D('',#13758,#10958,#10959);
#9632=AXIS2_PLACEMENT_3D('',#13766,#10965,#10966);
#9633=AXIS2_PLACEMENT_3D('',#13770,#10969,#10970);
#9634=AXIS2_PLACEMENT_3D('',#13774,#10973,#10974);
#9635=AXIS2_PLACEMENT_3D('',#13777,#10975,#10976);
#9636=AXIS2_PLACEMENT_3D('',#13780,#10979,#10980);
#9637=AXIS2_PLACEMENT_3D('',#13784,#10983,#10984);
#9638=AXIS2_PLACEMENT_3D('',#13786,#10985,#10986);
#9639=AXIS2_PLACEMENT_3D('',#13788,#10988,#10989);
#9640=AXIS2_PLACEMENT_3D('',#13792,#10991,#10992);
#9641=AXIS2_PLACEMENT_3D('',#13796,#10994,#10995);
#9642=AXIS2_PLACEMENT_3D('',#13800,#10997,#10998);
#9643=AXIS2_PLACEMENT_3D('',#13804,#11000,#11001);
#9644=AXIS2_PLACEMENT_3D('',#13806,#11003,#11004);
#9645=AXIS2_PLACEMENT_3D('',#13809,#11005,#11006);
#9646=AXIS2_PLACEMENT_3D('',#13812,#11009,#11010);
#9647=AXIS2_PLACEMENT_3D('',#13817,#11013,#11014);
#9648=AXIS2_PLACEMENT_3D('',#13818,#11015,#11016);
#9649=AXIS2_PLACEMENT_3D('',#13821,#11017,#11018);
#9650=AXIS2_PLACEMENT_3D('',#13824,#11021,#11022);
#9651=AXIS2_PLACEMENT_3D('',#13826,#11024,#11025);
#9652=AXIS2_PLACEMENT_3D('',#13830,#11028,#11029);
#9653=AXIS2_PLACEMENT_3D('',#13832,#11031,#11032);
#9654=AXIS2_PLACEMENT_3D('',#13834,#11033,#11034);
#9655=AXIS2_PLACEMENT_3D('',#13836,#11036,#11037);
#9656=AXIS2_PLACEMENT_3D('',#13838,#11039,#11040);
#9657=AXIS2_PLACEMENT_3D('',#13840,#11042,#11043);
#9658=AXIS2_PLACEMENT_3D('',#13841,#11044,#11045);
#9659=AXIS2_PLACEMENT_3D('',#13843,#11046,#11047);
#9660=AXIS2_PLACEMENT_3D('',#13845,#11048,#11049);
#9661=AXIS2_PLACEMENT_3D('',#13849,#11051,#11052);
#9662=AXIS2_PLACEMENT_3D('',#13853,#11054,#11055);
#9663=AXIS2_PLACEMENT_3D('',#13857,#11057,#11058);
#9664=AXIS2_PLACEMENT_3D('',#13859,#11060,#11061);
#9665=AXIS2_PLACEMENT_3D('',#13863,#11063,#11064);
#9666=AXIS2_PLACEMENT_3D('',#13865,#11066,#11067);
#9667=AXIS2_PLACEMENT_3D('',#13878,#11069,#11070);
#9668=AXIS2_PLACEMENT_3D('',#13880,#11071,#11072);
#9669=AXIS2_PLACEMENT_3D('',#13882,#11074,#11075);
#9670=AXIS2_PLACEMENT_3D('',#13893,#11076,#11077);
#9671=AXIS2_PLACEMENT_3D('',#13895,#11078,#11079);
#9672=AXIS2_PLACEMENT_3D('',#13897,#11080,#11081);
#9673=AXIS2_PLACEMENT_3D('',#13901,#11083,#11084);
#9674=AXIS2_PLACEMENT_3D('',#13905,#11086,#11087);
#9675=AXIS2_PLACEMENT_3D('',#13909,#11089,#11090);
#9676=AXIS2_PLACEMENT_3D('',#13911,#11092,#11093);
#9677=AXIS2_PLACEMENT_3D('',#13915,#11095,#11096);
#9678=AXIS2_PLACEMENT_3D('',#13917,#11098,#11099);
#9679=AXIS2_PLACEMENT_3D('',#13930,#11101,#11102);
#9680=AXIS2_PLACEMENT_3D('',#13932,#11103,#11104);
#9681=AXIS2_PLACEMENT_3D('',#13934,#11106,#11107);
#9682=AXIS2_PLACEMENT_3D('',#13945,#11108,#11109);
#9683=AXIS2_PLACEMENT_3D('',#13947,#11110,#11111);
#9684=AXIS2_PLACEMENT_3D('',#13951,#11113,#11114);
#9685=AXIS2_PLACEMENT_3D('',#13955,#11116,#11117);
#9686=AXIS2_PLACEMENT_3D('',#13958,#11119,#11120);
#9687=AXIS2_PLACEMENT_3D('',#13959,#11121,#11122);
#9688=AXIS2_PLACEMENT_3D('',#13961,#11124,#11125);
#9689=AXIS2_PLACEMENT_3D('',#13963,#11127,#11128);
#9690=AXIS2_PLACEMENT_3D('',#13966,#11131,#11132);
#9691=AXIS2_PLACEMENT_3D('',#13968,#11134,#11135);
#9692=AXIS2_PLACEMENT_3D('',#13970,#11137,#11138);
#9693=AXIS2_PLACEMENT_3D('',#13972,#11140,#11141);
#9694=AXIS2_PLACEMENT_3D('',#13973,#11142,#11143);
#9695=AXIS2_PLACEMENT_3D('',#13975,#11144,#11145);
#9696=AXIS2_PLACEMENT_3D('',#13977,#11146,#11147);
#9697=AXIS2_PLACEMENT_3D('',#13981,#11149,#11150);
#9698=AXIS2_PLACEMENT_3D('',#13985,#11152,#11153);
#9699=AXIS2_PLACEMENT_3D('',#13989,#11155,#11156);
#9700=AXIS2_PLACEMENT_3D('',#13991,#11158,#11159);
#9701=AXIS2_PLACEMENT_3D('',#13995,#11161,#11162);
#9702=AXIS2_PLACEMENT_3D('',#13997,#11164,#11165);
#9703=AXIS2_PLACEMENT_3D('',#14010,#11167,#11168);
#9704=AXIS2_PLACEMENT_3D('',#14012,#11169,#11170);
#9705=AXIS2_PLACEMENT_3D('',#14014,#11172,#11173);
#9706=AXIS2_PLACEMENT_3D('',#14021,#11174,#11175);
#9707=AXIS2_PLACEMENT_3D('',#14023,#11177,#11178);
#9708=AXIS2_PLACEMENT_3D('',#14024,#11179,#11180);
#9709=AXIS2_PLACEMENT_3D('',#14028,#11183,#11184);
#9710=AXIS2_PLACEMENT_3D('',#14030,#11186,#11187);
#9711=AXIS2_PLACEMENT_3D('',#14031,#11188,#11189);
#9712=AXIS2_PLACEMENT_3D('',#14032,#11190,#11191);
#9713=AXIS2_PLACEMENT_3D('',#14036,#11194,#11195);
#9714=AXIS2_PLACEMENT_3D('',#14040,#11198,#11199);
#9715=AXIS2_PLACEMENT_3D('',#14042,#11201,#11202);
#9716=AXIS2_PLACEMENT_3D('',#14043,#11203,#11204);
#9717=AXIS2_PLACEMENT_3D('',#14057,#11206,#11207);
#9718=AXIS2_PLACEMENT_3D('',#14071,#11209,#11210);
#9719=AXIS2_PLACEMENT_3D('',#14085,#11212,#11213);
#9720=AXIS2_PLACEMENT_3D('',#14087,#11214,#11215);
#9721=AXIS2_PLACEMENT_3D('',#14089,#11216,#11217);
#9722=AXIS2_PLACEMENT_3D('',#14091,#11219,#11220);
#9723=AXIS2_PLACEMENT_3D('',#14097,#11224,#11225);
#9724=AXIS2_PLACEMENT_3D('',#14098,#11226,#11227);
#9725=AXIS2_PLACEMENT_3D('',#14099,#11228,#11229);
#9726=AXIS2_PLACEMENT_3D('',#14100,#11230,#11231);
#9727=AXIS2_PLACEMENT_3D('',#14101,#11232,#11233);
#9728=AXIS2_PLACEMENT_3D('',#14102,#11234,#11235);
#9729=AXIS2_PLACEMENT_3D('',#14105,#11237,#11238);
#9730=AXIS2_PLACEMENT_3D('',#14106,#11239,#11240);
#9731=AXIS2_PLACEMENT_3D('',#14108,#11241,#11242);
#9732=AXIS2_PLACEMENT_3D('',#14109,#11243,#11244);
#9733=AXIS2_PLACEMENT_3D('',#14112,#11246,#11247);
#9734=AXIS2_PLACEMENT_3D('',#14113,#11248,#11249);
#9735=AXIS2_PLACEMENT_3D('',#14115,#11250,#11251);
#9736=AXIS2_PLACEMENT_3D('',#14116,#11252,#11253);
#9737=AXIS2_PLACEMENT_3D('',#14118,#11254,#11255);
#9738=AXIS2_PLACEMENT_3D('',#14120,#11256,#11257);
#9739=AXIS2_PLACEMENT_3D('',#14122,#11259,#11260);
#9740=AXIS2_PLACEMENT_3D('',#14125,#11261,#11262);
#9741=AXIS2_PLACEMENT_3D('',#14126,#11263,#11264);
#9742=AXIS2_PLACEMENT_3D('',#14127,#11265,#11266);
#9743=AXIS2_PLACEMENT_3D('',#14165,#11267,#11268);
#9744=AXIS2_PLACEMENT_3D('',#14196,#11269,#11270);
#9745=AXIS2_PLACEMENT_3D('',#14197,#11271,#11272);
#9746=AXIS2_PLACEMENT_3D('',#14198,#11273,#11274);
#9747=AXIS2_PLACEMENT_3D('',#14199,#11275,#11276);
#9748=AXIS2_PLACEMENT_3D('',#14201,#11277,#11278);
#9749=AXIS2_PLACEMENT_3D('',#14203,#11279,#11280);
#9750=AXIS2_PLACEMENT_3D('',#14204,#11281,#11282);
#9751=AXIS2_PLACEMENT_3D('',#14205,#11283,#11284);
#9752=AXIS2_PLACEMENT_3D('',#14207,#11285,#11286);
#9753=AXIS2_PLACEMENT_3D('',#14209,#11288,#11289);
#9754=AXIS2_PLACEMENT_3D('',#14211,#11290,#11291);
#9755=AXIS2_PLACEMENT_3D('',#14212,#11292,#11293);
#9756=AXIS2_PLACEMENT_3D('',#14213,#11294,#11295);
#9757=AXIS2_PLACEMENT_3D('',#14214,#11296,#11297);
#9758=AXIS2_PLACEMENT_3D('',#14216,#11299,#11300);
#9759=AXIS2_PLACEMENT_3D('',#14217,#11301,#11302);
#9760=AXIS2_PLACEMENT_3D('',#14218,#11303,#11304);
#9761=AXIS2_PLACEMENT_3D('',#14219,#11305,#11306);
#9762=AXIS2_PLACEMENT_3D('',#14220,#11307,#11308);
#9763=AXIS2_PLACEMENT_3D('',#14221,#11309,#11310);
#9764=AXIS2_PLACEMENT_3D('',#14222,#11311,#11312);
#9765=AXIS2_PLACEMENT_3D('',#14223,#11313,#11314);
#9766=AXIS2_PLACEMENT_3D('',#14224,#11315,#11316);
#9767=AXIS2_PLACEMENT_3D('',#14226,#11318,#11319);
#9768=AXIS2_PLACEMENT_3D('',#14228,#11320,#11321);
#9769=AXIS2_PLACEMENT_3D('',#14241,#11322,#11323);
#9770=AXIS2_PLACEMENT_3D('',#14249,#11324,#11325);
#9771=AXIS2_PLACEMENT_3D('',#14262,#11326,#11327);
#9772=AXIS2_PLACEMENT_3D('',#14270,#11328,#11329);
#9773=AXIS2_PLACEMENT_3D('',#14283,#11330,#11331);
#9774=AXIS2_PLACEMENT_3D('',#14307,#11332,#11333);
#9775=AXIS2_PLACEMENT_3D('',#14318,#11334,#11335);
#9776=AXIS2_PLACEMENT_3D('',#14329,#11336,#11337);
#9777=AXIS2_PLACEMENT_3D('',#14331,#11338,#11339);
#9778=AXIS2_PLACEMENT_3D('',#14398,#11340,#11341);
#9779=AXIS2_PLACEMENT_3D('',#14399,#11342,#11343);
#9780=AXIS2_PLACEMENT_3D('',#14400,#11344,#11345);
#9781=AXIS2_PLACEMENT_3D('',#14402,#11346,#11347);
#9782=AXIS2_PLACEMENT_3D('',#14405,#11349,#11350);
#9783=AXIS2_PLACEMENT_3D('',#14406,#11351,#11352);
#9784=AXIS2_PLACEMENT_3D('',#14408,#11354,#11355);
#9785=AXIS2_PLACEMENT_3D('',#14410,#11356,#11357);
#9786=AXIS2_PLACEMENT_3D('',#14412,#11359,#11360);
#9787=AXIS2_PLACEMENT_3D('',#14414,#11362,#11363);
#9788=AXIS2_PLACEMENT_3D('',#14416,#11365,#11366);
#9789=AXIS2_PLACEMENT_3D('',#14418,#11368,#11369);
#9790=AXIS2_PLACEMENT_3D('',#14421,#11372,#11373);
#9791=AXIS2_PLACEMENT_3D('',#14423,#11375,#11376);
#9792=AXIS2_PLACEMENT_3D('',#14425,#11378,#11379);
#9793=AXIS2_PLACEMENT_3D('',#14426,#11380,#11381);
#9794=AXIS2_PLACEMENT_3D('',#14427,#11382,#11383);
#9795=AXIS2_PLACEMENT_3D('',#14429,#11384,#11385);
#9796=AXIS2_PLACEMENT_3D('',#14431,#11387,#11388);
#9797=AXIS2_PLACEMENT_3D('',#14434,#11390,#11391);
#9798=AXIS2_PLACEMENT_3D('',#14435,#11392,#11393);
#9799=AXIS2_PLACEMENT_3D('',#14437,#11395,#11396);
#9800=AXIS2_PLACEMENT_3D('',#14439,#11398,#11399);
#9801=AXIS2_PLACEMENT_3D('',#14441,#11401,#11402);
#9802=AXIS2_PLACEMENT_3D('',#14443,#11404,#11405);
#9803=AXIS2_PLACEMENT_3D('',#14444,#11406,#11407);
#9804=AXIS2_PLACEMENT_3D('',#14446,#11409,#11410);
#9805=AXIS2_PLACEMENT_3D('',#14448,#11412,#11413);
#9806=AXIS2_PLACEMENT_3D('',#14450,#11415,#11416);
#9807=AXIS2_PLACEMENT_3D('',#14451,#11417,#11418);
#9808=AXIS2_PLACEMENT_3D('',#14452,#11419,#11420);
#9809=AXIS2_PLACEMENT_3D('',#14454,#11422,#11423);
#9810=AXIS2_PLACEMENT_3D('',#14455,#11424,#11425);
#9811=AXIS2_PLACEMENT_3D('',#14458,#11428,#11429);
#9812=AXIS2_PLACEMENT_3D('',#14459,#11430,#11431);
#9813=AXIS2_PLACEMENT_3D('',#14460,#11432,#11433);
#9814=AXIS2_PLACEMENT_3D('',#14462,#11435,#11436);
#9815=AXIS2_PLACEMENT_3D('',#14463,#11437,#11438);
#9816=AXIS2_PLACEMENT_3D('',#14464,#11439,#11440);
#9817=AXIS2_PLACEMENT_3D('',#14465,#11441,#11442);
#9818=AXIS2_PLACEMENT_3D('',#14466,#11443,#11444);
#9819=AXIS2_PLACEMENT_3D('',#14467,#11445,#11446);
#9820=AXIS2_PLACEMENT_3D('',#14468,#11447,#11448);
#9821=AXIS2_PLACEMENT_3D('',#14469,#11449,#11450);
#9822=AXIS2_PLACEMENT_3D('',#14470,#11451,#11452);
#9823=AXIS2_PLACEMENT_3D('',#14471,#11453,#11454);
#9824=AXIS2_PLACEMENT_3D('',#14472,#11455,#11456);
#9825=AXIS2_PLACEMENT_3D('',#14475,#11459,#11460);
#9826=AXIS2_PLACEMENT_3D('',#14478,#11463,#11464);
#9827=AXIS2_PLACEMENT_3D('',#14479,#11465,#11466);
#9828=AXIS2_PLACEMENT_3D('',#14482,#11469,#11470);
#9829=AXIS2_PLACEMENT_3D('',#14484,#11472,#11473);
#9830=AXIS2_PLACEMENT_3D('',#14486,#11475,#11476);
#9831=AXIS2_PLACEMENT_3D('',#14487,#11477,#11478);
#9832=AXIS2_PLACEMENT_3D('',#14490,#11481,#11482);
#9833=AXIS2_PLACEMENT_3D('',#14492,#11484,#11485);
#9834=AXIS2_PLACEMENT_3D('',#14493,#11486,#11487);
#9835=AXIS2_PLACEMENT_3D('',#14495,#11489,#11490);
#9836=AXIS2_PLACEMENT_3D('',#14496,#11491,#11492);
#9837=AXIS2_PLACEMENT_3D('',#14497,#11493,#11494);
#9838=AXIS2_PLACEMENT_3D('',#14499,#11496,#11497);
#9839=AXIS2_PLACEMENT_3D('',#14501,#11499,#11500);
#9840=AXIS2_PLACEMENT_3D('',#14502,#11501,#11502);
#9841=AXIS2_PLACEMENT_3D('',#14504,#11504,#11505);
#9842=AXIS2_PLACEMENT_3D('',#14507,#11508,#11509);
#9843=AXIS2_PLACEMENT_3D('',#14508,#11510,#11511);
#9844=AXIS2_PLACEMENT_3D('',#14510,#11513,#11514);
#9845=AXIS2_PLACEMENT_3D('',#14511,#11515,#11516);
#9846=AXIS2_PLACEMENT_3D('',#14512,#11517,#11518);
#9847=AXIS2_PLACEMENT_3D('',#14513,#11519,#11520);
#9848=AXIS2_PLACEMENT_3D('',#14514,#11521,#11522);
#9849=AXIS2_PLACEMENT_3D('',#14516,#11524,#11525);
#9850=AXIS2_PLACEMENT_3D('',#14518,#11527,#11528);
#9851=AXIS2_PLACEMENT_3D('',#14520,#11529,#11530);
#9852=AXIS2_PLACEMENT_3D('',#14521,#11531,#11532);
#9853=AXIS2_PLACEMENT_3D('',#14523,#11534,#11535);
#9854=AXIS2_PLACEMENT_3D('',#14525,#11537,#11538);
#9855=AXIS2_PLACEMENT_3D('',#14526,#11539,#11540);
#9856=AXIS2_PLACEMENT_3D('',#14527,#11541,#11542);
#9857=AXIS2_PLACEMENT_3D('',#14536,#11547,#11548);
#9858=AXIS2_PLACEMENT_3D('',#14542,#11552,#11553);
#9859=AXIS2_PLACEMENT_3D('',#14548,#11557,#11558);
#9860=AXIS2_PLACEMENT_3D('',#14554,#11562,#11563);
#9861=AXIS2_PLACEMENT_3D('',#14560,#11567,#11568);
#9862=AXIS2_PLACEMENT_3D('',#14563,#11571,#11572);
#9863=AXIS2_PLACEMENT_3D('',#14572,#11577,#11578);
#9864=AXIS2_PLACEMENT_3D('',#14578,#11582,#11583);
#9865=AXIS2_PLACEMENT_3D('',#14584,#11587,#11588);
#9866=AXIS2_PLACEMENT_3D('',#14590,#11592,#11593);
#9867=AXIS2_PLACEMENT_3D('',#14596,#11597,#11598);
#9868=AXIS2_PLACEMENT_3D('',#14599,#11601,#11602);
#9869=AXIS2_PLACEMENT_3D('',#14608,#11607,#11608);
#9870=AXIS2_PLACEMENT_3D('',#14614,#11612,#11613);
#9871=AXIS2_PLACEMENT_3D('',#14620,#11617,#11618);
#9872=AXIS2_PLACEMENT_3D('',#14626,#11622,#11623);
#9873=AXIS2_PLACEMENT_3D('',#14632,#11627,#11628);
#9874=AXIS2_PLACEMENT_3D('',#14635,#11631,#11632);
#9875=AXIS2_PLACEMENT_3D('',#14644,#11637,#11638);
#9876=AXIS2_PLACEMENT_3D('',#14650,#11642,#11643);
#9877=AXIS2_PLACEMENT_3D('',#14656,#11647,#11648);
#9878=AXIS2_PLACEMENT_3D('',#14662,#11652,#11653);
#9879=AXIS2_PLACEMENT_3D('',#14668,#11657,#11658);
#9880=AXIS2_PLACEMENT_3D('',#14671,#11661,#11662);
#9881=AXIS2_PLACEMENT_3D('',#14680,#11667,#11668);
#9882=AXIS2_PLACEMENT_3D('',#14686,#11672,#11673);
#9883=AXIS2_PLACEMENT_3D('',#14692,#11677,#11678);
#9884=AXIS2_PLACEMENT_3D('',#14698,#11682,#11683);
#9885=AXIS2_PLACEMENT_3D('',#14704,#11687,#11688);
#9886=AXIS2_PLACEMENT_3D('',#14707,#11691,#11692);
#9887=AXIS2_PLACEMENT_3D('',#14716,#11697,#11698);
#9888=AXIS2_PLACEMENT_3D('',#14722,#11702,#11703);
#9889=AXIS2_PLACEMENT_3D('',#14728,#11707,#11708);
#9890=AXIS2_PLACEMENT_3D('',#14734,#11712,#11713);
#9891=AXIS2_PLACEMENT_3D('',#14740,#11717,#11718);
#9892=AXIS2_PLACEMENT_3D('',#14743,#11721,#11722);
#9893=AXIS2_PLACEMENT_3D('',#14752,#11727,#11728);
#9894=AXIS2_PLACEMENT_3D('',#14758,#11732,#11733);
#9895=AXIS2_PLACEMENT_3D('',#14764,#11737,#11738);
#9896=AXIS2_PLACEMENT_3D('',#14770,#11742,#11743);
#9897=AXIS2_PLACEMENT_3D('',#14776,#11747,#11748);
#9898=AXIS2_PLACEMENT_3D('',#14779,#11751,#11752);
#9899=AXIS2_PLACEMENT_3D('',#14788,#11757,#11758);
#9900=AXIS2_PLACEMENT_3D('',#14794,#11762,#11763);
#9901=AXIS2_PLACEMENT_3D('',#14800,#11767,#11768);
#9902=AXIS2_PLACEMENT_3D('',#14806,#11772,#11773);
#9903=AXIS2_PLACEMENT_3D('',#14812,#11777,#11778);
#9904=AXIS2_PLACEMENT_3D('',#14818,#11782,#11783);
#9905=AXIS2_PLACEMENT_3D('',#14824,#11787,#11788);
#9906=AXIS2_PLACEMENT_3D('',#14830,#11792,#11793);
#9907=AXIS2_PLACEMENT_3D('',#14832,#11794,#11795);
#9908=AXIS2_PLACEMENT_3D('',#14834,#11796,#11797);
#9909=AXIS2_PLACEMENT_3D('',#14836,#11799,#11800);
#9910=AXIS2_PLACEMENT_3D('',#14842,#11804,#11805);
#9911=AXIS2_PLACEMENT_3D('',#14848,#11809,#11810);
#9912=AXIS2_PLACEMENT_3D('',#14854,#11814,#11815);
#9913=AXIS2_PLACEMENT_3D('',#14860,#11819,#11820);
#9914=AXIS2_PLACEMENT_3D('',#14866,#11824,#11825);
#9915=AXIS2_PLACEMENT_3D('',#14872,#11829,#11830);
#9916=AXIS2_PLACEMENT_3D('',#14878,#11834,#11835);
#9917=AXIS2_PLACEMENT_3D('',#14884,#11839,#11840);
#9918=AXIS2_PLACEMENT_3D('',#14890,#11844,#11845);
#9919=AXIS2_PLACEMENT_3D('',#14896,#11849,#11850);
#9920=AXIS2_PLACEMENT_3D('',#14902,#11854,#11855);
#9921=AXIS2_PLACEMENT_3D('',#14908,#11859,#11860);
#9922=AXIS2_PLACEMENT_3D('',#14914,#11864,#11865);
#9923=AXIS2_PLACEMENT_3D('',#14916,#11866,#11867);
#9924=AXIS2_PLACEMENT_3D('',#14918,#11868,#11869);
#9925=AXIS2_PLACEMENT_3D('',#14920,#11871,#11872);
#9926=AXIS2_PLACEMENT_3D('',#14926,#11876,#11877);
#9927=AXIS2_PLACEMENT_3D('',#14932,#11881,#11882);
#9928=AXIS2_PLACEMENT_3D('',#14938,#11886,#11887);
#9929=AXIS2_PLACEMENT_3D('',#14944,#11891,#11892);
#9930=AXIS2_PLACEMENT_3D('',#14950,#11896,#11897);
#9931=AXIS2_PLACEMENT_3D('',#14956,#11901,#11902);
#9932=AXIS2_PLACEMENT_3D('',#14962,#11906,#11907);
#9933=AXIS2_PLACEMENT_3D('',#14968,#11911,#11912);
#9934=AXIS2_PLACEMENT_3D('',#14974,#11916,#11917);
#9935=AXIS2_PLACEMENT_3D('',#14980,#11921,#11922);
#9936=AXIS2_PLACEMENT_3D('',#14986,#11926,#11927);
#9937=AXIS2_PLACEMENT_3D('',#14992,#11931,#11932);
#9938=AXIS2_PLACEMENT_3D('',#14998,#11936,#11937);
#9939=AXIS2_PLACEMENT_3D('',#15004,#11941,#11942);
#9940=AXIS2_PLACEMENT_3D('',#15010,#11946,#11947);
#9941=AXIS2_PLACEMENT_3D('',#15016,#11951,#11952);
#9942=AXIS2_PLACEMENT_3D('',#15022,#11956,#11957);
#9943=AXIS2_PLACEMENT_3D('',#15028,#11961,#11962);
#9944=AXIS2_PLACEMENT_3D('',#15034,#11966,#11967);
#9945=AXIS2_PLACEMENT_3D('',#15040,#11971,#11972);
#9946=AXIS2_PLACEMENT_3D('',#15046,#11976,#11977);
#9947=AXIS2_PLACEMENT_3D('',#15052,#11981,#11982);
#9948=AXIS2_PLACEMENT_3D('',#15058,#11986,#11987);
#9949=AXIS2_PLACEMENT_3D('',#15064,#11991,#11992);
#9950=AXIS2_PLACEMENT_3D('',#15070,#11996,#11997);
#9951=AXIS2_PLACEMENT_3D('',#15076,#12001,#12002);
#9952=AXIS2_PLACEMENT_3D('',#15082,#12006,#12007);
#9953=AXIS2_PLACEMENT_3D('',#15088,#12011,#12012);
#9954=AXIS2_PLACEMENT_3D('',#15094,#12016,#12017);
#9955=AXIS2_PLACEMENT_3D('',#15100,#12021,#12022);
#9956=AXIS2_PLACEMENT_3D('',#15106,#12026,#12027);
#9957=AXIS2_PLACEMENT_3D('',#15112,#12031,#12032);
#9958=AXIS2_PLACEMENT_3D('',#15115,#12035,#12036);
#9959=AXIS2_PLACEMENT_3D('',#15116,#12037,#12038);
#9960=AXIS2_PLACEMENT_3D('',#15117,#12039,#12040);
#9961=AXIS2_PLACEMENT_3D('',#15126,#12045,#12046);
#9962=AXIS2_PLACEMENT_3D('',#15132,#12050,#12051);
#9963=AXIS2_PLACEMENT_3D('',#15138,#12055,#12056);
#9964=AXIS2_PLACEMENT_3D('',#15144,#12060,#12061);
#9965=AXIS2_PLACEMENT_3D('',#15150,#12065,#12066);
#9966=AXIS2_PLACEMENT_3D('',#15153,#12069,#12070);
#9967=AXIS2_PLACEMENT_3D('',#15162,#12075,#12076);
#9968=AXIS2_PLACEMENT_3D('',#15168,#12080,#12081);
#9969=AXIS2_PLACEMENT_3D('',#15170,#12082,#12083);
#9970=AXIS2_PLACEMENT_3D('',#15172,#12084,#12085);
#9971=AXIS2_PLACEMENT_3D('',#15174,#12087,#12088);
#9972=AXIS2_PLACEMENT_3D('',#15180,#12092,#12093);
#9973=AXIS2_PLACEMENT_3D('',#15186,#12097,#12098);
#9974=AXIS2_PLACEMENT_3D('',#15188,#12099,#12100);
#9975=AXIS2_PLACEMENT_3D('',#15190,#12101,#12102);
#9976=AXIS2_PLACEMENT_3D('',#15192,#12104,#12105);
#9977=AXIS2_PLACEMENT_3D('',#15198,#12109,#12110);
#9978=AXIS2_PLACEMENT_3D('',#15204,#12114,#12115);
#9979=AXIS2_PLACEMENT_3D('',#15210,#12119,#12120);
#9980=AXIS2_PLACEMENT_3D('',#15216,#12124,#12125);
#9981=AXIS2_PLACEMENT_3D('',#15222,#12129,#12130);
#9982=AXIS2_PLACEMENT_3D('',#15228,#12134,#12135);
#9983=AXIS2_PLACEMENT_3D('',#15234,#12139,#12140);
#9984=AXIS2_PLACEMENT_3D('',#15240,#12144,#12145);
#9985=AXIS2_PLACEMENT_3D('',#15246,#12149,#12150);
#9986=AXIS2_PLACEMENT_3D('',#15252,#12154,#12155);
#9987=AXIS2_PLACEMENT_3D('',#15258,#12159,#12160);
#9988=AXIS2_PLACEMENT_3D('',#15264,#12164,#12165);
#9989=AXIS2_PLACEMENT_3D('',#15270,#12169,#12170);
#9990=AXIS2_PLACEMENT_3D('',#15276,#12174,#12175);
#9991=AXIS2_PLACEMENT_3D('',#15282,#12179,#12180);
#9992=AXIS2_PLACEMENT_3D('',#15288,#12184,#12185);
#9993=AXIS2_PLACEMENT_3D('',#15294,#12189,#12190);
#9994=AXIS2_PLACEMENT_3D('',#15300,#12194,#12195);
#9995=AXIS2_PLACEMENT_3D('',#15306,#12199,#12200);
#9996=AXIS2_PLACEMENT_3D('',#15308,#12201,#12202);
#9997=AXIS2_PLACEMENT_3D('',#15310,#12203,#12204);
#9998=AXIS2_PLACEMENT_3D('',#15312,#12206,#12207);
#9999=AXIS2_PLACEMENT_3D('',#15318,#12211,#12212);
#10000=AXIS2_PLACEMENT_3D('',#15324,#12216,#12217);
#10001=AXIS2_PLACEMENT_3D('',#15330,#12221,#12222);
#10002=AXIS2_PLACEMENT_3D('',#15336,#12226,#12227);
#10003=AXIS2_PLACEMENT_3D('',#15342,#12231,#12232);
#10004=AXIS2_PLACEMENT_3D('',#15348,#12236,#12237);
#10005=AXIS2_PLACEMENT_3D('',#15354,#12241,#12242);
#10006=AXIS2_PLACEMENT_3D('',#15360,#12246,#12247);
#10007=AXIS2_PLACEMENT_3D('',#15366,#12251,#12252);
#10008=AXIS2_PLACEMENT_3D('',#15372,#12256,#12257);
#10009=AXIS2_PLACEMENT_3D('',#15378,#12261,#12262);
#10010=AXIS2_PLACEMENT_3D('',#15384,#12266,#12267);
#10011=AXIS2_PLACEMENT_3D('',#15390,#12271,#12272);
#10012=AXIS2_PLACEMENT_3D('',#15396,#12276,#12277);
#10013=AXIS2_PLACEMENT_3D('',#15402,#12281,#12282);
#10014=AXIS2_PLACEMENT_3D('',#15408,#12286,#12287);
#10015=AXIS2_PLACEMENT_3D('',#15414,#12291,#12292);
#10016=AXIS2_PLACEMENT_3D('',#15420,#12296,#12297);
#10017=AXIS2_PLACEMENT_3D('',#15423,#12300,#12301);
#10018=AXIS2_PLACEMENT_3D('',#15424,#12302,#12303);
#10019=AXIS2_PLACEMENT_3D('',#15425,#12304,#12305);
#10020=AXIS2_PLACEMENT_3D('',#15434,#12310,#12311);
#10021=AXIS2_PLACEMENT_3D('',#15440,#12315,#12316);
#10022=AXIS2_PLACEMENT_3D('',#15446,#12320,#12321);
#10023=AXIS2_PLACEMENT_3D('',#15452,#12325,#12326);
#10024=AXIS2_PLACEMENT_3D('',#15458,#12330,#12331);
#10025=AXIS2_PLACEMENT_3D('',#15461,#12334,#12335);
#10026=AXIS2_PLACEMENT_3D('',#15470,#12340,#12341);
#10027=AXIS2_PLACEMENT_3D('',#15476,#12345,#12346);
#10028=AXIS2_PLACEMENT_3D('',#15482,#12350,#12351);
#10029=AXIS2_PLACEMENT_3D('',#15488,#12355,#12356);
#10030=AXIS2_PLACEMENT_3D('',#15494,#12360,#12361);
#10031=AXIS2_PLACEMENT_3D('',#15497,#12364,#12365);
#10032=AXIS2_PLACEMENT_3D('',#15506,#12370,#12371);
#10033=AXIS2_PLACEMENT_3D('',#15512,#12375,#12376);
#10034=AXIS2_PLACEMENT_3D('',#15518,#12380,#12381);
#10035=AXIS2_PLACEMENT_3D('',#15520,#12382,#12383);
#10036=AXIS2_PLACEMENT_3D('',#15522,#12384,#12385);
#10037=AXIS2_PLACEMENT_3D('',#15524,#12387,#12388);
#10038=AXIS2_PLACEMENT_3D('',#15530,#12392,#12393);
#10039=AXIS2_PLACEMENT_3D('',#15536,#12397,#12398);
#10040=AXIS2_PLACEMENT_3D('',#15542,#12402,#12403);
#10041=AXIS2_PLACEMENT_3D('',#15548,#12407,#12408);
#10042=AXIS2_PLACEMENT_3D('',#15550,#12409,#12410);
#10043=AXIS2_PLACEMENT_3D('',#15552,#12411,#12412);
#10044=AXIS2_PLACEMENT_3D('',#15554,#12414,#12415);
#10045=AXIS2_PLACEMENT_3D('',#15560,#12419,#12420);
#10046=AXIS2_PLACEMENT_3D('',#15566,#12424,#12425);
#10047=AXIS2_PLACEMENT_3D('',#15572,#12429,#12430);
#10048=AXIS2_PLACEMENT_3D('',#15578,#12434,#12435);
#10049=AXIS2_PLACEMENT_3D('',#15584,#12439,#12440);
#10050=AXIS2_PLACEMENT_3D('',#15590,#12444,#12445);
#10051=AXIS2_PLACEMENT_3D('',#15596,#12449,#12450);
#10052=AXIS2_PLACEMENT_3D('',#15602,#12454,#12455);
#10053=AXIS2_PLACEMENT_3D('',#15608,#12459,#12460);
#10054=AXIS2_PLACEMENT_3D('',#15614,#12464,#12465);
#10055=AXIS2_PLACEMENT_3D('',#15620,#12469,#12470);
#10056=AXIS2_PLACEMENT_3D('',#15626,#12474,#12475);
#10057=AXIS2_PLACEMENT_3D('',#15632,#12479,#12480);
#10058=AXIS2_PLACEMENT_3D('',#15638,#12484,#12485);
#10059=AXIS2_PLACEMENT_3D('',#15644,#12489,#12490);
#10060=AXIS2_PLACEMENT_3D('',#15646,#12491,#12492);
#10061=AXIS2_PLACEMENT_3D('',#15648,#12493,#12494);
#10062=AXIS2_PLACEMENT_3D('',#15650,#12496,#12497);
#10063=AXIS2_PLACEMENT_3D('',#15656,#12501,#12502);
#10064=AXIS2_PLACEMENT_3D('',#15662,#12506,#12507);
#10065=AXIS2_PLACEMENT_3D('',#15664,#12508,#12509);
#10066=AXIS2_PLACEMENT_3D('',#15666,#12510,#12511);
#10067=AXIS2_PLACEMENT_3D('',#15668,#12513,#12514);
#10068=AXIS2_PLACEMENT_3D('',#15674,#12518,#12519);
#10069=AXIS2_PLACEMENT_3D('',#15680,#12523,#12524);
#10070=AXIS2_PLACEMENT_3D('',#15686,#12528,#12529);
#10071=AXIS2_PLACEMENT_3D('',#15692,#12533,#12534);
#10072=AXIS2_PLACEMENT_3D('',#15698,#12538,#12539);
#10073=AXIS2_PLACEMENT_3D('',#15704,#12543,#12544);
#10074=AXIS2_PLACEMENT_3D('',#15710,#12548,#12549);
#10075=AXIS2_PLACEMENT_3D('',#15716,#12553,#12554);
#10076=AXIS2_PLACEMENT_3D('',#15722,#12558,#12559);
#10077=AXIS2_PLACEMENT_3D('',#15728,#12563,#12564);
#10078=AXIS2_PLACEMENT_3D('',#15734,#12568,#12569);
#10079=AXIS2_PLACEMENT_3D('',#15740,#12573,#12574);
#10080=AXIS2_PLACEMENT_3D('',#15746,#12578,#12579);
#10081=AXIS2_PLACEMENT_3D('',#15752,#12583,#12584);
#10082=AXIS2_PLACEMENT_3D('',#15758,#12588,#12589);
#10083=AXIS2_PLACEMENT_3D('',#15761,#12592,#12593);
#10084=AXIS2_PLACEMENT_3D('',#15762,#12594,#12595);
#10085=AXIS2_PLACEMENT_3D('',#15763,#12596,#12597);
#10086=AXIS2_PLACEMENT_3D('',#15764,#12598,#12599);
#10087=DIRECTION('axis',(0.,0.,1.));
#10088=DIRECTION('refdir',(1.,0.,0.));
#10089=DIRECTION('axis',(0.,0.,1.));
#10090=DIRECTION('refdir',(1.,0.,0.));
#10091=DIRECTION('center_axis',(2.43328539545433E-14,-1.,-1.30621461029603E-16));
#10092=DIRECTION('ref_axis',(1.,2.43328539545433E-14,4.40578401252469E-14));
#10093=DIRECTION('center_axis',(2.43328539545433E-14,-1.,-1.30621461029603E-16));
#10094=DIRECTION('ref_axis',(0.499999999999962,1.20533054737397E-14,0.86602540378446));
#10095=DIRECTION('',(-0.86602540378446,-2.11381804017264E-14,0.499999999999964));
#10096=DIRECTION('center_axis',(2.43328539545433E-14,-1.,-1.30621461029603E-16));
#10097=DIRECTION('ref_axis',(0.965925826289069,2.35375393838271E-14,-0.258819045102518));
#10098=DIRECTION('',(1.,2.43328539545433E-14,4.40578401252469E-14));
#10099=DIRECTION('center_axis',(2.43328539545433E-14,-1.,-1.30621461029603E-16));
#10100=DIRECTION('ref_axis',(-0.965925826289048,-2.34699247401994E-14,-0.258819045102598));
#10101=DIRECTION('',(-0.866025403784417,-2.10075589406958E-14,-0.500000000000038));
#10102=DIRECTION('center_axis',(2.43328539545433E-14,-1.,-1.30621461029603E-16));
#10103=DIRECTION('ref_axis',(1.,2.43328539545433E-14,4.40578401252469E-14));
#10104=DIRECTION('center_axis',(2.43328539545433E-14,-1.,-1.30621461029603E-16));
#10105=DIRECTION('ref_axis',(0.965925826289072,2.35375393838271E-14,-0.258819045102509));
#10106=DIRECTION('',(1.,2.43328539545433E-14,4.40578401252469E-14));
#10107=DIRECTION('center_axis',(2.43328539545433E-14,-1.,-1.30621461029603E-16));
#10108=DIRECTION('ref_axis',(-0.965925826289048,-2.34699247401994E-14,-0.258819045102598));
#10109=DIRECTION('',(-0.866025403784416,-2.10075589406958E-14,-0.500000000000039));
#10110=DIRECTION('center_axis',(2.43328539545433E-14,-1.,-1.30621461029603E-16));
#10111=DIRECTION('ref_axis',(0.499999999999963,1.20533054737397E-14,0.86602540378446));
#10112=DIRECTION('',(-0.866025403784459,-2.11381804017264E-14,0.499999999999964));
#10113=DIRECTION('center_axis',(2.43328539545433E-14,-1.,-1.30621461029603E-16));
#10114=DIRECTION('ref_axis',(4.40578401252404E-14,1.30621461030675E-16,
-1.));
#10115=DIRECTION('',(1.,2.43328539545433E-14,4.40578401252469E-14));
#10116=DIRECTION('center_axis',(2.43328539545433E-14,-1.,-1.30621461029603E-16));
#10117=DIRECTION('ref_axis',(4.4057840125247E-14,1.30621461030675E-16,-1.));
#10118=DIRECTION('',(-0.866025403784415,-2.10075589406958E-14,-0.500000000000041));
#10119=DIRECTION('center_axis',(2.43328539545433E-14,-1.,-1.30621461029603E-16));
#10120=DIRECTION('ref_axis',(-0.500000000000039,-1.22795484808037E-14,0.866025403784416));
#10121=DIRECTION('',(-0.866025403784459,-2.11381804017264E-14,0.499999999999964));
#10122=DIRECTION('center_axis',(2.43328539545433E-14,-1.,-1.30621461029603E-16));
#10123=DIRECTION('ref_axis',(0.499999999999969,1.20533054737398E-14,0.866025403784456));
#10124=DIRECTION('center_axis',(-2.41763929019137E-14,1.,3.47455824002882E-16));
#10125=DIRECTION('ref_axis',(0.965925826289069,2.34425304750539E-14,-0.258819045102518));
#10126=DIRECTION('',(2.41763929019137E-14,-1.,-3.47455824002882E-16));
#10127=DIRECTION('',(-2.41763929019137E-14,1.,3.47455824002882E-16));
#10128=DIRECTION('center_axis',(-0.499999999999964,-1.17872908806766E-14,
-0.86602540378446));
#10129=DIRECTION('ref_axis',(0.86602540378446,2.01766990585346E-14,-0.499999999999964));
#10130=DIRECTION('',(2.45335482036058E-14,-1.,-5.53659533577273E-16));
#10131=DIRECTION('center_axis',(0.499999999999964,1.17872908806766E-14,
0.86602540378446));
#10132=DIRECTION('ref_axis',(0.86602540378446,5.05972092754115E-14,-0.499999999999964));
#10133=DIRECTION('center_axis',(-2.43627446619431E-14,1.,5.53659533577324E-16));
#10134=DIRECTION('ref_axis',(0.499999999999963,1.17018891098452E-14,0.86602540378446));
#10135=DIRECTION('',(2.43627446619431E-14,-1.,-5.53659533577324E-16));
#10136=DIRECTION('',(2.43627446619431E-14,-1.,-5.53659533577324E-16));
#10137=DIRECTION('center_axis',(0.500000000000039,1.26608555520979E-14,
-0.866025403784416));
#10138=DIRECTION('ref_axis',(0.866025403784416,2.10075589406958E-14,0.500000000000039));
#10139=DIRECTION('',(-2.47198999636352E-14,1.,3.47455824002832E-16));
#10140=DIRECTION('center_axis',(-0.500000000000039,-1.26608555520979E-14,
0.866025403784416));
#10141=DIRECTION('ref_axis',(-0.866025403784416,-5.02143524055189E-14,-0.500000000000039));
#10142=DIRECTION('center_axis',(-2.47198999636352E-14,1.,3.47455824002832E-16));
#10143=DIRECTION('ref_axis',(-0.965925826289048,-2.37876616135732E-14,-0.258819045102598));
#10144=DIRECTION('',(2.47198999636352E-14,-1.,-3.47455824002832E-16));
#10145=DIRECTION('center_axis',(4.98124723696814E-14,-1.,2.54968438793896E-13));
#10146=DIRECTION('ref_axis',(-0.500000000000039,1.95902908973923E-13,0.866025403784416));
#10147=DIRECTION('',(-4.98124723696814E-14,1.,-2.54968438793896E-13));
#10148=DIRECTION('',(-4.98124723696814E-14,1.,-2.54968438793896E-13));
#10149=DIRECTION('center_axis',(0.500000000000041,-1.95902908973923E-13,
-0.866025403784415));
#10150=DIRECTION('ref_axis',(-0.866025403784415,-2.10075589406958E-14,-0.500000000000041));
#10151=DIRECTION('',(-4.98124723696814E-14,1.,-2.54968438793896E-13));
#10152=DIRECTION('center_axis',(0.500000000000041,-1.95902908973923E-13,
-0.866025403784415));
#10153=DIRECTION('ref_axis',(-0.866025403784415,-4.13325682085176E-14,-0.500000000000041));
#10154=DIRECTION('center_axis',(4.98124723696814E-14,-1.,2.54968438793896E-13));
#10155=DIRECTION('ref_axis',(4.40578401252532E-14,-2.54968438793894E-13,
-1.));
#10156=DIRECTION('',(-4.98124723696814E-14,1.,-2.54968438793896E-13));
#10157=DIRECTION('center_axis',(-4.40578401252469E-14,-3.47455824003937E-16,
1.));
#10158=DIRECTION('ref_axis',(-1.,-2.4288665789247E-14,-4.40578401252469E-14));
#10159=DIRECTION('',(-1.,-2.4321751724299E-14,-4.40578401252469E-14));
#10160=DIRECTION('',(-2.4277342803314E-14,1.,3.47455824002882E-16));
#10161=DIRECTION('',(-1.,-2.43328539545433E-14,-4.40578401252469E-14));
#10162=DIRECTION('',(4.98124723696928E-14,-1.,-3.47455824001721E-16));
#10163=DIRECTION('',(-1.,-2.4321751724299E-14,-4.40578401252469E-14));
#10164=DIRECTION('',(-4.98124723696814E-14,1.,-2.54968438793896E-13));
#10165=DIRECTION('',(-1.,-2.4321751724299E-14,-4.40578401252469E-14));
#10166=DIRECTION('',(-2.40055893602509E-14,1.,3.47455824002882E-16));
#10167=DIRECTION('',(-1.,-2.4321751724299E-14,-4.40578401252469E-14));
#10168=DIRECTION('',(2.48907035052979E-14,-1.,-3.47455824002832E-16));
#10169=DIRECTION('center_axis',(-2.5175480876667E-14,1.,2.40144418737639E-15));
#10170=DIRECTION('ref_axis',(-0.499999999999726,-1.05080287662878E-14,-0.866025403784597));
#10171=DIRECTION('center_axis',(-2.43328539545433E-14,1.,1.96248945166111E-15));
#10172=DIRECTION('ref_axis',(-0.499999999999726,-1.04668612574672E-14,-0.866025403784597));
#10173=DIRECTION('',(-2.5175480876667E-14,1.,2.40144418737639E-15));
#10174=DIRECTION('',(2.5175480876667E-14,-1.,-2.40144418737639E-15));
#10175=DIRECTION('center_axis',(-1.,-2.51754808766653E-14,-6.98414459569565E-13));
#10176=DIRECTION('ref_axis',(-6.98414459569565E-13,-1.96248945167804E-15,
1.));
#10177=DIRECTION('center_axis',(1.,2.51754808766653E-14,6.98414459569565E-13));
#10178=DIRECTION('ref_axis',(5.11655353687899E-13,-0.707106781186548,-0.707106781186547));
#10179=DIRECTION('',(6.98414459569565E-13,-2.53673307117996E-15,-1.));
#10180=DIRECTION('',(-2.5175480876667E-14,1.,2.40144418737639E-15));
#10181=DIRECTION('',(6.98414459569565E-13,1.96248945167804E-15,-1.));
#10182=DIRECTION('center_axis',(-2.5175480876667E-14,1.,2.40144418737639E-15));
#10183=DIRECTION('ref_axis',(0.499999999999713,1.46674521103651E-14,-0.866025403784604));
#10184=DIRECTION('center_axis',(-2.43328539545433E-14,1.,1.96248945166111E-15));
#10185=DIRECTION('ref_axis',(0.499999999999713,1.38659926970625E-14,-0.866025403784604));
#10186=DIRECTION('',(-2.5175480876667E-14,1.,2.40144418737639E-15));
#10187=DIRECTION('',(2.5175480876667E-14,-1.,-2.40144418737639E-15));
#10188=DIRECTION('center_axis',(-2.43328539545433E-14,1.,1.96248945166111E-15));
#10189=DIRECTION('ref_axis',(-1.,-2.43328539545432E-14,-4.45754544204957E-14));
#10190=DIRECTION('',(-0.866025403784344,-2.20541143970397E-14,0.500000000000164));
#10191=DIRECTION('center_axis',(-2.43328539545433E-14,1.,1.96248945166111E-15));
#10192=DIRECTION('ref_axis',(-0.500000000000038,-1.04668612574751E-14,-0.866025403784417));
#10193=DIRECTION('',(9.38778589991214E-14,-1.9624894516588E-15,1.));
#10194=DIRECTION('center_axis',(-2.43328539545433E-14,1.,1.96248945166111E-15));
#10195=DIRECTION('ref_axis',(-1.,-2.43328539545451E-14,8.96893670462047E-13));
#10196=DIRECTION('',(0.866025403784416,2.009162494538E-14,0.500000000000039));
#10197=DIRECTION('center_axis',(-2.43328539545433E-14,1.,1.96248945166111E-15));
#10198=DIRECTION('ref_axis',(-0.500000000000038,-1.386599269707E-14,0.866025403784417));
#10199=DIRECTION('',(-5.17866700546366E-13,1.9624894516485E-15,-1.));
#10200=DIRECTION('center_axis',(-0.500000000000164,-1.05080287662994E-14,
-0.866025403784344));
#10201=DIRECTION('ref_axis',(-0.866025403784344,-2.20541143970397E-14,0.500000000000164));
#10202=DIRECTION('center_axis',(0.500000000000164,1.05080287662994E-14,
0.866025403784344));
#10203=DIRECTION('ref_axis',(0.866025403784344,5.14485939267738E-14,-0.500000000000164));
#10204=DIRECTION('',(-2.5175480876667E-14,1.,2.40144418737639E-15));
#10205=DIRECTION('center_axis',(0.499999999999932,1.46674521103703E-14,
-0.866025403784478));
#10206=DIRECTION('ref_axis',(-0.866025403784478,-2.00916249453817E-14,-0.499999999999932));
#10207=DIRECTION('',(-0.866025403784478,-2.00916249453817E-14,-0.499999999999932));
#10208=DIRECTION('',(-2.5175480876667E-14,1.,2.40144418737639E-15));
#10209=DIRECTION('center_axis',(-0.499999999999932,-1.46674521103703E-14,
0.866025403784478));
#10210=DIRECTION('ref_axis',(-0.866025403784478,-4.89462203734739E-14,-0.499999999999932));
#10211=DIRECTION('center_axis',(-2.5175480876667E-14,1.,2.40144418737639E-15));
#10212=DIRECTION('ref_axis',(1.,2.51754808766654E-14,6.66300348210376E-13));
#10213=DIRECTION('center_axis',(-2.43328539545433E-14,1.,1.96248945166111E-15));
#10214=DIRECTION('ref_axis',(1.,2.4332853954542E-14,6.66300348210376E-13));
#10215=DIRECTION('',(-2.5175480876667E-14,1.,2.40144418737639E-15));
#10216=DIRECTION('center_axis',(1.,2.51754808766666E-14,1.52261364857976E-13));
#10217=DIRECTION('ref_axis',(1.52261364857976E-13,1.96248945166478E-15,
-1.));
#10218=DIRECTION('center_axis',(-1.,-2.51754808766666E-14,-1.52261364857976E-13));
#10219=DIRECTION('ref_axis',(1.25466796851317E-13,-0.707106781186548,-0.707106781186547));
#10220=DIRECTION('',(1.52261364857976E-13,1.96248945166478E-15,-1.));
#10221=DIRECTION('',(-2.5175480876667E-14,1.,2.40144418737639E-15));
#10222=DIRECTION('',(-1.52261364857976E-13,2.53673307120716E-15,1.));
#10223=DIRECTION('center_axis',(-2.5175480876667E-14,1.,2.40144418737639E-15));
#10224=DIRECTION('ref_axis',(0.49999999999996,1.0508028766294E-14,0.866025403784462));
#10225=DIRECTION('center_axis',(4.98124723696925E-14,-1.,2.53673307121476E-15));
#10226=DIRECTION('ref_axis',(0.49999999999996,2.71031114671364E-14,0.866025403784462));
#10227=DIRECTION('center_axis',(-2.43328539545433E-14,1.,1.96248945166111E-15));
#10228=DIRECTION('ref_axis',(0.49999999999996,1.04668612574731E-14,0.866025403784462));
#10229=DIRECTION('',(-2.5175480876667E-14,1.,2.40144418737639E-15));
#10230=DIRECTION('center_axis',(0.49999999999967,1.05080287662863E-14,0.866025403784629));
#10231=DIRECTION('ref_axis',(0.866025403784629,2.20541143970457E-14,-0.49999999999967));
#10232=DIRECTION('',(-0.866025403784629,-4.18704999618671E-14,0.49999999999967));
#10233=DIRECTION('',(0.866025403784629,2.20541143970457E-14,-0.49999999999967));
#10234=DIRECTION('',(-2.5175480876667E-14,1.,2.40144418737639E-15));
#10235=DIRECTION('center_axis',(-2.5175480876667E-14,1.,2.40144418737639E-15));
#10236=DIRECTION('ref_axis',(-1.,-2.51754808766669E-14,-4.45754544204958E-14));
#10237=DIRECTION('center_axis',(4.98124723696925E-14,-1.,2.53673307121476E-15));
#10238=DIRECTION('ref_axis',(-1.,-4.98124723696926E-14,-4.45754544204957E-14));
#10239=DIRECTION('center_axis',(-2.43328539545433E-14,1.,1.96248945166111E-15));
#10240=DIRECTION('ref_axis',(-1.,-2.43328539545432E-14,-4.45754544204958E-14));
#10241=DIRECTION('center_axis',(-2.43328539545433E-14,1.,1.96248945166111E-15));
#10242=DIRECTION('ref_axis',(-1.,-2.43328539545432E-14,-4.45754544204957E-14));
#10243=DIRECTION('center_axis',(-1.,-2.51754808766672E-14,9.38778589991213E-14));
#10244=DIRECTION('ref_axis',(9.38778589991214E-14,-1.9624894516588E-15,
1.));
#10245=DIRECTION('',(-9.38778589991213E-14,-2.53673307121939E-15,-1.));
#10246=DIRECTION('',(-2.5175480876667E-14,1.,2.40144418737639E-15));
#10247=DIRECTION('',(-2.5175480876667E-14,1.,2.40144418737639E-15));
#10248=DIRECTION('center_axis',(1.,2.51754808766672E-14,-9.38778589991213E-14));
#10249=DIRECTION('ref_axis',(-4.85799174540295E-14,-0.707106781186548,-0.707106781186547));
#10250=DIRECTION('center_axis',(-2.5175480876667E-14,1.,2.40144418737639E-15));
#10251=DIRECTION('ref_axis',(-0.500000000000038,-1.05080287662961E-14,-0.866025403784417));
#10252=DIRECTION('center_axis',(1.,2.51754808766683E-14,-5.17866700546366E-13));
#10253=DIRECTION('ref_axis',(-5.17866700546366E-13,1.9624894516485E-15,
-1.));
#10254=DIRECTION('',(-2.5175480876667E-14,1.,2.40144418737639E-15));
#10255=DIRECTION('',(5.17866700546366E-13,2.53673307124055E-15,1.));
#10256=DIRECTION('center_axis',(-1.,-2.51754808766683E-14,5.17866700546366E-13));
#10257=DIRECTION('ref_axis',(-3.48385302459514E-13,-0.707106781186548,-0.707106781186547));
#10258=DIRECTION('center_axis',(-2.5175480876667E-14,1.,2.40144418737639E-15));
#10259=DIRECTION('ref_axis',(-0.500000000000038,-1.46674521103728E-14,0.866025403784417));
#10260=DIRECTION('center_axis',(4.98124723696925E-14,-1.,2.53673307121476E-15));
#10261=DIRECTION('ref_axis',(-0.500000000000038,-2.27093609025561E-14,0.866025403784417));
#10262=DIRECTION('',(-2.5175480876667E-14,1.,2.40144418737639E-15));
#10263=DIRECTION('center_axis',(-0.500000000000039,-1.46674521103729E-14,
0.866025403784416));
#10264=DIRECTION('ref_axis',(0.866025403784416,2.009162494538E-14,0.500000000000039));
#10265=DIRECTION('',(-0.866025403784416,-4.44072330330705E-14,-0.500000000000039));
#10266=DIRECTION('',(-2.5175480876667E-14,1.,2.40144418737639E-15));
#10267=DIRECTION('center_axis',(-2.5175480876667E-14,1.,2.40144418737639E-15));
#10268=DIRECTION('ref_axis',(-1.,-2.51754808766692E-14,8.96893670462047E-13));
#10269=DIRECTION('center_axis',(4.98124723696925E-14,-1.,2.53673307121476E-15));
#10270=DIRECTION('ref_axis',(-1.,-4.98124723696902E-14,8.96893670462047E-13));
#10271=DIRECTION('center_axis',(1.,4.98124723696926E-14,4.40578401252469E-14));
#10272=DIRECTION('ref_axis',(6.6376334517272E-14,-0.707106781186548,-0.707106781186547));
#10273=DIRECTION('',(1.,4.98124723696926E-14,4.40578401252469E-14));
#10274=DIRECTION('center_axis',(-1.,-2.42436996813557E-14,-4.40578401252469E-14));
#10275=DIRECTION('ref_axis',(4.82964819627316E-14,-0.707106781186548,-0.707106781186547));
#10276=DIRECTION('center_axis',(-0.499999999999965,-1.19651008550088E-14,
-0.866025403784459));
#10277=DIRECTION('ref_axis',(0.866025403784459,5.05972092754115E-14,-0.499999999999965));
#10278=DIRECTION('center_axis',(0.500000000000038,1.2278598826347E-14,-0.866025403784417));
#10279=DIRECTION('ref_axis',(-0.866025403784417,-5.0416211137269E-14,-0.500000000000038));
#10280=DIRECTION('center_axis',(1.,2.42436996813557E-14,4.40578401252469E-14));
#10281=DIRECTION('ref_axis',(4.82964819627316E-14,-0.707106781186548,-0.707106781186547));
#10282=DIRECTION('',(1.,4.98124723696926E-14,4.40578401252469E-14));
#10283=DIRECTION('center_axis',(1.,2.4277342803314E-14,4.40578401252469E-14));
#10284=DIRECTION('ref_axis',(4.83202712424086E-14,-0.707106781186547,-0.707106781186548));
#10285=DIRECTION('center_axis',(-0.500000000000038,-1.27462573229292E-14,
0.866025403784417));
#10286=DIRECTION('ref_axis',(-0.866025403784417,-5.0214352405519E-14,-0.500000000000038));
#10287=DIRECTION('center_axis',(0.499999999999964,1.17018891098452E-14,
0.866025403784459));
#10288=DIRECTION('ref_axis',(0.866025403784459,5.05972092754115E-14,-0.499999999999964));
#10289=DIRECTION('center_axis',(0.499999999999964,2.45715381343616E-13,
0.866025403784459));
#10290=DIRECTION('ref_axis',(0.866025403784459,-8.43453528994832E-14,-0.499999999999964));
#10291=DIRECTION('center_axis',(-1.,-4.98124723696928E-14,-4.50193214684322E-14));
#10292=DIRECTION('ref_axis',(6.70562044950224E-14,-0.707106781186464,-0.707106781186631));
#10293=DIRECTION('',(1.,4.98124723696926E-14,4.40578401252469E-14));
#10294=DIRECTION('',(1.,4.98124723696926E-14,4.40578401252469E-14));
#10295=DIRECTION('center_axis',(-4.98124723696925E-14,1.,-2.53673307121476E-15));
#10296=DIRECTION('ref_axis',(4.40578401252406E-14,-2.53673307121257E-15,
-1.));
#10297=DIRECTION('',(-4.50193214684324E-14,2.53673307121249E-15,1.));
#10298=DIRECTION('center_axis',(4.98124723696925E-14,-1.,2.53673307121476E-15));
#10299=DIRECTION('ref_axis',(0.866025403784453,4.44072330330722E-14,0.499999999999975));
#10300=DIRECTION('',(-0.866025403784462,-4.1870499961858E-14,0.49999999999996));
#10301=DIRECTION('center_axis',(-4.98124723696925E-14,1.,-2.53673307121476E-15));
#10302=DIRECTION('ref_axis',(-0.866025403784415,-4.44072330330704E-14,-0.500000000000041));
#10303=DIRECTION('',(-4.40578401252406E-14,2.53673307121255E-15,1.));
#10304=DIRECTION('center_axis',(-4.98124723696925E-14,1.,-2.53673307121476E-15));
#10305=DIRECTION('ref_axis',(-0.919537664416637,-4.48075036161203E-14,0.393001887678923));
#10306=DIRECTION('',(0.866025403784417,4.44072330330705E-14,0.500000000000038));
#10307=DIRECTION('',(-1.,-4.98124723696926E-14,-4.40578401252404E-14));
#10308=DIRECTION('',(-0.866025403784417,-4.40254314003099E-14,-0.500000000000037));
#10309=DIRECTION('center_axis',(4.98124723696925E-14,-1.,1.77312980569357E-15));
#10310=DIRECTION('ref_axis',(-1.,-4.98124723696926E-14,-3.81366506605732E-14));
#10311=DIRECTION('',(5.27111722139666E-14,-1.7731298056909E-15,-1.));
#10312=DIRECTION('center_axis',(4.98124723696925E-14,-1.,1.77312980569357E-15));
#10313=DIRECTION('ref_axis',(-0.499999999999966,-2.64418116407826E-14,-0.866025403784458));
#10314=DIRECTION('',(0.866025403784461,4.22523015946185E-14,-0.499999999999962));
#10315=DIRECTION('center_axis',(4.98124723696925E-14,-1.,1.77312980569357E-15));
#10316=DIRECTION('ref_axis',(0.500000000000039,2.33706607289102E-14,-0.866025403784416));
#10317=DIRECTION('',(0.866025403784416,4.40254314003099E-14,0.500000000000039));
#10318=DIRECTION('center_axis',(4.98124723696925E-14,-1.,2.53673307121476E-15));
#10319=DIRECTION('ref_axis',(0.866025403784471,4.18704999618585E-14,-0.499999999999944));
#10320=DIRECTION('',(-8.71067378868831E-14,-2.0593035165262E-27,1.));
#10321=DIRECTION('center_axis',(4.98124723696925E-14,-1.,2.53673307121476E-15));
#10322=DIRECTION('ref_axis',(0.866025403784405,4.440723303307E-14,0.500000000000058));
#10323=DIRECTION('',(-0.866025403784461,-4.22523015946186E-14,0.499999999999961));
#10324=DIRECTION('',(-1.,-4.98124723696926E-14,-4.40578401252404E-14));
#10325=DIRECTION('',(0.866025403784417,4.44072330330705E-14,0.500000000000038));
#10326=DIRECTION('center_axis',(4.98124723696925E-14,-1.,2.53673307121476E-15));
#10327=DIRECTION('ref_axis',(-0.866025403784472,-4.18704999618586E-14,0.499999999999942));
#10328=DIRECTION('',(8.71067378868831E-14,2.0593035165262E-27,-1.));
#10329=DIRECTION('center_axis',(4.98124723696925E-14,-1.,2.53673307121476E-15));
#10330=DIRECTION('ref_axis',(-0.866025403784406,-4.440723303307E-14,-0.500000000000056));
#10331=DIRECTION('',(-0.86602540378446,-4.18704999618579E-14,0.499999999999963));
#10332=DIRECTION('center_axis',(-4.98124723696925E-14,1.,-2.53673307121476E-15));
#10333=DIRECTION('ref_axis',(0.500000000000039,2.27093609025561E-14,-0.866025403784416));
#10334=DIRECTION('',(-0.866025403784416,-4.44072330330705E-14,-0.500000000000039));
#10335=DIRECTION('center_axis',(-4.98124723696925E-14,1.,-2.53673307121476E-15));
#10336=DIRECTION('ref_axis',(1.,4.98124723696926E-14,4.40578401252468E-14));
#10337=DIRECTION('',(4.59808028116306E-14,-2.53673307121244E-15,-1.));
#10338=DIRECTION('center_axis',(-4.98124723696925E-14,1.,-2.53673307121476E-15));
#10339=DIRECTION('ref_axis',(0.499999999999968,2.71031114671368E-14,0.866025403784457));
#10340=DIRECTION('',(0.866025403784461,4.1870499961858E-14,-0.499999999999961));
#10341=DIRECTION('',(-1.,-4.98124723696926E-14,-4.40578401252404E-14));
#10342=DIRECTION('',(0.866025403784417,4.44072330330705E-14,0.500000000000038));
#10343=DIRECTION('center_axis',(-4.98124723696925E-14,1.,-2.53673307121476E-15));
#10344=DIRECTION('ref_axis',(-1.,-4.98124723696926E-14,-5.29396243222482E-14));
#10345=DIRECTION('',(4.4057840125247E-14,-2.53673307121255E-15,-1.));
#10346=DIRECTION('center_axis',(-4.98124723696925E-14,1.,-2.53673307121476E-15));
#10347=DIRECTION('ref_axis',(-0.499999999999969,-2.71031114671368E-14,-0.866025403784457));
#10348=DIRECTION('',(-0.86602540378446,-4.18704999618579E-14,0.499999999999963));
#10349=DIRECTION('center_axis',(4.98124723696925E-14,-1.,2.53673307121476E-15));
#10350=DIRECTION('ref_axis',(0.500000000000045,2.27093609025564E-14,-0.866025403784413));
#10351=DIRECTION('',(4.4057840125247E-14,-2.53673307121255E-15,-1.));
#10352=DIRECTION('',(-1.,-4.98124723696926E-14,-4.40578401252404E-14));
#10353=DIRECTION('',(4.4057840125247E-14,-2.53673307121255E-15,-1.));
#10354=DIRECTION('',(4.4057840125247E-14,-2.53673307121255E-15,-1.));
#10355=DIRECTION('center_axis',(-4.98124723696925E-14,1.,-2.53673307121476E-15));
#10356=DIRECTION('ref_axis',(0.499999999999958,2.71031114671363E-14,0.866025403784463));
#10357=DIRECTION('',(0.866025403784462,4.1870499961858E-14,-0.49999999999996));
#10358=DIRECTION('center_axis',(-4.98124723696925E-14,1.,-2.53673307121476E-15));
#10359=DIRECTION('ref_axis',(-0.500000000000026,-2.27093609025555E-14,0.866025403784423));
#10360=DIRECTION('',(0.866025403784416,4.44072330330705E-14,0.500000000000039));
#10361=DIRECTION('center_axis',(-4.98124723696925E-14,1.,-2.53673307121476E-15));
#10362=DIRECTION('ref_axis',(-1.,-4.98124723696926E-14,-5.59002190545821E-14));
#10363=DIRECTION('',(-4.4057840125247E-14,2.53673307121255E-15,1.));
#10364=DIRECTION('',(8.71067378868831E-14,2.0593035165262E-27,-1.));
#10365=DIRECTION('center_axis',(4.98124723696925E-14,-1.,2.53673307121476E-15));
#10366=DIRECTION('ref_axis',(0.707106781186497,3.70164781569908E-14,0.707106781186598));
#10367=DIRECTION('',(1.,4.98124723696927E-14,8.71067378868831E-14));
#10368=DIRECTION('center_axis',(4.98124723696925E-14,-1.,2.53673307121476E-15));
#10369=DIRECTION('ref_axis',(-0.707106781186613,-3.34289958435644E-14,0.707106781186482));
#10370=DIRECTION('',(-8.71067378868831E-14,-2.0593035165262E-27,1.));
#10371=DIRECTION('center_axis',(4.98124723696925E-14,-1.,2.53673307121476E-15));
#10372=DIRECTION('ref_axis',(-0.707106781186497,-3.70164781569908E-14,-0.707106781186598));
#10373=DIRECTION('',(-1.,-4.98124723696928E-14,-1.10791495745554E-13));
#10374=DIRECTION('center_axis',(4.98124723696925E-14,-1.,2.53673307121476E-15));
#10375=DIRECTION('ref_axis',(0.707106781186585,3.34289958435629E-14,-0.70710678118651));
#10376=DIRECTION('center_axis',(0.707106781186542,0.707106781186553,3.1106119635018E-14));
#10377=DIRECTION('ref_axis',(-2.98959135054528E-13,2.54968438793881E-13,
1.));
#10378=DIRECTION('',(0.707106781186553,-0.707106781186542,2.3032414534658E-14));
#10379=DIRECTION('',(-4.38600747996121E-14,-1.30621461030657E-16,1.));
#10380=DIRECTION('',(-0.707106781186553,0.707106781186542,-2.3032414534658E-14));
#10381=DIRECTION('',(4.38600747996121E-14,1.30621461030657E-16,-1.));
#10382=DIRECTION('center_axis',(2.76080118771896E-14,-1.,1.07193733763672E-14));
#10383=DIRECTION('ref_axis',(0.499999999999969,2.30872555951787E-14,0.866025403784456));
#10384=DIRECTION('center_axis',(-2.43328539545433E-14,1.,1.30621461029603E-16));
#10385=DIRECTION('ref_axis',(0.499999999999969,1.20533054737398E-14,0.866025403784456));
#10386=DIRECTION('',(-0.353553390593271,-0.707106781186541,0.612372435695804));
#10387=DIRECTION('center_axis',(2.43328539545433E-14,-1.,-1.30621461029603E-16));
#10388=DIRECTION('ref_axis',(0.499999999999969,1.20533054737398E-14,0.866025403784456));
#10389=DIRECTION('center_axis',(-0.353553390593345,0.707106781186484,0.612372435695827));
#10390=DIRECTION('ref_axis',(-0.866025403784492,-1.70474745431193E-13,-0.499999999999908));
#10391=DIRECTION('',(-0.353553390593263,-0.7071067811866,0.61237243569574));
#10392=DIRECTION('',(-0.866025403784417,-2.10075589406958E-14,-0.500000000000038));
#10393=DIRECTION('',(0.866025403784417,2.10075589406958E-14,0.500000000000038));
#10394=DIRECTION('center_axis',(2.76080118771894E-14,-1.,1.07193733763644E-14));
#10395=DIRECTION('ref_axis',(-1.,-2.760801187719E-14,-5.29396243222483E-14));
#10396=DIRECTION('',(-0.70710678118661,-0.707106781186485,-2.35738559125019E-14));
#10397=DIRECTION('center_axis',(2.43328539545433E-14,-1.,-1.30621461029603E-16));
#10398=DIRECTION('ref_axis',(-1.,-2.43328539545433E-14,-5.29396243222483E-14));
#10399=DIRECTION('center_axis',(-2.43328539545433E-14,1.,1.30621461029603E-16));
#10400=DIRECTION('ref_axis',(-1.,-2.43328539545433E-14,-5.29396243222483E-14));
#10401=DIRECTION('center_axis',(-0.707106781186602,0.707106781186493,-3.10612341961341E-14));
#10402=DIRECTION('ref_axis',(-2.1104122012965E-13,-2.54968438793906E-13,
-1.));
#10403=DIRECTION('',(-4.4057840125247E-14,-1.30621461030657E-16,1.));
#10404=DIRECTION('',(-0.707106781186493,-0.707106781186602,-3.92747804993213E-14));
#10405=DIRECTION('',(4.4057840125247E-14,1.30621461030657E-16,-1.));
#10406=DIRECTION('center_axis',(2.76080118771937E-14,-1.,-1.14850871160984E-14));
#10407=DIRECTION('ref_axis',(-0.499999999999969,-3.85762873137721E-15,-0.866025403784457));
#10408=DIRECTION('',(-0.353553390593203,-0.707106781186609,-0.612372435695764));
#10409=DIRECTION('center_axis',(2.43328539545433E-14,-1.,-1.30621461029603E-16));
#10410=DIRECTION('ref_axis',(-0.499999999999969,-1.20533054737398E-14,-0.866025403784457));
#10411=DIRECTION('center_axis',(-2.43328539545433E-14,1.,1.30621461029603E-16));
#10412=DIRECTION('ref_axis',(-0.499999999999969,-1.20533054737398E-14,-0.866025403784456));
#10413=DIRECTION('center_axis',(-0.353553390593293,0.707106781186482,-0.612372435695859));
#10414=DIRECTION('ref_axis',(0.866025403784407,-8.45434833252057E-14,-0.500000000000054));
#10415=DIRECTION('',(-0.353553390593196,-0.707106781186599,-0.61237243569578));
#10416=DIRECTION('',(0.86602540378446,2.11381804017264E-14,-0.499999999999963));
#10417=DIRECTION('',(-0.86602540378446,-2.11381804017264E-14,0.499999999999963));
#10418=DIRECTION('center_axis',(2.76080118771931E-14,-1.,-1.14850871161058E-14));
#10419=DIRECTION('ref_axis',(0.500000000000046,2.37503831458225E-14,-0.866025403784412));
#10420=DIRECTION('center_axis',(-2.43328539545433E-14,1.,1.30621461029603E-16));
#10421=DIRECTION('ref_axis',(0.500000000000046,1.22795484808038E-14,-0.866025403784412));
#10422=DIRECTION('center_axis',(2.43328539545433E-14,-1.,-1.30621461029603E-16));
#10423=DIRECTION('ref_axis',(0.500000000000045,1.22795484808038E-14,-0.866025403784413));
#10424=DIRECTION('center_axis',(2.4277342803314E-14,-1.,-1.60812264966591E-16));
#10425=DIRECTION('ref_axis',(-1.,-2.4277342803314E-14,-5.29396243222483E-14));
#10426=DIRECTION('',(2.4277342803314E-14,-1.,-1.60812264966591E-16));
#10427=DIRECTION('',(-2.4277342803314E-14,1.,1.60812264966591E-16));
#10428=DIRECTION('center_axis',(0.500000000000038,1.22779389083591E-14,
-0.866025403784417));
#10429=DIRECTION('ref_axis',(-0.866025403784417,-2.10075589406958E-14,-0.500000000000038));
#10430=DIRECTION('center_axis',(-0.500000000000038,-1.22779389083591E-14,
0.866025403784417));
#10431=DIRECTION('ref_axis',(-0.866025403784417,-4.43604491847681E-14,-0.500000000000038));
#10432=DIRECTION('',(2.4277342803314E-14,-1.,-1.60812264966591E-16));
#10433=DIRECTION('center_axis',(2.4277342803314E-14,-1.,-1.60812264966591E-16));
#10434=DIRECTION('ref_axis',(0.499999999999969,1.19994038949551E-14,0.866025403784456));
#10435=DIRECTION('',(-2.4277342803314E-14,1.,1.60812264966591E-16));
#10436=DIRECTION('center_axis',(-1.,-2.4277342803314E-14,-4.38600747996121E-14));
#10437=DIRECTION('ref_axis',(-4.38600747996121E-14,-3.17387982132596E-17,
1.));
#10438=DIRECTION('center_axis',(1.,2.4277342803314E-14,4.38600747996121E-14));
#10439=DIRECTION('ref_axis',(2.42773428033139E-14,-1.,2.4431653746088E-15));
#10440=DIRECTION('',(2.4277342803314E-14,-1.,-1.60812264966591E-16));
#10441=DIRECTION('center_axis',(2.43328539545433E-14,-1.,-1.30621461029603E-16));
#10442=DIRECTION('ref_axis',(1.,2.43328539545433E-14,4.40578401252469E-14));
#10443=DIRECTION('',(-1.,-2.43328539545433E-14,-4.40578401252469E-14));
#10444=DIRECTION('center_axis',(2.43328539545433E-14,-1.,-1.30621461029603E-16));
#10445=DIRECTION('ref_axis',(-0.70710678118658,-1.72982893577428E-14,0.707106781186515));
#10446=DIRECTION('',(5.36750560212758E-14,1.30621461030909E-16,-1.));
#10447=DIRECTION('center_axis',(-2.43328539545433E-14,1.,1.30621461029603E-16));
#10448=DIRECTION('ref_axis',(1.,2.43328539545433E-14,4.40578401252404E-14));
#10449=DIRECTION('',(-0.866025403784417,-2.10075589406958E-14,-0.500000000000038));
#10450=DIRECTION('center_axis',(2.43328539545433E-14,-1.,-1.30621461029603E-16));
#10451=DIRECTION('ref_axis',(-1.,-2.43328539545433E-14,-4.12360232527882E-14));
#10452=DIRECTION('',(4.40578401252404E-14,1.30621461030657E-16,-1.));
#10453=DIRECTION('center_axis',(2.43328539545433E-14,-1.,-1.30621461029603E-16));
#10454=DIRECTION('ref_axis',(-0.499999999999967,-1.20533054737398E-14,-0.866025403784457));
#10455=DIRECTION('',(0.866025403784462,2.11381804017265E-14,-0.49999999999996));
#10456=DIRECTION('center_axis',(-2.43328539545433E-14,1.,1.30621461029603E-16));
#10457=DIRECTION('ref_axis',(0.49999999999997,1.20533054737398E-14,0.866025403784456));
#10458=DIRECTION('',(4.50193214684322E-14,1.30621461030708E-16,-1.));
#10459=DIRECTION('center_axis',(2.43328539545433E-14,-1.,-1.30621461029603E-16));
#10460=DIRECTION('ref_axis',(-0.70710678118652,-1.71135627160163E-14,-0.707106781186575));
#10461=DIRECTION('',(1.,2.43328539545433E-14,4.4057840125247E-14));
#10462=DIRECTION('center_axis',(2.43328539545433E-14,-1.,-1.30621461029603E-16));
#10463=DIRECTION('ref_axis',(0.707106781186585,1.72982893577429E-14,-0.70710678118651));
#10464=DIRECTION('',(-4.40578401252469E-14,-1.30621461030657E-16,1.));
#10465=DIRECTION('center_axis',(2.43328539545433E-14,-1.,-1.30621461029603E-16));
#10466=DIRECTION('ref_axis',(0.707106781186516,1.71135627160162E-14,0.707106781186579));
#10467=DIRECTION('',(1.,2.43328539545433E-14,3.27781501973896E-13));
#10468=DIRECTION('center_axis',(-2.43328539545433E-14,1.,1.30621461029603E-16));
#10469=DIRECTION('ref_axis',(0.707106781186516,1.71135627160162E-14,0.707106781186579));
#10470=DIRECTION('',(4.38600747996121E-14,1.30621461030657E-16,-1.));
#10471=DIRECTION('center_axis',(-2.43328539545433E-14,1.,1.30621461029603E-16));
#10472=DIRECTION('ref_axis',(0.86602540378446,2.11381804017264E-14,-0.499999999999963));
#10473=DIRECTION('',(-0.866025403784416,-2.10075589406958E-14,-0.500000000000039));
#10474=DIRECTION('center_axis',(-2.43328539545433E-14,1.,1.30621461029603E-16));
#10475=DIRECTION('ref_axis',(0.500000000000038,1.22795484808036E-14,-0.866025403784417));
#10476=DIRECTION('',(-0.86602540378446,-2.11381804017264E-14,0.499999999999963));
#10477=DIRECTION('center_axis',(-2.43328539545433E-14,1.,1.30621461029603E-16));
#10478=DIRECTION('ref_axis',(-0.499999999999969,-1.20533054737398E-14,-0.866025403784457));
#10479=DIRECTION('',(-4.40578401252469E-14,-1.30621461030657E-16,1.));
#10480=DIRECTION('center_axis',(-2.43328539545433E-14,1.,1.30621461029603E-16));
#10481=DIRECTION('ref_axis',(-0.707106781186575,-1.72982893577427E-14,0.70710678118652));
#10482=DIRECTION('',(1.,2.43328539545433E-14,8.71067378868832E-14));
#10483=DIRECTION('',(8.71067378868831E-14,1.30621461031662E-16,-1.));
#10484=DIRECTION('',(1.,2.43328539545433E-14,8.71067378868831E-14));
#10485=DIRECTION('center_axis',(-2.43328539545433E-14,1.,1.30621461029603E-16));
#10486=DIRECTION('ref_axis',(0.707106781186498,1.71135627160157E-14,0.707106781186597));
#10487=DIRECTION('',(8.71067378868831E-14,1.30621461031662E-16,-1.));
#10488=DIRECTION('center_axis',(-2.43328539545433E-14,1.,1.30621461029603E-16));
#10489=DIRECTION('ref_axis',(0.707106781186585,1.72982893577429E-14,-0.70710678118651));
#10490=DIRECTION('',(-1.,-2.43328539545433E-14,-8.71067378868831E-14));
#10491=DIRECTION('',(2.78948432402068E-14,1.30621461030255E-16,-1.));
#10492=DIRECTION('',(-1.,-2.43328539545433E-14,-3.13350547887149E-15));
#10493=DIRECTION('',(-2.78948432402068E-14,-1.30621461030255E-16,1.));
#10494=DIRECTION('',(-1.,-2.43328539545433E-14,-8.71067378868831E-14));
#10495=DIRECTION('',(-3.13170514064694E-14,1.30621461028799E-16,-1.));
#10496=DIRECTION('',(-1.,-2.43328539545433E-14,-3.13350547887149E-15));
#10497=DIRECTION('',(3.13170514064694E-14,-1.30621461028799E-16,1.));
#10498=DIRECTION('',(-1.,-2.43328539545433E-14,-8.71067378868831E-14));
#10499=DIRECTION('center_axis',(-2.43328539545433E-14,1.,1.30621461029603E-16));
#10500=DIRECTION('ref_axis',(-0.707106781186498,-1.71135627160157E-14,-0.707106781186597));
#10501=DIRECTION('',(-8.71067378868831E-14,-1.30621461031662E-16,1.));
#10502=DIRECTION('center_axis',(-2.43328539545433E-14,1.,1.30621461029603E-16));
#10503=DIRECTION('ref_axis',(-0.707106781186613,-1.72982893577436E-14,0.707106781186482));
#10504=DIRECTION('',(1.,2.43328539545433E-14,8.71067378868831E-14));
#10505=DIRECTION('',(-8.71067378868831E-14,-1.30621461031662E-16,1.));
#10506=DIRECTION('',(1.,2.43328539545433E-14,8.71067378868832E-14));
#10507=DIRECTION('',(8.71067378868831E-14,1.30621461031662E-16,-1.));
#10508=DIRECTION('',(1.,2.43328539545433E-14,8.71067378868831E-14));
#10509=DIRECTION('',(-8.71067378868831E-14,-1.30621461031662E-16,1.));
#10510=DIRECTION('center_axis',(-2.43328539545433E-14,1.,1.30621461029603E-16));
#10511=DIRECTION('ref_axis',(-0.500000000000026,-1.22795484808034E-14,0.866025403784423));
#10512=DIRECTION('',(0.866025403784462,2.11381804017265E-14,-0.49999999999996));
#10513=DIRECTION('center_axis',(-2.43328539545433E-14,1.,1.30621461029603E-16));
#10514=DIRECTION('ref_axis',(0.499999999999958,1.20533054737395E-14,0.866025403784463));
#10515=DIRECTION('',(4.40578401252469E-14,1.30621461030657E-16,-1.));
#10516=DIRECTION('center_axis',(-2.43328539545433E-14,1.,1.30621461029603E-16));
#10517=DIRECTION('ref_axis',(1.,2.43328539545433E-14,4.40578401252469E-14));
#10518=DIRECTION('',(-0.866025403784417,-2.10075589406958E-14,-0.500000000000038));
#10519=DIRECTION('center_axis',(-2.43328539545433E-14,1.,1.30621461029603E-16));
#10520=DIRECTION('ref_axis',(4.06392397938919E-14,1.30621461030592E-16,
-1.));
#10521=DIRECTION('',(-0.866025403784459,-2.11381804017264E-14,0.499999999999965));
#10522=DIRECTION('center_axis',(-2.43328539545433E-14,1.,1.30621461029603E-16));
#10523=DIRECTION('ref_axis',(-0.499999999999965,-1.20533054737397E-14,-0.866025403784459));
#10524=DIRECTION('',(-4.40578401252469E-14,-1.30621461030657E-16,1.));
#10525=DIRECTION('center_axis',(-2.43328539545433E-14,1.,1.30621461029603E-16));
#10526=DIRECTION('ref_axis',(-1.,-2.43328539545433E-14,-5.59002190545822E-14));
#10527=DIRECTION('',(0.866025403784416,2.10075589406958E-14,0.500000000000039));
#10528=DIRECTION('center_axis',(-2.48982448838348E-13,0.707106781159475,
0.70710678121362));
#10529=DIRECTION('ref_axis',(-1.,-4.98124723697581E-14,-3.02301883560632E-13));
#10530=DIRECTION('',(-2.0004288014686E-13,-0.707106781193044,0.707106781180051));
#10531=DIRECTION('',(-1.,-2.43328539545433E-14,-3.27781501973896E-13));
#10532=DIRECTION('',(2.00042880146056E-13,0.707106781188915,-0.70710678118418));
#10533=DIRECTION('center_axis',(2.76080118779527E-14,-1.,1.07193733847612E-14));
#10534=DIRECTION('ref_axis',(-0.707106781186575,-1.19420708035449E-14,0.70710678118652));
#10535=DIRECTION('',(-0.70710678117444,-0.707106781198655,-2.35738559058978E-14));
#10536=DIRECTION('center_axis',(2.43328539545433E-14,-1.,-1.30621461029603E-16));
#10537=DIRECTION('ref_axis',(-0.707106781186576,-1.72982893577427E-14,0.707106781186519));
#10538=DIRECTION('center_axis',(-0.707106781186587,0.707106781186508,-3.10612341961334E-14));
#10539=DIRECTION('ref_axis',(-2.11041220129662E-13,-2.54968438793906E-13,
-1.));
#10540=DIRECTION('',(-0.707106781186508,-0.707106781186587,-2.35738559124887E-14));
#10541=DIRECTION('',(4.40578401252469E-14,1.30621461030657E-16,-1.));
#10542=DIRECTION('center_axis',(2.76080118771896E-14,-1.,1.07193733763672E-14));
#10543=DIRECTION('ref_axis',(-0.499999999999969,-2.30872555951787E-14,-0.866025403784457));
#10544=DIRECTION('',(-0.353553390593237,-0.707106781186581,-0.612372435695777));
#10545=DIRECTION('center_axis',(2.43328539545433E-14,-1.,-1.30621461029603E-16));
#10546=DIRECTION('ref_axis',(-0.499999999999969,-1.20533054737398E-14,-0.866025403784457));
#10547=DIRECTION('center_axis',(-0.353553390593261,0.707106781186546,-0.612372435695804));
#10548=DIRECTION('ref_axis',(0.866025403784408,-8.44879721739744E-14,-0.500000000000054));
#10549=DIRECTION('',(-0.353553390593239,-0.707106781186549,-0.612372435695812));
#10550=DIRECTION('',(0.86602540378446,2.11381804017264E-14,-0.499999999999963));
#10551=DIRECTION('center_axis',(2.76080118771909E-14,-1.,1.07193733763807E-14));
#10552=DIRECTION('ref_axis',(0.500000000000038,4.52075628200047E-15,-0.866025403784417));
#10553=DIRECTION('',(0.353553390593307,-0.707106781186585,-0.612372435695733));
#10554=DIRECTION('center_axis',(2.43328539545433E-14,-1.,-1.30621461029603E-16));
#10555=DIRECTION('ref_axis',(0.500000000000039,1.22795484808037E-14,-0.866025403784416));
#10556=DIRECTION('center_axis',(0.353553390593296,0.707106781186533,-0.612372435695799));
#10557=DIRECTION('ref_axis',(0.866025403784342,1.69947389494496E-13,0.500000000000168));
#10558=DIRECTION('',(0.353553390593301,-0.707106781186569,-0.612372435695754));
#10559=DIRECTION('',(0.866025403784416,2.10075589406958E-14,0.500000000000039));
#10560=DIRECTION('center_axis',(2.760801187719E-14,-1.,1.07193733763712E-14));
#10561=DIRECTION('ref_axis',(0.86602540378446,1.85495529454444E-14,-0.499999999999963));
#10562=DIRECTION('',(0.707106781186565,-0.70710678118653,3.87333391214978E-14));
#10563=DIRECTION('center_axis',(2.43328539545433E-14,-1.,-1.30621461029603E-16));
#10564=DIRECTION('ref_axis',(0.86602540378446,2.11381804017265E-14,-0.499999999999963));
#10565=DIRECTION('center_axis',(0.707106781186579,0.707106781186516,3.11061196350196E-14));
#10566=DIRECTION('ref_axis',(-2.98959135054501E-13,2.54968438793881E-13,
1.));
#10567=DIRECTION('',(0.707106781186524,-0.707106781186571,3.87333391215128E-14));
#10568=DIRECTION('',(-4.38600747996121E-14,-1.30621461030657E-16,1.));
#10569=DIRECTION('center_axis',(2.76080118779525E-14,-1.,1.07193733847585E-14));
#10570=DIRECTION('ref_axis',(0.707106781186516,2.71015540244118E-14,0.707106781186579));
#10571=DIRECTION('center_axis',(2.43328539545433E-14,-1.,-1.30621461029603E-16));
#10572=DIRECTION('ref_axis',(0.707106781186516,1.71135627160162E-14,0.707106781186579));
#10573=DIRECTION('center_axis',(0.499999999999963,1.1999403894955E-14,0.86602540378446));
#10574=DIRECTION('ref_axis',(0.86602540378446,2.11381804017264E-14,-0.499999999999963));
#10575=DIRECTION('',(-2.4277342803314E-14,1.,1.60812264966591E-16));
#10576=DIRECTION('center_axis',(-0.499999999999963,-1.1999403894955E-14,
-0.86602540378446));
#10577=DIRECTION('ref_axis',(0.86602540378446,4.19172838101603E-14,-0.499999999999963));
#10578=DIRECTION('',(-2.4277342803314E-14,1.,1.60812264966591E-16));
#10579=DIRECTION('center_axis',(2.4277342803314E-14,-1.,-1.60812264966591E-16));
#10580=DIRECTION('ref_axis',(-0.499999999999969,-1.19994038949551E-14,-0.866025403784457));
#10581=DIRECTION('',(-2.4277342803314E-14,1.,1.60812264966591E-16));
#10582=DIRECTION('center_axis',(1.,2.4277342803314E-14,4.40578401252469E-14));
#10583=DIRECTION('ref_axis',(4.40578401252469E-14,1.30621461030657E-16,
-1.));
#10584=DIRECTION('center_axis',(-1.,-2.4277342803314E-14,-4.40578401252469E-14));
#10585=DIRECTION('ref_axis',(2.42773428033139E-14,-1.,2.4431653746088E-15));
#10586=DIRECTION('',(2.42773428033028E-14,-1.,2.54968438793894E-13));
#10587=DIRECTION('center_axis',(2.42773428033028E-14,-1.,2.54968438793894E-13));
#10588=DIRECTION('ref_axis',(-0.707106781186576,1.63123238334296E-13,0.707106781186519));
#10589=DIRECTION('',(-2.42773428033028E-14,1.,-2.54968438793894E-13));
#10590=DIRECTION('center_axis',(-3.27781501973902E-13,2.54968438793879E-13,
1.));
#10591=DIRECTION('ref_axis',(1.,4.98124723697649E-14,3.27781501973889E-13));
#10592=DIRECTION('',(-1.,-4.98124723696926E-14,-4.40578401252404E-14));
#10593=DIRECTION('',(2.43328539545335E-14,-1.,2.54968438793894E-13));
#10594=DIRECTION('',(1.,2.38887647446931E-14,3.27781501973896E-13));
#10595=DIRECTION('',(-2.4332853954534E-14,1.,-2.54968438793894E-13));
#10596=DIRECTION('',(-1.,-4.98124723696926E-14,-4.40578401252404E-14));
#10597=DIRECTION('',(-2.42773428033137E-14,1.,9.88433065144994E-16));
#10598=DIRECTION('',(1.,2.38887647446931E-14,3.27781501973896E-13));
#10599=DIRECTION('',(-4.98124723696814E-14,1.,-2.54968438793896E-13));
#10600=DIRECTION('',(-1.,-4.98124723696926E-14,-4.40578401252404E-14));
#10601=DIRECTION('',(-4.98124723696814E-14,1.,-2.54968438793896E-13));
#10602=DIRECTION('',(1.,2.38887647446931E-14,3.27781501973896E-13));
#10603=DIRECTION('',(-4.98124723696814E-14,1.,-2.54968438793896E-13));
#10604=DIRECTION('',(-1.,-4.98124723696926E-14,-4.40578401252404E-14));
#10605=DIRECTION('',(-4.98124723696814E-14,1.,-2.54968438793896E-13));
#10606=DIRECTION('',(1.,2.43328539545433E-14,4.40578401252469E-14));
#10607=DIRECTION('',(2.42773428033028E-14,-1.,2.54968438793894E-13));
#10608=DIRECTION('',(-1.,-4.98124723696926E-14,-4.40578401252404E-14));
#10609=DIRECTION('',(2.42773428033028E-14,-1.,2.54968438793894E-13));
#10610=DIRECTION('center_axis',(3.27781501973902E-13,-2.54968438793879E-13,
-1.));
#10611=DIRECTION('ref_axis',(-1.,-4.98124723697649E-14,-3.27781501973889E-13));
#10612=DIRECTION('center_axis',(3.27781501973902E-13,-2.54968438793879E-13,
-1.));
#10613=DIRECTION('ref_axis',(-1.,-4.98124723697649E-14,-3.27781501973889E-13));
#10614=DIRECTION('center_axis',(2.76080118771912E-14,-1.,-1.14850871161279E-14));
#10615=DIRECTION('ref_axis',(-0.500000000000026,-2.37503831458403E-14,0.866025403784423));
#10616=DIRECTION('',(-0.353553390593245,-0.707106781186603,0.612372435695747));
#10617=DIRECTION('center_axis',(2.43328539545433E-14,-1.,-1.30621461029603E-16));
#10618=DIRECTION('ref_axis',(-0.500000000000026,-1.22795484808034E-14,0.866025403784423));
#10619=DIRECTION('',(-0.353553390593251,0.707106781186591,-0.612372435695757));
#10620=DIRECTION('center_axis',(-0.353553390593318,0.707106781186539,0.612372435695779));
#10621=DIRECTION('ref_axis',(-0.866025403784491,-1.70197189675036E-13,-0.499999999999909));
#10622=DIRECTION('',(-0.353553390593278,-0.707106781186556,0.612372435695782));
#10623=DIRECTION('',(-0.866025403784416,-2.10075589406958E-14,-0.500000000000039));
#10624=DIRECTION('center_axis',(2.76080118771896E-14,-1.,-1.14850871161472E-14));
#10625=DIRECTION('ref_axis',(-1.,-2.7608011877189E-14,-5.59002190545822E-14));
#10626=DIRECTION('',(-0.707106781186559,-0.707106781186536,-3.92747804993423E-14));
#10627=DIRECTION('center_axis',(2.43328539545433E-14,-1.,-1.30621461029603E-16));
#10628=DIRECTION('ref_axis',(-1.,-2.43328539545433E-14,-5.59002190545822E-14));
#10629=DIRECTION('center_axis',(-0.707106781186563,0.707106781186532,-3.10612341961323E-14));
#10630=DIRECTION('ref_axis',(-2.11041220129679E-13,-2.54968438793906E-13,
-1.));
#10631=DIRECTION('',(-0.707106781186532,-0.707106781186563,-3.92747804993393E-14));
#10632=DIRECTION('',(4.40578401252469E-14,1.30621461030657E-16,-1.));
#10633=DIRECTION('center_axis',(2.76080118771931E-14,-1.,-1.14850871161058E-14));
#10634=DIRECTION('ref_axis',(-0.499999999999965,-3.85762873137037E-15,-0.866025403784459));
#10635=DIRECTION('',(-0.353553390593208,-0.707106781186599,-0.612372435695773));
#10636=DIRECTION('center_axis',(2.43328539545433E-14,-1.,-1.30621461029603E-16));
#10637=DIRECTION('ref_axis',(-0.499999999999965,-1.20533054737397E-14,-0.866025403784459));
#10638=DIRECTION('center_axis',(-0.353553390593288,0.707106781186496,-0.612372435695846));
#10639=DIRECTION('ref_axis',(0.866025403784406,-8.451572774959E-14,-0.500000000000057));
#10640=DIRECTION('',(-0.353553390593216,-0.707106781186582,-0.612372435695788));
#10641=DIRECTION('',(0.866025403784459,2.11381804017264E-14,-0.499999999999965));
#10642=DIRECTION('center_axis',(2.76080118771901E-14,-1.,-1.14850871161413E-14));
#10643=DIRECTION('ref_axis',(4.06392397938915E-14,1.14850871161424E-14,
-1.));
#10644=DIRECTION('',(0.353553390593316,-0.707106781186552,-0.612372435695765));
#10645=DIRECTION('center_axis',(2.43328539545433E-14,-1.,-1.30621461029603E-16));
#10646=DIRECTION('ref_axis',(4.06392397938918E-14,1.30621461030592E-16,
-1.));
#10647=DIRECTION('center_axis',(0.353553390593297,0.707106781186529,-0.612372435695803));
#10648=DIRECTION('ref_axis',(0.866025403784342,1.70502501006808E-13,0.500000000000167));
#10649=DIRECTION('',(0.353553390593328,-0.707106781186545,-0.612372435695766));
#10650=DIRECTION('',(0.866025403784417,2.10075589406958E-14,0.500000000000038));
#10651=DIRECTION('center_axis',(2.76080118771931E-14,-1.,-1.14850871161058E-14));
#10652=DIRECTION('ref_axis',(1.,2.76080118771926E-14,4.40578401252469E-14));
#10653=DIRECTION('',(0.707106781186516,-0.707106781186579,2.30324145346759E-14));
#10654=DIRECTION('center_axis',(2.43328539545433E-14,-1.,-1.30621461029603E-16));
#10655=DIRECTION('ref_axis',(1.,2.43328539545433E-14,4.40578401252469E-14));
#10656=DIRECTION('center_axis',(0.707106781186542,0.707106781186553,3.12459608378579E-14));
#10657=DIRECTION('ref_axis',(-2.99156900380162E-13,2.54968438793881E-13,
1.));
#10658=DIRECTION('',(0.707106781186553,-0.707106781186542,2.3032414534658E-14));
#10659=DIRECTION('',(-4.40578401252469E-14,-1.30621461030657E-16,1.));
#10660=DIRECTION('center_axis',(2.76080118771906E-14,-1.,-1.14850871161354E-14));
#10661=DIRECTION('ref_axis',(0.499999999999958,3.85762873134325E-15,0.866025403784463));
#10662=DIRECTION('',(0.353553390593256,-0.707106781186552,0.612372435695799));
#10663=DIRECTION('center_axis',(2.43328539545433E-14,-1.,-1.30621461029603E-16));
#10664=DIRECTION('ref_axis',(0.499999999999958,1.20533054737396E-14,0.866025403784463));
#10665=DIRECTION('center_axis',(0.353553390593231,0.70710678118655,0.612372435695816));
#10666=DIRECTION('ref_axis',(-0.866025403784515,8.451572774959E-14,0.499999999999868));
#10667=DIRECTION('',(-0.866025403784462,-2.11381804017265E-14,0.49999999999996));
#10668=DIRECTION('center_axis',(0.499999999999965,1.19651008550088E-14,
0.866025403784459));
#10669=DIRECTION('ref_axis',(0.866025403784459,2.11381804017265E-14,-0.499999999999965));
#10670=DIRECTION('',(-2.42436996813557E-14,1.,1.80998138141474E-16));
#10671=DIRECTION('',(2.42436996813557E-14,-1.,-1.80998138141474E-16));
#10672=DIRECTION('center_axis',(2.42436996813557E-14,-1.,-1.80998138141474E-16));
#10673=DIRECTION('ref_axis',(-0.499999999999965,-1.19651008550088E-14,-0.866025403784459));
#10674=DIRECTION('',(2.42436996813557E-14,-1.,-1.80998138141474E-16));
#10675=DIRECTION('center_axis',(1.,2.42436996813557E-14,4.40578401252469E-14));
#10676=DIRECTION('ref_axis',(4.40578401252469E-14,1.30621461030657E-16,
-1.));
#10677=DIRECTION('',(-2.42436996813557E-14,1.,1.80998138141474E-16));
#10678=DIRECTION('center_axis',(2.42436996813557E-14,-1.,-1.80998138141474E-16));
#10679=DIRECTION('ref_axis',(-1.,-2.42436996813557E-14,-5.59002190545822E-14));
#10680=DIRECTION('',(-2.42436996813557E-14,1.,1.80998138141474E-16));
#10681=DIRECTION('center_axis',(0.500000000000039,1.2278598826347E-14,-0.866025403784416));
#10682=DIRECTION('ref_axis',(-0.866025403784416,-2.07671886048978E-14,-0.500000000000039));
#10683=DIRECTION('',(-2.42436996813557E-14,1.,1.80998138141474E-16));
#10684=DIRECTION('center_axis',(2.42436996813557E-14,-1.,-1.80998138141474E-16));
#10685=DIRECTION('ref_axis',(-0.500000000000026,-1.22785988263467E-14,0.866025403784423));
#10686=DIRECTION('',(-2.42436996813557E-14,1.,1.80998138141474E-16));
#10687=DIRECTION('center_axis',(1.39476714801161E-14,0.707106781186538,
-0.707106781186557));
#10688=DIRECTION('ref_axis',(1.,4.9812472369699E-14,6.9537458540402E-14));
#10689=DIRECTION('',(5.06754099304296E-14,-0.707106781186549,-0.707106781186546));
#10690=DIRECTION('',(1.,2.43328539545433E-14,4.40578401252469E-14));
#10691=DIRECTION('',(-5.06754099304295E-14,0.707106781186557,0.707106781186538));
#10692=DIRECTION('center_axis',(-2.76080118771889E-14,1.,-1.0719373376359E-14));
#10693=DIRECTION('ref_axis',(0.707106781186516,2.71015540179325E-14,0.707106781186579));
#10694=DIRECTION('',(-0.707106781186532,-0.707106781186563,-2.35738559125015E-14));
#10695=DIRECTION('center_axis',(-2.43328539545433E-14,1.,1.30621461029603E-16));
#10696=DIRECTION('ref_axis',(0.707106781186516,1.71135627160162E-14,0.707106781186579));
#10697=DIRECTION('center_axis',(-0.707106781186559,0.707106781186536,-3.10612341961321E-14));
#10698=DIRECTION('ref_axis',(-2.11041220129681E-13,-2.54968438793906E-13,
-1.));
#10699=DIRECTION('',(-0.707106781186497,-0.707106781186598,-7.8729313256592E-15));
#10700=DIRECTION('',(4.40578401252469E-14,1.30621461030657E-16,-1.));
#10701=DIRECTION('center_axis',(-2.76080118771955E-14,1.,1.14850871160762E-14));
#10702=DIRECTION('ref_axis',(0.707106781186585,2.764299539574E-14,-0.70710678118651));
#10703=DIRECTION('',(4.0691394832963E-15,-0.707106781186648,0.707106781186447));
#10704=DIRECTION('center_axis',(-2.43328539545433E-14,1.,1.30621461029603E-16));
#10705=DIRECTION('ref_axis',(0.707106781186585,1.72982893577429E-14,-0.70710678118651));
#10706=DIRECTION('center_axis',(-4.8359523553875E-14,0.707106781186516,
0.707106781186579));
#10707=DIRECTION('ref_axis',(-1.,-4.98124723696861E-14,-1.85782217101064E-14));
#10708=DIRECTION('',(-1.16317851035484E-14,-0.707106781186579,0.707106781186516));
#10709=DIRECTION('',(-1.,-2.43328539545433E-14,-4.4057840125247E-14));
#10710=DIRECTION('center_axis',(-2.76080118770275E-14,1.,1.14850871180922E-14));
#10711=DIRECTION('ref_axis',(-0.70710678118652,-1.14006294296026E-14,-0.707106781186575));
#10712=DIRECTION('',(0.70710678118916,-0.707106781183935,2.30324145334181E-14));
#10713=DIRECTION('center_axis',(-2.43328539545433E-14,1.,1.30621461029603E-16));
#10714=DIRECTION('ref_axis',(-0.707106781186519,-1.71135627160162E-14,-0.707106781186576));
#10715=DIRECTION('center_axis',(0.707106781186522,0.707106781186573,3.19258308156077E-14));
#10716=DIRECTION('ref_axis',(-3.00118381723362E-13,2.54968438793881E-13,
1.));
#10717=DIRECTION('',(0.707106781186581,-0.707106781186514,2.30324145346534E-14));
#10718=DIRECTION('',(-4.50193214684322E-14,-1.30621461030708E-16,1.));
#10719=DIRECTION('center_axis',(2.76080118767681E-14,-1.,-1.14850871212058E-14));
#10720=DIRECTION('ref_axis',(0.49999999999997,3.85762872674131E-15,0.866025403784456));
#10721=DIRECTION('',(0.353553390596661,-0.707106781179766,0.612372435701669));
#10722=DIRECTION('center_axis',(2.43328539545433E-14,-1.,-1.30621461029603E-16));
#10723=DIRECTION('ref_axis',(0.49999999999997,1.20533054737398E-14,0.866025403784456));
#10724=DIRECTION('center_axis',(0.353553390591859,0.707106781189294,0.612372435693439));
#10725=DIRECTION('ref_axis',(-0.866025403784514,8.40438829641244E-14,0.499999999999869));
#10726=DIRECTION('',(0.353553390594592,-0.707106781183876,0.612372435698119));
#10727=DIRECTION('',(-0.866025403784462,-2.11381804017265E-14,0.49999999999996));
#10728=DIRECTION('center_axis',(-2.76080118771894E-14,1.,1.14850871161502E-14));
#10729=DIRECTION('ref_axis',(-0.499999999999967,-3.85762873133015E-15,-0.866025403784457));
#10730=DIRECTION('',(0.707106781186812,-0.707106781186283,2.30324145346599E-14));
#10731=DIRECTION('center_axis',(-2.43328539545433E-14,1.,1.30621461029603E-16));
#10732=DIRECTION('ref_axis',(-0.499999999999968,-1.20533054737398E-14,-0.866025403784457));
#10733=DIRECTION('center_axis',(0.707106781186448,0.707106781186647,3.12459608378492E-14));
#10734=DIRECTION('ref_axis',(-2.99156900380224E-13,2.54968438793881E-13,
1.));
#10735=DIRECTION('',(0.70710678118664,-0.707106781186455,2.30324145346169E-14));
#10736=DIRECTION('',(-4.40578401252404E-14,-1.30621461030657E-16,1.));
#10737=DIRECTION('center_axis',(-2.76080118771873E-14,1.,-1.07193733763414E-14));
#10738=DIRECTION('ref_axis',(-1.,-2.76080118771877E-14,-4.12360232527882E-14));
#10739=DIRECTION('',(0.353553390593339,-0.707106781186534,-0.612372435695772));
#10740=DIRECTION('center_axis',(-2.43328539545433E-14,1.,1.30621461029603E-16));
#10741=DIRECTION('ref_axis',(-1.,-2.43328539545433E-14,-4.12360232527882E-14));
#10742=DIRECTION('center_axis',(0.353553390594731,0.707106781183661,-0.612372435698286));
#10743=DIRECTION('ref_axis',(0.866025403784342,1.70058411796958E-13,0.500000000000167));
#10744=DIRECTION('',(0.35355339059187,-0.707106781189434,-0.612372435693272));
#10745=DIRECTION('',(0.866025403784417,2.10075589406958E-14,0.500000000000038));
#10746=DIRECTION('center_axis',(2.76080118776838E-14,-1.,1.07193733818028E-14));
#10747=DIRECTION('ref_axis',(1.,2.76080118776843E-14,4.40578401252406E-14));
#10748=DIRECTION('',(0.707106781178648,-0.707106781194447,3.87333391250746E-14));
#10749=DIRECTION('center_axis',(2.43328539545433E-14,-1.,-1.30621461029603E-16));
#10750=DIRECTION('ref_axis',(1.,2.43328539545433E-14,4.40578401252404E-14));
#10751=DIRECTION('center_axis',(0.707106781191238,0.707106781181857,3.80463594143265E-14));
#10752=DIRECTION('ref_axis',(-3.08774116272802E-13,2.5496843879388E-13,
1.));
#10753=DIRECTION('',(0.707106781181857,-0.707106781191238,3.8733339123637E-14));
#10754=DIRECTION('',(-5.36750560212758E-14,-1.30621461030909E-16,1.));
#10755=DIRECTION('center_axis',(-2.7608011877021E-14,1.,-1.07193733745123E-14));
#10756=DIRECTION('ref_axis',(-0.70710678118658,-1.19420708101334E-14,0.707106781186515));
#10757=DIRECTION('center_axis',(-2.43328539545433E-14,1.,1.30621461029603E-16));
#10758=DIRECTION('ref_axis',(-0.70710678118658,-1.72982893577428E-14,0.707106781186515));
#10759=DIRECTION('center_axis',(4.98124723696814E-14,-1.,2.54968438793896E-13));
#10760=DIRECTION('ref_axis',(0.49999999999997,2.45715381343615E-13,0.866025403784456));
#10761=DIRECTION('',(-4.98124723696814E-14,1.,-2.54968438793896E-13));
#10762=DIRECTION('center_axis',(-4.98124723696925E-14,1.,-2.53673307121476E-15));
#10763=DIRECTION('ref_axis',(0.866025403784453,4.44072330330722E-14,0.499999999999975));
#10764=DIRECTION('',(-4.98124723696813E-14,1.,-2.54968438793896E-13));
#10765=DIRECTION('center_axis',(1.,4.98124723696928E-14,4.50193214684322E-14));
#10766=DIRECTION('ref_axis',(4.50193214684449E-14,-2.54968438793893E-13,
-1.));
#10767=DIRECTION('',(4.50193214684324E-14,-2.53673307121249E-15,-1.));
#10768=DIRECTION('center_axis',(1.,4.98124723696928E-14,4.50193214684322E-14));
#10769=DIRECTION('ref_axis',(6.70562044950224E-14,-0.707106781186464,-0.707106781186631));
#10770=DIRECTION('',(-4.98124723696928E-14,1.,3.47455824001721E-16));
#10771=DIRECTION('',(4.40578401252469E-14,1.30621461030657E-16,-1.));
#10772=DIRECTION('',(4.98124723696928E-14,-1.,6.12323399597026E-17));
#10773=DIRECTION('',(-5.30102744873893E-15,-0.819152044288989,0.57357643635105));
#10774=DIRECTION('',(4.98124723696929E-14,-1.,-2.13893658567933E-15));
#10775=DIRECTION('center_axis',(-4.98124723696929E-14,1.,2.13893658567933E-15));
#10776=DIRECTION('ref_axis',(-0.707106781186519,-3.3710280436014E-14,-0.707106781186576));
#10777=DIRECTION('center_axis',(5.00211640773338E-14,-0.57357643635105,
-0.819152044288989));
#10778=DIRECTION('ref_axis',(-2.57222138966729E-14,0.819152044288989,-0.57357643635105));
#10779=DIRECTION('',(-4.98124723696929E-14,1.,2.13893658567933E-15));
#10780=DIRECTION('center_axis',(4.40578401252469E-14,2.13893658568155E-15,
-1.));
#10781=DIRECTION('ref_axis',(2.42773428033141E-14,-1.,-2.13893658568048E-15));
#10782=DIRECTION('',(-1.,-2.42881216676307E-14,-4.4057840125247E-14));
#10783=DIRECTION('',(2.42773428033141E-14,-1.,-2.1389365856805E-15));
#10784=DIRECTION('center_axis',(4.40578401252469E-14,2.13893658568155E-15,
-1.));
#10785=DIRECTION('ref_axis',(1.,4.98124723696926E-14,4.4057840125247E-14));
#10786=DIRECTION('center_axis',(-2.42773428033141E-14,1.,2.1389365856805E-15));
#10787=DIRECTION('ref_axis',(0.707106781186585,1.86791302896773E-14,-0.70710678118651));
#10788=DIRECTION('center_axis',(5.00211640773338E-14,-0.57357643635105,
-0.819152044288989));
#10789=DIRECTION('ref_axis',(5.44107677790069E-15,0.819152044288989,-0.57357643635105));
#10790=DIRECTION('',(-2.42773428033141E-14,1.,2.1389365856805E-15));
#10791=DIRECTION('center_axis',(-1.,-2.4277342803314E-14,-4.40578401252469E-14));
#10792=DIRECTION('ref_axis',(4.40578401252469E-14,1.30621461030657E-16,
-1.));
#10793=DIRECTION('',(-5.38370394512425E-15,-0.819152044288989,0.57357643635105));
#10794=DIRECTION('',(-2.4277342803314E-14,1.,-6.12323399585414E-17));
#10795=DIRECTION('',(4.40578401252469E-14,1.0060855709912E-15,-1.));
#10796=DIRECTION('',(2.4277342803314E-14,-1.,-3.47455824002882E-16));
#10797=DIRECTION('center_axis',(-1.,-2.4277342803314E-14,-4.40578401252469E-14));
#10798=DIRECTION('ref_axis',(4.83202712424086E-14,-0.707106781186547,-0.707106781186548));
#10799=DIRECTION('',(-4.4057840125247E-14,2.53673307121255E-15,1.));
#10800=DIRECTION('center_axis',(-1.,-2.4277342803314E-14,-4.40578401252469E-14));
#10801=DIRECTION('ref_axis',(-1.39869237915874E-14,-0.707106781186456,0.707106781186639));
#10802=DIRECTION('',(-2.42773428033028E-14,1.,-2.54968438793894E-13));
#10803=DIRECTION('',(4.40578401252469E-14,1.30621461030657E-16,-1.));
#10804=DIRECTION('',(2.4277342803314E-14,-1.,6.12323399584909E-17));
#10805=DIRECTION('center_axis',(-2.4277342803314E-14,1.,-6.12323399584909E-17));
#10806=DIRECTION('ref_axis',(0.707106781186516,1.72099715282256E-14,0.707106781186579));
#10807=DIRECTION('center_axis',(-2.43328539545433E-14,1.,1.30621461029603E-16));
#10808=DIRECTION('ref_axis',(0.707106781186516,1.71135627160162E-14,0.707106781186579));
#10809=DIRECTION('',(-2.4277342803314E-14,1.,-6.12323399584909E-17));
#10810=DIRECTION('center_axis',(4.40578401252469E-14,-6.12323399574361E-17,
-1.));
#10811=DIRECTION('ref_axis',(1.,2.43328539545433E-14,4.40578401252469E-14));
#10812=DIRECTION('',(1.,2.43328539545433E-14,4.40578401252469E-14));
#10813=DIRECTION('',(4.9812472369695E-14,-1.,6.12323399596521E-17));
#10814=DIRECTION('center_axis',(-4.4057840125247E-14,6.12323399574361E-17,
1.));
#10815=DIRECTION('ref_axis',(-1.,-4.98124723696926E-14,-4.4057840125247E-14));
#10816=DIRECTION('center_axis',(-4.40578401252469E-14,6.12323399574361E-17,
1.));
#10817=DIRECTION('ref_axis',(-1.,-4.98124723696926E-14,-4.40578401252469E-14));
#10818=DIRECTION('',(4.98124723696926E-14,-1.,6.12323399596521E-17));
#10819=DIRECTION('',(-1.,-4.98124723696926E-14,-4.40578401252469E-14));
#10820=DIRECTION('',(-4.98124723696926E-14,1.,-6.12323399596521E-17));
#10821=DIRECTION('',(1.,4.98124723696926E-14,4.40578401252469E-14));
#10822=DIRECTION('center_axis',(-7.87996910836343E-14,0.707106781188131,
0.707106781184964));
#10823=DIRECTION('ref_axis',(-1.,-4.98124723696971E-14,-6.16271194716152E-14));
#10824=DIRECTION('',(-1.,-2.43328539545433E-14,-8.71067378868831E-14));
#10825=DIRECTION('',(0.577350269188795,0.577350269188782,-0.577350269191301));
#10826=DIRECTION('',(-4.30336342772701E-14,-0.707106781184962,0.707106781188133));
#10827=DIRECTION('center_axis',(-1.49902030638838E-14,0.70710678118653,
-0.707106781186565));
#10828=DIRECTION('ref_axis',(1.,4.98124723696887E-14,2.86131238940156E-14));
#10829=DIRECTION('',(1.,2.43328539545433E-14,3.13350547887149E-15));
#10830=DIRECTION('',(0.57735026918964,0.577350269189652,0.577350269189585));
#10831=DIRECTION('',(0.577350269189631,-0.577350269189631,-0.577350269189616));
#10832=DIRECTION('center_axis',(0.707106781186522,0.707106781186573,-2.20521360954194E-14));
#10833=DIRECTION('ref_axis',(-2.23782008848462E-13,2.54968438793885E-13,
1.));
#10834=DIRECTION('',(3.13170514064694E-14,-1.30621461028799E-16,1.));
#10835=DIRECTION('',(0.577350269189667,-0.577350269189639,-0.577350269189572));
#10836=DIRECTION('center_axis',(-7.87996910837335E-14,0.707106781186551,
0.707106781186544));
#10837=DIRECTION('ref_axis',(-1.,-4.98124723696971E-14,-6.16271194717291E-14));
#10838=DIRECTION('',(-0.577350269189643,-0.577350269189633,0.577350269189601));
#10839=DIRECTION('',(-1.,-2.43328539545433E-14,-8.71067378868832E-14));
#10840=DIRECTION('',(-0.577350269189613,0.577350269189596,-0.577350269189669));
#10841=DIRECTION('center_axis',(4.43878390099771E-14,0.707106781186526,
-0.707106781186569));
#10842=DIRECTION('ref_axis',(1.,4.98124723697099E-14,1.12586356302048E-13));
#10843=DIRECTION('',(1.,2.43328539545433E-14,8.71067378868831E-14));
#10844=DIRECTION('',(-0.577350269189594,-0.577350269189654,-0.577350269189629));
#10845=DIRECTION('center_axis',(0.707106781186525,0.70710678118657,6.16861283677163E-14));
#10846=DIRECTION('ref_axis',(-3.4220579814181E-13,2.54968438793878E-13,
1.));
#10847=DIRECTION('',(-8.71067378868831E-14,-1.30621461031662E-16,1.));
#10848=DIRECTION('',(-0.577350269188738,0.577350269188743,-0.577350269191396));
#10849=DIRECTION('center_axis',(-0.707106781186575,0.70710678118652,-1.96322694944238E-14));
#10850=DIRECTION('ref_axis',(-2.27204217014711E-13,-2.54968438793907E-13,
-1.));
#10851=DIRECTION('',(2.78948432402068E-14,1.30621461030255E-16,-1.));
#10852=DIRECTION('',(-0.577350269189583,-0.577350269189653,-0.577350269189641));
#10853=DIRECTION('center_axis',(-7.87996910836343E-14,0.707106781188131,
0.707106781184964));
#10854=DIRECTION('ref_axis',(-1.,-4.98124723696971E-14,-6.16271194716152E-14));
#10855=DIRECTION('',(-1.,-2.43328539545433E-14,-8.71067378868831E-14));
#10856=DIRECTION('',(0.577350269188789,0.577350269188783,-0.577350269191305));
#10857=DIRECTION('center_axis',(-1.49902030638842E-14,0.707106781186548,
-0.707106781186547));
#10858=DIRECTION('ref_axis',(1.,4.98124723696886E-14,2.86131238940169E-14));
#10859=DIRECTION('',(1.,2.43328539545433E-14,3.13350547887149E-15));
#10860=DIRECTION('',(0.577350269189659,-0.577350269189588,-0.57735026918963));
#10861=DIRECTION('center_axis',(0.707106781186518,0.707106781186577,1.98169961361481E-14));
#10862=DIRECTION('ref_axis',(-2.8299390349514E-13,2.54968438793882E-13,
1.));
#10863=DIRECTION('',(-2.78948432402068E-14,-1.30621461030255E-16,1.));
#10864=DIRECTION('',(0.577350269189685,-0.577350269189618,-0.577350269189574));
#10865=DIRECTION('center_axis',(-7.87996910837329E-14,0.707106781186561,
0.707106781186534));
#10866=DIRECTION('ref_axis',(-1.,-4.98124723696971E-14,-6.16271194717284E-14));
#10867=DIRECTION('',(-0.577350269189663,-0.577350269189634,0.57735026918958));
#10868=DIRECTION('',(-1.,-2.43328539545433E-14,-8.71067378868832E-14));
#10869=DIRECTION('',(-0.57735026918961,0.57735026918961,-0.577350269189657));
#10870=DIRECTION('center_axis',(0.707106781186516,0.707106781186579,6.16861283677155E-14));
#10871=DIRECTION('ref_axis',(-3.42205798141816E-13,2.54968438793879E-13,
1.));
#10872=DIRECTION('',(-8.71067378868831E-14,-1.30621461031662E-16,1.));
#10873=DIRECTION('',(-0.577350269188742,0.577350269188743,-0.577350269191392));
#10874=DIRECTION('center_axis',(4.43878390099751E-14,0.707106781186544,
-0.707106781186551));
#10875=DIRECTION('ref_axis',(1.,4.98124723697104E-14,1.1258635630205E-13));
#10876=DIRECTION('',(1.,2.43328539545433E-14,8.71067378868831E-14));
#10877=DIRECTION('',(8.20772591041053E-14,-0.707106781186551,-0.707106781186544));
#10878=DIRECTION('center_axis',(2.76080118771953E-14,-1.,-1.14850871160792E-14));
#10879=DIRECTION('ref_axis',(0.707106781186585,2.7642995395742E-14,-0.70710678118651));
#10880=DIRECTION('',(0.707106781186489,-0.707106781186607,5.44342637083645E-14));
#10881=DIRECTION('center_axis',(2.43328539545433E-14,-1.,-1.30621461029603E-16));
#10882=DIRECTION('ref_axis',(0.707106781186585,1.72982893577429E-14,-0.70710678118651));
#10883=DIRECTION('center_axis',(0.70710678118652,0.707106781186575,6.16861283677158E-14));
#10884=DIRECTION('ref_axis',(-3.42205798141813E-13,2.54968438793879E-13,
1.));
#10885=DIRECTION('',(0.707106781186581,-0.707106781186514,5.44342637083263E-14));
#10886=DIRECTION('',(-8.71067378868831E-14,-1.30621461031662E-16,1.));
#10887=DIRECTION('center_axis',(2.76080118771912E-14,-1.,1.07193733763848E-14));
#10888=DIRECTION('ref_axis',(0.707106781186498,2.7101554017952E-14,0.707106781186597));
#10889=DIRECTION('',(-4.30336342772207E-14,-0.707106781186573,0.707106781186522));
#10890=DIRECTION('center_axis',(2.43328539545433E-14,-1.,-1.30621461029603E-16));
#10891=DIRECTION('ref_axis',(0.707106781186498,1.71135627160157E-14,0.707106781186598));
#10892=DIRECTION('center_axis',(-7.87996910836343E-14,0.707106781188131,
0.707106781184964));
#10893=DIRECTION('ref_axis',(-1.,-4.98124723696971E-14,-6.16271194716152E-14));
#10894=DIRECTION('',(-1.,-2.43328539545433E-14,-8.71067378868831E-14));
#10895=DIRECTION('center_axis',(-0.707106781186575,0.70710678118652,-6.15014017259926E-14));
#10896=DIRECTION('ref_axis',(-1.67992322368033E-13,-2.54968438793904E-13,
-1.));
#10897=DIRECTION('',(8.71067378868831E-14,1.30621461031662E-16,-1.));
#10898=DIRECTION('center_axis',(-0.707106781186573,0.707106781186522,-6.15014017259924E-14));
#10899=DIRECTION('ref_axis',(-1.67992322368034E-13,-2.54968438793904E-13,
-1.));
#10900=DIRECTION('',(8.71067378868831E-14,1.30621461031662E-16,-1.));
#10901=DIRECTION('center_axis',(2.20568967539081E-14,-1.,1.07193733749948E-14));
#10902=DIRECTION('ref_axis',(-0.707106781186613,-8.01683966309276E-15,0.707106781186482));
#10903=DIRECTION('',(-0.707106781188504,-0.707106781184591,-5.49757050873363E-14));
#10904=DIRECTION('center_axis',(2.43328539545433E-14,-1.,-1.30621461029603E-16));
#10905=DIRECTION('ref_axis',(-0.707106781186613,-1.72982893577436E-14,0.707106781186482));
#10906=DIRECTION('center_axis',(-0.707106781186571,0.707106781186524,-6.15014017259923E-14));
#10907=DIRECTION('ref_axis',(-1.67992322368036E-13,-2.54968438793904E-13,
-1.));
#10908=DIRECTION('',(-0.707106781186524,-0.707106781186571,-7.06766296730126E-14));
#10909=DIRECTION('',(8.71067378868831E-14,1.30621461031662E-16,-1.));
#10910=DIRECTION('center_axis',(2.20568967539128E-14,-1.,-1.1485087117597E-14));
#10911=DIRECTION('ref_axis',(-0.707106781186498,-7.47539828325051E-15,-0.707106781186598));
#10912=DIRECTION('',(7.81520279574169E-14,-0.70710678118462,-0.707106781188475));
#10913=DIRECTION('center_axis',(2.43328539545433E-14,-1.,-1.30621461029603E-16));
#10914=DIRECTION('ref_axis',(-0.707106781186497,-1.71135627160157E-14,-0.707106781186598));
#10915=DIRECTION('center_axis',(4.43878390099769E-14,0.707106781186528,
-0.707106781186567));
#10916=DIRECTION('ref_axis',(1.,4.98124723697098E-14,1.12586356302048E-13));
#10917=DIRECTION('',(-0.577350269189623,-0.577350269189635,-0.577350269189619));
#10918=DIRECTION('',(1.,2.43328539545433E-14,8.71067378868831E-14));
#10919=DIRECTION('center_axis',(-0.707106781186565,0.70710678118653,2.22368627371448E-14));
#10920=DIRECTION('ref_axis',(-2.86416111661395E-13,-2.5496843879391E-13,
-1.));
#10921=DIRECTION('',(-3.13170514064694E-14,1.30621461028799E-16,-1.));
#10922=DIRECTION('center_axis',(1.,4.93988274245505E-14,-3.13170514064694E-14));
#10923=DIRECTION('ref_axis',(3.13170514064693E-14,2.53673307121627E-15,
1.));
#10924=DIRECTION('',(4.93988274245506E-14,-1.,3.47231214765434E-15));
#10925=DIRECTION('',(3.13170514064693E-14,2.53673307121627E-15,1.));
#10926=DIRECTION('',(4.93988274245504E-14,-1.,-1.10378254705558E-15));
#10927=DIRECTION('center_axis',(-4.86589938951839E-14,1.,1.10378254705568E-15));
#10928=DIRECTION('ref_axis',(-0.707106781186497,-3.36266124250184E-14,-0.707106781186598));
#10929=DIRECTION('',(4.86589938951839E-14,-1.,-1.10378254705568E-15));
#10930=DIRECTION('',(-4.86589938951839E-14,1.,1.10378254705568E-15));
#10931=DIRECTION('center_axis',(-1.,-4.86589938951838E-14,-8.71067378868831E-14));
#10932=DIRECTION('ref_axis',(8.71067378868831E-14,2.0593035165262E-27,-1.));
#10933=DIRECTION('',(4.86589938951839E-14,-1.,-1.10378254705568E-15));
#10934=DIRECTION('center_axis',(4.86589938951839E-14,-1.,-1.10378254705568E-15));
#10935=DIRECTION('ref_axis',(-0.707106781186613,-3.51875966729809E-14,0.707106781186482));
#10936=DIRECTION('',(-4.86589938951839E-14,1.,1.10378254705568E-15));
#10937=DIRECTION('center_axis',(8.71067378868831E-14,1.10378254705991E-15,
-1.));
#10938=DIRECTION('ref_axis',(1.,4.8868782798772E-14,8.71067378868832E-14));
#10939=DIRECTION('',(-1.,-4.93683831598425E-14,-8.71067378868831E-14));
#10940=DIRECTION('',(-4.93988274245504E-14,1.,1.10378254705558E-15));
#10941=DIRECTION('',(4.94815564135791E-14,-1.,-1.10378254705558E-15));
#10942=DIRECTION('',(-1.,-4.93683831598425E-14,-8.71067378868831E-14));
#10943=DIRECTION('',(-4.94815564135791E-14,1.,1.10378254705558E-15));
#10944=DIRECTION('',(-4.86589938951839E-14,1.,1.10378254705568E-15));
#10945=DIRECTION('center_axis',(1.,4.94815564135792E-14,8.71067378868831E-14));
#10946=DIRECTION('ref_axis',(-8.71067378868832E-14,2.53673307121043E-15,
1.));
#10947=DIRECTION('',(-4.94815564135793E-14,1.,1.10378254705558E-15));
#10948=DIRECTION('',(8.71067378868833E-14,-2.53673307121043E-15,-1.));
#10949=DIRECTION('',(4.9481556413579E-14,-1.,2.14864832320046E-15));
#10950=DIRECTION('center_axis',(8.71067378868832E-14,-2.14864832319613E-15,
-1.));
#10951=DIRECTION('ref_axis',(1.,4.93683831598425E-14,8.71067378868831E-14));
#10952=DIRECTION('',(-1.,-4.93683831598425E-14,-8.71067378868831E-14));
#10953=DIRECTION('',(4.9481556413579E-14,-1.,2.14864832320046E-15));
#10954=DIRECTION('center_axis',(-1.,-4.94815564135792E-14,-8.71067378868831E-14));
#10955=DIRECTION('ref_axis',(8.71067378868832E-14,-2.53673307121043E-15,
-1.));
#10956=DIRECTION('',(-8.71067378868833E-14,2.53673307121043E-15,1.));
#10957=DIRECTION('',(4.94815564135793E-14,-1.,-1.10378254705558E-15));
#10958=DIRECTION('center_axis',(-8.71067378868831E-14,-1.10378254705991E-15,
1.));
#10959=DIRECTION('ref_axis',(-1.,-4.8868782798772E-14,-8.71067378868832E-14));
#10960=DIRECTION('',(4.86589938951839E-14,-1.,-1.10378254705568E-15));
#10961=DIRECTION('',(4.94815564135793E-14,-1.,-1.10378254705558E-15));
#10962=DIRECTION('',(1.,4.93683831598425E-14,8.71067378868831E-14));
#10963=DIRECTION('',(-4.94815564135793E-14,1.,1.10378254705558E-15));
#10964=DIRECTION('',(1.,4.93683831598425E-14,8.71067378868831E-14));
#10965=DIRECTION('center_axis',(1.,4.94815564135792E-14,8.71067378868831E-14));
#10966=DIRECTION('ref_axis',(-8.71067378868832E-14,2.53673307121043E-15,
1.));
#10967=DIRECTION('',(-8.71067378868833E-14,2.53673307121043E-15,1.));
#10968=DIRECTION('',(4.9481556413579E-14,-1.,2.14864832320046E-15));
#10969=DIRECTION('center_axis',(8.71067378868832E-14,-2.14864832319613E-15,
-1.));
#10970=DIRECTION('ref_axis',(1.,4.93683831598425E-14,8.71067378868831E-14));
#10971=DIRECTION('',(1.,4.93683831598425E-14,8.71067378868831E-14));
#10972=DIRECTION('',(4.9481556413579E-14,-1.,2.14864832320046E-15));
#10973=DIRECTION('center_axis',(4.8658993895185E-14,-1.,-1.42375650861443E-14));
#10974=DIRECTION('ref_axis',(-0.866025403784406,-3.50211422927476E-14,-0.500000000000056));
#10975=DIRECTION('center_axis',(2.38887647446932E-14,-1.,-1.30621461029603E-16));
#10976=DIRECTION('ref_axis',(-0.866025403784406,-2.06229664034188E-14,-0.500000000000056));
#10977=DIRECTION('',(4.8658993895185E-14,-1.,-1.42375650861444E-14));
#10978=DIRECTION('',(-4.8658993895185E-14,1.,1.42375650861443E-14));
#10979=DIRECTION('center_axis',(-1.,-4.86589938951838E-14,-8.71067378868831E-14));
#10980=DIRECTION('ref_axis',(8.71067378868831E-14,2.0593035165262E-27,-1.));
#10981=DIRECTION('',(4.86589938951825E-14,-1.,1.39159405562128E-14));
#10982=DIRECTION('',(-8.71067378868831E-14,-1.30621461031662E-16,1.));
#10983=DIRECTION('center_axis',(4.86589938951825E-14,-1.,1.39159405562128E-14));
#10984=DIRECTION('ref_axis',(-0.866025403784472,-3.5181954557716E-14,0.499999999999942));
#10985=DIRECTION('center_axis',(2.38887647446932E-14,-1.,-1.30621461029603E-16));
#10986=DIRECTION('ref_axis',(-0.866025403784472,-2.075358786445E-14,0.499999999999942));
#10987=DIRECTION('',(-4.86589938951825E-14,1.,-1.39159405562128E-14));
#10988=DIRECTION('center_axis',(-2.38887647446932E-14,1.,1.30621461029603E-16));
#10989=DIRECTION('ref_axis',(-1.,-2.38887647446932E-14,-8.71067378868831E-14));
#10990=DIRECTION('',(0.866025403784417,2.0622966403419E-14,0.500000000000038));
#10991=DIRECTION('center_axis',(-2.38887647446932E-14,1.,1.30621461029603E-16));
#10992=DIRECTION('ref_axis',(-0.500000000000033,-1.20575038758785E-14,0.86602540378442));
#10993=DIRECTION('',(0.866025403784461,2.07535878644497E-14,-0.499999999999961));
#10994=DIRECTION('center_axis',(-2.38887647446932E-14,1.,1.30621461029603E-16));
#10995=DIRECTION('ref_axis',(0.499999999999968,1.18312608688148E-14,0.866025403784457));
#10996=DIRECTION('',(4.59808028116305E-14,1.30621461030708E-16,-1.));
#10997=DIRECTION('center_axis',(-2.38887647446932E-14,1.,1.30621461029603E-16));
#10998=DIRECTION('ref_axis',(1.,2.38887647446932E-14,4.40578401252469E-14));
#10999=DIRECTION('',(-0.866025403784416,-2.0622966403419E-14,-0.500000000000039));
#11000=DIRECTION('center_axis',(-2.38887647446932E-14,1.,1.30621461029603E-16));
#11001=DIRECTION('ref_axis',(0.500000000000039,1.20575038758786E-14,-0.866025403784416));
#11002=DIRECTION('',(-0.86602540378446,-2.07535878644497E-14,0.499999999999963));
#11003=DIRECTION('center_axis',(4.86589938951615E-14,-1.,2.55634399901664E-13));
#11004=DIRECTION('ref_axis',(0.866025403784405,1.69957124786647E-13,0.500000000000058));
#11005=DIRECTION('center_axis',(2.38887647446932E-14,-1.,-1.30621461029603E-16));
#11006=DIRECTION('ref_axis',(0.866025403784405,2.06229664034188E-14,0.500000000000058));
#11007=DIRECTION('',(4.86589938951615E-14,-1.,2.55634399901664E-13));
#11008=DIRECTION('',(-4.86589938951615E-14,1.,-2.55634399901664E-13));
#11009=DIRECTION('center_axis',(0.499999999999961,2.45715381343616E-13,
0.866025403784461));
#11010=DIRECTION('ref_axis',(0.866025403784461,-8.43453528994821E-14,-0.499999999999961));
#11011=DIRECTION('',(0.866025403784461,2.07535878644497E-14,-0.499999999999961));
#11012=DIRECTION('',(-4.98124723696814E-14,1.,-2.54968438793896E-13));
#11013=DIRECTION('center_axis',(-0.499999999999961,-2.45715381343616E-13,
-0.866025403784461));
#11014=DIRECTION('ref_axis',(0.866025403784461,4.20182131760352E-14,-0.499999999999961));
#11015=DIRECTION('center_axis',(-4.86589938951616E-14,1.,-2.54302477686127E-13));
#11016=DIRECTION('ref_axis',(0.866025403784471,-8.50113140072458E-14,-0.499999999999944));
#11017=DIRECTION('center_axis',(2.38887647446932E-14,-1.,-1.30621461029603E-16));
#11018=DIRECTION('ref_axis',(0.866025403784471,2.075358786445E-14,-0.499999999999944));
#11019=DIRECTION('',(4.86589938951616E-14,-1.,2.54302477686127E-13));
#11020=DIRECTION('',(-4.86589938951616E-14,1.,-2.54302477686127E-13));
#11021=DIRECTION('center_axis',(1.,4.86589938951838E-14,8.71067378868831E-14));
#11022=DIRECTION('ref_axis',(-8.71067378868831E-14,-2.0593035165262E-27,
1.));
#11023=DIRECTION('',(8.71067378868831E-14,1.30621461031662E-16,-1.));
#11024=DIRECTION('center_axis',(0.500000000000039,-1.95902908973923E-13,
-0.866025403784416));
#11025=DIRECTION('ref_axis',(-0.866025403784416,-1.70623085894411E-13,-0.500000000000039));
#11026=DIRECTION('',(-4.98124723696814E-14,1.,-2.54968438793896E-13));
#11027=DIRECTION('',(-0.866025403784416,-2.0622966403419E-14,-0.500000000000039));
#11028=DIRECTION('center_axis',(0.499999999999963,1.1999403894955E-14,0.86602540378446));
#11029=DIRECTION('ref_axis',(0.86602540378446,2.11381804017264E-14,-0.499999999999963));
#11030=DIRECTION('',(-2.4277342803314E-14,1.,1.6081226496654E-16));
#11031=DIRECTION('center_axis',(0.500000000000038,1.2277938908359E-14,-0.866025403784417));
#11032=DIRECTION('ref_axis',(-0.866025403784417,-2.10075589406958E-14,-0.500000000000038));
#11033=DIRECTION('center_axis',(-0.500000000000038,-1.2277938908359E-14,
0.866025403784417));
#11034=DIRECTION('ref_axis',(-0.866025403784417,-4.43604491847681E-14,-0.500000000000038));
#11035=DIRECTION('',(-2.4277342803314E-14,1.,1.6081226496654E-16));
#11036=DIRECTION('center_axis',(-4.86589938951839E-14,1.,1.10378254705568E-15));
#11037=DIRECTION('ref_axis',(0.707106781186497,3.36266124250184E-14,0.707106781186598));
#11038=DIRECTION('',(-4.86589938951839E-14,1.,1.10378254705568E-15));
#11039=DIRECTION('center_axis',(-4.86589938951839E-14,1.,1.10378254705568E-15));
#11040=DIRECTION('ref_axis',(0.707106781186585,3.51875966729796E-14,-0.70710678118651));
#11041=DIRECTION('',(4.86589938951839E-14,-1.,-1.10378254705568E-15));
#11042=DIRECTION('center_axis',(1.,4.86589938951838E-14,8.71067378868831E-14));
#11043=DIRECTION('ref_axis',(-8.71067378868831E-14,-2.0593035165262E-27,
1.));
#11044=DIRECTION('center_axis',(-2.38887647446932E-14,1.,1.30621461029603E-16));
#11045=DIRECTION('ref_axis',(-1.,-2.38887647446932E-14,-8.71067378868831E-14));
#11046=DIRECTION('center_axis',(-2.38887647446932E-14,1.,1.30621461029603E-16));
#11047=DIRECTION('ref_axis',(-1.,-2.38887647446932E-14,-4.40578401252405E-14));
#11048=DIRECTION('center_axis',(-2.38887647446932E-14,1.,1.30621461029603E-16));
#11049=DIRECTION('ref_axis',(-4.40578401252471E-14,-1.30621461030655E-16,
1.));
#11050=DIRECTION('',(5.36750560212758E-14,1.30621461030909E-16,-1.));
#11051=DIRECTION('center_axis',(-2.38887647446932E-14,1.,1.30621461029603E-16));
#11052=DIRECTION('ref_axis',(1.,2.38887647446932E-14,4.40578401252404E-14));
#11053=DIRECTION('',(-0.866025403784417,-2.0622966403419E-14,-0.500000000000038));
#11054=DIRECTION('center_axis',(-2.38887647446932E-14,1.,1.30621461029603E-16));
#11055=DIRECTION('ref_axis',(0.500000000000038,1.20575038758786E-14,-0.866025403784417));
#11056=DIRECTION('',(-0.866025403784464,-2.07535878644497E-14,0.499999999999957));
#11057=DIRECTION('center_axis',(-2.38887647446932E-14,1.,1.30621461029603E-16));
#11058=DIRECTION('ref_axis',(-0.49999999999997,-1.18312608688148E-14,-0.866025403784456));
#11059=DIRECTION('',(-4.40578401252404E-14,-1.30621461030657E-16,1.));
#11060=DIRECTION('center_axis',(-0.499999999999957,-2.45715381343616E-13,
-0.866025403784464));
#11061=DIRECTION('ref_axis',(-0.866025403784464,8.43453528994808E-14,0.499999999999957));
#11062=DIRECTION('',(-4.98124723696814E-14,1.,-2.54968438793896E-13));
#11063=DIRECTION('center_axis',(0.499999999999957,2.45715381343616E-13,
0.866025403784464));
#11064=DIRECTION('ref_axis',(0.866025403784464,4.20182131760353E-14,-0.499999999999957));
#11065=DIRECTION('',(-4.98124723696814E-14,1.,-2.54968438793896E-13));
#11066=DIRECTION('center_axis',(4.98124723696814E-14,-1.,2.54968438793896E-13));
#11067=DIRECTION('ref_axis',(-0.49999999999997,-2.45715381343615E-13,-0.866025403784456));
#11068=DIRECTION('',(-4.98124723696814E-14,1.,-2.54968438793896E-13));
#11069=DIRECTION('center_axis',(-1.,-4.98124723696926E-14,-4.40578401252404E-14));
#11070=DIRECTION('ref_axis',(-4.40578401252531E-14,2.54968438793893E-13,
1.));
#11071=DIRECTION('center_axis',(1.,4.98124723696926E-14,4.40578401252404E-14));
#11072=DIRECTION('ref_axis',(4.98124723696925E-14,-1.,2.2413066428603E-15));
#11073=DIRECTION('',(-4.98124723696814E-14,1.,-2.54968438793896E-13));
#11074=DIRECTION('center_axis',(4.98124723696814E-14,-1.,2.54968438793896E-13));
#11075=DIRECTION('ref_axis',(-1.,-4.98124723696926E-14,-4.40578401252405E-14));
#11076=DIRECTION('center_axis',(-2.38887647446932E-14,1.,1.30621461029603E-16));
#11077=DIRECTION('ref_axis',(-1.,-2.38887647446932E-14,-8.71067378868831E-14));
#11078=DIRECTION('center_axis',(-2.38887647446932E-14,1.,1.30621461029603E-16));
#11079=DIRECTION('ref_axis',(-1.,-2.38887647446932E-14,-4.40578401252405E-14));
#11080=DIRECTION('center_axis',(-2.38887647446932E-14,1.,1.30621461029603E-16));
#11081=DIRECTION('ref_axis',(-8.66948119711481E-15,-1.3062146102981E-16,
1.));
#11082=DIRECTION('',(2.05059590581169E-15,1.30621461029703E-16,-1.));
#11083=DIRECTION('center_axis',(-2.38887647446932E-14,1.,1.30621461029603E-16));
#11084=DIRECTION('ref_axis',(1.,2.38887647446932E-14,5.70888646478226E-15));
#11085=DIRECTION('',(-0.866025403784417,-2.0622966403419E-14,-0.500000000000038));
#11086=DIRECTION('center_axis',(-2.38887647446932E-14,1.,1.30621461029603E-16));
#11087=DIRECTION('ref_axis',(0.500000000000039,1.20575038758786E-14,-0.866025403784416));
#11088=DIRECTION('',(-0.866025403784464,-2.07535878644497E-14,0.499999999999957));
#11089=DIRECTION('center_axis',(-2.38887647446932E-14,1.,1.30621461029603E-16));
#11090=DIRECTION('ref_axis',(-0.499999999999968,-1.18312608688148E-14,-0.866025403784457));
#11091=DIRECTION('',(-4.88664480732581E-14,-1.30621461030808E-16,1.));
#11092=DIRECTION('center_axis',(-0.499999999999957,-2.45715381343616E-13,
-0.866025403784464));
#11093=DIRECTION('ref_axis',(-0.866025403784464,8.43453528994808E-14,0.499999999999957));
#11094=DIRECTION('',(-4.98124723696814E-14,1.,-2.54968438793896E-13));
#11095=DIRECTION('center_axis',(0.499999999999957,2.45715381343616E-13,
0.866025403784464));
#11096=DIRECTION('ref_axis',(0.866025403784464,4.20182131760353E-14,-0.499999999999957));
#11097=DIRECTION('',(-4.98124723696814E-14,1.,-2.54968438793896E-13));
#11098=DIRECTION('center_axis',(4.98124723696814E-14,-1.,2.54968438793896E-13));
#11099=DIRECTION('ref_axis',(-0.499999999999968,-2.45715381343615E-13,-0.866025403784457));
#11100=DIRECTION('',(-4.98124723696814E-14,1.,-2.54968438793896E-13));
#11101=DIRECTION('center_axis',(-1.,-4.98124723696938E-14,-4.88664480732581E-14));
#11102=DIRECTION('ref_axis',(-4.88664480732708E-14,2.54968438793893E-13,
1.));
#11103=DIRECTION('center_axis',(1.,4.98124723696938E-14,4.88664480732581E-14));
#11104=DIRECTION('ref_axis',(4.98124723696937E-14,-1.,2.2413066428603E-15));
#11105=DIRECTION('',(-4.98124723696814E-14,1.,-2.54968438793896E-13));
#11106=DIRECTION('center_axis',(4.98124723696814E-14,-1.,2.54968438793896E-13));
#11107=DIRECTION('ref_axis',(-1.,-4.98124723696926E-14,-4.40578401252405E-14));
#11108=DIRECTION('center_axis',(-2.38887647446932E-14,1.,1.30621461029603E-16));
#11109=DIRECTION('ref_axis',(-1.,-2.38887647446932E-14,-8.71067378868831E-14));
#11110=DIRECTION('center_axis',(-2.38887647446932E-14,1.,1.30621461029603E-16));
#11111=DIRECTION('ref_axis',(0.500000000000039,1.20575038758786E-14,-0.866025403784416));
#11112=DIRECTION('',(-0.866025403784461,-2.07535878644497E-14,0.499999999999962));
#11113=DIRECTION('center_axis',(-2.38887647446932E-14,1.,1.30621461029603E-16));
#11114=DIRECTION('ref_axis',(-0.499999999999966,-1.18312608688147E-14,-0.866025403784458));
#11115=DIRECTION('',(-5.27111722139665E-14,-1.30621461030909E-16,1.));
#11116=DIRECTION('center_axis',(-2.38887647446932E-14,1.,1.30621461029603E-16));
#11117=DIRECTION('ref_axis',(-1.,-2.38887647446932E-14,-3.81366506605732E-14));
#11118=DIRECTION('',(0.866025403784417,2.0622966403419E-14,0.500000000000037));
#11119=DIRECTION('center_axis',(-2.38887647446932E-14,1.,1.30621461029603E-16));
#11120=DIRECTION('ref_axis',(-0.500000000000049,-1.20575038758788E-14,0.866025403784411));
#11121=DIRECTION('center_axis',(4.98124723696814E-14,-1.,2.54968438793896E-13));
#11122=DIRECTION('ref_axis',(0.500000000000039,-1.95902908973923E-13,-0.866025403784416));
#11123=DIRECTION('',(-4.98124723696814E-14,1.,-2.54968438793896E-13));
#11124=DIRECTION('center_axis',(-0.499999999999962,-2.45715381343616E-13,
-0.866025403784461));
#11125=DIRECTION('ref_axis',(-0.866025403784461,8.43453528994825E-14,0.499999999999962));
#11126=DIRECTION('',(-4.98124723696814E-14,1.,-2.54968438793896E-13));
#11127=DIRECTION('center_axis',(2.4277342803314E-14,-1.,-1.6081226496654E-16));
#11128=DIRECTION('ref_axis',(0.499999999999968,1.19994038949551E-14,0.866025403784457));
#11129=DIRECTION('',(-2.4277342803314E-14,1.,1.6081226496654E-16));
#11130=DIRECTION('',(-2.4277342803314E-14,1.,1.6081226496654E-16));
#11131=DIRECTION('center_axis',(-1.,-2.4277342803314E-14,-4.59808028116305E-14));
#11132=DIRECTION('ref_axis',(-4.59808028116305E-14,-1.30621461030708E-16,
1.));
#11133=DIRECTION('',(-2.4277342803314E-14,1.,1.6081226496654E-16));
#11134=DIRECTION('center_axis',(2.4277342803314E-14,-1.,-1.6081226496654E-16));
#11135=DIRECTION('ref_axis',(1.,2.4277342803314E-14,4.40578401252469E-14));
#11136=DIRECTION('',(-2.4277342803314E-14,1.,1.6081226496654E-16));
#11137=DIRECTION('center_axis',(-0.500000000000039,-1.22779389083591E-14,
0.866025403784416));
#11138=DIRECTION('ref_axis',(0.866025403784416,2.10075589406958E-14,0.500000000000039));
#11139=DIRECTION('',(-2.4277342803314E-14,1.,1.6081226496654E-16));
#11140=DIRECTION('center_axis',(2.4277342803314E-14,-1.,-1.6081226496654E-16));
#11141=DIRECTION('ref_axis',(0.500000000000039,1.22779389083591E-14,-0.866025403784416));
#11142=DIRECTION('center_axis',(-2.38887647446932E-14,1.,1.30621461029603E-16));
#11143=DIRECTION('ref_axis',(-1.,-2.38887647446932E-14,-8.71067378868831E-14));
#11144=DIRECTION('center_axis',(-2.38887647446932E-14,1.,1.30621461029603E-16));
#11145=DIRECTION('ref_axis',(-0.707106781186576,-1.69842708660059E-14,0.707106781186519));
#11146=DIRECTION('center_axis',(-2.38887647446932E-14,1.,1.30621461029603E-16));
#11147=DIRECTION('ref_axis',(0.707106781186516,1.67995442242794E-14,0.707106781186579));
#11148=DIRECTION('',(4.59808028116305E-14,1.30621461030708E-16,-1.));
#11149=DIRECTION('center_axis',(-2.38887647446932E-14,1.,1.30621461029603E-16));
#11150=DIRECTION('ref_axis',(1.,2.38887647446932E-14,4.40578401252469E-14));
#11151=DIRECTION('',(-0.866025403784416,-2.0622966403419E-14,-0.500000000000039));
#11152=DIRECTION('center_axis',(-2.38887647446932E-14,1.,1.30621461029603E-16));
#11153=DIRECTION('ref_axis',(0.500000000000039,1.20575038758786E-14,-0.866025403784416));
#11154=DIRECTION('',(-0.86602540378446,-2.07535878644497E-14,0.499999999999963));
#11155=DIRECTION('center_axis',(-2.38887647446932E-14,1.,1.30621461029603E-16));
#11156=DIRECTION('ref_axis',(-0.499999999999969,-1.18312608688148E-14,-0.866025403784457));
#11157=DIRECTION('',(-4.40578401252469E-14,-1.30621461030657E-16,1.));
#11158=DIRECTION('center_axis',(0.499999999999963,1.20271594705706E-14,
0.86602540378446));
#11159=DIRECTION('ref_axis',(0.86602540378446,2.11381804017264E-14,-0.499999999999963));
#11160=DIRECTION('',(-2.43328539545453E-14,1.,1.6081226496654E-16));
#11161=DIRECTION('center_axis',(-0.499999999999963,-1.20271594705706E-14,
-0.86602540378446));
#11162=DIRECTION('ref_axis',(0.86602540378446,4.19172838101603E-14,-0.499999999999963));
#11163=DIRECTION('',(-2.43328539545453E-14,1.,1.6081226496654E-16));
#11164=DIRECTION('center_axis',(2.43328539545453E-14,-1.,-1.6081226496654E-16));
#11165=DIRECTION('ref_axis',(-0.499999999999969,-1.20271594705707E-14,-0.866025403784457));
#11166=DIRECTION('',(-2.43328539545453E-14,1.,1.6081226496654E-16));
#11167=DIRECTION('center_axis',(1.,2.43328539545452E-14,4.40578401252469E-14));
#11168=DIRECTION('ref_axis',(4.40578401252469E-14,1.30621461030657E-16,
-1.));
#11169=DIRECTION('center_axis',(-1.,-2.43328539545452E-14,-4.40578401252469E-14));
#11170=DIRECTION('ref_axis',(2.43328539545451E-14,-1.,2.4431653746088E-15));
#11171=DIRECTION('',(2.4332853954534E-14,-1.,2.54968438793894E-13));
#11172=DIRECTION('center_axis',(2.4332853954534E-14,-1.,2.54968438793894E-13));
#11173=DIRECTION('ref_axis',(-0.707106781186576,1.63083986022829E-13,0.707106781186519));
#11174=DIRECTION('center_axis',(-1.,-4.94815564135792E-14,-8.71067378868831E-14));
#11175=DIRECTION('ref_axis',(8.71067378868832E-14,-2.53673307121043E-15,
-1.));
#11176=DIRECTION('',(8.71067378868833E-14,-2.53673307121043E-15,-1.));
#11177=DIRECTION('center_axis',(4.93683831598423E-14,-1.,2.53673307121471E-15));
#11178=DIRECTION('ref_axis',(1.,4.93683831598425E-14,8.71067378868831E-14));
#11179=DIRECTION('center_axis',(-3.13350547887157E-15,3.47231214765413E-15,
1.));
#11180=DIRECTION('ref_axis',(-1.,-4.93683831598423E-14,-3.1335054788714E-15));
#11181=DIRECTION('',(4.93988274245506E-14,-1.,3.47231214765434E-15));
#11182=DIRECTION('',(-1.,-4.93683831598423E-14,-3.13350547887139E-15));
#11183=DIRECTION('center_axis',(-1.,-4.93988274245505E-14,3.13170514064694E-14));
#11184=DIRECTION('ref_axis',(-3.13170514064693E-14,-2.53673307121627E-15,
-1.));
#11185=DIRECTION('',(-3.13170514064693E-14,-2.53673307121627E-15,-1.));
#11186=DIRECTION('center_axis',(4.93683831598423E-14,-1.,2.53673307121471E-15));
#11187=DIRECTION('ref_axis',(1.,4.93683831598425E-14,8.71067378868831E-14));
#11188=DIRECTION('center_axis',(4.93683831598423E-14,-1.,2.53673307121471E-15));
#11189=DIRECTION('ref_axis',(1.,4.93683831598425E-14,8.71067378868831E-14));
#11190=DIRECTION('center_axis',(1.,4.94815564135791E-14,2.78948432402068E-14));
#11191=DIRECTION('ref_axis',(-2.78948432402069E-14,2.5367330712133E-15,
1.));
#11192=DIRECTION('',(4.9481556413579E-14,-1.,3.47231214765434E-15));
#11193=DIRECTION('',(2.7894843240207E-14,-2.5367330712133E-15,-1.));
#11194=DIRECTION('center_axis',(-3.13350547887157E-15,3.47231214765413E-15,
1.));
#11195=DIRECTION('ref_axis',(-1.,-4.93683831598423E-14,-3.1335054788714E-15));
#11196=DIRECTION('',(4.9481556413579E-14,-1.,3.47231214765434E-15));
#11197=DIRECTION('',(1.,4.93683831598423E-14,3.13350547887139E-15));
#11198=DIRECTION('center_axis',(-1.,-4.94815564135791E-14,-2.78948432402068E-14));
#11199=DIRECTION('ref_axis',(2.78948432402069E-14,-2.5367330712133E-15,
-1.));
#11200=DIRECTION('',(-2.7894843240207E-14,2.5367330712133E-15,1.));
#11201=DIRECTION('center_axis',(4.93683831598423E-14,-1.,2.53673307121471E-15));
#11202=DIRECTION('ref_axis',(1.,4.93683831598425E-14,8.71067378868831E-14));
#11203=DIRECTION('center_axis',(2.43328539545453E-14,-1.,-1.6081226496654E-16));
#11204=DIRECTION('ref_axis',(0.500000000000039,1.23056944839747E-14,-0.866025403784416));
#11205=DIRECTION('',(-2.43328539545453E-14,1.,1.6081226496654E-16));
#11206=DIRECTION('center_axis',(4.98124723696814E-14,-1.,2.54968438793896E-13));
#11207=DIRECTION('ref_axis',(0.500000000000038,-1.95902908973924E-13,-0.866025403784417));
#11208=DIRECTION('',(-4.98124723696814E-14,1.,-2.54968438793896E-13));
#11209=DIRECTION('center_axis',(4.98124723696814E-14,-1.,2.54968438793896E-13));
#11210=DIRECTION('ref_axis',(0.500000000000039,-1.95902908973923E-13,-0.866025403784416));
#11211=DIRECTION('',(-4.98124723696814E-14,1.,-2.54968438793896E-13));
#11212=DIRECTION('center_axis',(-4.98124723696926E-14,1.,3.82856869890209E-16));
#11213=DIRECTION('ref_axis',(0.707106781186516,3.49520163113524E-14,0.707106781186579));
#11214=DIRECTION('center_axis',(4.06913948328689E-15,-0.707106781186548,
0.707106781186547));
#11215=DIRECTION('ref_axis',(-6.63763345172675E-14,0.707106781186547,0.707106781186548));
#11216=DIRECTION('center_axis',(-6.63763345172674E-14,0.707106781186547,
0.707106781186548));
#11217=DIRECTION('ref_axis',(4.0691394832869E-15,-0.707106781186548,0.707106781186547));
#11218=DIRECTION('',(-4.98124723696926E-14,1.,3.82856869890209E-16));
#11219=DIRECTION('center_axis',(4.40578401252404E-14,3.82856869892425E-16,
-1.));
#11220=DIRECTION('ref_axis',(1.,4.98124723696926E-14,4.40578401252404E-14));
#11221=DIRECTION('',(-1.,-4.98124723696926E-14,-4.40578401252404E-14));
#11222=DIRECTION('',(4.98124723696926E-14,-1.,-3.82856869890209E-16));
#11223=DIRECTION('',(1.,4.98124723696926E-14,4.40578401252404E-14));
#11224=DIRECTION('center_axis',(-4.06913948328689E-15,0.707106781186548,
-0.707106781186547));
#11225=DIRECTION('ref_axis',(1.,4.98124723696926E-14,4.40578401252405E-14));
#11226=DIRECTION('center_axis',(4.06913948328689E-15,-0.707106781186548,
0.707106781186547));
#11227=DIRECTION('ref_axis',(-6.63763345172675E-14,0.707106781186547,0.707106781186548));
#11228=DIRECTION('center_axis',(4.98124723696926E-14,-1.,-3.82856869890209E-16));
#11229=DIRECTION('ref_axis',(-0.707106781186579,-3.5493457689202E-14,0.707106781186516));
#11230=DIRECTION('center_axis',(-6.63763345172674E-14,0.707106781186547,
0.707106781186548));
#11231=DIRECTION('ref_axis',(4.0691394832869E-15,-0.707106781186548,0.707106781186547));
#11232=DIRECTION('center_axis',(6.63763345172674E-14,-0.707106781186547,
-0.707106781186548));
#11233=DIRECTION('ref_axis',(1.,4.98124723696926E-14,4.40578401252404E-14));
#11234=DIRECTION('center_axis',(-4.40578401252406E-14,2.64502410646445E-15,
1.));
#11235=DIRECTION('ref_axis',(-1.,-4.98124723696926E-14,-4.40578401252405E-14));
#11236=DIRECTION('',(-4.40578401252406E-14,2.64502410646445E-15,1.));
#11237=DIRECTION('center_axis',(4.40300845496315E-14,-1.89310033058884E-15,
-1.));
#11238=DIRECTION('ref_axis',(-1.,-4.98124723696926E-14,-4.40300845496314E-14));
#11239=DIRECTION('center_axis',(4.40300845496315E-14,-1.89310033058884E-15,
-1.));
#11240=DIRECTION('ref_axis',(-1.,-4.98124723696926E-14,-4.40300845496314E-14));
#11241=DIRECTION('center_axis',(-4.40300845496315E-14,1.89310033058884E-15,
1.));
#11242=DIRECTION('ref_axis',(-1.,-4.98124723696926E-14,-4.40300845496314E-14));
#11243=DIRECTION('center_axis',(-4.40578401252406E-14,2.64502410646445E-15,
1.));
#11244=DIRECTION('ref_axis',(-1.,-4.98124723696926E-14,-4.40578401252405E-14));
#11245=DIRECTION('',(-4.40578401252406E-14,2.64502410646445E-15,1.));
#11246=DIRECTION('center_axis',(4.40300845496315E-14,-1.89310033058884E-15,
-1.));
#11247=DIRECTION('ref_axis',(-1.,-4.98124723696926E-14,-4.40300845496314E-14));
#11248=DIRECTION('center_axis',(4.40300845496315E-14,-1.89310033058884E-15,
-1.));
#11249=DIRECTION('ref_axis',(-1.,-4.98124723696926E-14,-4.40300845496314E-14));
#11250=DIRECTION('center_axis',(-4.40300845496315E-14,1.89310033058884E-15,
1.));
#11251=DIRECTION('ref_axis',(-1.,-4.98124723696926E-14,-4.40300845496314E-14));
#11252=DIRECTION('center_axis',(-4.98124723696814E-14,1.,-2.54968438793896E-13));
#11253=DIRECTION('ref_axis',(-0.707106781186413,-2.15512649060008E-13,-0.707106781186682));
#11254=DIRECTION('center_axis',(-2.43328539545433E-14,1.,1.30621461029603E-16));
#11255=DIRECTION('ref_axis',(-0.707106781186413,-1.71135627160137E-14,-0.707106781186682));
#11256=DIRECTION('center_axis',(4.98124723696814E-14,-1.,2.54968438793896E-13));
#11257=DIRECTION('ref_axis',(-1.,-4.98124723696949E-14,-5.29396243222417E-14));
#11258=DIRECTION('',(4.98124723696814E-14,-1.,2.54968438793896E-13));
#11259=DIRECTION('center_axis',(-1.,-4.9812472369695E-14,-5.36750560212758E-14));
#11260=DIRECTION('ref_axis',(-5.35639908496076E-14,2.53609099532836E-13,
1.));
#11261=DIRECTION('center_axis',(7.26802532788529E-14,-0.673039194390265,
-0.739606816365631));
#11262=DIRECTION('ref_axis',(-1.,-4.98124723696948E-14,-5.29396243222423E-14));
#11263=DIRECTION('center_axis',(1.,4.9812472369695E-14,5.36750560212758E-14));
#11264=DIRECTION('ref_axis',(-3.18230799836215E-14,-0.364537669042162,0.931188642461509));
#11265=DIRECTION('center_axis',(-1.,-4.9812472369695E-14,-5.36750560212758E-14));
#11266=DIRECTION('ref_axis',(-3.18230799836215E-14,-0.364537669042162,0.931188642461509));
#11267=DIRECTION('center_axis',(-0.847848945629923,-0.203804368269261,-0.489505816991581));
#11268=DIRECTION('ref_axis',(-0.500000000000039,1.95746197029223E-13,0.866025403784416));
#11269=DIRECTION('center_axis',(-0.866025403784416,1.48716870112258E-13,
-0.500000000000039));
#11270=DIRECTION('ref_axis',(-0.500000000000039,2.00343801072424E-13,0.866025403784416));
#11271=DIRECTION('center_axis',(0.500000000000038,-1.95902908973923E-13,
-0.866025403784417));
#11272=DIRECTION('ref_axis',(0.866025403784417,4.43604491847681E-14,0.500000000000038));
#11273=DIRECTION('center_axis',(-0.467767581118857,2.01909385299844E-13,
0.883851509052405));
#11274=DIRECTION('ref_axis',(0.883851509052405,4.5264085401817E-14,0.467767581118857));
#11275=DIRECTION('center_axis',(-4.98124723696925E-14,1.,-2.53673307121476E-15));
#11276=DIRECTION('ref_axis',(4.50010399314719E-14,0.,-1.));
#11277=DIRECTION('center_axis',(0.86602540378441,4.62781071358758E-14,0.50000000000005));
#11278=DIRECTION('ref_axis',(-4.98124723696923E-14,1.,-6.27848127682591E-15));
#11279=DIRECTION('center_axis',(4.40578401252408E-14,-6.27848127682368E-15,
-1.));
#11280=DIRECTION('ref_axis',(-1.,-4.98124723696926E-14,-4.40578401252405E-14));
#11281=DIRECTION('center_axis',(4.98124723696925E-14,-1.,2.53673307121476E-15));
#11282=DIRECTION('ref_axis',(-0.919537664416636,-4.48075036161203E-14,0.393001887678924));
#11283=DIRECTION('center_axis',(4.40578401252406E-14,-2.53673307121255E-15,
-1.));
#11284=DIRECTION('ref_axis',(-0.707106781186583,0.707106781186512,-3.29473386737064E-14));
#11285=DIRECTION('center_axis',(4.40578401252408E-14,-6.27848127785851E-15,
-1.));
#11286=DIRECTION('ref_axis',(-1.,-4.98124723696926E-14,-4.40578401252405E-14));
#11287=DIRECTION('',(4.40578401252406E-14,-2.53673307121255E-15,-1.));
#11288=DIRECTION('center_axis',(4.98124723696925E-14,-1.,2.53673307121476E-15));
#11289=DIRECTION('ref_axis',(-4.50010399314722E-14,0.,1.));
#11290=DIRECTION('center_axis',(0.866025403784466,3.99996258590566E-14,
-0.499999999999952));
#11291=DIRECTION('ref_axis',(-0.499999999999952,-2.811166851707E-14,-0.866025403784466));
#11292=DIRECTION('center_axis',(4.98124723696925E-14,-1.,2.53673307121476E-15));
#11293=DIRECTION('ref_axis',(-0.866025403784415,-4.44072330330704E-14,-0.500000000000041));
#11294=DIRECTION('center_axis',(-0.866025403784462,-4.1870499961858E-14,
0.49999999999996));
#11295=DIRECTION('ref_axis',(-0.353553390593324,0.707106781186441,-0.612372435695889));
#11296=DIRECTION('center_axis',(0.866025403784467,3.99996258585353E-14,
-0.499999999999952));
#11297=DIRECTION('ref_axis',(-0.499999999999952,-2.45715381343617E-13,-0.866025403784467));
#11298=DIRECTION('',(0.866025403784462,4.1870499961858E-14,-0.49999999999996));
#11299=DIRECTION('center_axis',(4.98124723696925E-14,-1.,2.53673307121476E-15));
#11300=DIRECTION('ref_axis',(-4.26325641456056E-14,0.,1.));
#11301=DIRECTION('center_axis',(6.18214085192432E-14,-6.2784812794888E-15,
-1.));
#11302=DIRECTION('ref_axis',(-1.,-4.98124723696971E-14,-6.18214085192429E-14));
#11303=DIRECTION('center_axis',(-4.50193214684324E-14,2.53673307121249E-15,
1.));
#11304=DIRECTION('ref_axis',(-0.707106781186583,0.707106781186512,-3.36272086514617E-14));
#11305=DIRECTION('center_axis',(4.40578401252408E-14,-6.2784812775206E-15,
-1.));
#11306=DIRECTION('ref_axis',(-1.,-4.98124723696926E-14,-4.40578401252405E-14));
#11307=DIRECTION('center_axis',(1.,4.98124723696928E-14,4.50193214684322E-14));
#11308=DIRECTION('ref_axis',(4.48188494864063E-14,-2.53609099532836E-13,
-1.));
#11309=DIRECTION('center_axis',(-4.98124723697029E-14,1.,2.33529692041175E-13));
#11310=DIRECTION('ref_axis',(-1.,-4.98124723696926E-14,-4.40578401252405E-14));
#11311=DIRECTION('center_axis',(-4.98124723696928E-14,1.,3.47455824001721E-16));
#11312=DIRECTION('ref_axis',(-0.707106781186573,-3.54684253695929E-14,0.707106781186523));
#11313=DIRECTION('center_axis',(-2.43328539545433E-14,1.,1.30621461029603E-16));
#11314=DIRECTION('ref_axis',(-0.707106781186573,-1.72982893577426E-14,0.707106781186523));
#11315=DIRECTION('center_axis',(0.866025403784417,4.44072330330705E-14,
0.500000000000038));
#11316=DIRECTION('ref_axis',(-0.353553390593299,0.707106781186605,0.612372435695714));
#11317=DIRECTION('',(-0.866025403784417,-4.44072330330705E-14,-0.500000000000038));
#11318=DIRECTION('center_axis',(1.,4.98124723696926E-14,4.40578401252404E-14));
#11319=DIRECTION('ref_axis',(4.98124723696925E-14,-1.,2.44316537460992E-15));
#11320=DIRECTION('center_axis',(-0.500000000000038,1.95902908973923E-13,
0.866025403784417));
#11321=DIRECTION('ref_axis',(-0.866025403784417,-4.42595198188933E-14,-0.500000000000038));
#11322=DIRECTION('center_axis',(-1.,-4.9812472369695E-14,-5.36750560212758E-14));
#11323=DIRECTION('ref_axis',(4.98124723696949E-14,-1.,2.2413066428603E-15));
#11324=DIRECTION('center_axis',(-0.500000000000038,1.95902908973923E-13,
0.866025403784417));
#11325=DIRECTION('ref_axis',(-0.866025403784417,-4.42595198188933E-14,-0.500000000000038));
#11326=DIRECTION('center_axis',(1.,2.42773428033137E-14,2.0505959058117E-15));
#11327=DIRECTION('ref_axis',(2.42773428033137E-14,-1.,2.44316537460987E-15));
#11328=DIRECTION('center_axis',(0.500000000000039,1.23056944839747E-14,
-0.866025403784416));
#11329=DIRECTION('ref_axis',(-0.866025403784416,-4.43604491847681E-14,-0.500000000000039));
#11330=DIRECTION('center_axis',(1.,2.43328539545453E-14,4.59808028116305E-14));
#11331=DIRECTION('ref_axis',(2.43328539545452E-14,-1.,2.44316537460875E-15));
#11332=DIRECTION('center_axis',(0.500000000000039,1.22779389083591E-14,
-0.866025403784416));
#11333=DIRECTION('ref_axis',(-0.866025403784416,-4.43604491847681E-14,-0.500000000000039));
#11334=DIRECTION('center_axis',(1.,2.4277342803314E-14,4.38600747996121E-14));
#11335=DIRECTION('ref_axis',(2.42773428033139E-14,-1.,2.4431653746088E-15));
#11336=DIRECTION('center_axis',(1.,2.4277342803314E-14,4.40578401252469E-14));
#11337=DIRECTION('ref_axis',(-1.39869237915873E-14,-0.707106781186456,0.707106781186639));
#11338=DIRECTION('center_axis',(0.499999999999961,1.19994038949549E-14,
0.866025403784461));
#11339=DIRECTION('ref_axis',(0.866025403784461,4.19172838101604E-14,-0.499999999999961));
#11340=DIRECTION('center_axis',(0.500000000000037,-1.95902908973923E-13,
-0.866025403784417));
#11341=DIRECTION('ref_axis',(-0.866025403784417,-4.42595198188933E-14,-0.500000000000037));
#11342=DIRECTION('center_axis',(2.43328539545433E-14,-1.,-1.30621461029603E-16));
#11343=DIRECTION('ref_axis',(1.,2.43328539545433E-14,4.40578401252469E-14));
#11344=DIRECTION('center_axis',(-2.43328539545433E-14,1.,1.30621461029603E-16));
#11345=DIRECTION('ref_axis',(0.70710678118651,1.7113562716016E-14,0.707106781186585));
#11346=DIRECTION('center_axis',(-2.43328539545433E-14,1.,1.30621461029603E-16));
#11347=DIRECTION('ref_axis',(0.707106781186579,1.72982893577428E-14,-0.707106781186516));
#11348=DIRECTION('',(-1.,-2.43328539545433E-14,-4.40578401252469E-14));
#11349=DIRECTION('center_axis',(-2.43328539545433E-14,1.,1.30621461029603E-16));
#11350=DIRECTION('ref_axis',(-0.707106781186518,-1.71135627160162E-14,-0.707106781186577));
#11351=DIRECTION('center_axis',(0.49999999999996,2.45715381343616E-13,0.866025403784462));
#11352=DIRECTION('ref_axis',(0.866025403784462,-8.4345352899482E-14,-0.49999999999996));
#11353=DIRECTION('',(2.43782721691887E-14,-1.,-9.88433065144994E-16));
#11354=DIRECTION('center_axis',(4.9812472369695E-14,-1.,6.12323399596521E-17));
#11355=DIRECTION('ref_axis',(-0.70710678118658,-3.51794391974671E-14,0.707106781186515));
#11356=DIRECTION('center_axis',(-2.43328539545433E-14,1.,1.30621461029603E-16));
#11357=DIRECTION('ref_axis',(-0.70710678118658,-1.72982893577428E-14,0.707106781186515));
#11358=DIRECTION('',(-4.9812472369695E-14,1.,-6.12323399596521E-17));
#11359=DIRECTION('center_axis',(2.42773428033137E-14,-1.,-9.88433065144994E-16));
#11360=DIRECTION('ref_axis',(-8.66948119711479E-15,-9.88433065145204E-16,
1.));
#11361=DIRECTION('',(-2.42773428033137E-14,1.,9.88433065144994E-16));
#11362=DIRECTION('center_axis',(-1.,-2.42773428033137E-14,-2.0505959058117E-15));
#11363=DIRECTION('ref_axis',(-2.0505959058117E-15,-1.30621461029653E-16,
1.));
#11364=DIRECTION('',(-2.42773428033137E-14,1.,9.88433065144994E-16));
#11365=DIRECTION('center_axis',(2.42773428033137E-14,-1.,-9.88433065144994E-16));
#11366=DIRECTION('ref_axis',(1.,2.42773428033137E-14,5.70888646478226E-15));
#11367=DIRECTION('',(-2.42773428033137E-14,1.,9.88433065144994E-16));
#11368=DIRECTION('center_axis',(2.43782721691887E-14,-1.,-9.88433065144994E-16));
#11369=DIRECTION('ref_axis',(-1.,-2.43782721691887E-14,-4.12360232527882E-14));
#11370=DIRECTION('',(-2.43782721691887E-14,1.,9.88433065144994E-16));
#11371=DIRECTION('',(2.43782721691887E-14,-1.,-9.88433065144994E-16));
#11372=DIRECTION('center_axis',(2.43782721691887E-14,-1.,-9.88433065144994E-16));
#11373=DIRECTION('ref_axis',(-0.499999999999968,-1.13331279402375E-14,-0.866025403784457));
#11374=DIRECTION('',(2.43782721691887E-14,-1.,-9.88433065144994E-16));
#11375=DIRECTION('center_axis',(2.43328539545433E-14,-1.,-1.30621461029603E-16));
#11376=DIRECTION('ref_axis',(1.,2.43328539545433E-14,4.40578401252469E-14));
#11377=DIRECTION('',(4.29277916712701E-14,1.30621461030658E-16,-1.));
#11378=DIRECTION('center_axis',(-2.43328539545433E-14,1.,1.30621461029603E-16));
#11379=DIRECTION('ref_axis',(0.707106781186573,1.72982893577426E-14,-0.707106781186523));
#11380=DIRECTION('center_axis',(1.,4.98124723696926E-14,4.40578401252404E-14));
#11381=DIRECTION('ref_axis',(4.40578401252531E-14,-2.54968438793893E-13,
-1.));
#11382=DIRECTION('center_axis',(-4.98124723696928E-14,1.,-6.12323399597026E-17));
#11383=DIRECTION('ref_axis',(-0.707106781186518,-3.52660348030893E-14,-0.707106781186577));
#11384=DIRECTION('center_axis',(5.00211640773338E-14,-0.57357643635105,
-0.819152044288989));
#11385=DIRECTION('ref_axis',(-2.58416134778015E-14,0.819152044288989,-0.57357643635105));
#11386=DIRECTION('',(-4.98124723696928E-14,1.,-6.12323399597026E-17));
#11387=DIRECTION('center_axis',(5.00211640773338E-14,-0.57357643635105,
-0.819152044288989));
#11388=DIRECTION('ref_axis',(-5.38370394512425E-15,-0.819152044288989,0.57357643635105));
#11389=DIRECTION('',(1.,2.42881216676308E-14,4.40578401252469E-14));
#11390=DIRECTION('center_axis',(5.00211640773338E-14,-0.57357643635105,
-0.819152044288989));
#11391=DIRECTION('ref_axis',(5.44107677790063E-15,0.819152044288989,-0.57357643635105));
#11392=DIRECTION('center_axis',(4.98124723696814E-14,-1.,2.54968438793896E-13));
#11393=DIRECTION('ref_axis',(-0.500000000000049,1.95902908973921E-13,0.866025403784411));
#11394=DIRECTION('',(-4.98124723696814E-14,1.,-2.54968438793896E-13));
#11395=DIRECTION('center_axis',(-0.500000000000037,1.95902908973923E-13,
0.866025403784417));
#11396=DIRECTION('ref_axis',(0.866025403784417,1.70623085894411E-13,0.500000000000037));
#11397=DIRECTION('',(-4.98124723696814E-14,1.,-2.54968438793896E-13));
#11398=DIRECTION('center_axis',(0.500000000000038,-1.95902908973923E-13,
-0.866025403784417));
#11399=DIRECTION('ref_axis',(-0.866025403784417,-1.70623085894411E-13,-0.500000000000038));
#11400=DIRECTION('',(-4.98124723696814E-14,1.,-2.54968438793896E-13));
#11401=DIRECTION('center_axis',(4.98124723696814E-14,-1.,2.54968438793896E-13));
#11402=DIRECTION('ref_axis',(1.,4.98124723696926E-14,4.40578401252404E-14));
#11403=DIRECTION('',(-4.98124723696814E-14,1.,-2.54968438793896E-13));
#11404=DIRECTION('center_axis',(1.,4.9812472369695E-14,5.36750560212758E-14));
#11405=DIRECTION('ref_axis',(5.36750560212885E-14,-2.54968438793893E-13,
-1.));
#11406=DIRECTION('center_axis',(0.500000000000038,-1.95902908973923E-13,
-0.866025403784417));
#11407=DIRECTION('ref_axis',(-0.866025403784417,-1.70623085894411E-13,-0.500000000000038));
#11408=DIRECTION('',(-4.98124723696814E-14,1.,-2.54968438793896E-13));
#11409=DIRECTION('center_axis',(4.98124723696814E-14,-1.,2.54968438793896E-13));
#11410=DIRECTION('ref_axis',(1.,4.98124723696926E-14,4.40578401252404E-14));
#11411=DIRECTION('',(-4.98124723696814E-14,1.,-2.54968438793896E-13));
#11412=DIRECTION('center_axis',(1.,4.9812472369695E-14,5.36750560212758E-14));
#11413=DIRECTION('ref_axis',(5.36750560212885E-14,-2.54968438793893E-13,
-1.));
#11414=DIRECTION('',(-4.98124723696814E-14,1.,-2.54968438793896E-13));
#11415=DIRECTION('center_axis',(4.98124723696814E-14,-1.,2.54968438793896E-13));
#11416=DIRECTION('ref_axis',(-4.40578401252532E-14,2.54968438793894E-13,
1.));
#11417=DIRECTION('center_axis',(0.500000000000038,-1.95902908973923E-13,
-0.866025403784417));
#11418=DIRECTION('ref_axis',(-0.866025403784417,-1.70623085894411E-13,-0.500000000000038));
#11419=DIRECTION('center_axis',(4.98124723696814E-14,-1.,2.54968438793896E-13));
#11420=DIRECTION('ref_axis',(0.499999999999969,2.45715381343615E-13,0.866025403784456));
#11421=DIRECTION('',(-4.98124723696814E-14,1.,-2.54968438793896E-13));
#11422=DIRECTION('center_axis',(-0.499999999999964,-2.45715381343616E-13,
-0.866025403784459));
#11423=DIRECTION('ref_axis',(-0.866025403784459,-2.11381804017264E-14,0.499999999999964));
#11424=DIRECTION('center_axis',(-1.,-4.98124723696948E-14,-5.27111722139665E-14));
#11425=DIRECTION('ref_axis',(-5.27111722139792E-14,2.54968438793893E-13,
1.));
#11426=DIRECTION('',(-4.98124723696814E-14,1.,-2.54968438793896E-13));
#11427=DIRECTION('',(-4.98124723696814E-14,1.,-2.54968438793896E-13));
#11428=DIRECTION('center_axis',(4.98124723696814E-14,-1.,2.54968438793896E-13));
#11429=DIRECTION('ref_axis',(-0.499999999999966,-2.45715381343616E-13,-0.866025403784458));
#11430=DIRECTION('center_axis',(4.98124723696814E-14,-1.,2.54968438793896E-13));
#11431=DIRECTION('ref_axis',(-1.,-4.98124723696911E-14,-3.81366506605732E-14));
#11432=DIRECTION('center_axis',(-4.40578401252469E-14,6.12323399574866E-17,
1.));
#11433=DIRECTION('ref_axis',(-1.,-2.43328539545433E-14,-4.40578401252469E-14));
#11434=DIRECTION('',(2.4277342803314E-14,-1.,6.12323399585414E-17));
#11435=DIRECTION('center_axis',(-2.4277342803314E-14,1.,-6.12323399585414E-17));
#11436=DIRECTION('ref_axis',(0.707106781186579,1.71233759226019E-14,-0.707106781186516));
#11437=DIRECTION('center_axis',(-2.42773428033028E-14,1.,-2.54968438793894E-13));
#11438=DIRECTION('ref_axis',(0.707106781186573,-1.63123238334297E-13,-0.707106781186523));
#11439=DIRECTION('center_axis',(2.31671197786773E-14,-1.,2.54968438793894E-13));
#11440=DIRECTION('ref_axis',(4.40578401252532E-14,-2.54968438793893E-13,
-1.));
#11441=DIRECTION('center_axis',(-1.,-2.4277342803314E-14,-4.40578401252469E-14));
#11442=DIRECTION('ref_axis',(-4.41356353174062E-14,2.53609099532836E-13,
1.));
#11443=DIRECTION('center_axis',(4.40578401252474E-14,-6.27848127785851E-15,
-1.));
#11444=DIRECTION('ref_axis',(-3.20489039756898E-14,1.,-6.27848127785992E-15));
#11445=DIRECTION('center_axis',(-4.4057840125247E-14,2.53673307121255E-15,
1.));
#11446=DIRECTION('ref_axis',(0.707106781186516,0.707106781186579,2.93598563602789E-14));
#11447=DIRECTION('center_axis',(4.40578401252474E-14,-6.27848127785963E-15,
-1.));
#11448=DIRECTION('ref_axis',(-4.98124723696923E-14,1.,-6.27848127786183E-15));
#11449=DIRECTION('center_axis',(1.,2.4277342803314E-14,4.40578401252469E-14));
#11450=DIRECTION('ref_axis',(4.41356353174062E-14,-2.53609099532836E-13,
-1.));
#11451=DIRECTION('center_axis',(-2.31671197786874E-14,1.,2.6033029191383E-15));
#11452=DIRECTION('ref_axis',(-4.40578401252403E-14,-2.60330291913932E-15,
1.));
#11453=DIRECTION('center_axis',(2.4277342803314E-14,-1.,-3.47455824002882E-16));
#11454=DIRECTION('ref_axis',(0.70710678118651,1.69209853560976E-14,0.707106781186585));
#11455=DIRECTION('center_axis',(-1.,-2.42436996813557E-14,-4.40578401252469E-14));
#11456=DIRECTION('ref_axis',(-4.40578401252469E-14,-1.30621461030657E-16,
1.));
#11457=DIRECTION('',(-2.42436996813557E-14,1.,1.80998138141474E-16));
#11458=DIRECTION('',(2.42436996813557E-14,-1.,-1.80998138141474E-16));
#11459=DIRECTION('center_axis',(-0.500000000000038,-1.2278598826347E-14,
0.866025403784417));
#11460=DIRECTION('ref_axis',(0.866025403784417,2.10075589406958E-14,0.500000000000038));
#11461=DIRECTION('',(2.42436996813557E-14,-1.,-1.80998138141474E-16));
#11462=DIRECTION('',(2.42436996813557E-14,-1.,-1.80998138141474E-16));
#11463=DIRECTION('center_axis',(2.42436996813557E-14,-1.,-1.80998138141474E-16));
#11464=DIRECTION('ref_axis',(1.,2.42436996813557E-14,4.40578401252469E-14));
#11465=DIRECTION('center_axis',(2.4277342803314E-14,-1.,-1.60812264966591E-16));
#11466=DIRECTION('ref_axis',(0.86602540378446,2.1105201736537E-14,-0.499999999999963));
#11467=DIRECTION('',(2.4277342803314E-14,-1.,-1.60812264966591E-16));
#11468=DIRECTION('',(-2.4277342803314E-14,1.,1.60812264966591E-16));
#11469=DIRECTION('center_axis',(-0.500000000000039,-1.22779389083591E-14,
0.866025403784416));
#11470=DIRECTION('ref_axis',(0.866025403784416,2.10075589406958E-14,0.500000000000039));
#11471=DIRECTION('',(-2.4277342803314E-14,1.,1.60812264966591E-16));
#11472=DIRECTION('center_axis',(2.42773428033028E-14,-1.,2.54968438793894E-13));
#11473=DIRECTION('ref_axis',(0.707106781186516,1.97456585785123E-13,0.707106781186579));
#11474=DIRECTION('',(-2.42773428033028E-14,1.,-2.54968438793894E-13));
#11475=DIRECTION('center_axis',(-1.,-2.4277342803314E-14,-4.38600747996121E-14));
#11476=DIRECTION('ref_axis',(-4.38600747996121E-14,-3.17387982132596E-17,
1.));
#11477=DIRECTION('center_axis',(2.4277342803314E-14,-1.,-1.60812264966591E-16));
#11478=DIRECTION('ref_axis',(-0.499999999999969,-1.19994038949551E-14,-0.866025403784457));
#11479=DIRECTION('',(-2.4277342803314E-14,1.,1.60812264966591E-16));
#11480=DIRECTION('',(2.4277342803314E-14,-1.,-1.60812264966591E-16));
#11481=DIRECTION('center_axis',(2.4277342803314E-14,-1.,-1.60812264966591E-16));
#11482=DIRECTION('ref_axis',(0.500000000000045,1.22779389083593E-14,-0.866025403784413));
#11483=DIRECTION('',(-2.4277342803314E-14,1.,1.60812264966591E-16));
#11484=DIRECTION('center_axis',(0.499999999999963,1.1999403894955E-14,0.86602540378446));
#11485=DIRECTION('ref_axis',(0.86602540378446,2.11381804017264E-14,-0.499999999999963));
#11486=DIRECTION('center_axis',(-0.49999999999996,-1.19651008550087E-14,
-0.866025403784462));
#11487=DIRECTION('ref_axis',(-0.866025403784462,-2.11381804017265E-14,0.49999999999996));
#11488=DIRECTION('',(-2.42436996813557E-14,1.,1.80998138141474E-16));
#11489=DIRECTION('center_axis',(2.42436996813557E-14,-1.,-1.80998138141474E-16));
#11490=DIRECTION('ref_axis',(0.499999999999958,1.19651008550086E-14,0.866025403784463));
#11491=DIRECTION('center_axis',(-1.,-2.41663205008515E-14,-4.4057840125247E-14));
#11492=DIRECTION('ref_axis',(-4.40578401252532E-14,2.54968438793893E-13,
1.));
#11493=DIRECTION('center_axis',(-2.45335482036058E-14,1.,5.53659533577273E-16));
#11494=DIRECTION('ref_axis',(0.499999999999962,1.17872908806766E-14,0.86602540378446));
#11495=DIRECTION('',(2.45335482036058E-14,-1.,-5.53659533577273E-16));
#11496=DIRECTION('center_axis',(-2.48907035052979E-14,1.,3.47455824002832E-16));
#11497=DIRECTION('ref_axis',(-0.965925826289048,-2.39526451656868E-14,-0.258819045102598));
#11498=DIRECTION('',(-2.48907035052979E-14,1.,3.47455824002832E-16));
#11499=DIRECTION('center_axis',(0.500000000000038,1.27462573229292E-14,
-0.866025403784417));
#11500=DIRECTION('ref_axis',(0.866025403784417,2.10075589406958E-14,0.500000000000038));
#11501=DIRECTION('center_axis',(2.4277342803314E-14,-1.,-1.6081226496654E-16));
#11502=DIRECTION('ref_axis',(-0.500000000000033,-1.22779389083589E-14,0.86602540378442));
#11503=DIRECTION('',(-2.4277342803314E-14,1.,1.6081226496654E-16));
#11504=DIRECTION('center_axis',(2.43328539545453E-14,-1.,-1.6081226496654E-16));
#11505=DIRECTION('ref_axis',(1.,2.43328539545453E-14,4.40578401252469E-14));
#11506=DIRECTION('',(-2.43328539545453E-14,1.,1.6081226496654E-16));
#11507=DIRECTION('',(-2.43328539545453E-14,1.,1.6081226496654E-16));
#11508=DIRECTION('center_axis',(-0.500000000000039,-1.23056944839747E-14,
0.866025403784416));
#11509=DIRECTION('ref_axis',(0.866025403784416,2.10075589406958E-14,0.500000000000039));
#11510=DIRECTION('center_axis',(2.43328539545335E-14,-1.,2.54968438793894E-13));
#11511=DIRECTION('ref_axis',(0.707106781186516,1.97495838096589E-13,0.707106781186579));
#11512=DIRECTION('',(-2.43328539545335E-14,1.,-2.54968438793894E-13));
#11513=DIRECTION('center_axis',(-1.,-2.43328539545453E-14,-4.59808028116305E-14));
#11514=DIRECTION('ref_axis',(-4.59808028116305E-14,-1.30621461030708E-16,
1.));
#11515=DIRECTION('center_axis',(2.4277342803314E-14,-1.,-1.60812264966591E-16));
#11516=DIRECTION('ref_axis',(0.500000000000039,1.22779389083591E-14,-0.866025403784416));
#11517=DIRECTION('center_axis',(-0.499999999999961,-1.19994038949549E-14,
-0.866025403784461));
#11518=DIRECTION('ref_axis',(-0.866025403784461,-2.11381804017265E-14,0.499999999999961));
#11519=DIRECTION('center_axis',(-2.42436996813557E-14,1.,1.80998138141474E-16));
#11520=DIRECTION('ref_axis',(4.06392397938918E-14,1.80998138142459E-16,
-1.));
#11521=DIRECTION('center_axis',(-4.40578401252404E-14,-6.56502914282168E-17,
1.));
#11522=DIRECTION('ref_axis',(-1.,-4.98124723696926E-14,-4.40578401252404E-14));
#11523=DIRECTION('',(-4.40578401252404E-14,-6.56502914282168E-17,1.));
#11524=DIRECTION('center_axis',(-4.40578401252405E-14,-6.56502914282168E-17,
1.));
#11525=DIRECTION('ref_axis',(-1.,-4.98124723696926E-14,-4.40578401252405E-14));
#11526=DIRECTION('',(-4.40578401252405E-14,-6.56502914282168E-17,1.));
#11527=DIRECTION('center_axis',(-4.40578401252469E-14,-2.13893658568155E-15,
1.));
#11528=DIRECTION('ref_axis',(1.,4.98124723696926E-14,4.4057840125247E-14));
#11529=DIRECTION('center_axis',(4.40578401252469E-14,2.13893658568155E-15,
-1.));
#11530=DIRECTION('ref_axis',(1.,4.98124723696926E-14,4.4057840125247E-14));
#11531=DIRECTION('center_axis',(4.40578401252404E-14,1.96888976221452E-15,
-1.));
#11532=DIRECTION('ref_axis',(1.,4.98124723696926E-14,4.40578401252405E-14));
#11533=DIRECTION('',(4.40578401252404E-14,1.96888976221452E-15,-1.));
#11534=DIRECTION('center_axis',(-0.499999999999964,-1.17018891098452E-14,
-0.866025403784459));
#11535=DIRECTION('ref_axis',(0.866025403784459,2.11381804017264E-14,-0.499999999999964));
#11536=DIRECTION('',(2.40055893602509E-14,-1.,-3.47455824002882E-16));
#11537=DIRECTION('center_axis',(-2.40055893602509E-14,1.,3.47455824002882E-16));
#11538=DIRECTION('ref_axis',(0.965925826289072,2.32775469229402E-14,-0.258819045102509));
#11539=DIRECTION('axis',(0.,0.,1.));
#11540=DIRECTION('refdir',(1.,0.,0.));
#11541=DIRECTION('center_axis',(-1.,4.99600361082177E-16,2.22044566604488E-15));
#11542=DIRECTION('ref_axis',(2.22044566604489E-15,3.40597615085944E-21,
1.));
#11543=DIRECTION('',(2.22044566604489E-15,3.40597615085944E-21,1.));
#11544=DIRECTION('',(4.99600361082182E-16,1.,2.31457627383202E-15));
#11545=DIRECTION('',(2.22044566604489E-15,3.40597615085944E-21,1.));
#11546=DIRECTION('',(4.99600361082182E-16,1.,2.31457627383202E-15));
#11547=DIRECTION('center_axis',(-0.499999999999995,-1.75468167159417E-15,
0.866025403784441));
#11548=DIRECTION('ref_axis',(0.866025403784441,1.70299532032827E-21,0.499999999999995));
#11549=DIRECTION('',(0.866025403784441,1.70299532032827E-21,0.499999999999995));
#11550=DIRECTION('',(0.866025403784441,1.70299532032827E-21,0.499999999999995));
#11551=DIRECTION('',(4.99600361082182E-16,1.,2.31457627383202E-15));
#11552=DIRECTION('center_axis',(0.500000000000001,-2.25428203267632E-15,
0.866025403784438));
#11553=DIRECTION('ref_axis',(0.866025403784438,-1.70298085577471E-21,-0.500000000000001));
#11554=DIRECTION('',(0.866025403784438,-1.70298085577471E-21,-0.500000000000001));
#11555=DIRECTION('',(0.866025403784438,-1.70298085577471E-21,-0.500000000000001));
#11556=DIRECTION('',(4.99600361082182E-16,1.,2.31457627383202E-15));
#11557=DIRECTION('center_axis',(1.,-4.99600361082176E-16,-2.59052000758661E-15));
#11558=DIRECTION('ref_axis',(-2.59052000758661E-15,-3.40597615085944E-21,
-1.));
#11559=DIRECTION('',(-2.59052000758661E-15,-3.40597615085944E-21,-1.));
#11560=DIRECTION('',(-2.59052000758661E-15,-3.40597615085944E-21,-1.));
#11561=DIRECTION('',(4.99600361082182E-16,1.,2.31457627383202E-15));
#11562=DIRECTION('center_axis',(0.499999999999996,1.75468167159417E-15,
-0.866025403784441));
#11563=DIRECTION('ref_axis',(-0.866025403784441,-1.70299534557182E-21,-0.499999999999996));
#11564=DIRECTION('',(-0.866025403784441,-1.70299534557182E-21,-0.499999999999996));
#11565=DIRECTION('',(-0.866025403784441,-1.70299534557182E-21,-0.499999999999996));
#11566=DIRECTION('',(4.99600361082182E-16,1.,2.31457627383202E-15));
#11567=DIRECTION('center_axis',(-0.499999999999999,2.25428203267632E-15,
-0.866025403784439));
#11568=DIRECTION('ref_axis',(-0.866025403784439,1.70298085577471E-21,0.499999999999999));
#11569=DIRECTION('',(-0.866025403784439,1.70298085577471E-21,0.499999999999999));
#11570=DIRECTION('',(-0.866025403784439,1.70298085577471E-21,0.499999999999999));
#11571=DIRECTION('center_axis',(-1.,4.99600361082176E-16,2.5905200075866E-15));
#11572=DIRECTION('ref_axis',(2.59052000758661E-15,3.40597615085944E-21,
1.));
#11573=DIRECTION('',(2.59052000758661E-15,3.40597615085944E-21,1.));
#11574=DIRECTION('',(4.99600361082182E-16,1.,2.31457627383202E-15));
#11575=DIRECTION('',(2.59052000758661E-15,3.40597615085944E-21,1.));
#11576=DIRECTION('',(4.99600361082182E-16,1.,2.31457627383202E-15));
#11577=DIRECTION('center_axis',(-0.499999999999996,-1.75468167159417E-15,
0.866025403784441));
#11578=DIRECTION('ref_axis',(0.866025403784441,1.70299532032827E-21,0.499999999999996));
#11579=DIRECTION('',(0.866025403784441,1.70299532032827E-21,0.499999999999996));
#11580=DIRECTION('',(0.866025403784441,1.70299532032827E-21,0.499999999999996));
#11581=DIRECTION('',(4.99600361082182E-16,1.,2.31457627383202E-15));
#11582=DIRECTION('center_axis',(0.500000000000001,-2.25428203267632E-15,
0.866025403784438));
#11583=DIRECTION('ref_axis',(0.866025403784438,-1.70298085577471E-21,-0.500000000000001));
#11584=DIRECTION('',(0.866025403784438,-1.70298085577471E-21,-0.500000000000001));
#11585=DIRECTION('',(0.866025403784438,-1.70298085577471E-21,-0.500000000000001));
#11586=DIRECTION('',(4.99600361082182E-16,1.,2.31457627383202E-15));
#11587=DIRECTION('center_axis',(1.,-4.99600361082176E-16,-2.59052000758661E-15));
#11588=DIRECTION('ref_axis',(-2.59052000758661E-15,-3.40597615085944E-21,
-1.));
#11589=DIRECTION('',(-2.59052000758661E-15,-3.40597615085944E-21,-1.));
#11590=DIRECTION('',(-2.59052000758661E-15,-3.40597615085944E-21,-1.));
#11591=DIRECTION('',(4.99600361082182E-16,1.,2.31457627383202E-15));
#11592=DIRECTION('center_axis',(0.499999999999996,1.75468167159417E-15,
-0.866025403784441));
#11593=DIRECTION('ref_axis',(-0.866025403784441,-1.70299534557182E-21,-0.499999999999996));
#11594=DIRECTION('',(-0.866025403784441,-1.70299534557182E-21,-0.499999999999996));
#11595=DIRECTION('',(-0.866025403784441,-1.70299534557182E-21,-0.499999999999996));
#11596=DIRECTION('',(4.99600361082182E-16,1.,2.31457627383202E-15));
#11597=DIRECTION('center_axis',(-0.499999999999999,2.25428203267632E-15,
-0.866025403784439));
#11598=DIRECTION('ref_axis',(-0.866025403784439,1.70298085577471E-21,0.499999999999999));
#11599=DIRECTION('',(-0.866025403784439,1.70298085577471E-21,0.499999999999999));
#11600=DIRECTION('',(-0.866025403784439,1.70298085577471E-21,0.499999999999999));
#11601=DIRECTION('center_axis',(-1.,4.99600361082186E-16,-1.4802977493723E-15));
#11602=DIRECTION('ref_axis',(-1.4802977493723E-15,3.40597615085944E-21,
1.));
#11603=DIRECTION('',(-1.4802977493723E-15,3.40597615085944E-21,1.));
#11604=DIRECTION('',(4.99600361082182E-16,1.,2.31457627383202E-15));
#11605=DIRECTION('',(-1.4802977493723E-15,3.40597615085944E-21,1.));
#11606=DIRECTION('',(4.99600361082182E-16,1.,2.31457627383202E-15));
#11607=DIRECTION('center_axis',(-0.500000000000003,-1.75468167159417E-15,
0.866025403784437));
#11608=DIRECTION('ref_axis',(0.866025403784437,1.70299534557182E-21,0.500000000000003));
#11609=DIRECTION('',(0.866025403784437,1.70299534557182E-21,0.500000000000003));
#11610=DIRECTION('',(0.866025403784437,1.70299534557182E-21,0.500000000000003));
#11611=DIRECTION('',(4.99600361082182E-16,1.,2.31457627383202E-15));
#11612=DIRECTION('center_axis',(0.500000000000038,-2.25428203267632E-15,
0.866025403784417));
#11613=DIRECTION('ref_axis',(0.866025403784412,1.03273769377968E-7,-0.500000000000036));
#11614=DIRECTION('',(0.866025403784412,1.03273769377968E-7,-0.500000000000036));
#11615=DIRECTION('',(0.866025403784412,1.03273769377968E-7,-0.500000000000036));
#11616=DIRECTION('',(4.99600361082182E-16,1.,2.31457627383202E-15));
#11617=DIRECTION('center_axis',(1.,-4.99600361082245E-16,2.72004645381183E-14));
#11618=DIRECTION('ref_axis',(2.72004644865225E-14,-1.03273769377976E-7,
-0.999999999999995));
#11619=DIRECTION('',(2.72004644865225E-14,-1.03273769377976E-7,-0.999999999999995));
#11620=DIRECTION('',(2.72004644865225E-14,-1.03273769377976E-7,-0.999999999999995));
#11621=DIRECTION('',(4.99600361082182E-16,1.,2.31457627383202E-15));
#11622=DIRECTION('center_axis',(0.499999999999999,1.75468167159417E-15,
-0.866025403784439));
#11623=DIRECTION('ref_axis',(-0.866025403784439,-1.70299534557182E-21,-0.499999999999999));
#11624=DIRECTION('',(-0.866025403784439,-1.70299534557182E-21,-0.499999999999999));
#11625=DIRECTION('',(-0.866025403784439,-1.70299534557182E-21,-0.499999999999999));
#11626=DIRECTION('',(4.99600361082182E-16,1.,2.31457627383202E-15));
#11627=DIRECTION('center_axis',(-0.499999999999996,2.25428203267632E-15,
-0.866025403784441));
#11628=DIRECTION('ref_axis',(-0.866025403784441,1.70298088101826E-21,0.499999999999996));
#11629=DIRECTION('',(-0.866025403784441,1.70298085577471E-21,0.499999999999996));
#11630=DIRECTION('',(-0.866025403784441,1.70298085577471E-21,0.499999999999996));
#11631=DIRECTION('center_axis',(-1.,4.99600361082186E-16,-1.4802977493723E-15));
#11632=DIRECTION('ref_axis',(-1.4802977493723E-15,3.40597615085944E-21,
1.));
#11633=DIRECTION('',(-1.4802977493723E-15,3.40597615085944E-21,1.));
#11634=DIRECTION('',(4.99600361082182E-16,1.,2.31457627383202E-15));
#11635=DIRECTION('',(-1.4802977493723E-15,3.40597615085944E-21,1.));
#11636=DIRECTION('',(4.99600361082182E-16,1.,2.31457627383202E-15));
#11637=DIRECTION('center_axis',(-0.500000000000003,-1.75468167159417E-15,
0.866025403784437));
#11638=DIRECTION('ref_axis',(0.866025403784437,1.70299534557182E-21,0.500000000000003));
#11639=DIRECTION('',(0.866025403784437,1.70299534557182E-21,0.500000000000003));
#11640=DIRECTION('',(0.866025403784437,1.70299534557182E-21,0.500000000000003));
#11641=DIRECTION('',(4.99600361082182E-16,1.,2.31457627383202E-15));
#11642=DIRECTION('center_axis',(0.500000000000038,-2.25428203267632E-15,
0.866025403784417));
#11643=DIRECTION('ref_axis',(0.866025403784412,1.03273769377968E-7,-0.500000000000036));
#11644=DIRECTION('',(0.866025403784412,1.03273769377968E-7,-0.500000000000036));
#11645=DIRECTION('',(0.866025403784412,1.03273769377968E-7,-0.500000000000036));
#11646=DIRECTION('',(4.99600361082182E-16,1.,2.31457627383202E-15));
#11647=DIRECTION('center_axis',(1.,-4.99600361082245E-16,2.72004645381183E-14));
#11648=DIRECTION('ref_axis',(2.72004644865225E-14,-1.03273769377976E-7,
-0.999999999999995));
#11649=DIRECTION('',(2.72004644865225E-14,-1.03273769377976E-7,-0.999999999999995));
#11650=DIRECTION('',(2.72004644865225E-14,-1.03273769377976E-7,-0.999999999999995));
#11651=DIRECTION('',(4.99600361082182E-16,1.,2.31457627383202E-15));
#11652=DIRECTION('center_axis',(0.499999999999999,1.75468167159417E-15,
-0.866025403784439));
#11653=DIRECTION('ref_axis',(-0.866025403784439,-1.70299534557182E-21,-0.499999999999999));
#11654=DIRECTION('',(-0.866025403784439,-1.70299534557182E-21,-0.499999999999999));
#11655=DIRECTION('',(-0.866025403784439,-1.70299534557182E-21,-0.499999999999999));
#11656=DIRECTION('',(4.99600361082182E-16,1.,2.31457627383202E-15));
#11657=DIRECTION('center_axis',(-0.499999999999996,2.25428203267632E-15,
-0.866025403784441));
#11658=DIRECTION('ref_axis',(-0.866025403784441,1.70298088101826E-21,0.499999999999996));
#11659=DIRECTION('',(-0.866025403784441,1.70298085577471E-21,0.499999999999996));
#11660=DIRECTION('',(-0.866025403784441,1.70298085577471E-21,0.499999999999996));
#11661=DIRECTION('center_axis',(-1.,4.99600361082186E-16,-1.4802977493723E-15));
#11662=DIRECTION('ref_axis',(-1.4802977493723E-15,3.40597615085944E-21,
1.));
#11663=DIRECTION('',(-1.4802977493723E-15,3.40597615085944E-21,1.));
#11664=DIRECTION('',(4.99600361082182E-16,1.,2.31457627383202E-15));
#11665=DIRECTION('',(-1.4802977493723E-15,3.40597615085944E-21,1.));
#11666=DIRECTION('',(4.99600361082182E-16,1.,2.31457627383202E-15));
#11667=DIRECTION('center_axis',(-0.500000000000003,-1.75468167159417E-15,
0.866025403784437));
#11668=DIRECTION('ref_axis',(0.866025403784437,1.70299534557182E-21,0.500000000000003));
#11669=DIRECTION('',(0.866025403784437,1.70299534557182E-21,0.500000000000003));
#11670=DIRECTION('',(0.866025403784437,1.70299534557182E-21,0.500000000000003));
#11671=DIRECTION('',(4.99600361082182E-16,1.,2.31457627383202E-15));
#11672=DIRECTION('center_axis',(0.500000000000038,-2.25428203267632E-15,
0.866025403784417));
#11673=DIRECTION('ref_axis',(0.866025403784412,1.03273769377968E-7,-0.500000000000036));
#11674=DIRECTION('',(0.866025403784412,1.03273769377968E-7,-0.500000000000036));
#11675=DIRECTION('',(0.866025403784412,1.03273769377968E-7,-0.500000000000036));
#11676=DIRECTION('',(4.99600361082182E-16,1.,2.31457627383202E-15));
#11677=DIRECTION('center_axis',(1.,-4.99600361082245E-16,2.72004645381183E-14));
#11678=DIRECTION('ref_axis',(2.72004644865225E-14,-1.03273769377976E-7,
-0.999999999999995));
#11679=DIRECTION('',(2.72004644865225E-14,-1.03273769377976E-7,-0.999999999999995));
#11680=DIRECTION('',(2.72004644865225E-14,-1.03273769377976E-7,-0.999999999999995));
#11681=DIRECTION('',(4.99600361082182E-16,1.,2.31457627383202E-15));
#11682=DIRECTION('center_axis',(0.499999999999999,1.75468167159417E-15,
-0.866025403784439));
#11683=DIRECTION('ref_axis',(-0.866025403784439,-1.70299534557182E-21,-0.499999999999999));
#11684=DIRECTION('',(-0.866025403784439,-1.70299534557182E-21,-0.499999999999999));
#11685=DIRECTION('',(-0.866025403784439,-1.70299534557182E-21,-0.499999999999999));
#11686=DIRECTION('',(4.99600361082182E-16,1.,2.31457627383202E-15));
#11687=DIRECTION('center_axis',(-0.499999999999996,2.25428203267632E-15,
-0.866025403784441));
#11688=DIRECTION('ref_axis',(-0.866025403784441,1.70298088101826E-21,0.499999999999996));
#11689=DIRECTION('',(-0.866025403784441,1.70298085577471E-21,0.499999999999996));
#11690=DIRECTION('',(-0.866025403784441,1.70298085577471E-21,0.499999999999996));
#11691=DIRECTION('center_axis',(-1.,4.99600361082176E-16,2.5905200075866E-15));
#11692=DIRECTION('ref_axis',(2.59052000758661E-15,3.40597615085944E-21,
1.));
#11693=DIRECTION('',(2.59052000758661E-15,3.40597615085944E-21,1.));
#11694=DIRECTION('',(4.99600361082182E-16,1.,2.31457627383202E-15));
#11695=DIRECTION('',(2.59052000758661E-15,3.40597615085944E-21,1.));
#11696=DIRECTION('',(4.99600361082182E-16,1.,2.31457627383202E-15));
#11697=DIRECTION('center_axis',(-0.499999999999996,-1.75468167159417E-15,
0.866025403784441));
#11698=DIRECTION('ref_axis',(0.866025403784441,1.70299532032827E-21,0.499999999999996));
#11699=DIRECTION('',(0.866025403784441,1.70299532032827E-21,0.499999999999996));
#11700=DIRECTION('',(0.866025403784441,1.70299532032827E-21,0.499999999999996));
#11701=DIRECTION('',(4.99600361082182E-16,1.,2.31457627383202E-15));
#11702=DIRECTION('center_axis',(0.500000000000001,-2.25428203267632E-15,
0.866025403784438));
#11703=DIRECTION('ref_axis',(0.866025403784438,-1.70298085577471E-21,-0.500000000000001));
#11704=DIRECTION('',(0.866025403784438,-1.70298085577471E-21,-0.500000000000001));
#11705=DIRECTION('',(0.866025403784438,-1.70298085577471E-21,-0.500000000000001));
#11706=DIRECTION('',(4.99600361082182E-16,1.,2.31457627383202E-15));
#11707=DIRECTION('center_axis',(1.,-4.99600361082176E-16,-2.59052000758661E-15));
#11708=DIRECTION('ref_axis',(-2.59052000758661E-15,-3.40597615085944E-21,
-1.));
#11709=DIRECTION('',(-2.59052000758661E-15,-3.40597615085944E-21,-1.));
#11710=DIRECTION('',(-2.59052000758661E-15,-3.40597615085944E-21,-1.));
#11711=DIRECTION('',(4.99600361082182E-16,1.,2.31457627383202E-15));
#11712=DIRECTION('center_axis',(0.499999999999996,1.75468167159417E-15,
-0.866025403784441));
#11713=DIRECTION('ref_axis',(-0.866025403784441,-1.70299534557182E-21,-0.499999999999996));
#11714=DIRECTION('',(-0.866025403784441,-1.70299534557182E-21,-0.499999999999996));
#11715=DIRECTION('',(-0.866025403784441,-1.70299534557182E-21,-0.499999999999996));
#11716=DIRECTION('',(4.99600361082182E-16,1.,2.31457627383202E-15));
#11717=DIRECTION('center_axis',(-0.499999999999999,2.25428203267632E-15,
-0.866025403784439));
#11718=DIRECTION('ref_axis',(-0.866025403784439,1.70298085577471E-21,0.499999999999999));
#11719=DIRECTION('',(-0.866025403784439,1.70298085577471E-21,0.499999999999999));
#11720=DIRECTION('',(-0.866025403784439,1.70298085577471E-21,0.499999999999999));
#11721=DIRECTION('center_axis',(0.499999999999999,1.75468167159417E-15,
-0.866025403784439));
#11722=DIRECTION('ref_axis',(-0.866025403784439,-1.70299534557182E-21,-0.499999999999999));
#11723=DIRECTION('',(-0.866025403784439,-1.70299534557182E-21,-0.499999999999999));
#11724=DIRECTION('',(4.99600361082182E-16,1.,2.31457627383202E-15));
#11725=DIRECTION('',(-0.866025403784439,-1.70299534557182E-21,-0.499999999999999));
#11726=DIRECTION('',(4.99600361082182E-16,1.,2.31457627383202E-15));
#11727=DIRECTION('center_axis',(-0.499999999999996,2.25428203267632E-15,
-0.866025403784441));
#11728=DIRECTION('ref_axis',(-0.866025403784441,1.70298088101826E-21,0.499999999999996));
#11729=DIRECTION('',(-0.866025403784441,1.70298085577471E-21,0.499999999999996));
#11730=DIRECTION('',(-0.866025403784441,1.70298085577471E-21,0.499999999999996));
#11731=DIRECTION('',(4.99600361082182E-16,1.,2.31457627383202E-15));
#11732=DIRECTION('center_axis',(-1.,4.99600361082186E-16,-1.4802977493723E-15));
#11733=DIRECTION('ref_axis',(-1.4802977493723E-15,3.40597615085944E-21,
1.));
#11734=DIRECTION('',(-1.4802977493723E-15,3.40597615085944E-21,1.));
#11735=DIRECTION('',(-1.4802977493723E-15,3.40597615085944E-21,1.));
#11736=DIRECTION('',(4.99600361082182E-16,1.,2.31457627383202E-15));
#11737=DIRECTION('center_axis',(-0.500000000000003,-1.75468167159417E-15,
0.866025403784437));
#11738=DIRECTION('ref_axis',(0.866025403784437,1.70299534557182E-21,0.500000000000003));
#11739=DIRECTION('',(0.866025403784437,1.70299534557182E-21,0.500000000000003));
#11740=DIRECTION('',(0.866025403784437,1.70299534557182E-21,0.500000000000003));
#11741=DIRECTION('',(4.99600361082182E-16,1.,2.31457627383202E-15));
#11742=DIRECTION('center_axis',(0.5,-2.25428203267632E-15,0.866025403784438));
#11743=DIRECTION('ref_axis',(0.866025403784438,-1.70298085577471E-21,-0.5));
#11744=DIRECTION('',(0.866025403784438,-1.70298085577471E-21,-0.5));
#11745=DIRECTION('',(0.866025403784438,-1.70298085577471E-21,-0.5));
#11746=DIRECTION('',(4.99600361082182E-16,1.,2.31457627383202E-15));
#11747=DIRECTION('center_axis',(1.,-4.99600361082186E-16,1.4802977493723E-15));
#11748=DIRECTION('ref_axis',(1.4802977493723E-15,-3.40597615085944E-21,
-1.));
#11749=DIRECTION('',(1.4802977493723E-15,-3.40597615085944E-21,-1.));
#11750=DIRECTION('',(1.4802977493723E-15,-3.40597615085944E-21,-1.));
#11751=DIRECTION('center_axis',(0.499999999999996,1.75468167159417E-15,
-0.866025403784441));
#11752=DIRECTION('ref_axis',(-0.866025403784441,-1.70299534557182E-21,-0.499999999999996));
#11753=DIRECTION('',(-0.866025403784441,-1.70299534557182E-21,-0.499999999999996));
#11754=DIRECTION('',(4.99600361082182E-16,1.,2.31457627383202E-15));
#11755=DIRECTION('',(-0.866025403784441,-1.70299534557182E-21,-0.499999999999996));
#11756=DIRECTION('',(4.99600361082182E-16,1.,2.31457627383202E-15));
#11757=DIRECTION('center_axis',(-0.499999999999999,2.25428203267632E-15,
-0.866025403784439));
#11758=DIRECTION('ref_axis',(-0.866025403784439,1.70298085577471E-21,0.499999999999999));
#11759=DIRECTION('',(-0.866025403784439,1.70298085577471E-21,0.499999999999999));
#11760=DIRECTION('',(-0.866025403784439,1.70298085577471E-21,0.499999999999999));
#11761=DIRECTION('',(4.99600361082182E-16,1.,2.31457627383202E-15));
#11762=DIRECTION('center_axis',(-1.,4.99600361082176E-16,2.5905200075866E-15));
#11763=DIRECTION('ref_axis',(2.59052000758661E-15,3.40597615085944E-21,
1.));
#11764=DIRECTION('',(2.59052000758661E-15,3.40597615085944E-21,1.));
#11765=DIRECTION('',(2.59052000758661E-15,3.40597615085944E-21,1.));
#11766=DIRECTION('',(4.99600361082182E-16,1.,2.31457627383202E-15));
#11767=DIRECTION('center_axis',(0.50000000000004,1.7546816715941E-15,-0.866025403784416));
#11768=DIRECTION('ref_axis',(-0.866025403784416,-9.46689492826833E-15,-0.50000000000004));
#11769=DIRECTION('',(-0.866025403784416,-9.46689492826833E-15,-0.50000000000004));
#11770=DIRECTION('',(-0.866025403784416,-9.46689492826833E-15,-0.50000000000004));
#11771=DIRECTION('',(4.99600361082182E-16,1.,2.31457627383202E-15));
#11772=DIRECTION('center_axis',(1.,-4.99600361082176E-16,-2.59052000758661E-15));
#11773=DIRECTION('ref_axis',(-2.59052000758661E-15,-3.40597615085944E-21,
-1.));
#11774=DIRECTION('',(-2.59052000758661E-15,-3.40597615085944E-21,-1.));
#11775=DIRECTION('',(-2.59052000758661E-15,-3.40597615085944E-21,-1.));
#11776=DIRECTION('',(4.99600361082182E-16,1.,2.31457627383202E-15));
#11777=DIRECTION('center_axis',(0.499999999999996,1.75468167159417E-15,
-0.866025403784441));
#11778=DIRECTION('ref_axis',(-0.866025403784441,-1.70299534557182E-21,-0.499999999999996));
#11779=DIRECTION('',(-0.866025403784441,-1.70299534557182E-21,-0.499999999999996));
#11780=DIRECTION('',(-0.866025403784441,-1.70299534557182E-21,-0.499999999999996));
#11781=DIRECTION('',(4.99600361082182E-16,1.,2.31457627383202E-15));
#11782=DIRECTION('center_axis',(-0.499999999999999,2.25428203267632E-15,
-0.866025403784439));
#11783=DIRECTION('ref_axis',(-0.866025403784439,1.70298085577471E-21,0.499999999999999));
#11784=DIRECTION('',(-0.866025403784439,1.70298085577471E-21,0.499999999999999));
#11785=DIRECTION('',(-0.866025403784439,1.70298085577471E-21,0.499999999999999));
#11786=DIRECTION('',(4.99600361082182E-16,1.,2.31457627383202E-15));
#11787=DIRECTION('center_axis',(0.50000000000004,1.7546816715941E-15,-0.866025403784416));
#11788=DIRECTION('ref_axis',(-0.866025403784416,-9.46689492826833E-15,-0.50000000000004));
#11789=DIRECTION('',(-0.866025403784416,-9.46689492826833E-15,-0.50000000000004));
#11790=DIRECTION('',(-0.866025403784416,-9.46689492826833E-15,-0.50000000000004));
#11791=DIRECTION('',(4.99600361082182E-16,1.,2.31457627383202E-15));
#11792=DIRECTION('center_axis',(4.99600361082182E-16,1.,2.31457627383202E-15));
#11793=DIRECTION('ref_axis',(0.500000000000025,1.7546816715941E-15,-0.866025403784424));
#11794=DIRECTION('center_axis',(1.04491578788339E-14,-1.,-1.8098468936457E-14));
#11795=DIRECTION('ref_axis',(0.500000000000025,2.08983128079922E-14,-0.866025403784424));
#11796=DIRECTION('center_axis',(-1.04491578788339E-14,1.,1.8098468936457E-14));
#11797=DIRECTION('ref_axis',(0.500000000000025,2.08983128079922E-14,-0.866025403784424));
#11798=DIRECTION('',(4.99600361082182E-16,1.,2.31457627383202E-15));
#11799=DIRECTION('center_axis',(0.500000000000038,-2.25428203267632E-15,
0.866025403784417));
#11800=DIRECTION('ref_axis',(0.866025403784412,1.03273769377968E-7,-0.500000000000035));
#11801=DIRECTION('',(0.866025403784412,1.03273769377968E-7,-0.500000000000035));
#11802=DIRECTION('',(0.866025403784412,1.03273769377968E-7,-0.500000000000035));
#11803=DIRECTION('',(4.99600361082182E-16,1.,2.31457627383202E-15));
#11804=DIRECTION('center_axis',(1.,-4.99600361082244E-16,2.70154273673474E-14));
#11805=DIRECTION('ref_axis',(2.70154273157517E-14,-1.03273769377976E-7,
-0.999999999999995));
#11806=DIRECTION('',(2.70154273157517E-14,-1.03273769377976E-7,-0.999999999999995));
#11807=DIRECTION('',(2.70154273157517E-14,-1.03273769377976E-7,-0.999999999999995));
#11808=DIRECTION('',(4.99600361082182E-16,1.,2.31457627383202E-15));
#11809=DIRECTION('center_axis',(0.499999999999999,1.75468167159417E-15,
-0.866025403784439));
#11810=DIRECTION('ref_axis',(-0.866025403784439,-1.70299534557182E-21,-0.499999999999999));
#11811=DIRECTION('',(-0.866025403784439,-1.70299534557182E-21,-0.499999999999999));
#11812=DIRECTION('',(-0.866025403784439,-1.70299534557182E-21,-0.499999999999999));
#11813=DIRECTION('',(4.99600361082182E-16,1.,2.31457627383202E-15));
#11814=DIRECTION('center_axis',(-0.499999999999996,2.25428203267632E-15,
-0.866025403784441));
#11815=DIRECTION('ref_axis',(-0.866025403784441,1.70298085577471E-21,0.499999999999996));
#11816=DIRECTION('',(-0.866025403784441,1.70298085577471E-21,0.499999999999996));
#11817=DIRECTION('',(-0.866025403784441,1.70298085577471E-21,0.499999999999996));
#11818=DIRECTION('',(4.99600361082182E-16,1.,2.31457627383202E-15));
#11819=DIRECTION('center_axis',(1.,-4.99600361082294E-16,4.85801103550007E-14));
#11820=DIRECTION('ref_axis',(4.85801103550007E-14,-6.47735140221556E-15,
-1.));
#11821=DIRECTION('',(4.85801103550007E-14,-6.47735140221556E-15,-1.));
#11822=DIRECTION('',(4.85801103550007E-14,-6.47735140221556E-15,-1.));
#11823=DIRECTION('',(4.99600361082182E-16,1.,2.31457627383202E-15));
#11824=DIRECTION('center_axis',(0.500000000000002,-2.25428203267632E-15,
0.866025403784438));
#11825=DIRECTION('ref_axis',(0.866025403784438,-1.70298085577471E-21,-0.500000000000002));
#11826=DIRECTION('',(0.866025403784438,-1.70298085577471E-21,-0.500000000000002));
#11827=DIRECTION('',(0.866025403784438,-1.70298085577471E-21,-0.500000000000002));
#11828=DIRECTION('',(4.99600361082182E-16,1.,2.31457627383202E-15));
#11829=DIRECTION('center_axis',(1.,-4.99600361082177E-16,-2.22044566604489E-15));
#11830=DIRECTION('ref_axis',(-2.22044566604489E-15,-3.40597615085944E-21,
-1.));
#11831=DIRECTION('',(-2.22044566604489E-15,-3.40597615085944E-21,-1.));
#11832=DIRECTION('',(-2.22044566604489E-15,-3.40597615085944E-21,-1.));
#11833=DIRECTION('',(4.99600361082182E-16,1.,2.31457627383202E-15));
#11834=DIRECTION('center_axis',(0.499999999999996,1.75468167159417E-15,
-0.866025403784441));
#11835=DIRECTION('ref_axis',(-0.866025403784441,-1.70299534557182E-21,-0.499999999999996));
#11836=DIRECTION('',(-0.866025403784441,-1.70299534557182E-21,-0.499999999999996));
#11837=DIRECTION('',(-0.866025403784441,-1.70299534557182E-21,-0.499999999999996));
#11838=DIRECTION('',(4.99600361082182E-16,1.,2.31457627383202E-15));
#11839=DIRECTION('center_axis',(1.,-4.99600361082294E-16,4.85801103550007E-14));
#11840=DIRECTION('ref_axis',(4.85801103550007E-14,-6.47735140221556E-15,
-1.));
#11841=DIRECTION('',(4.85801103550007E-14,-6.47735140221556E-15,-1.));
#11842=DIRECTION('',(4.85801103550007E-14,-6.47735140221556E-15,-1.));
#11843=DIRECTION('',(4.99600361082182E-16,1.,2.31457627383202E-15));
#11844=DIRECTION('center_axis',(-0.500000000000003,-1.75468167159417E-15,
0.866025403784437));
#11845=DIRECTION('ref_axis',(0.866025403784437,1.70299532032827E-21,0.500000000000003));
#11846=DIRECTION('',(0.866025403784437,1.70299532032827E-21,0.500000000000003));
#11847=DIRECTION('',(0.866025403784437,1.70299532032827E-21,0.500000000000003));
#11848=DIRECTION('',(4.99600361082182E-16,1.,2.31457627383202E-15));
#11849=DIRECTION('center_axis',(0.500000000000038,-2.25428203267632E-15,
0.866025403784417));
#11850=DIRECTION('ref_axis',(0.866025403784412,1.03273769377968E-7,-0.500000000000035));
#11851=DIRECTION('',(0.866025403784412,1.03273769377968E-7,-0.500000000000035));
#11852=DIRECTION('',(0.866025403784412,1.03273769377968E-7,-0.500000000000035));
#11853=DIRECTION('',(4.99600361082182E-16,1.,2.31457627383202E-15));
#11854=DIRECTION('center_axis',(1.,-4.99600361082244E-16,2.70154273673474E-14));
#11855=DIRECTION('ref_axis',(2.70154273157517E-14,-1.03273769377976E-7,
-0.999999999999995));
#11856=DIRECTION('',(2.70154273157517E-14,-1.03273769377976E-7,-0.999999999999995));
#11857=DIRECTION('',(2.70154273157517E-14,-1.03273769377976E-7,-0.999999999999995));
#11858=DIRECTION('',(4.99600361082182E-16,1.,2.31457627383202E-15));
#11859=DIRECTION('center_axis',(0.499999999999999,1.75468167159417E-15,
-0.866025403784439));
#11860=DIRECTION('ref_axis',(-0.866025403784439,-1.70299534557182E-21,-0.499999999999999));
#11861=DIRECTION('',(-0.866025403784439,-1.70299534557182E-21,-0.499999999999999));
#11862=DIRECTION('',(-0.866025403784439,-1.70299534557182E-21,-0.499999999999999));
#11863=DIRECTION('',(4.99600361082182E-16,1.,2.31457627383202E-15));
#11864=DIRECTION('center_axis',(4.99600361082182E-16,1.,2.31457627383202E-15));
#11865=DIRECTION('ref_axis',(1.,-4.99600361082253E-16,3.13474740196805E-14));
#11866=DIRECTION('center_axis',(2.08983157576584E-14,-1.,3.40597680719171E-21));
#11867=DIRECTION('ref_axis',(1.,2.08983157576584E-14,3.13474740196805E-14));
#11868=DIRECTION('center_axis',(-2.08983157576584E-14,1.,-3.40597680719171E-21));
#11869=DIRECTION('ref_axis',(1.,2.08983157576584E-14,3.13474740196805E-14));
#11870=DIRECTION('',(4.99600361082182E-16,1.,2.31457627383202E-15));
#11871=DIRECTION('center_axis',(0.499999999999961,-2.25428203267635E-15,
0.866025403784461));
#11872=DIRECTION('ref_axis',(0.866025403784461,-9.46689492825374E-15,-0.499999999999961));
#11873=DIRECTION('',(0.866025403784461,-9.46689492825374E-15,-0.499999999999961));
#11874=DIRECTION('',(0.866025403784461,-9.46689492825374E-15,-0.499999999999961));
#11875=DIRECTION('',(4.99600361082182E-16,1.,2.31457627383202E-15));
#11876=DIRECTION('center_axis',(-0.499999999999995,-1.75468167159417E-15,
0.866025403784441));
#11877=DIRECTION('ref_axis',(0.866025403784441,1.70299532032827E-21,0.499999999999995));
#11878=DIRECTION('',(0.866025403784441,1.70299532032827E-21,0.499999999999995));
#11879=DIRECTION('',(0.866025403784441,1.70299532032827E-21,0.499999999999995));
#11880=DIRECTION('',(4.99600361082182E-16,1.,2.31457627383202E-15));
#11881=DIRECTION('center_axis',(0.500000000000001,-2.25428203267632E-15,
0.866025403784438));
#11882=DIRECTION('ref_axis',(0.866025403784438,-1.70298085577471E-21,-0.500000000000001));
#11883=DIRECTION('',(0.866025403784438,-1.70298085577471E-21,-0.500000000000001));
#11884=DIRECTION('',(0.866025403784438,-1.70298085577471E-21,-0.500000000000001));
#11885=DIRECTION('',(4.99600361082182E-16,1.,2.31457627383202E-15));
#11886=DIRECTION('center_axis',(1.,-4.99600361082176E-16,-2.5905200075866E-15));
#11887=DIRECTION('ref_axis',(-2.59052000758661E-15,-3.40597615085944E-21,
-1.));
#11888=DIRECTION('',(-2.59052000758661E-15,-3.40597615085944E-21,-1.));
#11889=DIRECTION('',(-2.59052000758661E-15,-3.40597615085944E-21,-1.));
#11890=DIRECTION('',(4.99600361082182E-16,1.,2.31457627383202E-15));
#11891=DIRECTION('center_axis',(0.499999999999961,-2.25428203267635E-15,
0.866025403784461));
#11892=DIRECTION('ref_axis',(0.866025403784461,-9.46689492825374E-15,-0.499999999999961));
#11893=DIRECTION('',(0.866025403784461,-9.46689492825374E-15,-0.499999999999961));
#11894=DIRECTION('',(0.866025403784461,-9.46689492825374E-15,-0.499999999999961));
#11895=DIRECTION('',(4.99600361082182E-16,1.,2.31457627383202E-15));
#11896=DIRECTION('center_axis',(-1.,4.99600361082176E-16,2.5905200075866E-15));
#11897=DIRECTION('ref_axis',(2.59052000758661E-15,3.40597615085944E-21,
1.));
#11898=DIRECTION('',(2.59052000758661E-15,3.40597615085944E-21,1.));
#11899=DIRECTION('',(2.59052000758661E-15,3.40597615085944E-21,1.));
#11900=DIRECTION('',(4.99600361082182E-16,1.,2.31457627383202E-15));
#11901=DIRECTION('center_axis',(-0.499999999999996,-1.75468167159417E-15,
0.866025403784441));
#11902=DIRECTION('ref_axis',(0.866025403784441,1.70299532032827E-21,0.499999999999996));
#11903=DIRECTION('',(0.866025403784441,1.70299532032827E-21,0.499999999999996));
#11904=DIRECTION('',(0.866025403784441,1.70299532032827E-21,0.499999999999996));
#11905=DIRECTION('',(4.99600361082182E-16,1.,2.31457627383202E-15));
#11906=DIRECTION('center_axis',(0.500000000000001,-2.25428203267632E-15,
0.866025403784438));
#11907=DIRECTION('ref_axis',(0.866025403784438,-1.70298085577471E-21,-0.500000000000001));
#11908=DIRECTION('',(0.866025403784438,-1.70298085577471E-21,-0.500000000000001));
#11909=DIRECTION('',(0.866025403784438,-1.70298085577471E-21,-0.500000000000001));
#11910=DIRECTION('',(4.99600361082182E-16,1.,2.31457627383202E-15));
#11911=DIRECTION('center_axis',(1.,-4.99600361082176E-16,-2.5905200075866E-15));
#11912=DIRECTION('ref_axis',(-2.59052000758661E-15,-3.40597615085944E-21,
-1.));
#11913=DIRECTION('',(-2.59052000758661E-15,-3.40597615085944E-21,-1.));
#11914=DIRECTION('',(-2.59052000758661E-15,-3.40597615085944E-21,-1.));
#11915=DIRECTION('',(4.99600361082182E-16,1.,2.31457627383202E-15));
#11916=DIRECTION('center_axis',(-0.500000000000036,-1.75468167159407E-15,
0.866025403784418));
#11917=DIRECTION('ref_axis',(0.866025403784418,1.07685912140474E-13,0.500000000000036));
#11918=DIRECTION('',(0.866025403784418,1.07685912140474E-13,0.500000000000036));
#11919=DIRECTION('',(0.866025403784418,1.07685912140474E-13,0.500000000000036));
#11920=DIRECTION('',(4.99600361082182E-16,1.,2.31457627383202E-15));
#11921=DIRECTION('center_axis',(-1.,4.99600361082176E-16,2.5905200075866E-15));
#11922=DIRECTION('ref_axis',(2.59052000758661E-15,3.40597615085944E-21,
1.));
#11923=DIRECTION('',(2.59052000758661E-15,3.40597615085944E-21,1.));
#11924=DIRECTION('',(2.59052000758661E-15,3.40597615085944E-21,1.));
#11925=DIRECTION('',(4.99600361082182E-16,1.,2.31457627383202E-15));
#11926=DIRECTION('center_axis',(-0.499999999999996,-1.75468167159417E-15,
0.866025403784441));
#11927=DIRECTION('ref_axis',(0.866025403784441,1.70299532032827E-21,0.499999999999996));
#11928=DIRECTION('',(0.866025403784441,1.70299532032827E-21,0.499999999999996));
#11929=DIRECTION('',(0.866025403784441,1.70299532032827E-21,0.499999999999996));
#11930=DIRECTION('',(4.99600361082182E-16,1.,2.31457627383202E-15));
#11931=DIRECTION('center_axis',(0.500000000000001,-2.25428203267632E-15,
0.866025403784438));
#11932=DIRECTION('ref_axis',(0.866025403784438,-1.70298085577471E-21,-0.500000000000001));
#11933=DIRECTION('',(0.866025403784438,-1.70298085577471E-21,-0.500000000000001));
#11934=DIRECTION('',(0.866025403784438,-1.70298085577471E-21,-0.500000000000001));
#11935=DIRECTION('',(4.99600361082182E-16,1.,2.31457627383202E-15));
#11936=DIRECTION('center_axis',(-0.500000000000036,-1.75468167159407E-15,
0.866025403784418));
#11937=DIRECTION('ref_axis',(0.866025403784418,1.07685912140474E-13,0.500000000000036));
#11938=DIRECTION('',(0.866025403784418,1.07685912140474E-13,0.500000000000036));
#11939=DIRECTION('',(0.866025403784418,1.07685912140474E-13,0.500000000000036));
#11940=DIRECTION('',(4.99600361082182E-16,1.,2.31457627383202E-15));
#11941=DIRECTION('center_axis',(-0.499999999999996,2.25428203267632E-15,
-0.866025403784441));
#11942=DIRECTION('ref_axis',(-0.866025403784441,1.70298088101826E-21,0.499999999999996));
#11943=DIRECTION('',(-0.866025403784441,1.70298085577471E-21,0.499999999999996));
#11944=DIRECTION('',(-0.866025403784441,1.70298085577471E-21,0.499999999999996));
#11945=DIRECTION('',(4.99600361082182E-16,1.,2.31457627383202E-15));
#11946=DIRECTION('center_axis',(-1.,4.99600361082186E-16,-1.4802977493723E-15));
#11947=DIRECTION('ref_axis',(-1.4802977493723E-15,3.40597615085944E-21,
1.));
#11948=DIRECTION('',(-1.4802977493723E-15,3.40597615085944E-21,1.));
#11949=DIRECTION('',(-1.4802977493723E-15,3.40597615085944E-21,1.));
#11950=DIRECTION('',(4.99600361082182E-16,1.,2.31457627383202E-15));
#11951=DIRECTION('center_axis',(-0.500000000000003,-1.75468167159417E-15,
0.866025403784437));
#11952=DIRECTION('ref_axis',(0.866025403784437,1.70299534557182E-21,0.500000000000003));
#11953=DIRECTION('',(0.866025403784437,1.70299534557182E-21,0.500000000000003));
#11954=DIRECTION('',(0.866025403784437,1.70299534557182E-21,0.500000000000003));
#11955=DIRECTION('',(4.99600361082182E-16,1.,2.31457627383202E-15));
#11956=DIRECTION('center_axis',(0.500000000000038,-2.25428203267632E-15,
0.866025403784417));
#11957=DIRECTION('ref_axis',(0.866025403784412,1.03273769377968E-7,-0.500000000000036));
#11958=DIRECTION('',(0.866025403784412,1.03273769377968E-7,-0.500000000000036));
#11959=DIRECTION('',(0.866025403784412,1.03273769377968E-7,-0.500000000000036));
#11960=DIRECTION('',(4.99600361082182E-16,1.,2.31457627383202E-15));
#11961=DIRECTION('center_axis',(-1.,4.99600361082292E-16,-4.75933268711982E-14));
#11962=DIRECTION('ref_axis',(-4.75933268711982E-14,7.69185415151039E-15,
1.));
#11963=DIRECTION('',(-4.75933268711982E-14,7.69185415151039E-15,1.));
#11964=DIRECTION('',(-4.75933268711982E-14,7.69185415151039E-15,1.));
#11965=DIRECTION('',(4.99600361082182E-16,1.,2.31457627383202E-15));
#11966=DIRECTION('center_axis',(-0.499999999999999,2.25428203267632E-15,
-0.866025403784439));
#11967=DIRECTION('ref_axis',(-0.866025403784439,1.70298085577471E-21,0.499999999999999));
#11968=DIRECTION('',(-0.866025403784439,1.70298085577471E-21,0.499999999999999));
#11969=DIRECTION('',(-0.866025403784439,1.70298085577471E-21,0.499999999999999));
#11970=DIRECTION('',(4.99600361082182E-16,1.,2.31457627383202E-15));
#11971=DIRECTION('center_axis',(-1.,4.99600361082176E-16,2.5905200075866E-15));
#11972=DIRECTION('ref_axis',(2.59052000758661E-15,3.40597615085944E-21,
1.));
#11973=DIRECTION('',(2.59052000758661E-15,3.40597615085944E-21,1.));
#11974=DIRECTION('',(2.59052000758661E-15,3.40597615085944E-21,1.));
#11975=DIRECTION('',(4.99600361082182E-16,1.,2.31457627383202E-15));
#11976=DIRECTION('center_axis',(-0.499999999999996,-1.75468167159417E-15,
0.866025403784441));
#11977=DIRECTION('ref_axis',(0.866025403784441,1.70299532032827E-21,0.499999999999996));
#11978=DIRECTION('',(0.866025403784441,1.70299532032827E-21,0.499999999999996));
#11979=DIRECTION('',(0.866025403784441,1.70299532032827E-21,0.499999999999996));
#11980=DIRECTION('',(4.99600361082182E-16,1.,2.31457627383202E-15));
#11981=DIRECTION('center_axis',(-1.,4.99600361082292E-16,-4.75933268711982E-14));
#11982=DIRECTION('ref_axis',(-4.75933268711982E-14,7.69185415151039E-15,
1.));
#11983=DIRECTION('',(-4.75933268711982E-14,7.69185415151039E-15,1.));
#11984=DIRECTION('',(-4.75933268711982E-14,7.69185415151039E-15,1.));
#11985=DIRECTION('',(4.99600361082182E-16,1.,2.31457627383202E-15));
#11986=DIRECTION('center_axis',(0.499999999999999,1.75468167159417E-15,
-0.866025403784439));
#11987=DIRECTION('ref_axis',(-0.866025403784439,-1.70299534557182E-21,-0.499999999999999));
#11988=DIRECTION('',(-0.866025403784439,-1.70299534557182E-21,-0.499999999999999));
#11989=DIRECTION('',(-0.866025403784439,-1.70299534557182E-21,-0.499999999999999));
#11990=DIRECTION('',(4.99600361082182E-16,1.,2.31457627383202E-15));
#11991=DIRECTION('center_axis',(-0.499999999999996,2.25428203267632E-15,
-0.866025403784441));
#11992=DIRECTION('ref_axis',(-0.866025403784441,1.70298088101826E-21,0.499999999999996));
#11993=DIRECTION('',(-0.866025403784441,1.70298085577471E-21,0.499999999999996));
#11994=DIRECTION('',(-0.866025403784441,1.70298085577471E-21,0.499999999999996));
#11995=DIRECTION('',(4.99600361082182E-16,1.,2.31457627383202E-15));
#11996=DIRECTION('center_axis',(-1.,4.99600361082186E-16,-1.4802977493723E-15));
#11997=DIRECTION('ref_axis',(-1.4802977493723E-15,3.40597615085944E-21,
1.));
#11998=DIRECTION('',(-1.4802977493723E-15,3.40597615085944E-21,1.));
#11999=DIRECTION('',(-1.4802977493723E-15,3.40597615085944E-21,1.));
#12000=DIRECTION('',(4.99600361082182E-16,1.,2.31457627383202E-15));
#12001=DIRECTION('center_axis',(-0.500000000000003,-1.75468167159417E-15,
0.866025403784437));
#12002=DIRECTION('ref_axis',(0.866025403784437,1.70299534557182E-21,0.500000000000003));
#12003=DIRECTION('',(0.866025403784437,1.70299534557182E-21,0.500000000000003));
#12004=DIRECTION('',(0.866025403784437,1.70299534557182E-21,0.500000000000003));
#12005=DIRECTION('',(4.99600361082182E-16,1.,2.31457627383202E-15));
#12006=DIRECTION('center_axis',(-0.499999999999966,2.25428203267638E-15,
-0.866025403784458));
#12007=DIRECTION('ref_axis',(-0.866025403784458,-9.99940579889649E-14,0.499999999999966));
#12008=DIRECTION('',(-0.866025403784458,-9.99940579889649E-14,0.499999999999966));
#12009=DIRECTION('',(-0.866025403784458,-9.99940579889649E-14,0.499999999999966));
#12010=DIRECTION('',(4.99600361082182E-16,1.,2.31457627383202E-15));
#12011=DIRECTION('center_axis',(0.499999999999996,1.75468167159417E-15,
-0.866025403784441));
#12012=DIRECTION('ref_axis',(-0.866025403784441,-1.70299534557182E-21,-0.499999999999996));
#12013=DIRECTION('',(-0.866025403784441,-1.70299534557182E-21,-0.499999999999996));
#12014=DIRECTION('',(-0.866025403784441,-1.70299534557182E-21,-0.499999999999996));
#12015=DIRECTION('',(4.99600361082182E-16,1.,2.31457627383202E-15));
#12016=DIRECTION('center_axis',(-0.499999999999999,2.25428203267632E-15,
-0.866025403784439));
#12017=DIRECTION('ref_axis',(-0.866025403784439,1.70298085577471E-21,0.499999999999999));
#12018=DIRECTION('',(-0.866025403784439,1.70298085577471E-21,0.499999999999999));
#12019=DIRECTION('',(-0.866025403784439,1.70298085577471E-21,0.499999999999999));
#12020=DIRECTION('',(4.99600361082182E-16,1.,2.31457627383202E-15));
#12021=DIRECTION('center_axis',(-1.,4.99600361082176E-16,2.5905200075866E-15));
#12022=DIRECTION('ref_axis',(2.59052000758661E-15,3.40597615085944E-21,
1.));
#12023=DIRECTION('',(2.59052000758661E-15,3.40597615085944E-21,1.));
#12024=DIRECTION('',(2.59052000758661E-15,3.40597615085944E-21,1.));
#12025=DIRECTION('',(4.99600361082182E-16,1.,2.31457627383202E-15));
#12026=DIRECTION('center_axis',(-0.499999999999966,2.25428203267638E-15,
-0.866025403784458));
#12027=DIRECTION('ref_axis',(-0.866025403784458,-9.99940579889649E-14,0.499999999999966));
#12028=DIRECTION('',(-0.866025403784458,-9.99940579889649E-14,0.499999999999966));
#12029=DIRECTION('',(-0.866025403784458,-9.99940579889649E-14,0.499999999999966));
#12030=DIRECTION('',(4.99600361082182E-16,1.,2.31457627383202E-15));
#12031=DIRECTION('center_axis',(1.,-4.99600361082176E-16,-2.59052000758661E-15));
#12032=DIRECTION('ref_axis',(-2.59052000758661E-15,-3.40597615085944E-21,
-1.));
#12033=DIRECTION('',(-2.59052000758661E-15,-3.40597615085944E-21,-1.));
#12034=DIRECTION('',(-2.59052000758661E-15,-3.40597615085944E-21,-1.));
#12035=DIRECTION('center_axis',(8.36356896450016E-27,-1.,3.40597615085944E-21));
#12036=DIRECTION('ref_axis',(1.,8.36363488693232E-27,3.8320542262398E-22));
#12037=DIRECTION('center_axis',(8.36356896450016E-27,-1.,3.40597615085944E-21));
#12038=DIRECTION('ref_axis',(1.,8.36363488693232E-27,3.8320542262398E-22));
#12039=DIRECTION('center_axis',(-1.,4.99600361082177E-16,2.22044566604488E-15));
#12040=DIRECTION('ref_axis',(2.22044566604489E-15,3.40597615085944E-21,
1.));
#12041=DIRECTION('',(2.22044566604489E-15,3.40597615085944E-21,1.));
#12042=DIRECTION('',(4.99600361082182E-16,1.,2.31457627383202E-15));
#12043=DIRECTION('',(2.22044566604489E-15,3.40597615085944E-21,1.));
#12044=DIRECTION('',(4.99600361082182E-16,1.,2.31457627383202E-15));
#12045=DIRECTION('center_axis',(-0.499999999999995,-1.75468167159417E-15,
0.866025403784441));
#12046=DIRECTION('ref_axis',(0.866025403784441,1.70299532032827E-21,0.499999999999995));
#12047=DIRECTION('',(0.866025403784441,1.70299532032827E-21,0.499999999999995));
#12048=DIRECTION('',(0.866025403784441,1.70299532032827E-21,0.499999999999995));
#12049=DIRECTION('',(4.99600361082182E-16,1.,2.31457627383202E-15));
#12050=DIRECTION('center_axis',(0.500000000000001,-2.25428203267632E-15,
0.866025403784438));
#12051=DIRECTION('ref_axis',(0.866025403784438,-1.70298085577471E-21,-0.500000000000001));
#12052=DIRECTION('',(0.866025403784438,-1.70298085577471E-21,-0.500000000000001));
#12053=DIRECTION('',(0.866025403784438,-1.70298085577471E-21,-0.500000000000001));
#12054=DIRECTION('',(4.99600361082182E-16,1.,2.31457627383202E-15));
#12055=DIRECTION('center_axis',(1.,-4.99600361082176E-16,-2.5905200075866E-15));
#12056=DIRECTION('ref_axis',(-2.59052000758661E-15,-3.40597615085944E-21,
-1.));
#12057=DIRECTION('',(-2.59052000758661E-15,-3.40597615085944E-21,-1.));
#12058=DIRECTION('',(-2.59052000758661E-15,-3.40597615085944E-21,-1.));
#12059=DIRECTION('',(4.99600361082182E-16,1.,2.31457627383202E-15));
#12060=DIRECTION('center_axis',(0.499999999999996,1.75468167159417E-15,
-0.866025403784441));
#12061=DIRECTION('ref_axis',(-0.866025403784441,-1.70299534557182E-21,-0.499999999999996));
#12062=DIRECTION('',(-0.866025403784441,-1.70299534557182E-21,-0.499999999999996));
#12063=DIRECTION('',(-0.866025403784441,-1.70299534557182E-21,-0.499999999999996));
#12064=DIRECTION('',(4.99600361082182E-16,1.,2.31457627383202E-15));
#12065=DIRECTION('center_axis',(-0.500000000000001,2.25428203267635E-15,
-0.866025403784438));
#12066=DIRECTION('ref_axis',(-0.866025403784438,1.70298083053117E-21,0.500000000000001));
#12067=DIRECTION('',(-0.866025403784438,1.70298083053117E-21,0.500000000000001));
#12068=DIRECTION('',(-0.866025403784438,1.70298083053117E-21,0.500000000000001));
#12069=DIRECTION('center_axis',(-0.500000000000001,2.25428203267635E-15,
-0.866025403784438));
#12070=DIRECTION('ref_axis',(-0.866025403784438,1.70298083053117E-21,0.500000000000001));
#12071=DIRECTION('',(-0.866025403784438,1.70298083053117E-21,0.500000000000001));
#12072=DIRECTION('',(4.99600361082182E-16,1.,2.31457627383202E-15));
#12073=DIRECTION('',(-0.866025403784438,1.70298083053117E-21,0.500000000000001));
#12074=DIRECTION('',(4.99600361082182E-16,1.,2.31457627383202E-15));
#12075=DIRECTION('center_axis',(-1.,4.99600361082177E-16,2.22044566604488E-15));
#12076=DIRECTION('ref_axis',(2.22044566604489E-15,3.40597615085944E-21,
1.));
#12077=DIRECTION('',(2.22044566604489E-15,3.40597615085944E-21,1.));
#12078=DIRECTION('',(2.22044566604489E-15,3.40597615085944E-21,1.));
#12079=DIRECTION('',(4.99600361082182E-16,1.,2.31457627383202E-15));
#12080=DIRECTION('center_axis',(4.99600361082182E-16,1.,2.31457627383202E-15));
#12081=DIRECTION('ref_axis',(-0.499999999999926,2.25428203267642E-15,-0.866025403784482));
#12082=DIRECTION('center_axis',(8.36356896450016E-27,-1.,3.40597615085944E-21));
#12083=DIRECTION('ref_axis',(-0.499999999999926,-2.94966605323574E-21,-0.866025403784482));
#12084=DIRECTION('center_axis',(-8.36356896450016E-27,1.,-3.40597615085944E-21));
#12085=DIRECTION('ref_axis',(-0.499999999999926,-2.94966605323574E-21,-0.866025403784482));
#12086=DIRECTION('',(4.99600361082182E-16,1.,2.31457627383202E-15));
#12087=DIRECTION('center_axis',(1.,-4.99600361082177E-16,-2.22044566604488E-15));
#12088=DIRECTION('ref_axis',(-2.22044566604489E-15,-3.40597615085944E-21,
-1.));
#12089=DIRECTION('',(-2.22044566604489E-15,-3.40597615085944E-21,-1.));
#12090=DIRECTION('',(-2.22044566604489E-15,-3.40597615085944E-21,-1.));
#12091=DIRECTION('',(4.99600361082182E-16,1.,2.31457627383202E-15));
#12092=DIRECTION('center_axis',(0.499999999999996,1.75468167159417E-15,
-0.866025403784441));
#12093=DIRECTION('ref_axis',(-0.866025403784441,-1.70299534557182E-21,-0.499999999999996));
#12094=DIRECTION('',(-0.866025403784441,-1.70299534557182E-21,-0.499999999999996));
#12095=DIRECTION('',(-0.866025403784441,-1.70299534557182E-21,-0.499999999999996));
#12096=DIRECTION('',(4.99600361082182E-16,1.,2.31457627383202E-15));
#12097=DIRECTION('center_axis',(4.99600361082182E-16,1.,2.31457627383202E-15));
#12098=DIRECTION('ref_axis',(-0.499999999999926,2.25428203267642E-15,-0.866025403784482));
#12099=DIRECTION('center_axis',(8.36356896450016E-27,-1.,3.40597615085944E-21));
#12100=DIRECTION('ref_axis',(-0.499999999999926,-2.94966605323574E-21,-0.866025403784482));
#12101=DIRECTION('center_axis',(-8.36356896450016E-27,1.,-3.40597615085944E-21));
#12102=DIRECTION('ref_axis',(-0.499999999999926,-2.94966605323574E-21,-0.866025403784482));
#12103=DIRECTION('',(4.99600361082182E-16,1.,2.31457627383202E-15));
#12104=DIRECTION('center_axis',(1.,-4.99600361082282E-16,4.33868459947339E-14));
#12105=DIRECTION('ref_axis',(4.33868459947339E-14,-3.40597620134654E-21,
-1.));
#12106=DIRECTION('',(4.33868459947339E-14,-3.40597620134654E-21,-1.));
#12107=DIRECTION('',(4.33868459947339E-14,-3.40597620134654E-21,-1.));
#12108=DIRECTION('',(4.99600361082182E-16,1.,2.31457627383202E-15));
#12109=DIRECTION('center_axis',(-0.500000000000006,-1.75468167159415E-15,
0.866025403784436));
#12110=DIRECTION('ref_axis',(0.866025403784435,1.70299532032827E-21,0.500000000000006));
#12111=DIRECTION('',(0.866025403784435,1.70299532032827E-21,0.500000000000005));
#12112=DIRECTION('',(0.866025403784435,1.70299532032827E-21,0.500000000000005));
#12113=DIRECTION('',(4.99600361082182E-16,1.,2.31457627383202E-15));
#12114=DIRECTION('center_axis',(0.500000000000042,-2.2542820326763E-15,
0.866025403784414));
#12115=DIRECTION('ref_axis',(0.86602540378441,1.03273769377967E-7,-0.50000000000004));
#12116=DIRECTION('',(0.86602540378441,1.03273769377967E-7,-0.50000000000004));
#12117=DIRECTION('',(0.86602540378441,1.03273769377967E-7,-0.50000000000004));
#12118=DIRECTION('',(4.99600361082182E-16,1.,2.31457627383202E-15));
#12119=DIRECTION('center_axis',(1.,-4.99600361082244E-16,2.70154273673474E-14));
#12120=DIRECTION('ref_axis',(2.70154273157517E-14,-1.03273769377976E-7,
-0.999999999999995));
#12121=DIRECTION('',(2.70154273157517E-14,-1.03273769377976E-7,-0.999999999999995));
#12122=DIRECTION('',(2.70154273157517E-14,-1.03273769377976E-7,-0.999999999999995));
#12123=DIRECTION('',(4.99600361082182E-16,1.,2.31457627383202E-15));
#12124=DIRECTION('center_axis',(0.499999999999996,1.75468167159417E-15,
-0.866025403784441));
#12125=DIRECTION('ref_axis',(-0.866025403784441,-1.70299532032827E-21,-0.499999999999996));
#12126=DIRECTION('',(-0.866025403784441,-1.70299532032827E-21,-0.499999999999996));
#12127=DIRECTION('',(-0.866025403784441,-1.70299532032827E-21,-0.499999999999996));
#12128=DIRECTION('',(4.99600361082182E-16,1.,2.31457627383202E-15));
#12129=DIRECTION('center_axis',(-0.499999999999996,2.25428203267632E-15,
-0.866025403784441));
#12130=DIRECTION('ref_axis',(-0.866025403784441,1.70298085577471E-21,0.499999999999996));
#12131=DIRECTION('',(-0.866025403784441,1.70298085577471E-21,0.499999999999996));
#12132=DIRECTION('',(-0.866025403784441,1.70298085577471E-21,0.499999999999996));
#12133=DIRECTION('',(4.99600361082182E-16,1.,2.31457627383202E-15));
#12134=DIRECTION('center_axis',(1.,-4.99600361082282E-16,4.33868459947339E-14));
#12135=DIRECTION('ref_axis',(4.33868459947339E-14,-3.40597620134654E-21,
-1.));
#12136=DIRECTION('',(4.33868459947339E-14,-3.40597620134654E-21,-1.));
#12137=DIRECTION('',(4.33868459947339E-14,-3.40597620134654E-21,-1.));
#12138=DIRECTION('',(4.99600361082182E-16,1.,2.31457627383202E-15));
#12139=DIRECTION('center_axis',(0.500000000000002,-2.25428203267632E-15,
0.866025403784438));
#12140=DIRECTION('ref_axis',(0.866025403784438,-1.70298085577471E-21,-0.500000000000002));
#12141=DIRECTION('',(0.866025403784438,-1.70298085577471E-21,-0.500000000000002));
#12142=DIRECTION('',(0.866025403784438,-1.70298085577471E-21,-0.500000000000002));
#12143=DIRECTION('',(4.99600361082182E-16,1.,2.31457627383202E-15));
#12144=DIRECTION('center_axis',(1.,-4.99600361082177E-16,-2.22044566604488E-15));
#12145=DIRECTION('ref_axis',(-2.22044566604489E-15,-3.40597615085944E-21,
-1.));
#12146=DIRECTION('',(-2.22044566604489E-15,-3.40597615085944E-21,-1.));
#12147=DIRECTION('',(-2.22044566604489E-15,-3.40597615085944E-21,-1.));
#12148=DIRECTION('',(4.99600361082182E-16,1.,2.31457627383202E-15));
#12149=DIRECTION('center_axis',(0.499999999999996,1.75468167159417E-15,
-0.866025403784441));
#12150=DIRECTION('ref_axis',(-0.866025403784441,-1.70299534557182E-21,-0.499999999999996));
#12151=DIRECTION('',(-0.866025403784441,-1.70299534557182E-21,-0.499999999999996));
#12152=DIRECTION('',(-0.866025403784441,-1.70299534557182E-21,-0.499999999999996));
#12153=DIRECTION('',(4.99600361082182E-16,1.,2.31457627383202E-15));
#12154=DIRECTION('center_axis',(1.,-4.99600361082282E-16,4.33868459947339E-14));
#12155=DIRECTION('ref_axis',(4.33868459947339E-14,-3.40597620134654E-21,
-1.));
#12156=DIRECTION('',(4.33868459947339E-14,-3.40597620134654E-21,-1.));
#12157=DIRECTION('',(4.33868459947339E-14,-3.40597620134654E-21,-1.));
#12158=DIRECTION('',(4.99600361082182E-16,1.,2.31457627383202E-15));
#12159=DIRECTION('center_axis',(-0.500000000000006,-1.75468167159415E-15,
0.866025403784436));
#12160=DIRECTION('ref_axis',(0.866025403784435,1.70299532032827E-21,0.500000000000006));
#12161=DIRECTION('',(0.866025403784435,1.70299532032827E-21,0.500000000000005));
#12162=DIRECTION('',(0.866025403784435,1.70299532032827E-21,0.500000000000005));
#12163=DIRECTION('',(4.99600361082182E-16,1.,2.31457627383202E-15));
#12164=DIRECTION('center_axis',(0.500000000000042,-2.2542820326763E-15,
0.866025403784414));
#12165=DIRECTION('ref_axis',(0.86602540378441,1.03273769377967E-7,-0.50000000000004));
#12166=DIRECTION('',(0.86602540378441,1.03273769377967E-7,-0.50000000000004));
#12167=DIRECTION('',(0.86602540378441,1.03273769377967E-7,-0.50000000000004));
#12168=DIRECTION('',(4.99600361082182E-16,1.,2.31457627383202E-15));
#12169=DIRECTION('center_axis',(1.,-4.99600361082244E-16,2.70154273673474E-14));
#12170=DIRECTION('ref_axis',(2.70154273157517E-14,-1.03273769377976E-7,
-0.999999999999995));
#12171=DIRECTION('',(2.70154273157517E-14,-1.03273769377976E-7,-0.999999999999995));
#12172=DIRECTION('',(2.70154273157517E-14,-1.03273769377976E-7,-0.999999999999995));
#12173=DIRECTION('',(4.99600361082182E-16,1.,2.31457627383202E-15));
#12174=DIRECTION('center_axis',(0.499999999999996,1.75468167159417E-15,
-0.866025403784441));
#12175=DIRECTION('ref_axis',(-0.866025403784441,-1.70299532032827E-21,-0.499999999999996));
#12176=DIRECTION('',(-0.866025403784441,-1.70299532032827E-21,-0.499999999999996));
#12177=DIRECTION('',(-0.866025403784441,-1.70299532032827E-21,-0.499999999999996));
#12178=DIRECTION('',(4.99600361082182E-16,1.,2.31457627383202E-15));
#12179=DIRECTION('center_axis',(-0.499999999999996,2.25428203267632E-15,
-0.866025403784441));
#12180=DIRECTION('ref_axis',(-0.866025403784441,1.70298085577471E-21,0.499999999999996));
#12181=DIRECTION('',(-0.866025403784441,1.70298085577471E-21,0.499999999999996));
#12182=DIRECTION('',(-0.866025403784441,1.70298085577471E-21,0.499999999999996));
#12183=DIRECTION('',(4.99600361082182E-16,1.,2.31457627383202E-15));
#12184=DIRECTION('center_axis',(1.,-4.99600361082282E-16,4.33868459947339E-14));
#12185=DIRECTION('ref_axis',(4.33868459947339E-14,-3.40597620134654E-21,
-1.));
#12186=DIRECTION('',(4.33868459947339E-14,-3.40597620134654E-21,-1.));
#12187=DIRECTION('',(4.33868459947339E-14,-3.40597620134654E-21,-1.));
#12188=DIRECTION('',(4.99600361082182E-16,1.,2.31457627383202E-15));
#12189=DIRECTION('center_axis',(0.500000000000002,-2.25428203267632E-15,
0.866025403784438));
#12190=DIRECTION('ref_axis',(0.866025403784438,-1.70298085577471E-21,-0.500000000000002));
#12191=DIRECTION('',(0.866025403784438,-1.70298085577471E-21,-0.500000000000002));
#12192=DIRECTION('',(0.866025403784438,-1.70298085577471E-21,-0.500000000000002));
#12193=DIRECTION('',(4.99600361082182E-16,1.,2.31457627383202E-15));
#12194=DIRECTION('center_axis',(1.,-4.99600361082177E-16,-2.22044566604488E-15));
#12195=DIRECTION('ref_axis',(-2.22044566604489E-15,-3.40597615085944E-21,
-1.));
#12196=DIRECTION('',(-2.22044566604489E-15,-3.40597615085944E-21,-1.));
#12197=DIRECTION('',(-2.22044566604489E-15,-3.40597615085944E-21,-1.));
#12198=DIRECTION('',(4.99600361082182E-16,1.,2.31457627383202E-15));
#12199=DIRECTION('center_axis',(4.99600361082182E-16,1.,2.31457627383202E-15));
#12200=DIRECTION('ref_axis',(1.,-4.99600361082182E-16,3.83205429611033E-22));
#12201=DIRECTION('center_axis',(8.36356896450016E-27,-1.,3.40597615085944E-21));
#12202=DIRECTION('ref_axis',(1.,8.36358558312573E-27,3.83205429611033E-22));
#12203=DIRECTION('center_axis',(-8.36356896450016E-27,1.,-3.40597615085944E-21));
#12204=DIRECTION('ref_axis',(1.,8.36358558312573E-27,3.83205429611033E-22));
#12205=DIRECTION('',(4.99600361082182E-16,1.,2.31457627383202E-15));
#12206=DIRECTION('center_axis',(-1.,4.99600361082177E-16,2.22044566604488E-15));
#12207=DIRECTION('ref_axis',(2.22044566604489E-15,3.40597615085944E-21,
1.));
#12208=DIRECTION('',(2.22044566604489E-15,3.40597615085944E-21,1.));
#12209=DIRECTION('',(2.22044566604489E-15,3.40597615085944E-21,1.));
#12210=DIRECTION('',(4.99600361082182E-16,1.,2.31457627383202E-15));
#12211=DIRECTION('center_axis',(-0.499999999999995,-1.75468167159417E-15,
0.866025403784441));
#12212=DIRECTION('ref_axis',(0.866025403784441,1.70299532032827E-21,0.499999999999995));
#12213=DIRECTION('',(0.866025403784441,1.70299532032827E-21,0.499999999999995));
#12214=DIRECTION('',(0.866025403784441,1.70299532032827E-21,0.499999999999995));
#12215=DIRECTION('',(4.99600361082182E-16,1.,2.31457627383202E-15));
#12216=DIRECTION('center_axis',(0.500000000000001,-2.25428203267632E-15,
0.866025403784438));
#12217=DIRECTION('ref_axis',(0.866025403784438,-1.70298085577471E-21,-0.500000000000001));
#12218=DIRECTION('',(0.866025403784438,-1.70298085577471E-21,-0.500000000000001));
#12219=DIRECTION('',(0.866025403784438,-1.70298085577471E-21,-0.500000000000001));
#12220=DIRECTION('',(4.99600361082182E-16,1.,2.31457627383202E-15));
#12221=DIRECTION('center_axis',(-0.500000000000058,-1.75468167159407E-15,
0.866025403784405));
#12222=DIRECTION('ref_axis',(0.866025403784405,1.23069628958506E-14,0.500000000000058));
#12223=DIRECTION('',(0.866025403784405,1.23069628958506E-14,0.500000000000058));
#12224=DIRECTION('',(0.866025403784405,1.23069628958506E-14,0.500000000000058));
#12225=DIRECTION('',(4.99600361082182E-16,1.,2.31457627383202E-15));
#12226=DIRECTION('center_axis',(-0.499999999999996,2.25428203267632E-15,
-0.866025403784441));
#12227=DIRECTION('ref_axis',(-0.866025403784441,1.70298088101826E-21,0.499999999999996));
#12228=DIRECTION('',(-0.866025403784441,1.70298085577471E-21,0.499999999999996));
#12229=DIRECTION('',(-0.866025403784441,1.70298085577471E-21,0.499999999999996));
#12230=DIRECTION('',(4.99600361082182E-16,1.,2.31457627383202E-15));
#12231=DIRECTION('center_axis',(-1.,4.99600361082186E-16,-1.4802977493723E-15));
#12232=DIRECTION('ref_axis',(-1.4802977493723E-15,3.40597615085944E-21,
1.));
#12233=DIRECTION('',(-1.4802977493723E-15,3.40597615085944E-21,1.));
#12234=DIRECTION('',(-1.4802977493723E-15,3.40597615085944E-21,1.));
#12235=DIRECTION('',(4.99600361082182E-16,1.,2.31457627383202E-15));
#12236=DIRECTION('center_axis',(-0.500000000000005,-1.75468167159415E-15,
0.866025403784436));
#12237=DIRECTION('ref_axis',(0.866025403784436,1.70299532032827E-21,0.500000000000005));
#12238=DIRECTION('',(0.866025403784436,1.70299532032827E-21,0.500000000000005));
#12239=DIRECTION('',(0.866025403784436,1.70299532032827E-21,0.500000000000005));
#12240=DIRECTION('',(4.99600361082182E-16,1.,2.31457627383202E-15));
#12241=DIRECTION('center_axis',(0.500000000000043,-2.2542820326763E-15,
0.866025403784414));
#12242=DIRECTION('ref_axis',(0.866025403784409,1.03273769377967E-7,-0.50000000000004));
#12243=DIRECTION('',(0.866025403784409,1.03273769377967E-7,-0.50000000000004));
#12244=DIRECTION('',(0.866025403784409,1.03273769377967E-7,-0.50000000000004));
#12245=DIRECTION('',(4.99600361082182E-16,1.,2.31457627383202E-15));
#12246=DIRECTION('center_axis',(-1.,4.99600361082292E-16,-4.76534194551477E-14));
#12247=DIRECTION('ref_axis',(-4.76534194551477E-14,7.69185415151039E-15,
1.));
#12248=DIRECTION('',(-4.76534194551477E-14,7.69185415151039E-15,1.));
#12249=DIRECTION('',(-4.76534194551477E-14,7.69185415151039E-15,1.));
#12250=DIRECTION('',(4.99600361082182E-16,1.,2.31457627383202E-15));
#12251=DIRECTION('center_axis',(-0.500000000000001,2.25428203267635E-15,
-0.866025403784438));
#12252=DIRECTION('ref_axis',(-0.866025403784438,1.70298083053117E-21,0.500000000000001));
#12253=DIRECTION('',(-0.866025403784438,1.70298083053117E-21,0.500000000000001));
#12254=DIRECTION('',(-0.866025403784438,1.70298083053117E-21,0.500000000000001));
#12255=DIRECTION('',(4.99600361082182E-16,1.,2.31457627383202E-15));
#12256=DIRECTION('center_axis',(-1.,4.99600361082176E-16,2.5905200075866E-15));
#12257=DIRECTION('ref_axis',(2.59052000758661E-15,3.40597615085944E-21,
1.));
#12258=DIRECTION('',(2.59052000758661E-15,3.40597615085944E-21,1.));
#12259=DIRECTION('',(2.59052000758661E-15,3.40597615085944E-21,1.));
#12260=DIRECTION('',(4.99600361082182E-16,1.,2.31457627383202E-15));
#12261=DIRECTION('center_axis',(-0.499999999999996,-1.75468167159417E-15,
0.866025403784441));
#12262=DIRECTION('ref_axis',(0.866025403784441,1.70299532032827E-21,0.499999999999996));
#12263=DIRECTION('',(0.866025403784441,1.70299532032827E-21,0.499999999999996));
#12264=DIRECTION('',(0.866025403784441,1.70299532032827E-21,0.499999999999996));
#12265=DIRECTION('',(4.99600361082182E-16,1.,2.31457627383202E-15));
#12266=DIRECTION('center_axis',(-1.,4.99600361082292E-16,-4.76534194551477E-14));
#12267=DIRECTION('ref_axis',(-4.76534194551477E-14,7.69185415151039E-15,
1.));
#12268=DIRECTION('',(-4.76534194551477E-14,7.69185415151039E-15,1.));
#12269=DIRECTION('',(-4.76534194551477E-14,7.69185415151039E-15,1.));
#12270=DIRECTION('',(4.99600361082182E-16,1.,2.31457627383202E-15));
#12271=DIRECTION('center_axis',(0.499999999999997,1.75468167159417E-15,
-0.866025403784441));
#12272=DIRECTION('ref_axis',(-0.866025403784441,-1.70299532032827E-21,-0.499999999999997));
#12273=DIRECTION('',(-0.866025403784441,-1.70299532032827E-21,-0.499999999999997));
#12274=DIRECTION('',(-0.866025403784441,-1.70299532032827E-21,-0.499999999999997));
#12275=DIRECTION('',(4.99600361082182E-16,1.,2.31457627383202E-15));
#12276=DIRECTION('center_axis',(-0.499999999999996,2.25428203267632E-15,
-0.866025403784441));
#12277=DIRECTION('ref_axis',(-0.866025403784441,1.70298088101826E-21,0.499999999999996));
#12278=DIRECTION('',(-0.866025403784441,1.70298085577471E-21,0.499999999999996));
#12279=DIRECTION('',(-0.866025403784441,1.70298085577471E-21,0.499999999999996));
#12280=DIRECTION('',(4.99600361082182E-16,1.,2.31457627383202E-15));
#12281=DIRECTION('center_axis',(-1.,4.99600361082186E-16,-1.4802977493723E-15));
#12282=DIRECTION('ref_axis',(-1.4802977493723E-15,3.40597615085944E-21,
1.));
#12283=DIRECTION('',(-1.4802977493723E-15,3.40597615085944E-21,1.));
#12284=DIRECTION('',(-1.4802977493723E-15,3.40597615085944E-21,1.));
#12285=DIRECTION('',(4.99600361082182E-16,1.,2.31457627383202E-15));
#12286=DIRECTION('center_axis',(-0.500000000000005,-1.75468167159415E-15,
0.866025403784436));
#12287=DIRECTION('ref_axis',(0.866025403784436,1.70299532032827E-21,0.500000000000005));
#12288=DIRECTION('',(0.866025403784436,1.70299532032827E-21,0.500000000000005));
#12289=DIRECTION('',(0.866025403784436,1.70299532032827E-21,0.500000000000005));
#12290=DIRECTION('',(4.99600361082182E-16,1.,2.31457627383202E-15));
#12291=DIRECTION('center_axis',(-0.499999999999959,2.25428203267635E-15,
-0.866025403784462));
#12292=DIRECTION('ref_axis',(-0.866025403784462,1.70298085577471E-21,0.499999999999959));
#12293=DIRECTION('',(-0.866025403784462,1.70298085577471E-21,0.499999999999959));
#12294=DIRECTION('',(-0.866025403784462,1.70298085577471E-21,0.499999999999959));
#12295=DIRECTION('',(4.99600361082182E-16,1.,2.31457627383202E-15));
#12296=DIRECTION('center_axis',(0.499999999999996,1.75468167159417E-15,
-0.866025403784441));
#12297=DIRECTION('ref_axis',(-0.866025403784441,-1.70299534557182E-21,-0.499999999999996));
#12298=DIRECTION('',(-0.866025403784441,-1.70299534557182E-21,-0.499999999999996));
#12299=DIRECTION('',(-0.866025403784441,-1.70299534557182E-21,-0.499999999999996));
#12300=DIRECTION('center_axis',(8.36356896450016E-27,-1.,3.40597615085944E-21));
#12301=DIRECTION('ref_axis',(1.,8.36363488693232E-27,3.8320542262398E-22));
#12302=DIRECTION('center_axis',(8.36356896450016E-27,-1.,3.40597615085944E-21));
#12303=DIRECTION('ref_axis',(1.,8.36363488693232E-27,3.8320542262398E-22));
#12304=DIRECTION('center_axis',(-1.,4.99600361082094E-16,-1.4802977493723E-15));
#12305=DIRECTION('ref_axis',(-1.4802977493723E-15,3.40597615085944E-21,
1.));
#12306=DIRECTION('',(-1.4802977493723E-15,3.40597615085944E-21,1.));
#12307=DIRECTION('',(4.99600361082095E-16,1.,-6.4601845850176E-16));
#12308=DIRECTION('',(-1.4802977493723E-15,3.40597615085944E-21,1.));
#12309=DIRECTION('',(4.99600361082095E-16,1.,-6.4601845850176E-16));
#12310=DIRECTION('center_axis',(-0.500000000000005,8.09268576917259E-16,
0.866025403784436));
#12311=DIRECTION('ref_axis',(0.866025403784436,1.70299532032827E-21,0.500000000000005));
#12312=DIRECTION('',(0.866025403784436,1.70299532032827E-21,0.500000000000005));
#12313=DIRECTION('',(0.866025403784436,1.70299532032827E-21,0.500000000000005));
#12314=DIRECTION('',(4.99600361082095E-16,1.,-6.4601845850176E-16));
#12315=DIRECTION('center_axis',(0.500000000000043,3.09668215835105E-16,
0.866025403784414));
#12316=DIRECTION('ref_axis',(0.866025403784409,1.03273769377967E-7,-0.50000000000004));
#12317=DIRECTION('',(0.866025403784409,1.03273769377967E-7,-0.50000000000004));
#12318=DIRECTION('',(0.866025403784409,1.03273769377967E-7,-0.50000000000004));
#12319=DIRECTION('',(4.99600361082095E-16,1.,-6.4601845850176E-16));
#12320=DIRECTION('center_axis',(1.,-4.99600361082077E-16,2.72004645381183E-14));
#12321=DIRECTION('ref_axis',(2.72004644865225E-14,-1.03273769377976E-7,
-0.999999999999995));
#12322=DIRECTION('',(2.72004644865225E-14,-1.03273769377976E-7,-0.999999999999995));
#12323=DIRECTION('',(2.72004644865225E-14,-1.03273769377976E-7,-0.999999999999995));
#12324=DIRECTION('',(4.99600361082095E-16,1.,-6.4601845850176E-16));
#12325=DIRECTION('center_axis',(0.499999999999997,-8.09268576917259E-16,
-0.866025403784441));
#12326=DIRECTION('ref_axis',(-0.866025403784441,-1.70299532032827E-21,-0.499999999999997));
#12327=DIRECTION('',(-0.866025403784441,-1.70299532032827E-21,-0.499999999999997));
#12328=DIRECTION('',(-0.866025403784441,-1.70299532032827E-21,-0.499999999999997));
#12329=DIRECTION('',(4.99600361082095E-16,1.,-6.4601845850176E-16));
#12330=DIRECTION('center_axis',(-0.499999999999996,-3.09668215835181E-16,
-0.866025403784441));
#12331=DIRECTION('ref_axis',(-0.866025403784441,1.70298088101826E-21,0.499999999999996));
#12332=DIRECTION('',(-0.866025403784441,1.70298085577471E-21,0.499999999999996));
#12333=DIRECTION('',(-0.866025403784441,1.70298085577471E-21,0.499999999999996));
#12334=DIRECTION('center_axis',(-1.,4.99600361082094E-16,-1.4802977493723E-15));
#12335=DIRECTION('ref_axis',(-1.4802977493723E-15,3.40597615085944E-21,
1.));
#12336=DIRECTION('',(-1.4802977493723E-15,3.40597615085944E-21,1.));
#12337=DIRECTION('',(4.99600361082095E-16,1.,-6.4601845850176E-16));
#12338=DIRECTION('',(-1.4802977493723E-15,3.40597615085944E-21,1.));
#12339=DIRECTION('',(4.99600361082095E-16,1.,-6.4601845850176E-16));
#12340=DIRECTION('center_axis',(-0.500000000000005,8.09268576917259E-16,
0.866025403784436));
#12341=DIRECTION('ref_axis',(0.866025403784436,1.70299532032827E-21,0.500000000000005));
#12342=DIRECTION('',(0.866025403784436,1.70299532032827E-21,0.500000000000005));
#12343=DIRECTION('',(0.866025403784436,1.70299532032827E-21,0.500000000000005));
#12344=DIRECTION('',(4.99600361082095E-16,1.,-6.4601845850176E-16));
#12345=DIRECTION('center_axis',(0.500000000000043,3.09668215835105E-16,
0.866025403784414));
#12346=DIRECTION('ref_axis',(0.866025403784409,1.03273769377967E-7,-0.50000000000004));
#12347=DIRECTION('',(0.866025403784409,1.03273769377967E-7,-0.50000000000004));
#12348=DIRECTION('',(0.866025403784409,1.03273769377967E-7,-0.50000000000004));
#12349=DIRECTION('',(4.99600361082095E-16,1.,-6.4601845850176E-16));
#12350=DIRECTION('center_axis',(1.,-4.99600361082077E-16,2.72004645381183E-14));
#12351=DIRECTION('ref_axis',(2.72004644865225E-14,-1.03273769377976E-7,
-0.999999999999995));
#12352=DIRECTION('',(2.72004644865225E-14,-1.03273769377976E-7,-0.999999999999995));
#12353=DIRECTION('',(2.72004644865225E-14,-1.03273769377976E-7,-0.999999999999995));
#12354=DIRECTION('',(4.99600361082095E-16,1.,-6.4601845850176E-16));
#12355=DIRECTION('center_axis',(0.499999999999997,-8.09268576917259E-16,
-0.866025403784441));
#12356=DIRECTION('ref_axis',(-0.866025403784441,-1.70299532032827E-21,-0.499999999999997));
#12357=DIRECTION('',(-0.866025403784441,-1.70299532032827E-21,-0.499999999999997));
#12358=DIRECTION('',(-0.866025403784441,-1.70299532032827E-21,-0.499999999999997));
#12359=DIRECTION('',(4.99600361082095E-16,1.,-6.4601845850176E-16));
#12360=DIRECTION('center_axis',(-0.499999999999996,-3.09668215835181E-16,
-0.866025403784441));
#12361=DIRECTION('ref_axis',(-0.866025403784441,1.70298088101826E-21,0.499999999999996));
#12362=DIRECTION('',(-0.866025403784441,1.70298085577471E-21,0.499999999999996));
#12363=DIRECTION('',(-0.866025403784441,1.70298085577471E-21,0.499999999999996));
#12364=DIRECTION('center_axis',(0.499999999999996,-8.09268576917233E-16,
-0.866025403784441));
#12365=DIRECTION('ref_axis',(-0.866025403784441,-1.70299534557182E-21,-0.499999999999996));
#12366=DIRECTION('',(-0.866025403784441,-1.70299534557182E-21,-0.499999999999996));
#12367=DIRECTION('',(4.99600361082095E-16,1.,-6.4601845850176E-16));
#12368=DIRECTION('',(-0.866025403784441,-1.70299534557182E-21,-0.499999999999996));
#12369=DIRECTION('',(4.99600361082095E-16,1.,-6.4601845850176E-16));
#12370=DIRECTION('center_axis',(-0.500000000000001,-3.09668215835156E-16,
-0.866025403784438));
#12371=DIRECTION('ref_axis',(-0.866025403784438,1.70298083053117E-21,0.500000000000001));
#12372=DIRECTION('',(-0.866025403784438,1.70298083053117E-21,0.500000000000001));
#12373=DIRECTION('',(-0.866025403784438,1.70298083053117E-21,0.500000000000001));
#12374=DIRECTION('',(4.99600361082095E-16,1.,-6.4601845850176E-16));
#12375=DIRECTION('center_axis',(0.500000000000052,-8.09268576917233E-16,
-0.866025403784409));
#12376=DIRECTION('ref_axis',(-0.866025403784409,-9.46689492826813E-15,-0.500000000000052));
#12377=DIRECTION('',(-0.866025403784409,-9.46689492826813E-15,-0.500000000000052));
#12378=DIRECTION('',(-0.866025403784409,-9.46689492826813E-15,-0.500000000000052));
#12379=DIRECTION('',(4.99600361082095E-16,1.,-6.4601845850176E-16));
#12380=DIRECTION('center_axis',(4.99600361082095E-16,1.,-6.4601845850176E-16));
#12381=DIRECTION('ref_axis',(0.500000000000036,-8.09268576917265E-16,-0.866025403784418));
#12382=DIRECTION('center_axis',(1.04491578788342E-14,-1.,-1.8098468936457E-14));
#12383=DIRECTION('ref_axis',(0.500000000000036,2.08983128079924E-14,-0.866025403784418));
#12384=DIRECTION('center_axis',(-1.04491578788342E-14,1.,1.8098468936457E-14));
#12385=DIRECTION('ref_axis',(0.500000000000036,2.08983128079924E-14,-0.866025403784418));
#12386=DIRECTION('',(4.99600361082095E-16,1.,-6.4601845850176E-16));
#12387=DIRECTION('center_axis',(0.500000000000042,3.09668215835105E-16,
0.866025403784414));
#12388=DIRECTION('ref_axis',(0.86602540378441,1.03273769377967E-7,-0.50000000000004));
#12389=DIRECTION('',(0.86602540378441,1.03273769377967E-7,-0.50000000000004));
#12390=DIRECTION('',(0.86602540378441,1.03273769377967E-7,-0.50000000000004));
#12391=DIRECTION('',(4.99600361082095E-16,1.,-6.4601845850176E-16));
#12392=DIRECTION('center_axis',(1.,-4.99600361082077E-16,2.70154273673474E-14));
#12393=DIRECTION('ref_axis',(2.70154273157517E-14,-1.03273769377976E-7,
-0.999999999999995));
#12394=DIRECTION('',(2.70154273157517E-14,-1.03273769377976E-7,-0.999999999999995));
#12395=DIRECTION('',(2.70154273157517E-14,-1.03273769377976E-7,-0.999999999999995));
#12396=DIRECTION('',(4.99600361082095E-16,1.,-6.4601845850176E-16));
#12397=DIRECTION('center_axis',(0.499999999999996,-8.09268576917259E-16,
-0.866025403784441));
#12398=DIRECTION('ref_axis',(-0.866025403784441,-1.70299532032827E-21,-0.499999999999996));
#12399=DIRECTION('',(-0.866025403784441,-1.70299532032827E-21,-0.499999999999996));
#12400=DIRECTION('',(-0.866025403784441,-1.70299532032827E-21,-0.499999999999996));
#12401=DIRECTION('',(4.99600361082095E-16,1.,-6.4601845850176E-16));
#12402=DIRECTION('center_axis',(-0.499999999999996,-3.09668215835156E-16,
-0.866025403784441));
#12403=DIRECTION('ref_axis',(-0.866025403784441,1.70298085577471E-21,0.499999999999996));
#12404=DIRECTION('',(-0.866025403784441,1.70298085577471E-21,0.499999999999996));
#12405=DIRECTION('',(-0.866025403784441,1.70298085577471E-21,0.499999999999996));
#12406=DIRECTION('',(4.99600361082095E-16,1.,-6.4601845850176E-16));
#12407=DIRECTION('center_axis',(4.99600361082095E-16,1.,-6.4601845850176E-16));
#12408=DIRECTION('ref_axis',(1.,-4.99600361082098E-16,3.83205445106504E-22));
#12409=DIRECTION('center_axis',(2.9605947323345E-14,-1.,3.40597610037234E-21));
#12410=DIRECTION('ref_axis',(1.,2.9605947323345E-14,3.83205425384981E-22));
#12411=DIRECTION('center_axis',(-2.9605947323345E-14,1.,-3.40597610037234E-21));
#12412=DIRECTION('ref_axis',(1.,2.9605947323345E-14,3.83205425384981E-22));
#12413=DIRECTION('',(4.99600361082095E-16,1.,-6.4601845850176E-16));
#12414=DIRECTION('center_axis',(-1.,4.99600361082096E-16,2.22044566604488E-15));
#12415=DIRECTION('ref_axis',(2.22044566604489E-15,3.40597615085944E-21,
1.));
#12416=DIRECTION('',(2.22044566604489E-15,3.40597615085944E-21,1.));
#12417=DIRECTION('',(2.22044566604489E-15,3.40597615085944E-21,1.));
#12418=DIRECTION('',(4.99600361082095E-16,1.,-6.4601845850176E-16));
#12419=DIRECTION('center_axis',(-0.499999999999995,8.09268576917233E-16,
0.866025403784441));
#12420=DIRECTION('ref_axis',(0.866025403784441,1.70299532032827E-21,0.499999999999995));
#12421=DIRECTION('',(0.866025403784441,1.70299532032827E-21,0.499999999999995));
#12422=DIRECTION('',(0.866025403784441,1.70299532032827E-21,0.499999999999995));
#12423=DIRECTION('',(4.99600361082095E-16,1.,-6.4601845850176E-16));
#12424=DIRECTION('center_axis',(0.500000000000001,3.09668215835156E-16,
0.866025403784438));
#12425=DIRECTION('ref_axis',(0.866025403784438,-1.70298085577471E-21,-0.500000000000001));
#12426=DIRECTION('',(0.866025403784438,-1.70298085577471E-21,-0.500000000000001));
#12427=DIRECTION('',(0.866025403784438,-1.70298085577471E-21,-0.500000000000001));
#12428=DIRECTION('',(4.99600361082095E-16,1.,-6.4601845850176E-16));
#12429=DIRECTION('center_axis',(1.,-4.99600361082096E-16,-2.5905200075866E-15));
#12430=DIRECTION('ref_axis',(-2.59052000758661E-15,-3.40597615085944E-21,
-1.));
#12431=DIRECTION('',(-2.59052000758661E-15,-3.40597615085944E-21,-1.));
#12432=DIRECTION('',(-2.59052000758661E-15,-3.40597615085944E-21,-1.));
#12433=DIRECTION('',(4.99600361082095E-16,1.,-6.4601845850176E-16));
#12434=DIRECTION('center_axis',(-3.03595532935248E-13,6.46018458501912E-16,
1.));
#12435=DIRECTION('ref_axis',(1.,6.02884745493501E-14,3.03595532935248E-13));
#12436=DIRECTION('',(1.,6.02884745493501E-14,3.03595532935248E-13));
#12437=DIRECTION('',(1.,6.02884745493501E-14,3.03595532935248E-13));
#12438=DIRECTION('',(4.99600361082095E-16,1.,-6.4601845850176E-16));
#12439=DIRECTION('center_axis',(-1.,4.99600361082096E-16,2.5905200075866E-15));
#12440=DIRECTION('ref_axis',(2.59052000758661E-15,3.40597615085944E-21,
1.));
#12441=DIRECTION('',(2.59052000758661E-15,3.40597615085944E-21,1.));
#12442=DIRECTION('',(2.59052000758661E-15,3.40597615085944E-21,1.));
#12443=DIRECTION('',(4.99600361082095E-16,1.,-6.4601845850176E-16));
#12444=DIRECTION('center_axis',(-0.499999999999996,8.09268576917233E-16,
0.866025403784441));
#12445=DIRECTION('ref_axis',(0.866025403784441,1.70299532032827E-21,0.499999999999996));
#12446=DIRECTION('',(0.866025403784441,1.70299532032827E-21,0.499999999999996));
#12447=DIRECTION('',(0.866025403784441,1.70299532032827E-21,0.499999999999996));
#12448=DIRECTION('',(4.99600361082095E-16,1.,-6.4601845850176E-16));
#12449=DIRECTION('center_axis',(0.500000000000001,3.09668215835156E-16,
0.866025403784438));
#12450=DIRECTION('ref_axis',(0.866025403784438,-1.70298085577471E-21,-0.500000000000001));
#12451=DIRECTION('',(0.866025403784438,-1.70298085577471E-21,-0.500000000000001));
#12452=DIRECTION('',(0.866025403784438,-1.70298085577471E-21,-0.500000000000001));
#12453=DIRECTION('',(4.99600361082095E-16,1.,-6.4601845850176E-16));
#12454=DIRECTION('center_axis',(1.,-4.99600361082096E-16,-2.5905200075866E-15));
#12455=DIRECTION('ref_axis',(-2.59052000758661E-15,-3.40597615085944E-21,
-1.));
#12456=DIRECTION('',(-2.59052000758661E-15,-3.40597615085944E-21,-1.));
#12457=DIRECTION('',(-2.59052000758661E-15,-3.40597615085944E-21,-1.));
#12458=DIRECTION('',(4.99600361082095E-16,1.,-6.4601845850176E-16));
#12459=DIRECTION('center_axis',(-3.03595532935248E-13,6.46018458501912E-16,
1.));
#12460=DIRECTION('ref_axis',(1.,6.02884745493501E-14,3.03595532935248E-13));
#12461=DIRECTION('',(1.,6.02884745493501E-14,3.03595532935248E-13));
#12462=DIRECTION('',(1.,6.02884745493501E-14,3.03595532935248E-13));
#12463=DIRECTION('',(4.99600361082095E-16,1.,-6.4601845850176E-16));
#12464=DIRECTION('center_axis',(-1.,4.99600361082096E-16,2.5905200075866E-15));
#12465=DIRECTION('ref_axis',(2.59052000758661E-15,3.40597615085944E-21,
1.));
#12466=DIRECTION('',(2.59052000758661E-15,3.40597615085944E-21,1.));
#12467=DIRECTION('',(2.59052000758661E-15,3.40597615085944E-21,1.));
#12468=DIRECTION('',(4.99600361082095E-16,1.,-6.4601845850176E-16));
#12469=DIRECTION('center_axis',(-0.499999999999996,8.09268576917233E-16,
0.866025403784441));
#12470=DIRECTION('ref_axis',(0.866025403784441,1.70299532032827E-21,0.499999999999996));
#12471=DIRECTION('',(0.866025403784441,1.70299532032827E-21,0.499999999999996));
#12472=DIRECTION('',(0.866025403784441,1.70299532032827E-21,0.499999999999996));
#12473=DIRECTION('',(4.99600361082095E-16,1.,-6.4601845850176E-16));
#12474=DIRECTION('center_axis',(0.500000000000001,3.09668215835156E-16,
0.866025403784438));
#12475=DIRECTION('ref_axis',(0.866025403784438,-1.70298085577471E-21,-0.500000000000001));
#12476=DIRECTION('',(0.866025403784438,-1.70298085577471E-21,-0.500000000000001));
#12477=DIRECTION('',(0.866025403784438,-1.70298085577471E-21,-0.500000000000001));
#12478=DIRECTION('',(4.99600361082095E-16,1.,-6.4601845850176E-16));
#12479=DIRECTION('center_axis',(1.,-4.99600361082096E-16,-2.5905200075866E-15));
#12480=DIRECTION('ref_axis',(-2.59052000758661E-15,-3.40597615085944E-21,
-1.));
#12481=DIRECTION('',(-2.59052000758661E-15,-3.40597615085944E-21,-1.));
#12482=DIRECTION('',(-2.59052000758661E-15,-3.40597615085944E-21,-1.));
#12483=DIRECTION('',(4.99600361082095E-16,1.,-6.4601845850176E-16));
#12484=DIRECTION('center_axis',(-3.03595532935248E-13,6.46018458501912E-16,
1.));
#12485=DIRECTION('ref_axis',(1.,6.02884745493501E-14,3.03595532935248E-13));
#12486=DIRECTION('',(1.,6.02884745493501E-14,3.03595532935248E-13));
#12487=DIRECTION('',(1.,6.02884745493501E-14,3.03595532935248E-13));
#12488=DIRECTION('',(4.99600361082095E-16,1.,-6.4601845850176E-16));
#12489=DIRECTION('center_axis',(4.99600361082095E-16,1.,-6.4601845850176E-16));
#12490=DIRECTION('ref_axis',(-8.74300635726914E-14,6.46018458501799E-16,
1.));
#12491=DIRECTION('center_axis',(8.36356896450016E-27,-1.,3.40597615085944E-21));
#12492=DIRECTION('ref_axis',(-8.74300635726914E-14,3.4059761676984E-21,
1.));
#12493=DIRECTION('center_axis',(-8.36356896450016E-27,1.,-3.40597615085944E-21));
#12494=DIRECTION('ref_axis',(-8.74300635726914E-14,3.4059761676984E-21,
1.));
#12495=DIRECTION('',(4.99600361082095E-16,1.,-6.4601845850176E-16));
#12496=DIRECTION('center_axis',(-1.,4.99600361082096E-16,2.5905200075866E-15));
#12497=DIRECTION('ref_axis',(2.59052000758661E-15,3.40597615085944E-21,
1.));
#12498=DIRECTION('',(2.59052000758661E-15,3.40597615085944E-21,1.));
#12499=DIRECTION('',(2.59052000758661E-15,3.40597615085944E-21,1.));
#12500=DIRECTION('',(4.99600361082095E-16,1.,-6.4601845850176E-16));
#12501=DIRECTION('center_axis',(-0.499999999999996,8.09268576917233E-16,
0.866025403784441));
#12502=DIRECTION('ref_axis',(0.866025403784441,1.70299532032827E-21,0.499999999999996));
#12503=DIRECTION('',(0.866025403784441,1.70299532032827E-21,0.499999999999996));
#12504=DIRECTION('',(0.866025403784441,1.70299532032827E-21,0.499999999999996));
#12505=DIRECTION('',(4.99600361082095E-16,1.,-6.4601845850176E-16));
#12506=DIRECTION('center_axis',(4.99600361082095E-16,1.,-6.4601845850176E-16));
#12507=DIRECTION('ref_axis',(-8.74300635726914E-14,6.46018458501799E-16,
1.));
#12508=DIRECTION('center_axis',(8.36356896450016E-27,-1.,3.40597615085944E-21));
#12509=DIRECTION('ref_axis',(-8.74300635726914E-14,3.4059761676984E-21,
1.));
#12510=DIRECTION('center_axis',(-8.36356896450016E-27,1.,-3.40597615085944E-21));
#12511=DIRECTION('ref_axis',(-8.74300635726914E-14,3.4059761676984E-21,
1.));
#12512=DIRECTION('',(4.99600361082095E-16,1.,-6.4601845850176E-16));
#12513=DIRECTION('center_axis',(-1.,4.99600361081996E-16,-1.52673302732779E-13));
#12514=DIRECTION('ref_axis',(-1.52673302732779E-13,7.69377305742654E-14,
1.));
#12515=DIRECTION('',(-1.52673302732779E-13,7.69377305742654E-14,1.));
#12516=DIRECTION('',(-1.52673302732779E-13,7.69377305742654E-14,1.));
#12517=DIRECTION('',(4.99600361082095E-16,1.,-6.4601845850176E-16));
#12518=DIRECTION('center_axis',(0.499999999999997,-8.09268576917259E-16,
-0.866025403784441));
#12519=DIRECTION('ref_axis',(-0.866025403784441,-1.70299532032827E-21,-0.499999999999997));
#12520=DIRECTION('',(-0.866025403784441,-1.70299532032827E-21,-0.499999999999997));
#12521=DIRECTION('',(-0.866025403784441,-1.70299532032827E-21,-0.499999999999997));
#12522=DIRECTION('',(4.99600361082095E-16,1.,-6.4601845850176E-16));
#12523=DIRECTION('center_axis',(-0.499999999999996,-3.09668215835181E-16,
-0.866025403784441));
#12524=DIRECTION('ref_axis',(-0.866025403784441,1.70298088101826E-21,0.499999999999996));
#12525=DIRECTION('',(-0.866025403784441,1.70298085577471E-21,0.499999999999996));
#12526=DIRECTION('',(-0.866025403784441,1.70298085577471E-21,0.499999999999996));
#12527=DIRECTION('',(4.99600361082095E-16,1.,-6.4601845850176E-16));
#12528=DIRECTION('center_axis',(-1.,4.99600361082094E-16,-1.4802977493723E-15));
#12529=DIRECTION('ref_axis',(-1.4802977493723E-15,3.40597615085944E-21,
1.));
#12530=DIRECTION('',(-1.4802977493723E-15,3.40597615085944E-21,1.));
#12531=DIRECTION('',(-1.4802977493723E-15,3.40597615085944E-21,1.));
#12532=DIRECTION('',(4.99600361082095E-16,1.,-6.4601845850176E-16));
#12533=DIRECTION('center_axis',(-0.500000000000005,8.09268576917259E-16,
0.866025403784436));
#12534=DIRECTION('ref_axis',(0.866025403784436,1.70299532032827E-21,0.500000000000005));
#12535=DIRECTION('',(0.866025403784436,1.70299532032827E-21,0.500000000000005));
#12536=DIRECTION('',(0.866025403784436,1.70299532032827E-21,0.500000000000005));
#12537=DIRECTION('',(4.99600361082095E-16,1.,-6.4601845850176E-16));
#12538=DIRECTION('center_axis',(-0.500000000000002,-3.09668215835156E-16,
-0.866025403784437));
#12539=DIRECTION('ref_axis',(-0.866025403784437,-9.99940579889624E-14,0.500000000000002));
#12540=DIRECTION('',(-0.866025403784437,-9.99940579889624E-14,0.500000000000002));
#12541=DIRECTION('',(-0.866025403784437,-9.99940579889624E-14,0.500000000000002));
#12542=DIRECTION('',(4.99600361082095E-16,1.,-6.4601845850176E-16));
#12543=DIRECTION('center_axis',(0.499999999999996,-8.09268576917233E-16,
-0.866025403784441));
#12544=DIRECTION('ref_axis',(-0.866025403784441,-1.70299534557182E-21,-0.499999999999996));
#12545=DIRECTION('',(-0.866025403784441,-1.70299534557182E-21,-0.499999999999996));
#12546=DIRECTION('',(-0.866025403784441,-1.70299534557182E-21,-0.499999999999996));
#12547=DIRECTION('',(4.99600361082095E-16,1.,-6.4601845850176E-16));
#12548=DIRECTION('center_axis',(-0.500000000000001,-3.09668215835156E-16,
-0.866025403784438));
#12549=DIRECTION('ref_axis',(-0.866025403784438,1.70298083053117E-21,0.500000000000001));
#12550=DIRECTION('',(-0.866025403784438,1.70298083053117E-21,0.500000000000001));
#12551=DIRECTION('',(-0.866025403784438,1.70298083053117E-21,0.500000000000001));
#12552=DIRECTION('',(4.99600361082095E-16,1.,-6.4601845850176E-16));
#12553=DIRECTION('center_axis',(-1.,4.99600361082096E-16,2.5905200075866E-15));
#12554=DIRECTION('ref_axis',(2.59052000758661E-15,3.40597615085944E-21,
1.));
#12555=DIRECTION('',(2.59052000758661E-15,3.40597615085944E-21,1.));
#12556=DIRECTION('',(2.59052000758661E-15,3.40597615085944E-21,1.));
#12557=DIRECTION('',(4.99600361082095E-16,1.,-6.4601845850176E-16));
#12558=DIRECTION('center_axis',(-0.500000000000002,-3.09668215835156E-16,
-0.866025403784437));
#12559=DIRECTION('ref_axis',(-0.866025403784437,-9.99940579889624E-14,0.500000000000002));
#12560=DIRECTION('',(-0.866025403784437,-9.99940579889624E-14,0.500000000000002));
#12561=DIRECTION('',(-0.866025403784437,-9.99940579889624E-14,0.500000000000002));
#12562=DIRECTION('',(4.99600361082095E-16,1.,-6.4601845850176E-16));
#12563=DIRECTION('center_axis',(1.,-4.99600361082096E-16,-2.5905200075866E-15));
#12564=DIRECTION('ref_axis',(-2.59052000758661E-15,-3.40597615085944E-21,
-1.));
#12565=DIRECTION('',(-2.59052000758661E-15,-3.40597615085944E-21,-1.));
#12566=DIRECTION('',(-2.59052000758661E-15,-3.40597615085944E-21,-1.));
#12567=DIRECTION('',(4.99600361082095E-16,1.,-6.4601845850176E-16));
#12568=DIRECTION('center_axis',(0.499999999999996,-8.09268576917233E-16,
-0.866025403784441));
#12569=DIRECTION('ref_axis',(-0.866025403784441,-1.70299534557182E-21,-0.499999999999996));
#12570=DIRECTION('',(-0.866025403784441,-1.70299534557182E-21,-0.499999999999996));
#12571=DIRECTION('',(-0.866025403784441,-1.70299534557182E-21,-0.499999999999996));
#12572=DIRECTION('',(4.99600361082095E-16,1.,-6.4601845850176E-16));
#12573=DIRECTION('center_axis',(-0.500000000000001,-3.09668215835156E-16,
-0.866025403784438));
#12574=DIRECTION('ref_axis',(-0.866025403784438,1.70298083053117E-21,0.500000000000001));
#12575=DIRECTION('',(-0.866025403784438,1.70298083053117E-21,0.500000000000001));
#12576=DIRECTION('',(-0.866025403784438,1.70298083053117E-21,0.500000000000001));
#12577=DIRECTION('',(4.99600361082095E-16,1.,-6.4601845850176E-16));
#12578=DIRECTION('center_axis',(-1.,4.99600361082096E-16,2.5905200075866E-15));
#12579=DIRECTION('ref_axis',(2.59052000758661E-15,3.40597615085944E-21,
1.));
#12580=DIRECTION('',(2.59052000758661E-15,3.40597615085944E-21,1.));
#12581=DIRECTION('',(2.59052000758661E-15,3.40597615085944E-21,1.));
#12582=DIRECTION('',(4.99600361082095E-16,1.,-6.4601845850176E-16));
#12583=DIRECTION('center_axis',(0.500000000000052,-8.09268576917233E-16,
-0.866025403784409));
#12584=DIRECTION('ref_axis',(-0.866025403784409,-9.46689492826813E-15,-0.500000000000052));
#12585=DIRECTION('',(-0.866025403784409,-9.46689492826813E-15,-0.500000000000052));
#12586=DIRECTION('',(-0.866025403784409,-9.46689492826813E-15,-0.500000000000052));
#12587=DIRECTION('',(4.99600361082095E-16,1.,-6.4601845850176E-16));
#12588=DIRECTION('center_axis',(1.,-4.99600361082096E-16,-2.5905200075866E-15));
#12589=DIRECTION('ref_axis',(-2.59052000758661E-15,-3.40597615085944E-21,
-1.));
#12590=DIRECTION('',(-2.59052000758661E-15,-3.40597615085944E-21,-1.));
#12591=DIRECTION('',(-2.59052000758661E-15,-3.40597615085944E-21,-1.));
#12592=DIRECTION('center_axis',(8.36356896450016E-27,-1.,3.40597615085944E-21));
#12593=DIRECTION('ref_axis',(1.,8.36363488693232E-27,3.8320542262398E-22));
#12594=DIRECTION('center_axis',(8.36356896450016E-27,-1.,3.40597615085944E-21));
#12595=DIRECTION('ref_axis',(1.,8.36363488693232E-27,3.8320542262398E-22));
#12596=DIRECTION('',(0.,0.,1.));
#12597=DIRECTION('',(1.,0.,0.));
#12598=DIRECTION('',(0.,0.,1.));
#12599=DIRECTION('',(1.,0.,0.));
#12600=CARTESIAN_POINT('',(0.,0.,0.));
#12601=CARTESIAN_POINT('',(0.,0.,0.));
#12602=CARTESIAN_POINT('Origin',(-35.0243209434497,396.972378195326,78.4371450939016));
#12603=CARTESIAN_POINT('',(-8.27453043142643,396.972378195326,62.2633113669892));
#12604=CARTESIAN_POINT('',(-11.2745304314265,396.972378195326,62.263311366989));
#12605=CARTESIAN_POINT('Origin',(-9.77453043142641,396.972378195327,59.6652351556359));
#12606=CARTESIAN_POINT('',(-3.5752407351352,396.972378195326,59.5501751958357));
#12607=CARTESIAN_POINT('',(-21.8074395944585,396.972378195326,70.0765401151837));
#12608=CARTESIAN_POINT('',(-4.0752407351351,396.972378195326,57.6841497920512));
#12609=CARTESIAN_POINT('Origin',(-4.07524073513521,396.972378195327,58.6841497920512));
#12610=CARTESIAN_POINT('',(-15.4738201277175,396.972378195326,57.6841497920507));
#12611=CARTESIAN_POINT('',(-9.89942568743758,396.972378195327,57.684149792051));
#12612=CARTESIAN_POINT('',(-15.9738201277176,396.972378195326,59.5501751958351));
#12613=CARTESIAN_POINT('Origin',(-15.4738201277176,396.972378195327,58.6841497920507));
#12614=CARTESIAN_POINT('',(-20.6446344043416,396.972378195326,56.8534793158913));
#12615=CARTESIAN_POINT('Origin',(-35.0243209434498,396.972378195326,78.4371450939016));
#12616=CARTESIAN_POINT('',(-29.0752407351352,396.972378195326,57.6841497920501));
#12617=CARTESIAN_POINT('',(-28.5752407351352,396.972378195326,59.5501751958346));
#12618=CARTESIAN_POINT('Origin',(-29.0752407351352,396.972378195326,58.6841497920501));
#12619=CARTESIAN_POINT('',(-40.4738201277176,396.972378195325,57.6841497920496));
#12620=CARTESIAN_POINT('',(-9.89942568743763,396.972378195327,57.684149792051));
#12621=CARTESIAN_POINT('',(-40.9738201277177,396.972378195325,59.5501751958339));
#12622=CARTESIAN_POINT('Origin',(-40.4738201277177,396.972378195326,58.6841497920496));
#12623=CARTESIAN_POINT('',(-36.2745304314265,396.972378195326,62.263311366988));
#12624=CARTESIAN_POINT('',(-36.2696344043419,396.972378195326,62.2661380895434));
#12625=CARTESIAN_POINT('',(-33.2745304314265,396.972378195326,62.2633113669882));
#12626=CARTESIAN_POINT('Origin',(-34.7745304314265,396.972378195326,59.6652351556348));
#12627=CARTESIAN_POINT('',(-37.4324395944583,396.972378195326,64.6638813415303));
#12628=CARTESIAN_POINT('Origin',(-72.2745304314265,396.972378195325,60.1746924738407));
#12629=CARTESIAN_POINT('',(-65.4738201277176,396.972378195325,57.6841497920485));
#12630=CARTESIAN_POINT('',(-54.0752407351351,396.972378195325,57.684149792049));
#12631=CARTESIAN_POINT('',(-28.5245304314264,396.972378195326,57.6841497920502));
#12632=CARTESIAN_POINT('',(-65.9738201277176,396.972378195325,59.5501751958329));
#12633=CARTESIAN_POINT('Origin',(-65.4738201277177,396.972378195325,58.6841497920484));
#12634=CARTESIAN_POINT('',(-61.2745304314265,396.972378195325,62.2633113669869));
#12635=CARTESIAN_POINT('',(-65.8517296864985,396.972378195325,59.6206641449362));
#12636=CARTESIAN_POINT('',(-58.2745304314265,396.972378195325,62.2633113669871));
#12637=CARTESIAN_POINT('Origin',(-59.7745304314265,396.972378195325,59.6652351556336));
#12638=CARTESIAN_POINT('',(-53.5752407351352,396.972378195325,59.5501751958335));
#12639=CARTESIAN_POINT('',(-60.722686328209,396.972378195325,63.6767548330123));
#12640=CARTESIAN_POINT('Origin',(-54.0752407351352,396.972378195325,58.6841497920489));
#12641=CARTESIAN_POINT('Origin',(-4.07524073513551,409.572378240024,58.6841497920512));
#12642=CARTESIAN_POINT('',(-3.57524073513529,401.442899581636,59.5501751958357));
#12643=CARTESIAN_POINT('',(-3.57524073513554,409.572378240024,59.5501751958357));
#12644=CARTESIAN_POINT('',(-4.07524073513541,407.572378195327,57.6841497920512));
#12645=CARTESIAN_POINT('Ctrl Pts',(-4.07524073513542,407.572378195327,57.6841497920512));
#12646=CARTESIAN_POINT('Ctrl Pts',(-3.85372242704586,406.837685083199,57.6841497920512));
#12647=CARTESIAN_POINT('Ctrl Pts',(-3.60994522620602,406.036717118728,57.7621026623483));
#12648=CARTESIAN_POINT('Ctrl Pts',(-3.22184571907164,404.461350031307,58.1025163273871));
#12649=CARTESIAN_POINT('Ctrl Pts',(-3.07524073513535,403.687404253858,58.3644685080225));
#12650=CARTESIAN_POINT('Ctrl Pts',(-3.07524073513535,402.741305631894,58.7980253630268));
#12651=CARTESIAN_POINT('Ctrl Pts',(-3.09491121144428,402.474136542737,58.9327390075999));
#12652=CARTESIAN_POINT('Ctrl Pts',(-3.21216212273103,401.973439907542,59.2113482045157));
#12653=CARTESIAN_POINT('Ctrl Pts',(-3.30746524811042,401.739443041231,59.3553538570076));
#12654=CARTESIAN_POINT('Ctrl Pts',(-3.49831967804632,401.515194101157,59.5019620516671));
#12655=CARTESIAN_POINT('Ctrl Pts',(-3.53480985918509,401.477684323797,59.5268324187222));
#12656=CARTESIAN_POINT('Ctrl Pts',(-3.57524073513545,401.442899581636,59.5501751958357));
#12657=CARTESIAN_POINT('',(-4.07524073513548,409.572378240024,57.6841497920512));
#12658=CARTESIAN_POINT('Origin',(-8.27453043142684,409.572378240024,62.2633113669892));
#12659=CARTESIAN_POINT('',(-8.27453043142652,398.64081428304,62.2633113669893));
#12660=CARTESIAN_POINT('',(-8.27453043142684,409.572378240024,62.2633113669892));
#12661=CARTESIAN_POINT('Origin',(-19.3957488108246,407.572378195326,68.6841497920506));
#12662=CARTESIAN_POINT('Origin',(-34.7745304314268,409.572378240024,59.6652351556348));
#12663=CARTESIAN_POINT('',(-36.2745304314266,398.640814283039,62.2633113669881));
#12664=CARTESIAN_POINT('',(-36.2745304314269,409.572378240024,62.263311366988));
#12665=CARTESIAN_POINT('',(-33.2745304314266,398.640814283039,62.2633113669882));
#12666=CARTESIAN_POINT('Ctrl Pts',(-36.2745304314266,398.640814283039,62.2633113669881));
#12667=CARTESIAN_POINT('Ctrl Pts',(-36.0757870930806,398.558325255402,62.3780558868818));
#12668=CARTESIAN_POINT('Ctrl Pts',(-35.8448708089505,398.489081506365,62.4792479667463));
#12669=CARTESIAN_POINT('Ctrl Pts',(-35.329658924267,398.38985390853,62.6269198474374));
#12670=CARTESIAN_POINT('Ctrl Pts',(-35.0419487826538,398.365170877167,62.6652351556348));
#12671=CARTESIAN_POINT('Ctrl Pts',(-34.5071120801995,398.365170877167,62.6652351556348));
#12672=CARTESIAN_POINT('Ctrl Pts',(-34.2194019385862,398.38985390853,62.6269198474375));
#12673=CARTESIAN_POINT('Ctrl Pts',(-33.7041900539028,398.489081506365,62.4792479667463));
#12674=CARTESIAN_POINT('Ctrl Pts',(-33.4732737697727,398.558325255403,62.3780558868819));
#12675=CARTESIAN_POINT('Ctrl Pts',(-33.2745304314267,398.640814283039,62.2633113669882));
#12676=CARTESIAN_POINT('',(-33.2745304314269,409.572378240024,62.2633113669882));
#12677=CARTESIAN_POINT('Origin',(-44.2058709352868,409.572378240023,57.6841497920495));
#12678=CARTESIAN_POINT('',(-40.9738201277179,401.442899581634,59.550175195834));
#12679=CARTESIAN_POINT('',(-40.973820127718,409.572378240023,59.550175195834));
#12680=CARTESIAN_POINT('Origin',(-25.1533120520296,407.572378195325,68.6841497920503));
#12681=CARTESIAN_POINT('Origin',(-40.473820127718,409.572378240023,58.6841497920496));
#12682=CARTESIAN_POINT('',(-40.4738201277179,407.572378195325,57.6841497920496));
#12683=CARTESIAN_POINT('',(-40.473820127718,409.572378240023,57.6841497920496));
#12684=CARTESIAN_POINT('Ctrl Pts',(-40.9738201277177,401.442899581634,59.5501751958341));
#12685=CARTESIAN_POINT('Ctrl Pts',(-41.0575276468628,401.514917424483,59.5018466371225));
#12686=CARTESIAN_POINT('Ctrl Pts',(-41.1279664528028,401.603003074058,59.4442170293377));
#12687=CARTESIAN_POINT('Ctrl Pts',(-41.4087856076555,402.046382305276,59.1633978744849));
#12688=CARTESIAN_POINT('Ctrl Pts',(-41.4738201277178,402.550732070536,58.8853571400621));
#12689=CARTESIAN_POINT('Ctrl Pts',(-41.4738201277178,403.619013613059,58.3958090368488));
#12690=CARTESIAN_POINT('Ctrl Pts',(-41.3355704604548,404.394225874466,58.1316865624134));
#12691=CARTESIAN_POINT('Ctrl Pts',(-41.0885313844594,405.443241985916,57.884647486418));
#12692=CARTESIAN_POINT('Ctrl Pts',(-40.9724564831422,405.875436458459,57.8070816721255));
#12693=CARTESIAN_POINT('Ctrl Pts',(-40.7244528032849,406.741950102753,57.7068727663225));
#12694=CARTESIAN_POINT('Ctrl Pts',(-40.5931962770994,407.176452298909,57.6841497920496));
#12695=CARTESIAN_POINT('Ctrl Pts',(-40.4738201277179,407.572378195325,57.6841497920496));
#12696=CARTESIAN_POINT('Origin',(-59.7745304314265,396.572378195325,59.6652351556337));
#12697=CARTESIAN_POINT('',(-61.2745304314267,398.640814283038,62.2633113669864));
#12698=CARTESIAN_POINT('',(-61.2745304314265,396.572378195325,62.2633113669869));
#12699=CARTESIAN_POINT('',(-58.2745304314271,398.640814283038,62.2633113669868));
#12700=CARTESIAN_POINT('Ctrl Pts',(-58.2745304314271,398.640814283038,62.2633113669868));
#12701=CARTESIAN_POINT('Ctrl Pts',(-58.4732737697732,398.558325255402,62.3780558868805));
#12702=CARTESIAN_POINT('Ctrl Pts',(-58.7041900539033,398.489081506364,62.4792479667449));
#12703=CARTESIAN_POINT('Ctrl Pts',(-59.2194019385866,398.389853908529,62.626919847436));
#12704=CARTESIAN_POINT('Ctrl Pts',(-59.5071120801997,398.365170877166,62.6652351556333));
#12705=CARTESIAN_POINT('Ctrl Pts',(-60.0419487826537,398.365170877166,62.6652351556332));
#12706=CARTESIAN_POINT('Ctrl Pts',(-60.3296589242668,398.389853908529,62.6269198474359));
#12707=CARTESIAN_POINT('Ctrl Pts',(-60.8448708089503,398.489081506364,62.4792479667448));
#12708=CARTESIAN_POINT('Ctrl Pts',(-61.0757870930806,398.558325255401,62.3780558868802));
#12709=CARTESIAN_POINT('Ctrl Pts',(-61.2745304314267,398.640814283038,62.2633113669864));
#12710=CARTESIAN_POINT('',(-58.2745304314265,396.572378195325,62.2633113669871));
#12711=CARTESIAN_POINT('Origin',(-61.2745304314266,396.572378195325,62.2633113669869));
#12712=CARTESIAN_POINT('',(-65.973820127718,401.442899581635,59.5501751958317));
#12713=CARTESIAN_POINT('',(-65.9738201277177,396.572378195325,59.5501751958329));
#12714=CARTESIAN_POINT('Origin',(-50.1533120520251,407.572378195324,68.6841497920492));
#12715=CARTESIAN_POINT('Origin',(-65.4738201277177,396.572378195325,58.6841497920485));
#12716=CARTESIAN_POINT('',(-65.4738201277182,407.572378195321,57.6841497920457));
#12717=CARTESIAN_POINT('',(-65.4738201277176,396.572378195325,57.6841497920485));
#12718=CARTESIAN_POINT('Ctrl Pts',(-65.4738201277182,407.572378195321,57.6841497920457));
#12719=CARTESIAN_POINT('Ctrl Pts',(-65.6953384358074,406.837685083194,57.6841497920459));
#12720=CARTESIAN_POINT('Ctrl Pts',(-65.9391156366513,406.036717118726,57.7621026623455));
#12721=CARTESIAN_POINT('Ctrl Pts',(-66.3272151437824,404.461350031306,58.1025163273838));
#12722=CARTESIAN_POINT('Ctrl Pts',(-66.473820127718,403.687404253857,58.3644685080187));
#12723=CARTESIAN_POINT('Ctrl Pts',(-66.473820127718,402.741305631894,58.7980253630224));
#12724=CARTESIAN_POINT('Ctrl Pts',(-66.4541496514091,402.474136542737,58.9327390075955));
#12725=CARTESIAN_POINT('Ctrl Pts',(-66.3368987401224,401.973439907541,59.2113482045115));
#12726=CARTESIAN_POINT('Ctrl Pts',(-66.2415956147429,401.73944304123,59.3553538570036));
#12727=CARTESIAN_POINT('Ctrl Pts',(-66.050741184807,401.515194101155,59.5019620516631));
#12728=CARTESIAN_POINT('Ctrl Pts',(-66.0142510036682,401.477684323796,59.5268324187182));
#12729=CARTESIAN_POINT('Ctrl Pts',(-65.973820127718,401.442899581635,59.5501751958317));
#12730=CARTESIAN_POINT('Origin',(15.2254695685733,409.572378240025,57.6841497920521));
#12731=CARTESIAN_POINT('',(14.2254695685735,407.572378195328,57.684149792052));
#12732=CARTESIAN_POINT('',(-85.2741114554716,407.572378195325,57.6841497920477));
#12733=CARTESIAN_POINT('',(14.2254695685734,409.572378240025,57.684149792052));
#12734=CARTESIAN_POINT('',(14.2254695685734,409.572378240025,57.684149792052));
#12735=CARTESIAN_POINT('',(-85.2745304314271,409.572378240022,57.6841497920443));
#12736=CARTESIAN_POINT('',(-57.8740709967951,409.572378240023,57.6841497920455));
#12737=CARTESIAN_POINT('',(-85.274530431427,407.572378195325,57.6841497920477));
#12738=CARTESIAN_POINT('',(-85.2745304314265,399.572378240019,57.6841497920476));
#12739=CARTESIAN_POINT('',(-85.2741114554717,407.572378195325,57.6841497920477));
#12740=CARTESIAN_POINT('',(-54.0752407351357,407.572378195321,57.6841497920462));
#12741=CARTESIAN_POINT('',(-54.0752407351351,396.572378195325,57.684149792049));
#12742=CARTESIAN_POINT('',(-85.2741114554717,407.572378195325,57.6841497920477));
#12743=CARTESIAN_POINT('',(-29.0752407351354,407.572378195325,57.6841497920501));
#12744=CARTESIAN_POINT('',(-29.0752407351355,409.572378240024,57.6841497920501));
#12745=CARTESIAN_POINT('',(-15.4738201277178,407.572378195326,57.6841497920507));
#12746=CARTESIAN_POINT('',(-85.2741114554716,407.572378195325,57.6841497920477));
#12747=CARTESIAN_POINT('',(-15.4738201277179,409.572378240024,57.6841497920507));
#12748=CARTESIAN_POINT('Origin',(-18.6745304314194,393.572378240023,62.6097215285076));
#12749=CARTESIAN_POINT('',(-18.1745304314194,393.572378240023,61.7436961247232));
#12750=CARTESIAN_POINT('',(-19.6745304314194,393.572378240023,62.6097215285069));
#12751=CARTESIAN_POINT('Origin',(-18.6745304314194,393.572378240023,62.6097215285076));
#12752=CARTESIAN_POINT('',(-18.1745304314196,399.038322717906,61.7436961247232));
#12753=CARTESIAN_POINT('',(-18.1745304314194,393.572378240023,61.7436961247232));
#12754=CARTESIAN_POINT('',(-19.6745304314147,398.401700942742,62.6097215285069));
#12755=CARTESIAN_POINT('Ctrl Pts',(-18.1745304314196,399.038322717906,61.7436961247231));
#12756=CARTESIAN_POINT('Ctrl Pts',(-18.2082654358073,399.054162621761,61.7242192108587));
#12757=CARTESIAN_POINT('Ctrl Pts',(-18.2436340934731,399.06873331124,61.706439679073));
#12758=CARTESIAN_POINT('Ctrl Pts',(-18.4028637360699,399.124997345134,61.6381297191819));
#12759=CARTESIAN_POINT('Ctrl Pts',(-18.5407811245308,399.149049592927,61.6097215285076));
#12760=CARTESIAN_POINT('Ctrl Pts',(-18.8000084641198,399.149049592927,61.6097215285076));
#12761=CARTESIAN_POINT('Ctrl Pts',(-18.9304580710987,399.127821541112,61.6348096409529));
#12762=CARTESIAN_POINT('Ctrl Pts',(-19.1648209569138,399.050028867916,61.7290584512696));
#12763=CARTESIAN_POINT('Ctrl Pts',(-19.26897393342,398.993917812393,61.7979966496982));
#12764=CARTESIAN_POINT('Ctrl Pts',(-19.4526751584185,398.861015520439,61.9665316415243));
#12765=CARTESIAN_POINT('Ctrl Pts',(-19.536567139813,398.771054162692,62.0840156978496));
#12766=CARTESIAN_POINT('Ctrl Pts',(-19.6475547385649,398.58471646037,62.3400965668223));
#12767=CARTESIAN_POINT('Ctrl Pts',(-19.6745304314195,398.48841852682,62.4788023800374));
#12768=CARTESIAN_POINT('Ctrl Pts',(-19.6745304314195,398.401700942741,62.6097215285076));
#12769=CARTESIAN_POINT('',(-19.6745304314194,393.572378240023,62.6097215285069));
#12770=CARTESIAN_POINT('Origin',(-19.6745304314182,393.572378240023,60.8776707209396));
#12771=CARTESIAN_POINT('',(-19.6745304314237,396.572378195324,68.6841497920505));
#12772=CARTESIAN_POINT('Origin',(-19.6745304314192,407.572378195326,68.6841497920505));
#12773=CARTESIAN_POINT('',(-19.6745304314262,396.572378195326,81.5468103579217));
#12774=CARTESIAN_POINT('',(-19.6745304314328,396.572378195326,81.7809671835563));
#12775=CARTESIAN_POINT('',(-19.6745304314261,393.572378240023,81.5468103579217));
#12776=CARTESIAN_POINT('',(-19.6745304314261,393.572378240023,81.5468103579217));
#12777=CARTESIAN_POINT('',(-19.6745304314252,393.572378240023,70.9842067191435));
#12778=CARTESIAN_POINT('Origin',(-75.8745304314283,393.572378240022,62.6097215285021));
#12779=CARTESIAN_POINT('',(-74.8745304314282,393.572378240022,62.6097215285016));
#12780=CARTESIAN_POINT('',(-76.3745304314284,393.572378240022,61.7436961247178));
#12781=CARTESIAN_POINT('Origin',(-75.8745304314283,393.572378240022,62.6097215285021));
#12782=CARTESIAN_POINT('',(-74.8745304314215,398.401700942741,62.6097215285016));
#12783=CARTESIAN_POINT('',(-74.8745304314282,393.572378240022,62.6097215285016));
#12784=CARTESIAN_POINT('',(-76.3745304314286,399.038322717905,61.7436961247178));
#12785=CARTESIAN_POINT('Ctrl Pts',(-74.8745304314284,398.401700942741,62.6097215285021));
#12786=CARTESIAN_POINT('Ctrl Pts',(-74.8745304314285,398.483920780149,62.4855927117782));
#12787=CARTESIAN_POINT('Ctrl Pts',(-74.8988203515338,398.575273721817,62.3536627508355));
#12788=CARTESIAN_POINT('Ctrl Pts',(-74.9992480834898,398.753040624719,62.1082665887326));
#12789=CARTESIAN_POINT('Ctrl Pts',(-75.0753181092361,398.839382286198,61.9947202883213));
#12790=CARTESIAN_POINT('Ctrl Pts',(-75.2501632482943,398.976287417276,61.8198751492632));
#12791=CARTESIAN_POINT('Ctrl Pts',(-75.3576883275063,399.038364245461,61.7433106519018));
#12792=CARTESIAN_POINT('Ctrl Pts',(-75.6028637360788,399.124997345134,61.6381297191764));
#12793=CARTESIAN_POINT('Ctrl Pts',(-75.7407811245397,399.149049592927,61.6097215285021));
#12794=CARTESIAN_POINT('Ctrl Pts',(-76.0000084641287,399.149049592927,61.6097215285021));
#12795=CARTESIAN_POINT('Ctrl Pts',(-76.1304580711077,399.127821541112,61.6348096409474));
#12796=CARTESIAN_POINT('Ctrl Pts',(-76.2919236429252,399.074225860135,61.6997428661805));
#12797=CARTESIAN_POINT('Ctrl Pts',(-76.3344477253923,399.057143115928,61.7205543635978));
#12798=CARTESIAN_POINT('Ctrl Pts',(-76.3745304314288,399.038322717905,61.7436961247179));
#12799=CARTESIAN_POINT('',(-76.3745304314284,393.572378240022,61.7436961247178));
#12800=CARTESIAN_POINT('Origin',(-79.0745304314255,393.572378240022,71.7122405394263));
#12801=CARTESIAN_POINT('',(-81.7745304314254,393.572378240022,64.8613875783413));
#12802=CARTESIAN_POINT('',(-73.7745304314259,393.572378240022,60.2425854248226));
#12803=CARTESIAN_POINT('',(-83.2745304314268,393.572378240021,67.4594637896945));
#12804=CARTESIAN_POINT('Origin',(-80.2745304314269,393.572378240022,67.4594637896918));
#12805=CARTESIAN_POINT('',(-83.274530431426,393.572378240021,76.6970680967285));
#12806=CARTESIAN_POINT('',(-83.2745304314268,393.572378240021,67.4594637896945));
#12807=CARTESIAN_POINT('',(-81.7745304314251,393.572378240022,79.2951443080803));
#12808=CARTESIAN_POINT('Origin',(-80.2745304314273,393.572378240022,76.6970680967258));
#12809=CARTESIAN_POINT('',(-76.3745304314262,393.572378240022,82.412835761704));
#12810=CARTESIAN_POINT('',(-81.7745304314251,393.572378240022,79.2951443080803));
#12811=CARTESIAN_POINT('',(-74.8745304314261,393.572378240022,81.5468103579197));
#12812=CARTESIAN_POINT('Origin',(-75.8745304314261,393.572378240022,81.5468103579196));
#12813=CARTESIAN_POINT('',(-74.8745304314239,393.572378240022,70.9842067191387));
#12814=CARTESIAN_POINT('Origin',(-74.8745304314291,393.572378240022,60.8776707209333));
#12815=CARTESIAN_POINT('',(-81.7745304314255,397.257995564382,64.8613875783413));
#12816=CARTESIAN_POINT('Origin',(-88.3957488108163,407.572378195322,68.6841497920475));
#12817=CARTESIAN_POINT('',(-81.7745304314254,393.572378240022,64.8613875783413));
#12818=CARTESIAN_POINT('Origin',(-12.774530431425,393.572378240023,64.8613875783434));
#12819=CARTESIAN_POINT('',(-12.774530431425,393.572378240023,64.8613875783434));
#12820=CARTESIAN_POINT('',(-12.774530431425,393.572378240023,64.8613875783434));
#12821=CARTESIAN_POINT('',(-12.7745304314251,397.257995564385,64.8613875783434));
#12822=CARTESIAN_POINT('',(-12.774530431425,393.572378240023,64.8613875783434));
#12823=CARTESIAN_POINT('Origin',(-6.15331205202784,407.572378195326,68.6841497920511));
#12824=CARTESIAN_POINT('Origin',(-14.2745304314266,393.572378240023,67.4594637896957));
#12825=CARTESIAN_POINT('',(-11.2745304314257,396.640766045435,67.4594637896977));
#12826=CARTESIAN_POINT('Ctrl Pts',(-12.7745304314244,397.257995564386,64.8613875783426));
#12827=CARTESIAN_POINT('Ctrl Pts',(-12.5420133462325,397.208241531495,64.9956313800695));
#12828=CARTESIAN_POINT('Ctrl Pts',(-12.331580066047,397.150582219899,65.1597734679547));
#12829=CARTESIAN_POINT('Ctrl Pts',(-11.8884769071113,397.009093424781,65.6028766268904));
#12830=CARTESIAN_POINT('Ctrl Pts',(-11.6585664482112,396.914107129198,65.9375381622352));
#12831=CARTESIAN_POINT('Ctrl Pts',(-11.3515009110443,396.75083342692,66.6749742404968));
#12832=CARTESIAN_POINT('Ctrl Pts',(-11.2745304314257,396.683498002291,67.0780360785496));
#12833=CARTESIAN_POINT('Ctrl Pts',(-11.2745304314257,396.640766045436,67.4594637896958));
#12834=CARTESIAN_POINT('',(-11.2745304314256,393.572378240023,67.4594637896977));
#12835=CARTESIAN_POINT('Origin',(-14.2745304314266,393.572378240023,67.4594637896957));
#12836=CARTESIAN_POINT('',(-11.2745304314256,393.572378240023,67.4594637896977));
#12837=CARTESIAN_POINT('Origin',(-11.2745304314271,393.572378240023,76.6970680967317));
#12838=CARTESIAN_POINT('',(-11.2745304314259,396.572378195325,68.6841497920509));
#12839=CARTESIAN_POINT('Origin',(-11.2745304314274,407.572378195326,68.6841497920509));
#12840=CARTESIAN_POINT('',(-11.2745304314271,393.572378240023,76.6970680967317));
#12841=CARTESIAN_POINT('',(-11.2745304314271,393.572378240023,76.6970680967317));
#12842=CARTESIAN_POINT('',(-11.2745304314271,396.572378195326,76.6970680967317));
#12843=CARTESIAN_POINT('',(-11.2745304314271,393.572378240023,76.6970680967317));
#12844=CARTESIAN_POINT('',(-11.2745304314291,396.572378195326,89.6906658714775));
#12845=CARTESIAN_POINT('Origin',(-14.2745304314271,393.572378240023,76.6970680967297));
#12846=CARTESIAN_POINT('',(-12.7745304314262,396.572378195326,79.2951443080849));
#12847=CARTESIAN_POINT('Origin',(-14.2745304314272,396.572378195328,76.6970680967297));
#12848=CARTESIAN_POINT('',(-12.7745304314262,393.572378240023,79.2951443080849));
#12849=CARTESIAN_POINT('Origin',(-14.2745304314271,393.572378240023,76.6970680967297));
#12850=CARTESIAN_POINT('',(-12.7745304314262,393.572378240023,79.2951443080849));
#12851=CARTESIAN_POINT('Origin',(-18.1745304314262,393.572378240023,82.4128357617062));
#12852=CARTESIAN_POINT('',(-18.1745304314263,396.572378195326,82.4128357617062));
#12853=CARTESIAN_POINT('',(10.5865766888427,396.572378195327,65.8076028236418));
#12854=CARTESIAN_POINT('',(-18.1745304314262,393.572378240023,82.4128357617062));
#12855=CARTESIAN_POINT('',(-18.1745304314262,393.572378240023,82.4128357617062));
#12856=CARTESIAN_POINT('',(-18.1745304314262,393.572378240023,82.4128357617062));
#12857=CARTESIAN_POINT('Origin',(-18.6745304314262,393.572378240023,81.5468103579217));
#12858=CARTESIAN_POINT('Origin',(-18.6745304314262,396.572378195328,81.5468103579217));
#12859=CARTESIAN_POINT('Origin',(-18.6745304314262,393.572378240023,81.5468103579217));
#12860=CARTESIAN_POINT('Origin',(-15.4745304314252,393.572378240023,71.7122405394308));
#12861=CARTESIAN_POINT('Origin',(-83.2745304314268,393.572378240021,67.4594637896945));
#12862=CARTESIAN_POINT('',(-83.274530431426,396.572378195323,76.6970680967285));
#12863=CARTESIAN_POINT('',(-83.2745304314268,396.572378195321,68.6841497920477));
#12864=CARTESIAN_POINT('',(-83.2745304314252,396.572378195323,85.0718637179723));
#12865=CARTESIAN_POINT('',(-83.274530431426,393.572378240021,76.6970680967285));
#12866=CARTESIAN_POINT('',(-83.2745304314269,396.640766045432,67.4594637896945));
#12867=CARTESIAN_POINT('',(-83.2745304314268,393.572378240021,67.4594637896945));
#12868=CARTESIAN_POINT('Origin',(-83.2745304314276,407.572378195323,68.6841497920477));
#12869=CARTESIAN_POINT('Origin',(-80.2745304314269,393.572378240022,67.4594637896918));
#12870=CARTESIAN_POINT('Ctrl Pts',(-83.2745304314238,396.640766045432,67.4594637896917));
#12871=CARTESIAN_POINT('Ctrl Pts',(-83.2745304314241,396.683498002288,67.0780360785459));
#12872=CARTESIAN_POINT('Ctrl Pts',(-83.1975599518052,396.750833426916,66.6749742404937));
#12873=CARTESIAN_POINT('Ctrl Pts',(-82.8904944146387,396.914107129194,65.9375381622331));
#12874=CARTESIAN_POINT('Ctrl Pts',(-82.6605839557388,397.009093424777,65.6028766268888));
#12875=CARTESIAN_POINT('Ctrl Pts',(-82.2174807968034,397.150582219895,65.1597734679534));
#12876=CARTESIAN_POINT('Ctrl Pts',(-82.0070475166176,397.208241531491,64.9956313800682));
#12877=CARTESIAN_POINT('Ctrl Pts',(-81.7745304314255,397.257995564382,64.8613875783413));
#12878=CARTESIAN_POINT('Origin',(-74.8745304314184,393.572378240022,81.5468103579197));
#12879=CARTESIAN_POINT('',(-74.8745304314262,396.572378195323,81.5468103579197));
#12880=CARTESIAN_POINT('',(-74.8745304314261,393.572378240022,81.5468103579197));
#12881=CARTESIAN_POINT('',(-74.8745304314252,396.572378195322,68.6841497920481));
#12882=CARTESIAN_POINT('',(-74.874530431413,396.572378195323,92.1155370021153));
#12883=CARTESIAN_POINT('Origin',(-74.8745304314185,407.572378195323,68.6841497920481));
#12884=CARTESIAN_POINT('Origin',(-75.8745304314261,393.572378240022,81.5468103579196));
#12885=CARTESIAN_POINT('',(-76.3745304314263,396.572378195323,82.412835761704));
#12886=CARTESIAN_POINT('Origin',(-75.8745304314262,396.572378195327,81.5468103579196));
#12887=CARTESIAN_POINT('',(-76.3745304314262,393.572378240022,82.412835761704));
#12888=CARTESIAN_POINT('Origin',(-81.7745304314251,393.572378240022,79.2951443080803));
#12889=CARTESIAN_POINT('',(-81.7745304314252,396.572378195323,79.2951443080803));
#12890=CARTESIAN_POINT('',(-19.710637551682,396.572378195326,115.12774956916));
#12891=CARTESIAN_POINT('',(-81.7745304314251,393.572378240022,79.2951443080803));
#12892=CARTESIAN_POINT('Origin',(-80.2745304314273,393.572378240022,76.6970680967258));
#12893=CARTESIAN_POINT('Origin',(-80.2745304314274,396.572378195327,76.6970680967258));
#12894=CARTESIAN_POINT('Origin',(42.7254695685728,407.572378195329,68.6841497920533));
#12895=CARTESIAN_POINT('',(-8.27453043142674,396.572378195326,68.6841497920511));
#12896=CARTESIAN_POINT('',(42.7254695685733,396.572378195328,68.6841497920533));
#12897=CARTESIAN_POINT('',(-8.27453043142674,396.640766045436,67.4594637896958));
#12898=CARTESIAN_POINT('Origin',(-8.27453043142745,407.572378195326,68.6841497920511));
#12899=CARTESIAN_POINT('',(-6.77453043142661,397.257995564386,64.8613875783426));
#12900=CARTESIAN_POINT('Ctrl Pts',(-6.77453043142665,397.257995564386,64.8613875783427));
#12901=CARTESIAN_POINT('Ctrl Pts',(-7.00320279765056,397.209064224907,64.9934116305382));
#12902=CARTESIAN_POINT('Ctrl Pts',(-7.2104156537206,397.152511247851,65.1542768957978));
#12903=CARTESIAN_POINT('Ctrl Pts',(-7.65404351594918,397.011657143627,65.5940562731083));
#12904=CARTESIAN_POINT('Ctrl Pts',(-7.8863347044482,396.916030325889,65.9298476433272));
#12905=CARTESIAN_POINT('Ctrl Pts',(-8.19667098795988,396.751590056875,66.6705772676502));
#12906=CARTESIAN_POINT('Ctrl Pts',(-8.27453043142669,396.683747562185,67.0758084937133));
#12907=CARTESIAN_POINT('Ctrl Pts',(-8.27453043142671,396.640766045436,67.4594637896959));
#12908=CARTESIAN_POINT('',(1.22546956857432,400.519719757973,60.2425854248255));
#12909=CARTESIAN_POINT('Origin',(-13.3957488108246,407.572378195326,68.6841497920508));
#12910=CARTESIAN_POINT('',(4.22546956857348,400.519719757972,60.242585424826));
#12911=CARTESIAN_POINT('Ctrl Pts',(4.22546956857369,400.519719757972,60.2425854248262));
#12912=CARTESIAN_POINT('Ctrl Pts',(4.10624414154191,400.602110486731,60.1737505924351));
#12913=CARTESIAN_POINT('Ctrl Pts',(3.97922809543574,400.679207823479,60.111420381823));
#12914=CARTESIAN_POINT('Ctrl Pts',(3.67476096820349,400.834131354042,59.9888432790159));
#12915=CARTESIAN_POINT('Ctrl Pts',(3.49283311786089,400.90599437972,59.9341143066462));
#12916=CARTESIAN_POINT('Ctrl Pts',(3.1160511388227,401.004404838547,59.8600056313489));
#12917=CARTESIAN_POINT('Ctrl Pts',(2.92114082013534,401.030763926895,59.8406616361793));
#12918=CARTESIAN_POINT('Ctrl Pts',(2.51177302367078,401.030763926895,59.8406616361793));
#12919=CARTESIAN_POINT('Ctrl Pts',(2.30112372380476,400.999425473155,59.8636382866135));
#12920=CARTESIAN_POINT('Ctrl Pts',(1.89677989807838,400.8851143485,59.949985095883));
#12921=CARTESIAN_POINT('Ctrl Pts',(1.70302246804799,400.802353591617,60.0133410903535));
#12922=CARTESIAN_POINT('Ctrl Pts',(1.41890258511017,400.646702809372,60.1377920830199));
#12923=CARTESIAN_POINT('Ctrl Pts',(1.31993354286678,400.584999085354,60.188046623839));
#12924=CARTESIAN_POINT('Ctrl Pts',(1.22546956857431,400.519719757973,60.2425854248254));
#12925=CARTESIAN_POINT('',(10.7254695685734,397.621736473406,63.9953621745589));
#12926=CARTESIAN_POINT('Origin',(18.8466879479706,407.572378195328,68.6841497920523));
#12927=CARTESIAN_POINT('',(12.225469568573,396.77289090119,66.5934383859123));
#12928=CARTESIAN_POINT('Ctrl Pts',(12.2254695685733,396.77289090119,66.5934383859123));
#12929=CARTESIAN_POINT('Ctrl Pts',(12.2254695685733,396.847956688823,66.2056890210852));
#12930=CARTESIAN_POINT('Ctrl Pts',(12.1461165128161,396.950615817196,65.7980373354729));
#12931=CARTESIAN_POINT('Ctrl Pts',(11.8321264167222,397.181157010367,65.0545487975038));
#12932=CARTESIAN_POINT('Ctrl Pts',(11.5977402630091,397.30811972915,64.7183212762442));
#12933=CARTESIAN_POINT('Ctrl Pts',(11.1540270584714,397.489667082248,64.2826878255802));
#12934=CARTESIAN_POINT('Ctrl Pts',(10.9504744494428,397.56052387945,64.1252688030979));
#12935=CARTESIAN_POINT('Ctrl Pts',(10.7254695685734,397.621736473406,63.9953621745589));
#12936=CARTESIAN_POINT('',(12.2254695685732,396.572378195327,68.684149792052));
#12937=CARTESIAN_POINT('Origin',(12.2254695685725,407.572378195327,68.684149792052));
#12938=CARTESIAN_POINT('',(14.2254695685733,396.572378195327,68.6841497920521));
#12939=CARTESIAN_POINT('',(42.7254695685733,396.572378195328,68.6841497920533));
#12940=CARTESIAN_POINT('Origin',(14.2254695685731,407.572378195327,68.684149792052));
#12941=CARTESIAN_POINT('',(-11.2745304314265,398.64081428304,62.2633113669891));
#12942=CARTESIAN_POINT('Ctrl Pts',(-11.2745304314265,398.64081428304,62.2633113669892));
#12943=CARTESIAN_POINT('Ctrl Pts',(-11.1459284210783,398.587437627128,62.337559772282));
#12944=CARTESIAN_POINT('Ctrl Pts',(-11.0084903894845,398.541060760592,62.4040299541899));
#12945=CARTESIAN_POINT('Ctrl Pts',(-10.5193057299397,398.410044119126,62.5949429775257));
#12946=CARTESIAN_POINT('Ctrl Pts',(-10.1369923300486,398.365170877168,62.6652351556359));
#12947=CARTESIAN_POINT('Ctrl Pts',(-9.77453043142658,398.365170877168,62.6652351556359));
#12948=CARTESIAN_POINT('Ctrl Pts',(-9.41206853280459,398.365170877168,62.6652351556359));
#12949=CARTESIAN_POINT('Ctrl Pts',(-9.02975513291347,398.410044119126,62.5949429775257));
#12950=CARTESIAN_POINT('Ctrl Pts',(-8.54057047336861,398.541060760592,62.4040299541901));
#12951=CARTESIAN_POINT('Ctrl Pts',(-8.40313244177478,398.587437627128,62.3375597722821));
#12952=CARTESIAN_POINT('Ctrl Pts',(-8.27453043142666,398.64081428304,62.2633113669893));
#12953=CARTESIAN_POINT('',(-15.9738201277177,401.442899581635,59.5501751958351));
#12954=CARTESIAN_POINT('Origin',(-0.15331205202946,407.572378195327,68.6841497920514));
#12955=CARTESIAN_POINT('Ctrl Pts',(-15.9738201277175,401.442899581635,59.5501751958353));
#12956=CARTESIAN_POINT('Ctrl Pts',(-16.0142510036679,401.477684323797,59.5268324187217));
#12957=CARTESIAN_POINT('Ctrl Pts',(-16.0507411848067,401.515194101156,59.5019620516665));
#12958=CARTESIAN_POINT('Ctrl Pts',(-16.2415956147427,401.739443041231,59.355353857007));
#12959=CARTESIAN_POINT('Ctrl Pts',(-16.3368987401221,401.973439907541,59.2113482045151));
#12960=CARTESIAN_POINT('Ctrl Pts',(-16.4541496514088,402.474136542737,58.9327390075993));
#12961=CARTESIAN_POINT('Ctrl Pts',(-16.4738201277178,402.741305631893,58.7980253630262));
#12962=CARTESIAN_POINT('Ctrl Pts',(-16.4738201277178,403.687404253857,58.3644685080219));
#12963=CARTESIAN_POINT('Ctrl Pts',(-16.3272151437815,404.461350031306,58.1025163273866));
#12964=CARTESIAN_POINT('Ctrl Pts',(-15.9391156366471,406.036717118728,57.7621026623477));
#12965=CARTESIAN_POINT('Ctrl Pts',(-15.6953384358073,406.837685083199,57.6841497920507));
#12966=CARTESIAN_POINT('Ctrl Pts',(-15.4738201277178,407.572378195326,57.6841497920507));
#12967=CARTESIAN_POINT('',(-28.5752407351353,401.442899581635,59.5501751958346));
#12968=CARTESIAN_POINT('Ctrl Pts',(-29.0752407351353,407.572378195325,57.6841497920501));
#12969=CARTESIAN_POINT('Ctrl Pts',(-28.9558645857537,407.176452298909,57.6841497920501));
#12970=CARTESIAN_POINT('Ctrl Pts',(-28.8246080595683,406.741950102754,57.7068727663231));
#12971=CARTESIAN_POINT('Ctrl Pts',(-28.576604379711,405.875436458459,57.8070816721261));
#12972=CARTESIAN_POINT('Ctrl Pts',(-28.4605294783938,405.443241985917,57.8846474864186));
#12973=CARTESIAN_POINT('Ctrl Pts',(-28.2134904023984,404.394225874466,58.131686562414));
#12974=CARTESIAN_POINT('Ctrl Pts',(-28.0752407351353,403.619013613059,58.3958090368494));
#12975=CARTESIAN_POINT('Ctrl Pts',(-28.0752407351353,402.550732070537,58.8853571400627));
#12976=CARTESIAN_POINT('Ctrl Pts',(-28.1402752551976,402.046382305276,59.1633978744855));
#12977=CARTESIAN_POINT('Ctrl Pts',(-28.4210944100504,401.603003074059,59.4442170293382));
#12978=CARTESIAN_POINT('Ctrl Pts',(-28.4915332159904,401.514917424483,59.501846637123));
#12979=CARTESIAN_POINT('Ctrl Pts',(-28.5752407351354,401.442899581635,59.5501751958346));
#12980=CARTESIAN_POINT('Origin',(-44.3957488108246,407.572378195325,68.6841497920495));
#12981=CARTESIAN_POINT('',(-53.5752407351355,401.442899581635,59.5501751958322));
#12982=CARTESIAN_POINT('Ctrl Pts',(-53.5752407351358,401.442899581635,59.5501751958324));
#12983=CARTESIAN_POINT('Ctrl Pts',(-53.4915332159906,401.514917424484,59.5018466371208));
#12984=CARTESIAN_POINT('Ctrl Pts',(-53.4210944100505,401.60300307406,59.4442170293359));
#12985=CARTESIAN_POINT('Ctrl Pts',(-53.1402752551977,402.046382305278,59.1633978744829));
#12986=CARTESIAN_POINT('Ctrl Pts',(-53.0752407351355,402.550732070539,58.8853571400599));
#12987=CARTESIAN_POINT('Ctrl Pts',(-53.0752407351356,403.619013613063,58.3958090368462));
#12988=CARTESIAN_POINT('Ctrl Pts',(-53.2134904023989,404.394225874472,58.1316865624106));
#12989=CARTESIAN_POINT('Ctrl Pts',(-53.4605294783933,405.443241985923,57.884647486416));
#12990=CARTESIAN_POINT('Ctrl Pts',(-53.5766043797095,405.875436458464,57.8070816721241));
#12991=CARTESIAN_POINT('Ctrl Pts',(-53.824608059561,406.741950102756,57.7068727663217));
#12992=CARTESIAN_POINT('Ctrl Pts',(-53.9558645857546,407.176452298907,57.6841497920463));
#12993=CARTESIAN_POINT('Ctrl Pts',(-54.0752407351356,407.572378195321,57.6841497920462));
#12994=CARTESIAN_POINT('Origin',(-69.3957488108297,407.572378195323,68.6841497920483));
#12995=CARTESIAN_POINT('',(-85.2745304314269,396.572378195321,68.6841497920476));
#12996=CARTESIAN_POINT('Origin',(-85.2745304314274,407.572378195322,68.6841497920477));
#12997=CARTESIAN_POINT('',(42.7254695685733,396.572378195328,68.6841497920533));
#12998=CARTESIAN_POINT('',(42.7254695685733,396.572378195328,68.6841497920533));
#12999=CARTESIAN_POINT('Origin',(70.2254695685717,396.57237819533,102.684263646236));
#13000=CARTESIAN_POINT('',(-85.2745304314273,396.572378195322,76.6970680967249));
#13001=CARTESIAN_POINT('',(-85.2745304314278,396.572378195323,89.6906658714776));
#13002=CARTESIAN_POINT('',(-87.2745304314274,396.572378195322,80.1611697118626));
#13003=CARTESIAN_POINT('Origin',(-89.2745304314273,396.572378195322,76.6970680967247));
#13004=CARTESIAN_POINT('',(-95.2745304314272,396.572378195322,84.7799718653805));
#13005=CARTESIAN_POINT('',(-37.0884233111724,396.572378195325,51.186207256407));
#13006=CARTESIAN_POINT('',(-97.7745304314278,396.572378195322,89.1100988843027));
#13007=CARTESIAN_POINT('Origin',(-92.7745304314273,396.572378195322,89.1100988843029));
#13008=CARTESIAN_POINT('',(-97.7745304314279,396.572378195322,98.3477031913366));
#13009=CARTESIAN_POINT('',(-97.7745304314285,396.572378195322,103.114059630136));
#13010=CARTESIAN_POINT('',(-95.2745304314281,396.572378195322,102.677830210259));
#13011=CARTESIAN_POINT('Origin',(-92.7745304314277,396.572378195322,98.3477031913368));
#13012=CARTESIAN_POINT('',(-95.2633873934597,396.572378195322,102.684263646228));
#13013=CARTESIAN_POINT('',(-29.2106375516836,396.572378195325,140.819836548097));
#13014=CARTESIAN_POINT('',(-91.2633873934593,396.572378195322,102.684263646229));
#13015=CARTESIAN_POINT('',(15.2254695685718,396.572378195328,102.684263646233));
#13016=CARTESIAN_POINT('',(-94.2745304314285,396.572378195322,100.945779402689));
#13017=CARTESIAN_POINT('',(-52.8356375516828,396.572378195324,124.870535361732));
#13018=CARTESIAN_POINT('',(-95.7745304314284,396.572378195322,98.3477031913352));
#13019=CARTESIAN_POINT('Origin',(-92.7745304314283,396.572378195321,98.3477031913353));
#13020=CARTESIAN_POINT('',(-95.7745304314279,396.572378195322,89.1100988843012));
#13021=CARTESIAN_POINT('',(-95.7745304314283,396.572378195322,95.8971812652652));
#13022=CARTESIAN_POINT('',(-94.2745304314278,396.572378195322,86.5120226729479));
#13023=CARTESIAN_POINT('Origin',(-92.7745304314279,396.572378195319,89.1100988843013));
#13024=CARTESIAN_POINT('',(-86.2745304314276,396.572378195322,81.8932205194313));
#13025=CARTESIAN_POINT('',(-52.7134233111732,396.572378195324,62.5167062892525));
#13026=CARTESIAN_POINT('',(-83.2745304314276,396.572378195323,81.8932205194314));
#13027=CARTESIAN_POINT('Origin',(-84.7745304314277,396.572378195318,84.4912967307847));
#13028=CARTESIAN_POINT('',(-76.3745304314267,396.572378195323,85.8769373768407));
#13029=CARTESIAN_POINT('',(-37.8356375516821,396.572378195325,108.127377555234));
#13030=CARTESIAN_POINT('',(-74.8745304314268,396.572378195322,88.4750135881943));
#13031=CARTESIAN_POINT('Origin',(-77.8745304314268,396.57237819532,88.475013588194));
#13032=CARTESIAN_POINT('',(-74.8745304314277,396.572378195322,98.9827884874445));
#13033=CARTESIAN_POINT('',(-74.8745304314251,396.572378195322,67.9842067191367));
#13034=CARTESIAN_POINT('',(-76.3745304314278,396.572378195323,101.580864698798));
#13035=CARTESIAN_POINT('Origin',(-77.8745304314277,396.572378195322,98.9827884874442));
#13036=CARTESIAN_POINT('',(-78.2856734693977,396.572378195323,102.684263646229));
#13037=CARTESIAN_POINT('',(-45.713423311174,396.572378195325,83.878666249269));
#13038=CARTESIAN_POINT('',(-16.2633873934622,396.572378195326,102.684263646232));
#13039=CARTESIAN_POINT('',(70.2254695685718,396.57237819533,102.684263646236));
#13040=CARTESIAN_POINT('',(-18.1745304314279,396.572378195326,101.580864698802));
#13041=CARTESIAN_POINT('',(18.6643624483166,396.572378195328,122.849809419573));
#13042=CARTESIAN_POINT('',(-19.6745304314278,396.572378195325,98.982788487449));
#13043=CARTESIAN_POINT('Origin',(-16.6745304314278,396.572378195326,98.9827884874492));
#13044=CARTESIAN_POINT('',(-19.6745304314268,396.572378195325,88.4750135881972));
#13045=CARTESIAN_POINT('',(-19.6745304314282,396.572378195325,103.384206719142));
#13046=CARTESIAN_POINT('',(-18.1745304314268,396.572378195326,85.876937376844));
#13047=CARTESIAN_POINT('Origin',(-16.6745304314268,396.572378195326,88.4750135881974));
#13048=CARTESIAN_POINT('',(-11.2745304314273,396.572378195326,81.8932205194364));
#13049=CARTESIAN_POINT('',(10.7865766888274,396.572378195327,69.1562343849374));
#13050=CARTESIAN_POINT('',(-8.27453043142734,396.572378195326,81.8932205194365));
#13051=CARTESIAN_POINT('Origin',(-9.77453043142743,396.572378195328,84.4912967307897));
#13052=CARTESIAN_POINT('',(-0.274530431427547,396.572378195327,86.5120226729539));
#13053=CARTESIAN_POINT('',(25.6643624483175,396.572378195328,101.487849459557));
#13054=CARTESIAN_POINT('',(1.22546956857237,396.572378195327,89.1100988843072));
#13055=CARTESIAN_POINT('Origin',(-1.77453043142767,396.572378195329,89.1100988843071));
#13056=CARTESIAN_POINT('',(1.22546956857191,396.572378195327,98.3477031913412));
#13057=CARTESIAN_POINT('',(1.22546956857201,396.572378195327,95.8971812652699));
#13058=CARTESIAN_POINT('',(-0.274530431428186,396.572378195327,100.945779402694));
#13059=CARTESIAN_POINT('Origin',(-1.7745304314281,396.572378195329,98.3477031913411));
#13060=CARTESIAN_POINT('',(-3.28567346939431,396.572378195327,102.684263646233));
#13061=CARTESIAN_POINT('',(25.7865766888268,396.572378195328,85.8993921914372));
#13062=CARTESIAN_POINT('',(8.73661260653778,396.572378195327,102.684263646233));
#13063=CARTESIAN_POINT('',(70.2254695685718,396.57237819533,102.684263646236));
#13064=CARTESIAN_POINT('',(5.72546956857179,396.572378195327,100.945779402695));
#13065=CARTESIAN_POINT('',(33.5393624483169,396.572378195328,117.004137944029));
#13066=CARTESIAN_POINT('',(4.22546956857191,396.572378195327,98.3477031913414));
#13067=CARTESIAN_POINT('Origin',(7.22546956857189,396.572378195329,98.3477031913415));
#13068=CARTESIAN_POINT('',(4.22546956857234,396.572378195327,89.1100988843074));
#13069=CARTESIAN_POINT('',(4.2254695685722,396.572378195327,94.4342351826894));
#13070=CARTESIAN_POINT('',(5.72546956857247,396.572378195327,86.5120226729541));
#13071=CARTESIAN_POINT('Origin',(7.22546956857238,396.572378195329,89.1100988843075));
#13072=CARTESIAN_POINT('',(10.7254695685726,396.572378195327,83.6252713270062));
#13073=CARTESIAN_POINT('',(26.4115766888271,396.572378195328,74.5688931585908));
#13074=CARTESIAN_POINT('',(12.2254695685726,396.572378195327,84.4912967307907));
#13075=CARTESIAN_POINT('Origin',(11.2254695685725,396.572378195329,84.4912967307907));
#13076=CARTESIAN_POINT('',(12.2254695685717,396.572378195327,102.684263646233));
#13077=CARTESIAN_POINT('',(12.2254695685726,396.572378195327,84.6388510160727));
#13078=CARTESIAN_POINT('',(14.2254695685718,396.572378195328,102.684263646233));
#13079=CARTESIAN_POINT('',(70.2254695685718,396.57237819533,102.684263646236));
#13080=CARTESIAN_POINT('',(14.2254695685714,396.572378195328,110.684263646236));
#13081=CARTESIAN_POINT('',(12.2254695685728,396.572378195327,77.5630935005152));
#13082=CARTESIAN_POINT('',(12.2254695685726,396.572378195327,84.6388510160727));
#13083=CARTESIAN_POINT('',(10.7254695685727,396.572378195327,80.1611697118685));
#13084=CARTESIAN_POINT('Origin',(9.22546956857284,396.572378195329,77.5630935005151));
#13085=CARTESIAN_POINT('',(4.22546956857259,396.572378195327,83.9139464616007));
#13086=CARTESIAN_POINT('',(28.1615766888274,396.572378195328,70.0944285723713));
#13087=CARTESIAN_POINT('',(1.22546956857258,396.572378195327,83.9139464616006));
#13088=CARTESIAN_POINT('Origin',(2.72546956857271,396.572378195329,81.3158702502473));
#13089=CARTESIAN_POINT('',(-6.77453043142721,396.572378195326,79.2951443080832));
#13090=CARTESIAN_POINT('',(31.1643624483175,396.572378195328,101.199174324963));
#13091=CARTESIAN_POINT('',(-8.27453043142713,396.572378195326,76.6970680967299));
#13092=CARTESIAN_POINT('Origin',(-5.27453043142719,396.572378195328,76.69706809673));
#13093=CARTESIAN_POINT('',(-8.27453043142766,396.572378195326,89.6906658714811));
#13094=CARTESIAN_POINT('',(-23.6745304314278,396.572378195325,98.8842067191412));
#13095=CARTESIAN_POINT('',(-23.6745304314255,396.572378195325,72.4842067191412));
#13096=CARTESIAN_POINT('',(-23.6745304314279,396.572378195325,99.3842067191411));
#13097=CARTESIAN_POINT('',(-24.1745304314279,396.572378195326,99.3842067191429));
#13098=CARTESIAN_POINT('Origin',(-24.1745304314278,396.572378195326,98.8842067191412));
#13099=CARTESIAN_POINT('',(-70.3745304314278,396.572378195323,99.3842067191389));
#13100=CARTESIAN_POINT('',(10.7254695685724,396.572378195327,99.3842067191459));
#13101=CARTESIAN_POINT('',(-70.8745304314278,396.572378195322,98.8842067191371));
#13102=CARTESIAN_POINT('Origin',(-70.3745304314278,396.572378195323,98.8842067191371));
#13103=CARTESIAN_POINT('',(-70.8745304314255,396.572378195322,72.4842067191371));
#13104=CARTESIAN_POINT('',(-70.8745304314255,396.572378195322,71.9842067191371));
#13105=CARTESIAN_POINT('',(-70.3745304314255,396.572378195323,71.9842067191387));
#13106=CARTESIAN_POINT('Origin',(-70.3745304314255,396.572378195323,72.4842067191371));
#13107=CARTESIAN_POINT('',(-24.1745304314255,396.572378195326,71.9842067191439));
#13108=CARTESIAN_POINT('',(5.97546956857451,396.572378195327,71.9842067191472));
#13109=CARTESIAN_POINT('Origin',(-24.1745304314255,396.572378195326,72.4842067191412));
#13110=CARTESIAN_POINT('Origin',(12.4254695685727,389.772378240025,84.221750442014));
#13111=CARTESIAN_POINT('',(12.2254695685719,389.972378240025,102.966505344859));
#13112=CARTESIAN_POINT('',(12.6254695685719,389.572378240025,102.966505344859));
#13113=CARTESIAN_POINT('',(12.2254695685719,389.972378240025,102.966505344859));
#13114=CARTESIAN_POINT('',(12.2254695685727,389.972378240025,84.4912967307907));
#13115=CARTESIAN_POINT('',(12.2254695685727,389.972378240025,84.221750442014));
#13116=CARTESIAN_POINT('',(12.6254695685727,389.572378240025,84.4912967307907));
#13117=CARTESIAN_POINT('',(12.6254695685727,389.572378240025,84.4912967307907));
#13118=CARTESIAN_POINT('',(12.6254695685727,389.572378240025,84.221750442014));
#13119=CARTESIAN_POINT('Origin',(11.2254695685719,389.772378240025,102.966505344859));
#13120=CARTESIAN_POINT('',(10.5254695685718,389.572378240025,104.178940910157));
#13121=CARTESIAN_POINT('Origin',(11.2254695685719,389.572378240025,102.966505344859));
#13122=CARTESIAN_POINT('',(10.7254695685718,389.972378240025,103.832530748643));
#13123=CARTESIAN_POINT('',(10.7254695685718,389.972378240025,103.832530748643));
#13124=CARTESIAN_POINT('Origin',(11.2254695685719,389.972378240025,102.966505344859));
#13125=CARTESIAN_POINT('Origin',(-6.05366918613308,389.772378240024,94.376030579519));
#13126=CARTESIAN_POINT('',(5.72546956857197,389.972378240025,100.945779402695));
#13127=CARTESIAN_POINT('',(5.52546956857197,389.572378240025,101.292189564209));
#13128=CARTESIAN_POINT('',(5.72546956857197,389.972378240025,100.945779402695));
#13129=CARTESIAN_POINT('',(-5.95366918613307,389.972378240024,94.2028254987621));
#13130=CARTESIAN_POINT('',(-6.1536691861331,389.572378240024,94.5492356602759));
#13131=CARTESIAN_POINT('Origin',(7.22546956857203,389.772378240025,98.3477031913415));
#13132=CARTESIAN_POINT('',(4.22546956857216,389.972378240025,98.3477031913414));
#13133=CARTESIAN_POINT('',(3.82546956857206,389.572378240025,98.3477031913414));
#13134=CARTESIAN_POINT('',(4.22546956857216,389.972378240025,98.3477031913414));
#13135=CARTESIAN_POINT('Origin',(7.22546956857203,389.972378240025,98.3477031913415));
#13136=CARTESIAN_POINT('Origin',(7.22546956857203,389.572378240025,98.3477031913415));
#13137=CARTESIAN_POINT('Origin',(4.02546956857273,389.772378240025,85.9342308399758));
#13138=CARTESIAN_POINT('',(3.8254695685726,389.572378240025,89.1100988843073));
#13139=CARTESIAN_POINT('',(3.82546956857274,389.572378240025,85.9342308399758));
#13140=CARTESIAN_POINT('',(4.22546956857255,389.972378240025,89.1100988843074));
#13141=CARTESIAN_POINT('',(4.22546956857255,389.972378240025,89.1100988843074));
#13142=CARTESIAN_POINT('',(4.2254695685727,389.972378240025,85.9342308399758));
#13143=CARTESIAN_POINT('Origin',(7.22546956857252,389.772378240025,89.1100988843075));
#13144=CARTESIAN_POINT('',(5.72546956857261,389.972378240025,86.5120226729541));
#13145=CARTESIAN_POINT('',(5.52546956857265,389.572378240025,86.1656125114403));
#13146=CARTESIAN_POINT('',(5.72546956857261,389.972378240025,86.5120226729541));
#13147=CARTESIAN_POINT('Origin',(7.22546956857252,389.972378240025,89.1100988843075));
#13148=CARTESIAN_POINT('Origin',(7.22546956857252,389.572378240025,89.1100988843075));
#13149=CARTESIAN_POINT('Origin',(-5.82023525255655,389.772378240024,92.9469983517405));
#13150=CARTESIAN_POINT('',(10.7254695685728,389.972378240025,83.6252713270062));
#13151=CARTESIAN_POINT('',(10.5254695685728,389.572378240025,83.2788611654924));
#13152=CARTESIAN_POINT('',(10.7254695685728,389.972378240025,83.6252713270062));
#13153=CARTESIAN_POINT('',(-5.72023525255654,389.972378240024,93.1202034324974));
#13154=CARTESIAN_POINT('',(-5.92023525255653,389.572378240024,92.7737932709836));
#13155=CARTESIAN_POINT('Origin',(11.2254695685727,389.772378240025,84.4912967307907));
#13156=CARTESIAN_POINT('Origin',(11.2254695685727,389.572378240025,84.4912967307907));
#13157=CARTESIAN_POINT('Origin',(11.2254695685727,389.972378240025,84.4912967307907));
#13158=CARTESIAN_POINT('Origin',(7.22546956857203,389.572378240025,98.3477031913415));
#13159=CARTESIAN_POINT('',(4.22546956857216,389.572378240025,98.3477031913414));
#13160=CARTESIAN_POINT('',(5.72546956857197,389.572378240025,100.945779402695));
#13161=CARTESIAN_POINT('Origin',(12.2254695685718,389.572378240025,104.698556152428));
#13162=CARTESIAN_POINT('',(10.7254695685717,396.632474966253,103.832530748643));
#13163=CARTESIAN_POINT('Origin',(8.73661260653749,407.572378195327,102.684263646233));
#13164=CARTESIAN_POINT('',(10.7254695685718,389.572378240025,103.832530748643));
#13165=CARTESIAN_POINT('Origin',(11.2254695685719,389.572378240025,102.966505344859));
#13166=CARTESIAN_POINT('',(12.2254695685713,396.575999717685,102.966505344859));
#13167=CARTESIAN_POINT('Ctrl Pts',(12.2254695685717,396.575999717685,102.966505344859));
#13168=CARTESIAN_POINT('Ctrl Pts',(12.2254695685717,396.579226129953,103.092209132096));
#13169=CARTESIAN_POINT('Ctrl Pts',(12.2003249004896,396.585042303308,103.226181715156));
#13170=CARTESIAN_POINT('Ctrl Pts',(12.0982426914501,396.59996318429,103.472511084205));
#13171=CARTESIAN_POINT('Ctrl Pts',(12.0213108931972,396.608946589745,103.584877582607));
#13172=CARTESIAN_POINT('Ctrl Pts',(11.8438765104853,396.624970116405,103.762311965319));
#13173=CARTESIAN_POINT('Ctrl Pts',(11.7315131917635,396.633062653727,103.839258569007));
#13174=CARTESIAN_POINT('Ctrl Pts',(11.4851618648146,396.644324805231,103.941358275087));
#13175=CARTESIAN_POINT('Ctrl Pts',(11.3511655757444,396.647367612893,103.966505344859));
#13176=CARTESIAN_POINT('Ctrl Pts',(11.0998229540865,396.647367612893,103.966505344859));
#13177=CARTESIAN_POINT('Ctrl Pts',(10.9658758781279,396.644327232878,103.941377866877));
#13178=CARTESIAN_POINT('Ctrl Pts',(10.8023717207609,396.636855267774,103.873642201757));
#13179=CARTESIAN_POINT('Ctrl Pts',(10.7630979326784,396.634755225116,103.85425549479));
#13180=CARTESIAN_POINT('Ctrl Pts',(10.7254695685716,396.632474966252,103.832530748643));
#13181=CARTESIAN_POINT('',(12.2254695685719,389.572378240025,102.966505344859));
#13182=CARTESIAN_POINT('Origin',(12.2254695685728,389.572378240025,82.7592459232218));
#13183=CARTESIAN_POINT('Origin',(12.225469568571,407.572378195327,102.684263646233));
#13184=CARTESIAN_POINT('',(12.2254695685727,389.572378240025,84.4912967307907));
#13185=CARTESIAN_POINT('Origin',(-25.274321865873,389.572378240024,85.6842549608045));
#13186=CARTESIAN_POINT('',(13.2254695685712,389.572378240025,118.284263646239));
#13187=CARTESIAN_POINT('',(-84.2745304314289,389.572378240022,118.284263646235));
#13188=CARTESIAN_POINT('',(-30.8742166983025,389.572378240024,118.284263646237));
#13189=CARTESIAN_POINT('',(-85.8745304314288,389.572378240022,116.684263646234));
#13190=CARTESIAN_POINT('Origin',(-84.2745304314288,389.572378240022,116.684263646235));
#13191=CARTESIAN_POINT('',(-85.8745304314285,389.572378240022,110.760733978914));
#13192=CARTESIAN_POINT('',(-85.8745304314278,389.572378240022,98.6842593035173));
#13193=CARTESIAN_POINT('',(-87.5745304314284,389.572378240022,107.816247606047));
#13194=CARTESIAN_POINT('Origin',(-89.2745304314285,389.572378240022,110.760733978914));
#13195=CARTESIAN_POINT('',(-95.5745304314279,389.572378240022,103.19744545253));
#13196=CARTESIAN_POINT('',(-69.0036691861341,389.572378240023,118.538139345102));
#13197=CARTESIAN_POINT('',(-98.3745304314279,389.572378240022,98.3477031913366));
#13198=CARTESIAN_POINT('Origin',(-92.7745304314276,389.572378240022,98.3477031913368));
#13199=CARTESIAN_POINT('',(-98.3745304314272,389.572378240022,89.1100988843026));
#13200=CARTESIAN_POINT('',(-98.3745304314278,389.572378240022,94.6140552874224));
#13201=CARTESIAN_POINT('',(-95.5745304314269,389.572378240022,84.2603566231099));
#13202=CARTESIAN_POINT('Origin',(-92.7745304314271,389.572378240022,89.1100988843029));
#13203=CARTESIAN_POINT('',(-87.574530431427,389.572378240022,79.6415544695934));
#13204=CARTESIAN_POINT('',(-69.5202352525554,389.572378240023,69.2179022880441));
#13205=CARTESIAN_POINT('',(-85.8745304314269,389.572378240022,76.6970680967263));
#13206=CARTESIAN_POINT('Origin',(-89.274530431427,389.572378240022,76.6970680967262));
#13207=CARTESIAN_POINT('',(-85.8745304314261,389.572378240022,58.6841497920474));
#13208=CARTESIAN_POINT('',(-85.8745304314271,389.572378240022,81.1906615287641));
#13209=CARTESIAN_POINT('',(-84.2745304314261,389.572378240022,57.0841497920475));
#13210=CARTESIAN_POINT('Origin',(-84.2745304314261,389.572378240022,58.6841497920475));
#13211=CARTESIAN_POINT('',(13.2254695685739,389.572378240025,57.0841497920518));
#13212=CARTESIAN_POINT('',(-5.02442614864899,389.572378240024,57.084149792051));
#13213=CARTESIAN_POINT('',(14.8254695685738,389.572378240025,58.6841497920519));
#13214=CARTESIAN_POINT('Origin',(13.2254695685738,389.572378240025,58.6841497920518));
#13215=CARTESIAN_POINT('',(14.8254695685713,389.572378240025,116.684263646239));
#13216=CARTESIAN_POINT('',(14.8254695685719,389.572378240025,102.184259303523));
#13217=CARTESIAN_POINT('Origin',(13.2254695685713,389.572378240025,116.684263646239));
#13218=CARTESIAN_POINT('',(-6.27453043142873,389.572378240024,114.08426364623));
#13219=CARTESIAN_POINT('',(10.2254695685713,389.572378240025,114.084263646235));
#13220=CARTESIAN_POINT('',(-62.0244261486555,389.572378240023,114.084263646211));
#13221=CARTESIAN_POINT('',(12.6254695685715,389.572378240025,111.684263646238));
#13222=CARTESIAN_POINT('Origin',(10.2254695685715,389.572378240025,111.684263646238));
#13223=CARTESIAN_POINT('',(12.6254695685716,389.572378240025,109.894708575134));
#13224=CARTESIAN_POINT('',(12.6254695685722,389.572378240025,96.9234563641858));
#13225=CARTESIAN_POINT('',(10.9254695685717,389.572378240025,106.950222202267));
#13226=CARTESIAN_POINT('Origin',(9.22546956857159,389.572378240025,109.894708575134));
#13227=CARTESIAN_POINT('',(4.42546956857184,389.572378240025,103.197445452534));
#13228=CARTESIAN_POINT('',(-10.5036691861331,389.572378240024,94.5781031737352));
#13229=CARTESIAN_POINT('',(1.02546956857184,389.572378240024,103.197445452534));
#13230=CARTESIAN_POINT('Origin',(2.72546956857171,389.572378240025,106.141931825401));
#13231=CARTESIAN_POINT('',(-6.97453043142838,389.572378240024,107.816247606051));
#13232=CARTESIAN_POINT('',(-9.04523525255728,389.572378240024,109.011769591942));
#13233=CARTESIAN_POINT('',(-8.67453043142847,389.572378240024,110.760733978918));
#13234=CARTESIAN_POINT('Origin',(-5.27453043142843,389.572378240024,110.760733978918));
#13235=CARTESIAN_POINT('',(-8.67453043142858,389.572378240024,111.684263646237));
#13236=CARTESIAN_POINT('',(-8.67453043142797,389.572378240024,99.6842593035185));
#13237=CARTESIAN_POINT('Origin',(-6.27453043142852,389.572378240024,111.684263646237));
#13238=CARTESIAN_POINT('',(-39.1745304314298,389.572378240024,100.984206719142));
#13239=CARTESIAN_POINT('',(-27.3745304314298,389.572378240024,100.984206719143));
#13240=CARTESIAN_POINT('',(-32.0244261486522,389.572378240024,100.984206719142));
#13241=CARTESIAN_POINT('',(-27.3745304314297,389.572378240024,99.7842067191426));
#13242=CARTESIAN_POINT('',(-27.3745304314292,389.572378240024,93.1342308399735));
#13243=CARTESIAN_POINT('',(-24.1745304314276,389.572378240024,99.7842067191412));
#13244=CARTESIAN_POINT('',(-24.4744261486509,389.572378240024,99.7842067191429));
#13245=CARTESIAN_POINT('',(-23.2745304314275,389.572378240024,98.8842067191412));
#13246=CARTESIAN_POINT('Origin',(-24.1745304314275,389.572378240024,98.8842067191412));
#13247=CARTESIAN_POINT('',(-23.2745304314252,389.572378240024,72.4842067191412));
#13248=CARTESIAN_POINT('',(-23.2745304314257,389.572378240024,78.8342308399729));
#13249=CARTESIAN_POINT('',(-24.1745304314251,389.572378240024,71.5842067191412));
#13250=CARTESIAN_POINT('Origin',(-24.1745304314252,389.572378240024,72.4842067191412));
#13251=CARTESIAN_POINT('',(-27.3745304314285,389.572378240024,71.5842067191409));
#13252=CARTESIAN_POINT('',(-48.0744261486485,389.572378240023,71.5842067191391));
#13253=CARTESIAN_POINT('',(-27.3745304314284,389.572378240024,70.3842067191411));
#13254=CARTESIAN_POINT('',(-27.3745304314287,389.572378240024,78.8342308399727));
#13255=CARTESIAN_POINT('',(-39.1745304314284,389.572378240024,70.3842067191411));
#13256=CARTESIAN_POINT('',(-26.5244261486508,389.572378240024,70.3842067191411));
#13257=CARTESIAN_POINT('',(-39.1745304314285,389.572378240024,71.5842067191399));
#13258=CARTESIAN_POINT('',(-39.1745304314286,389.572378240024,78.2342308399726));
#13259=CARTESIAN_POINT('',(-55.3745304314257,389.572378240023,71.5842067191385));
#13260=CARTESIAN_POINT('',(-48.0744261486485,389.572378240023,71.5842067191391));
#13261=CARTESIAN_POINT('',(-55.3745304314258,389.572378240023,70.384206719141));
#13262=CARTESIAN_POINT('',(-55.3745304314255,389.572378240023,78.8342308399732));
#13263=CARTESIAN_POINT('',(-67.1745304314258,389.572378240023,70.384206719141));
#13264=CARTESIAN_POINT('',(-40.5244261486494,389.572378240023,70.3842067191411));
#13265=CARTESIAN_POINT('',(-67.1745304314257,389.572378240023,71.5842067191374));
#13266=CARTESIAN_POINT('',(-67.1745304314255,389.572378240023,78.2342308399734));
#13267=CARTESIAN_POINT('',(-70.3745304314251,389.572378240023,71.5842067191371));
#13268=CARTESIAN_POINT('',(-48.0744261486485,389.572378240023,71.5842067191391));
#13269=CARTESIAN_POINT('',(-71.2745304314252,389.572378240023,72.4842067191371));
#13270=CARTESIAN_POINT('Origin',(-70.3745304314252,389.572378240023,72.4842067191371));
#13271=CARTESIAN_POINT('',(-71.2745304314275,389.572378240023,98.8842067191371));
#13272=CARTESIAN_POINT('',(-71.2745304314269,389.572378240023,92.5342308399688));
#13273=CARTESIAN_POINT('',(-70.3745304314275,389.572378240023,99.7842067191389));
#13274=CARTESIAN_POINT('Origin',(-70.3745304314275,389.572378240023,98.8842067191371));
#13275=CARTESIAN_POINT('',(-67.174530431427,389.572378240023,99.7842067191392));
#13276=CARTESIAN_POINT('',(-24.4744261486509,389.572378240024,99.7842067191429));
#13277=CARTESIAN_POINT('',(-67.1745304314271,389.572378240023,100.984206719139));
#13278=CARTESIAN_POINT('',(-67.1745304314264,389.572378240023,92.53423083997));
#13279=CARTESIAN_POINT('',(-55.3745304314271,389.572378240023,100.98420671914));
#13280=CARTESIAN_POINT('',(-46.0244261486508,389.572378240023,100.984206719141));
#13281=CARTESIAN_POINT('',(-55.3745304314269,389.572378240023,99.7842067191402));
#13282=CARTESIAN_POINT('',(-55.3745304314264,389.572378240023,93.1342308399711));
#13283=CARTESIAN_POINT('',(-39.1745304314297,389.572378240024,99.7842067191416));
#13284=CARTESIAN_POINT('',(-24.4744261486509,389.572378240024,99.7842067191429));
#13285=CARTESIAN_POINT('',(-39.1745304314291,389.572378240024,92.5342308399725));
#13286=CARTESIAN_POINT('',(1.02546956857276,389.572378240025,84.2603566231144));
#13287=CARTESIAN_POINT('',(4.42546956857273,389.572378240025,84.2603566231145));
#13288=CARTESIAN_POINT('Origin',(2.72546956857285,389.572378240025,81.3158702502473));
#13289=CARTESIAN_POINT('',(10.9254695685729,389.572378240025,80.5075798733822));
#13290=CARTESIAN_POINT('',(-3.77023525255643,389.572378240024,88.9921490077916));
#13291=CARTESIAN_POINT('',(12.625469568573,389.572378240025,77.5630935005152));
#13292=CARTESIAN_POINT('Origin',(9.22546956857298,389.572378240025,77.5630935005151));
#13293=CARTESIAN_POINT('',(12.6254695685735,389.572378240025,66.5934383859123));
#13294=CARTESIAN_POINT('',(12.625469568573,389.572378240025,76.1388466733592));
#13295=CARTESIAN_POINT('',(10.9254695685736,389.572378240025,63.6489520130451));
#13296=CARTESIAN_POINT('Origin',(9.22546956857348,389.572378240025,66.5934383859122));
#13297=CARTESIAN_POINT('',(4.42546956857379,389.572378240025,59.8961752633123));
#13298=CARTESIAN_POINT('',(0.867157050740186,389.572378240025,57.8417825732801));
#13299=CARTESIAN_POINT('',(1.02546956857379,389.572378240025,59.8961752633122));
#13300=CARTESIAN_POINT('Origin',(2.72546956857363,389.572378240025,62.8406616361793));
#13301=CARTESIAN_POINT('',(-6.97453043142639,389.572378240024,64.5149774168288));
#13302=CARTESIAN_POINT('',(-18.4202352525556,389.572378240024,71.1231581763722));
#13303=CARTESIAN_POINT('',(-8.67453043142655,389.572378240024,67.4594637896958));
#13304=CARTESIAN_POINT('Origin',(-5.27453043142655,389.572378240024,67.459463789696));
#13305=CARTESIAN_POINT('',(-8.67453043142698,389.572378240024,76.6970680967299));
#13306=CARTESIAN_POINT('',(-8.67453043142712,389.572378240024,81.1906615287675));
#13307=CARTESIAN_POINT('',(-6.97453043142707,389.572378240024,79.641554469597));
#13308=CARTESIAN_POINT('Origin',(-5.27453043142705,389.572378240024,76.69706809673));
#13309=CARTESIAN_POINT('',(-8.52866918613239,389.572378240024,78.7442720412098));
#13310=CARTESIAN_POINT('Origin',(-62.0244261486555,389.772378240023,113.884263646227));
#13311=CARTESIAN_POINT('',(-6.27453043142863,389.972378240024,113.684263646237));
#13312=CARTESIAN_POINT('',(-6.27453043142863,389.972378240024,113.684263646237));
#13313=CARTESIAN_POINT('',(10.2254695685714,389.972378240025,113.684263646238));
#13314=CARTESIAN_POINT('',(-62.0244261486554,389.972378240023,113.684263646242));
#13315=CARTESIAN_POINT('',(10.2254695685713,389.572378240025,114.084263646235));
#13316=CARTESIAN_POINT('Origin',(-6.27453043142852,389.772378240031,111.684263646237));
#13317=CARTESIAN_POINT('',(-8.27453043142851,389.972378240038,111.684263646237));
#13318=CARTESIAN_POINT('',(-8.27453043142851,389.972378240038,111.684263646237));
#13319=CARTESIAN_POINT('Origin',(-6.27453043142852,389.972378240038,111.684263646237));
#13320=CARTESIAN_POINT('Origin',(-8.47453043142798,389.772378240024,99.6842593035185));
#13321=CARTESIAN_POINT('',(-8.27453043142848,389.972378240024,110.760733978918));
#13322=CARTESIAN_POINT('',(-8.27453043142848,389.972378240024,110.760733978918));
#13323=CARTESIAN_POINT('',(-8.27453043142798,389.972378240024,99.6842593035185));
#13324=CARTESIAN_POINT('Origin',(-5.27453043142843,389.772378240024,110.760733978918));
#13325=CARTESIAN_POINT('',(-6.77453043142838,389.972378240024,108.162657767565));
#13326=CARTESIAN_POINT('',(-6.77453043142838,389.972378240024,108.162657767565));
#13327=CARTESIAN_POINT('Origin',(-5.27453043142843,389.972378240024,110.760733978918));
#13328=CARTESIAN_POINT('Origin',(-8.9452352525573,389.772378240024,109.184974672699));
#13329=CARTESIAN_POINT('',(1.22546956857184,389.972378240025,103.543855614048));
#13330=CARTESIAN_POINT('',(1.22546956857184,389.972378240025,103.543855614048));
#13331=CARTESIAN_POINT('',(-8.84523525255728,389.972378240024,109.358179753455));
#13332=CARTESIAN_POINT('Origin',(2.72546956857171,389.772378240025,106.141931825401));
#13333=CARTESIAN_POINT('',(4.22546956857184,389.972378240025,103.543855614048));
#13334=CARTESIAN_POINT('',(4.22546956857184,389.972378240025,103.543855614048));
#13335=CARTESIAN_POINT('Origin',(2.72546956857171,389.972378240025,106.141931825401));
#13336=CARTESIAN_POINT('Origin',(-10.6036691861331,389.772378240024,94.751308254492));
#13337=CARTESIAN_POINT('',(10.7254695685717,389.972378240025,107.296632363781));
#13338=CARTESIAN_POINT('',(10.7254695685717,389.972378240025,107.296632363781));
#13339=CARTESIAN_POINT('',(-10.7036691861331,389.972378240024,94.9245133352489));
#13340=CARTESIAN_POINT('Origin',(9.22546956857159,389.772378240025,109.894708575134));
#13341=CARTESIAN_POINT('',(12.2254695685716,389.972378240025,109.894708575134));
#13342=CARTESIAN_POINT('',(12.2254695685716,389.972378240025,109.894708575134));
#13343=CARTESIAN_POINT('Origin',(9.22546956857159,389.972378240025,109.894708575134));
#13344=CARTESIAN_POINT('Origin',(12.4254695685721,389.772378240025,96.9234563641858));
#13345=CARTESIAN_POINT('',(12.2254695685715,389.972378240025,111.684263646238));
#13346=CARTESIAN_POINT('',(12.2254695685715,389.972378240025,111.684263646238));
#13347=CARTESIAN_POINT('',(12.2254695685721,389.972378240025,96.9234563641858));
#13348=CARTESIAN_POINT('Origin',(10.2254695685715,389.772378240032,111.684263646238));
#13349=CARTESIAN_POINT('Origin',(10.2254695685715,389.972378240038,111.684263646238));
#13350=CARTESIAN_POINT('Origin',(-6.77453043142838,389.572378240024,108.162657767565));
#13351=CARTESIAN_POINT('',(1.22546956857169,396.606015915661,103.543855614048));
#13352=CARTESIAN_POINT('',(1.22546956857184,389.572378240025,103.543855614048));
#13353=CARTESIAN_POINT('',(-6.77453043142856,398.033657219674,108.162657767565));
#13354=CARTESIAN_POINT('Origin',(2.71432653060545,407.572378195327,102.684263646233));
#13355=CARTESIAN_POINT('',(-6.77453043142838,389.572378240024,108.162657767565));
#13356=CARTESIAN_POINT('Origin',(-5.27453043142843,389.572378240024,110.760733978918));
#13357=CARTESIAN_POINT('',(-8.27453043142873,400.104404777775,110.760733978918));
#13358=CARTESIAN_POINT('Ctrl Pts',(-6.77453043142883,398.033657219674,108.162657767565));
#13359=CARTESIAN_POINT('Ctrl Pts',(-6.92903714718459,398.084890228418,108.251862261498));
#13360=CARTESIAN_POINT('Ctrl Pts',(-7.07107146413232,398.144444461668,108.352539307378));
#13361=CARTESIAN_POINT('Ctrl Pts',(-7.51373892835846,398.37232064738,108.72209220739));
#13362=CARTESIAN_POINT('Ctrl Pts',(-7.77339832464728,398.594859809652,109.055761208345));
#13363=CARTESIAN_POINT('Ctrl Pts',(-8.12556122108896,399.12984595928,109.749351823687));
#13364=CARTESIAN_POINT('Ctrl Pts',(-8.21965322299037,399.443074073262,110.107862541915));
#13365=CARTESIAN_POINT('Ctrl Pts',(-8.26857096186823,399.869174315434,110.538399232916));
#13366=CARTESIAN_POINT('Ctrl Pts',(-8.2745304314287,399.985998897166,110.65124902665));
#13367=CARTESIAN_POINT('Ctrl Pts',(-8.2745304314287,400.104404777775,110.760733978918));
#13368=CARTESIAN_POINT('',(-8.27453043142848,389.572378240024,110.760733978918));
#13369=CARTESIAN_POINT('Origin',(-8.27453043142862,389.572378240024,113.684263646232));
#13370=CARTESIAN_POINT('',(-8.27453043142926,401.247822874992,111.684263646234));
#13371=CARTESIAN_POINT('Origin',(-8.27453043142901,407.572378195326,102.684263646232));
#13372=CARTESIAN_POINT('',(-8.27453043142876,401.072378336884,111.684263646234));
#13373=CARTESIAN_POINT('Origin',(-6.27453043142877,401.072378336884,111.684263646234));
#13374=CARTESIAN_POINT('',(-6.27453043142902,407.572378195329,113.684263646232));
#13375=CARTESIAN_POINT('Ctrl Pts',(-6.27453043142902,407.572378195329,113.684263646232));
#13376=CARTESIAN_POINT('Ctrl Pts',(-6.51294016815322,407.013257802116,113.684263646232));
#13377=CARTESIAN_POINT('Ctrl Pts',(-6.77453174854363,406.400846506746,113.639075321715));
#13378=CARTESIAN_POINT('Ctrl Pts',(-7.26981752258926,405.183597199906,113.439453665641));
#13379=CARTESIAN_POINT('Ctrl Pts',(-7.50245425068403,404.578370744009,113.284766951724));
#13380=CARTESIAN_POINT('Ctrl Pts',(-7.843044601647,403.576900387994,112.944176600761));
#13381=CARTESIAN_POINT('Ctrl Pts',(-7.99284122852519,403.084759984605,112.741588941191));
#13382=CARTESIAN_POINT('Ctrl Pts',(-8.20922600176893,402.12624452831,112.256522494386));
#13383=CARTESIAN_POINT('Ctrl Pts',(-8.2745304314288,401.659739370366,111.973729053162));
#13384=CARTESIAN_POINT('Ctrl Pts',(-8.27453043142877,401.247822874991,111.684263646234));
#13385=CARTESIAN_POINT('',(-6.27453043142888,401.072378336885,113.684263646234));
#13386=CARTESIAN_POINT('Origin',(-98.7745304314286,389.572378240027,113.68426364623));
#13387=CARTESIAN_POINT('',(-13.274530431429,407.572378195329,113.684263646232));
#13388=CARTESIAN_POINT('',(70.2254695685707,407.572378195333,113.684263646236));
#13389=CARTESIAN_POINT('',(-13.2745304314277,393.572378240023,113.684263646238));
#13390=CARTESIAN_POINT('',(-13.2745304314289,401.072378336885,113.684263646234));
#13391=CARTESIAN_POINT('',(-31.2745304314277,393.572378240023,113.684263646238));
#13392=CARTESIAN_POINT('',(-60.5245304314288,393.572378240022,113.684263646241));
#13393=CARTESIAN_POINT('',(-31.2745304314291,407.572378195328,113.684263646231));
#13394=CARTESIAN_POINT('',(-31.274530431429,401.072378336884,113.684263646233));
#13395=CARTESIAN_POINT('',(-38.2745304314284,407.572378195325,113.684263646235));
#13396=CARTESIAN_POINT('',(70.2254695685707,407.572378195333,113.684263646236));
#13397=CARTESIAN_POINT('',(-38.2745304314269,393.572378240023,113.684263646237));
#13398=CARTESIAN_POINT('',(-38.2745304314279,389.572378240024,113.684263646235));
#13399=CARTESIAN_POINT('',(-56.2745304314276,393.572378240022,113.684263646236));
#13400=CARTESIAN_POINT('',(-73.0245304314287,393.572378240022,113.684263646237));
#13401=CARTESIAN_POINT('',(-56.2745304314296,407.572378195327,113.68426364623));
#13402=CARTESIAN_POINT('',(-56.2745304314287,389.572378240029,113.684263646235));
#13403=CARTESIAN_POINT('',(-63.2745304314295,407.572378195326,113.68426364623));
#13404=CARTESIAN_POINT('',(15.2254695685708,407.57237819533,113.684263646233));
#13405=CARTESIAN_POINT('',(-63.2745304314276,393.572378240022,113.684263646236));
#13406=CARTESIAN_POINT('',(-63.2745304314286,389.572378240029,113.684263646234));
#13407=CARTESIAN_POINT('',(-81.2745304314275,393.572378240022,113.684263646235));
#13408=CARTESIAN_POINT('',(-85.5245304314288,393.572378240021,113.684263646233));
#13409=CARTESIAN_POINT('',(-81.2745304314296,407.572378195326,113.684263646229));
#13410=CARTESIAN_POINT('',(-81.2745304314287,389.572378240028,113.684263646234));
#13411=CARTESIAN_POINT('',(-85.2745304314292,407.572378195325,113.684263646229));
#13412=CARTESIAN_POINT('',(15.2254695685708,407.57237819533,113.684263646233));
#13413=CARTESIAN_POINT('',(-85.2745304314293,409.572378240022,113.684263646228));
#13414=CARTESIAN_POINT('',(-85.2745304314283,389.572378240028,113.684263646234));
#13415=CARTESIAN_POINT('',(14.225469568571,409.572378240025,113.684263646233));
#13416=CARTESIAN_POINT('',(22.475573851348,409.572378240025,113.684263646233));
#13417=CARTESIAN_POINT('',(14.225469568571,407.57237819533,113.684263646233));
#13418=CARTESIAN_POINT('',(14.2254695685709,411.072378336885,113.684263646232));
#13419=CARTESIAN_POINT('',(10.225469568571,407.57237819533,113.684263646233));
#13420=CARTESIAN_POINT('',(70.2254695685707,407.572378195333,113.684263646236));
#13421=CARTESIAN_POINT('',(10.2254695685711,401.072378336886,113.684263646235));
#13422=CARTESIAN_POINT('',(-69.274530431429,399.572378240022,113.684263646235));
#13423=CARTESIAN_POINT('Origin',(-72.274530431429,399.572378240022,113.684263646231));
#13424=CARTESIAN_POINT('',(5.72546956857108,399.572378240025,113.684263646238));
#13425=CARTESIAN_POINT('Origin',(2.72546956857108,399.572378240025,113.684263646234));
#13426=CARTESIAN_POINT('Origin',(2.72546956857285,389.772378240025,81.3158702502473));
#13427=CARTESIAN_POINT('',(1.22546956857272,389.972378240025,83.9139464616006));
#13428=CARTESIAN_POINT('',(1.22546956857272,389.972378240025,83.9139464616006));
#13429=CARTESIAN_POINT('',(4.22546956857273,389.972378240025,83.9139464616007));
#13430=CARTESIAN_POINT('Origin',(2.72546956857285,389.972378240025,81.3158702502473));
#13431=CARTESIAN_POINT('',(4.42546956857273,389.572378240025,84.2603566231145));
#13432=CARTESIAN_POINT('Origin',(-8.42866918613238,389.772378240024,78.5710669604529));
#13433=CARTESIAN_POINT('',(-6.77453043142707,389.972378240024,79.2951443080832));
#13434=CARTESIAN_POINT('',(-6.77453043142707,389.972378240024,79.2951443080832));
#13435=CARTESIAN_POINT('',(-8.3286691861324,389.972378240024,78.397861879696));
#13436=CARTESIAN_POINT('Origin',(-5.27453043142708,389.772378240024,76.69706809673));
#13437=CARTESIAN_POINT('',(-8.27453043142699,389.972378240024,76.6970680967299));
#13438=CARTESIAN_POINT('',(-8.27453043142699,389.972378240024,76.6970680967299));
#13439=CARTESIAN_POINT('Origin',(-5.27453043142708,389.972378240024,76.69706809673));
#13440=CARTESIAN_POINT('Origin',(-8.47453043142712,389.772378240024,81.1906615287675));
#13441=CARTESIAN_POINT('',(-8.27453043142656,389.972378240024,67.4594637896958));
#13442=CARTESIAN_POINT('',(-8.27453043142656,389.972378240024,67.4594637896958));
#13443=CARTESIAN_POINT('',(-8.27453043142713,389.972378240024,81.1906615287675));
#13444=CARTESIAN_POINT('Origin',(-5.27453043142659,389.772378240024,67.459463789696));
#13445=CARTESIAN_POINT('',(-6.77453043142647,389.972378240024,64.8613875783426));
#13446=CARTESIAN_POINT('',(-6.77453043142647,389.972378240024,64.8613875783426));
#13447=CARTESIAN_POINT('Origin',(-5.27453043142659,389.972378240024,67.459463789696));
#13448=CARTESIAN_POINT('Origin',(-18.3202352525556,389.772378240024,71.296363257129));
#13449=CARTESIAN_POINT('',(1.22546956857372,389.972378240025,60.242585424826));
#13450=CARTESIAN_POINT('',(1.22546956857372,389.972378240025,60.242585424826));
#13451=CARTESIAN_POINT('',(-18.2202352525556,389.972378240024,71.4695683378859));
#13452=CARTESIAN_POINT('Origin',(2.7254695685736,389.772378240025,62.8406616361793));
#13453=CARTESIAN_POINT('',(4.22546956857376,389.972378240025,60.2425854248261));
#13454=CARTESIAN_POINT('',(4.22546956857376,389.972378240025,60.2425854248261));
#13455=CARTESIAN_POINT('Origin',(2.7254695685736,389.972378240025,62.8406616361793));
#13456=CARTESIAN_POINT('Origin',(0.767157050740206,389.772378240025,58.014987654037));
#13457=CARTESIAN_POINT('',(10.7254695685736,389.972378240025,63.9953621745589));
#13458=CARTESIAN_POINT('',(10.7254695685736,389.972378240025,63.9953621745589));
#13459=CARTESIAN_POINT('',(0.66715705074019,389.972378240025,58.1881927347938));
#13460=CARTESIAN_POINT('Origin',(9.22546956857348,389.772378240025,66.5934383859122));
#13461=CARTESIAN_POINT('',(12.2254695685734,389.972378240025,66.5934383859123));
#13462=CARTESIAN_POINT('',(12.2254695685734,389.972378240025,66.5934383859123));
#13463=CARTESIAN_POINT('Origin',(9.22546956857348,389.972378240025,66.5934383859122));
#13464=CARTESIAN_POINT('Origin',(12.4254695685731,389.772378240025,76.1388466733592));
#13465=CARTESIAN_POINT('',(12.225469568573,389.972378240025,77.5630935005152));
#13466=CARTESIAN_POINT('',(12.225469568573,389.972378240025,77.5630935005152));
#13467=CARTESIAN_POINT('',(12.225469568573,389.972378240025,76.1388466733592));
#13468=CARTESIAN_POINT('Origin',(9.22546956857298,389.772378240025,77.5630935005151));
#13469=CARTESIAN_POINT('',(10.7254695685729,389.972378240025,80.1611697118685));
#13470=CARTESIAN_POINT('',(10.7254695685729,389.972378240025,80.1611697118685));
#13471=CARTESIAN_POINT('Origin',(9.22546956857298,389.972378240025,77.5630935005151));
#13472=CARTESIAN_POINT('Origin',(-3.87023525255644,389.772378240024,88.8189439270347));
#13473=CARTESIAN_POINT('',(-3.97023525255642,389.972378240024,88.6457388462778));
#13474=CARTESIAN_POINT('Origin',(-6.77453043142643,389.572378240024,64.8613875783426));
#13475=CARTESIAN_POINT('',(1.22546956857375,389.572378240025,60.242585424826));
#13476=CARTESIAN_POINT('',(-6.77453043142643,389.572378240024,64.8613875783426));
#13477=CARTESIAN_POINT('Origin',(-5.27453043142655,389.572378240024,67.459463789696));
#13478=CARTESIAN_POINT('',(-8.27453043142652,389.572378240024,67.4594637896958));
#13479=CARTESIAN_POINT('Origin',(-8.27453043142695,389.572378240024,76.6970680967299));
#13480=CARTESIAN_POINT('',(-8.27453043142695,389.572378240024,76.6970680967299));
#13481=CARTESIAN_POINT('Origin',(-5.27453043142705,389.572378240024,76.69706809673));
#13482=CARTESIAN_POINT('',(-6.77453043142707,389.572378240024,79.2951443080832));
#13483=CARTESIAN_POINT('Origin',(1.22546956857272,389.572378240025,83.9139464616006));
#13484=CARTESIAN_POINT('',(1.22546956857272,389.572378240025,83.9139464616006));
#13485=CARTESIAN_POINT('Origin',(2.72546956857285,389.572378240025,81.3158702502473));
#13486=CARTESIAN_POINT('',(4.22546956857273,389.572378240025,83.9139464616007));
#13487=CARTESIAN_POINT('Origin',(-30.8742166983026,389.772378240024,118.484263646237));
#13488=CARTESIAN_POINT('',(13.2254695685712,389.972378240025,118.684263646239));
#13489=CARTESIAN_POINT('',(13.2254695685712,389.972378240025,118.684263646239));
#13490=CARTESIAN_POINT('',(-84.2745304314289,389.972378240022,118.684263646235));
#13491=CARTESIAN_POINT('',(-30.8742166983026,389.972378240024,118.684263646237));
#13492=CARTESIAN_POINT('',(-84.2745304314289,389.572378240022,118.284263646235));
#13493=CARTESIAN_POINT('Origin',(13.2254695685713,389.772378240025,116.684263646239));
#13494=CARTESIAN_POINT('',(15.2254695685713,389.972378240025,116.684263646239));
#13495=CARTESIAN_POINT('',(15.2254695685713,389.972378240025,116.684263646239));
#13496=CARTESIAN_POINT('Origin',(13.2254695685713,389.972378240025,116.684263646239));
#13497=CARTESIAN_POINT('Origin',(15.0254695685719,389.772378240025,102.184259303523));
#13498=CARTESIAN_POINT('',(15.2254695685738,389.972378240025,58.6841497920519));
#13499=CARTESIAN_POINT('',(15.2254695685738,389.972378240025,58.6841497920519));
#13500=CARTESIAN_POINT('',(15.2254695685719,389.972378240025,102.184259303523));
#13501=CARTESIAN_POINT('Origin',(13.2254695685738,389.772378240025,58.6841497920518));
#13502=CARTESIAN_POINT('',(13.2254695685739,389.972378240025,56.6841497920518));
#13503=CARTESIAN_POINT('',(13.2254695685739,389.972378240025,56.6841497920518));
#13504=CARTESIAN_POINT('Origin',(13.2254695685738,389.972378240025,58.6841497920518));
#13505=CARTESIAN_POINT('Origin',(-5.02442614864899,389.772378240024,56.884149792051));
#13506=CARTESIAN_POINT('',(-84.274530431426,389.972378240022,56.6841497920475));
#13507=CARTESIAN_POINT('',(-84.274530431426,389.972378240022,56.6841497920475));
#13508=CARTESIAN_POINT('',(-5.02442614864895,389.972378240024,56.684149792051));
#13509=CARTESIAN_POINT('Origin',(-84.2745304314261,389.772378240021,58.6841497920475));
#13510=CARTESIAN_POINT('',(-86.2745304314261,389.972378240019,58.6841497920474));
#13511=CARTESIAN_POINT('',(-86.2745304314261,389.972378240019,58.6841497920474));
#13512=CARTESIAN_POINT('Origin',(-84.2745304314261,389.97237824002,58.6841497920475));
#13513=CARTESIAN_POINT('Origin',(-86.0745304314271,389.772378240022,81.1906615287641));
#13514=CARTESIAN_POINT('',(-86.274530431427,389.972378240022,76.6970680967263));
#13515=CARTESIAN_POINT('',(-86.274530431427,389.972378240022,76.6970680967263));
#13516=CARTESIAN_POINT('',(-86.2745304314272,389.972378240022,81.1906615287641));
#13517=CARTESIAN_POINT('Origin',(-89.274530431427,389.772378240019,76.6970680967262));
#13518=CARTESIAN_POINT('',(-87.7745304314271,389.972378240015,79.2951443080796));
#13519=CARTESIAN_POINT('',(-87.7745304314271,389.972378240015,79.2951443080796));
#13520=CARTESIAN_POINT('Origin',(-89.274530431427,389.972378240015,76.6970680967262));
#13521=CARTESIAN_POINT('Origin',(-69.6202352525555,389.772378240021,69.0446972072871));
#13522=CARTESIAN_POINT('',(-95.7745304314269,389.972378240019,83.9139464615961));
#13523=CARTESIAN_POINT('',(-95.7745304314269,389.972378240019,83.9139464615961));
#13524=CARTESIAN_POINT('',(-69.7202352525555,389.97237824002,68.8714921265302));
#13525=CARTESIAN_POINT('Origin',(-92.7745304314271,389.772378240022,89.1100988843029));
#13526=CARTESIAN_POINT('',(-98.7745304314275,389.972378240022,89.1100988843026));
#13527=CARTESIAN_POINT('',(-98.7745304314275,389.972378240022,89.1100988843026));
#13528=CARTESIAN_POINT('Origin',(-92.7745304314271,389.972378240022,89.1100988843029));
#13529=CARTESIAN_POINT('Origin',(-98.5745304314278,389.772378240022,94.6140552874224));
#13530=CARTESIAN_POINT('',(-98.7745304314279,389.972378240022,98.3477031913366));
#13531=CARTESIAN_POINT('',(-98.7745304314279,389.972378240022,98.3477031913366));
#13532=CARTESIAN_POINT('',(-98.7745304314278,389.972378240022,94.6140552874223));
#13533=CARTESIAN_POINT('Origin',(-92.7745304314276,389.772378240022,98.3477031913368));
#13534=CARTESIAN_POINT('',(-95.7745304314279,389.972378240022,103.543855614043));
#13535=CARTESIAN_POINT('',(-95.7745304314279,389.972378240022,103.543855614043));
#13536=CARTESIAN_POINT('Origin',(-92.7745304314276,389.972378240022,98.3477031913368));
#13537=CARTESIAN_POINT('Origin',(-69.1036691861341,389.772378240024,118.711344425859));
#13538=CARTESIAN_POINT('',(-87.7745304314284,389.972378240026,108.162657767561));
#13539=CARTESIAN_POINT('',(-87.7745304314284,389.972378240026,108.162657767561));
#13540=CARTESIAN_POINT('',(-69.2036691861341,389.972378240026,118.884549506616));
#13541=CARTESIAN_POINT('Origin',(-89.2745304314285,389.772378240027,110.760733978914));
#13542=CARTESIAN_POINT('',(-86.2745304314285,389.972378240031,110.760733978914));
#13543=CARTESIAN_POINT('',(-86.2745304314285,389.972378240031,110.760733978914));
#13544=CARTESIAN_POINT('Origin',(-89.2745304314285,389.972378240031,110.760733978914));
#13545=CARTESIAN_POINT('Origin',(-86.0745304314278,389.772378240025,98.6842593035173));
#13546=CARTESIAN_POINT('',(-86.2745304314288,389.972378240028,116.684263646234));
#13547=CARTESIAN_POINT('',(-86.2745304314288,389.972378240028,116.684263646234));
#13548=CARTESIAN_POINT('',(-86.2745304314278,389.972378240028,98.6842593035173));
#13549=CARTESIAN_POINT('Origin',(-84.2745304314288,389.772378240021,116.684263646235));
#13550=CARTESIAN_POINT('Origin',(-84.2745304314288,389.972378240019,116.684263646235));
#13551=CARTESIAN_POINT('Origin',(-89.274530431427,389.572378240018,76.6970680967263));
#13552=CARTESIAN_POINT('',(-87.7745304314273,395.572378195322,79.2951443080782));
#13553=CARTESIAN_POINT('',(-87.7745304314271,389.572378240019,79.2951443080797));
#13554=CARTESIAN_POINT('',(-86.2745304314272,395.572378195316,76.6970680967249));
#13555=CARTESIAN_POINT('Origin',(-89.2745304314273,395.572378195316,76.6970680967247));
#13556=CARTESIAN_POINT('',(-86.2745304314269,389.572378240018,76.6970680967264));
#13557=CARTESIAN_POINT('Origin',(-86.2745304314269,389.572378240018,76.6970680967264));
#13558=CARTESIAN_POINT('',(-86.2745304314268,395.572378195322,68.6841497920476));
#13559=CARTESIAN_POINT('',(-86.2745304314278,395.572378195322,89.6906658714776));
#13560=CARTESIAN_POINT('',(-86.2745304314269,407.572378195325,56.6841497920476));
#13561=CARTESIAN_POINT('Origin',(-86.2745304314274,407.572378195322,68.6841497920476));
#13562=CARTESIAN_POINT('',(-86.2745304314265,409.572378240022,56.6841497920476));
#13563=CARTESIAN_POINT('',(-86.2745304314265,399.572378240019,56.6841497920476));
#13564=CARTESIAN_POINT('',(-86.2745304314264,409.572378240022,54.6841497920476));
#13565=CARTESIAN_POINT('',(-86.2745304314271,409.572378240022,69.1842023764247));
#13566=CARTESIAN_POINT('',(-86.2745304314262,401.428674253506,54.6841497920476));
#13567=CARTESIAN_POINT('',(-86.2745304314264,399.572378240019,54.6841497920476));
#13568=CARTESIAN_POINT('',(-86.2745304314264,395.716082226538,58.6841497920474));
#13569=CARTESIAN_POINT('',(-86.2745304314262,399.34882155181,56.1404783321414));
#13570=CARTESIAN_POINT('',(-86.2745304314263,394.072378240019,58.6841497920474));
#13571=CARTESIAN_POINT('Origin',(-84.2745304314263,394.072378240019,58.6841497920475));
#13572=CARTESIAN_POINT('',(-84.2745304314264,398.572378240022,56.6841497920475));
#13573=CARTESIAN_POINT('Origin',(-84.2745304314264,395.716082226538,58.6841497920475));
#13574=CARTESIAN_POINT('',(-84.2745304314262,394.072378240019,56.6841497920475));
#13575=CARTESIAN_POINT('Origin',(15.2254695685736,398.572378240025,56.6841497920519));
#13576=CARTESIAN_POINT('',(13.2254695685737,398.572378240025,56.6841497920518));
#13577=CARTESIAN_POINT('',(15.2254695685736,398.572378240025,56.6841497920519));
#13578=CARTESIAN_POINT('',(13.2254695685736,404.072378240025,56.6841497920518));
#13579=CARTESIAN_POINT('',(-37.1245304314263,394.072378240024,56.6841497920496));
#13580=CARTESIAN_POINT('Origin',(-34.7745304314263,394.072378240024,56.6841497920497));
#13581=CARTESIAN_POINT('Origin',(13.2254695685735,404.072378240025,58.6841497920518));
#13582=CARTESIAN_POINT('',(15.2254695685737,395.716082226541,58.6841497920519));
#13583=CARTESIAN_POINT('Origin',(13.2254695685737,395.716082226541,58.6841497920518));
#13584=CARTESIAN_POINT('',(15.2254695685735,404.072378240025,58.6841497920519));
#13585=CARTESIAN_POINT('Origin',(15.2254695685707,409.572378240025,118.684263646239));
#13586=CARTESIAN_POINT('',(15.2254695685737,401.428674253509,54.6841497920521));
#13587=CARTESIAN_POINT('',(15.2254695685737,390.553967278488,62.2987015917834));
#13588=CARTESIAN_POINT('',(15.2254695685735,409.572378240025,54.6841497920521));
#13589=CARTESIAN_POINT('',(15.2254695685735,409.572378240025,54.6841497920521));
#13590=CARTESIAN_POINT('',(15.2254695685734,409.572378240025,56.6841497920521));
#13591=CARTESIAN_POINT('',(15.2254695685734,409.572378240025,56.6841497920521));
#13592=CARTESIAN_POINT('',(15.2254695685735,407.572378195328,56.6841497920521));
#13593=CARTESIAN_POINT('',(15.2254695685734,409.572378240025,56.6841497920521));
#13594=CARTESIAN_POINT('',(15.2254695685732,395.572378195328,68.6841497920521));
#13595=CARTESIAN_POINT('Origin',(15.225469568573,407.572378195327,68.6841497920521));
#13596=CARTESIAN_POINT('',(15.2254695685718,395.572378195328,102.684263646233));
#13597=CARTESIAN_POINT('',(15.2254695685714,395.572378195328,110.684263646236));
#13598=CARTESIAN_POINT('',(15.225469568571,407.572378195331,114.684263646233));
#13599=CARTESIAN_POINT('Origin',(15.2254695685715,407.572378195328,102.684263646233));
#13600=CARTESIAN_POINT('',(15.2254695685709,409.572378240025,114.684263646233));
#13601=CARTESIAN_POINT('',(15.2254695685709,411.072378336885,114.684263646232));
#13602=CARTESIAN_POINT('',(15.2254695685708,409.572378240025,116.684263646239));
#13603=CARTESIAN_POINT('',(15.2254695685706,409.572378240025,120.684263646239));
#13604=CARTESIAN_POINT('',(15.2254695685708,409.572378240025,116.684263646239));
#13605=CARTESIAN_POINT('Origin',(13.2254695685708,409.572378240025,116.684263646239));
#13606=CARTESIAN_POINT('',(13.2254695685707,409.572378240025,118.684263646239));
#13607=CARTESIAN_POINT('Origin',(13.2254695685708,409.572378240025,116.684263646239));
#13608=CARTESIAN_POINT('',(13.2254695685707,409.572378240025,118.684263646239));
#13609=CARTESIAN_POINT('Origin',(-36.4741115307311,409.572378240024,118.684263646237));
#13610=CARTESIAN_POINT('',(-84.2745304314298,409.572378240022,118.684263646229));
#13611=CARTESIAN_POINT('',(-54.299216191955,409.572378240023,118.684263646231));
#13612=CARTESIAN_POINT('',(-84.2745304314293,399.572378240024,118.684263646235));
#13613=CARTESIAN_POINT('',(-70.6745304314292,399.572378240022,118.684263646235));
#13614=CARTESIAN_POINT('Origin',(-72.2745304314292,399.572378240022,118.684263646235));
#13615=CARTESIAN_POINT('',(4.32546956857086,399.572378240025,118.684263646238));
#13616=CARTESIAN_POINT('Origin',(2.72546956857086,399.572378240025,118.684263646238));
#13617=CARTESIAN_POINT('',(-69.2745304314294,402.572378240022,118.684263646235));
#13618=CARTESIAN_POINT('',(-69.274530431429,396.572378240022,118.684263646235));
#13619=CARTESIAN_POINT('',(-69.2745304314294,403.072378240022,118.684263646235));
#13620=CARTESIAN_POINT('',(-0.274530431429287,402.572378240025,118.684263646238));
#13621=CARTESIAN_POINT('',(-52.8743209810801,402.572378240022,118.684263646236));
#13622=CARTESIAN_POINT('',(-0.274530431428968,396.572378240025,118.684263646238));
#13623=CARTESIAN_POINT('',(-0.274530431429465,406.072378240025,118.684263646238));
#13624=CARTESIAN_POINT('',(-18.3743209810797,396.572378240024,118.684263646237));
#13625=CARTESIAN_POINT('Origin',(-24.4744261486509,389.772378240024,99.584206719142));
#13626=CARTESIAN_POINT('',(-66.774530431427,389.972378240023,99.3842067191374));
#13627=CARTESIAN_POINT('',(-70.3745304314275,389.972378240023,99.3842067191371));
#13628=CARTESIAN_POINT('',(-24.4744261486509,389.972378240024,99.3842067191411));
#13629=CARTESIAN_POINT('',(-67.174530431427,389.572378240023,99.7842067191392));
#13630=CARTESIAN_POINT('',(-70.3745304314275,389.972378240023,99.3842067191371));
#13631=CARTESIAN_POINT('Origin',(-40.5244261486494,389.772378240023,70.5842067191411));
#13632=CARTESIAN_POINT('',(-66.7745304314258,389.972378240023,70.784206719141));
#13633=CARTESIAN_POINT('',(-55.7745304314258,389.972378240023,70.784206719141));
#13634=CARTESIAN_POINT('',(-40.5244261486494,389.972378240023,70.7842067191411));
#13635=CARTESIAN_POINT('',(-67.1745304314258,389.572378240023,70.384206719141));
#13636=CARTESIAN_POINT('',(-55.7745304314258,389.972378240023,70.784206719141));
#13637=CARTESIAN_POINT('Origin',(-55.5745304314255,389.772378240023,78.8342308399732));
#13638=CARTESIAN_POINT('',(-55.7745304314258,389.972378240023,71.9842067191384));
#13639=CARTESIAN_POINT('',(-55.7745304314255,389.972378240023,78.8342308399732));
#13640=CARTESIAN_POINT('',(-55.7745304314258,389.972378240023,71.9842067191384));
#13641=CARTESIAN_POINT('Origin',(-46.0244261486508,389.772378240023,100.784206719141));
#13642=CARTESIAN_POINT('',(-66.7745304314271,389.972378240023,100.584206719139));
#13643=CARTESIAN_POINT('',(-66.7745304314271,389.972378240023,100.584206719139));
#13644=CARTESIAN_POINT('',(-55.774530431427,389.972378240023,100.58420671914));
#13645=CARTESIAN_POINT('',(-46.0244261486508,389.972378240023,100.584206719141));
#13646=CARTESIAN_POINT('',(-55.3745304314271,389.572378240023,100.98420671914));
#13647=CARTESIAN_POINT('Origin',(-48.0744261486485,389.772378240023,71.7842067191391));
#13648=CARTESIAN_POINT('',(-38.7745304314285,389.972378240024,71.9842067191399));
#13649=CARTESIAN_POINT('',(-48.0744261486486,389.972378240023,71.9842067191391));
#13650=CARTESIAN_POINT('',(-38.7745304314285,389.972378240024,71.9842067191399));
#13651=CARTESIAN_POINT('Origin',(-55.5745304314264,389.772378240023,93.1342308399711));
#13652=CARTESIAN_POINT('',(-55.7745304314269,389.972378240023,99.3842067191384));
#13653=CARTESIAN_POINT('',(-55.7745304314264,389.972378240023,93.134230839971));
#13654=CARTESIAN_POINT('',(-55.3745304314269,389.572378240023,99.7842067191402));
#13655=CARTESIAN_POINT('Origin',(-38.9745304314286,389.772378240023,78.2342308399726));
#13656=CARTESIAN_POINT('',(-38.7745304314285,389.972378240024,70.7842067191411));
#13657=CARTESIAN_POINT('',(-38.7745304314286,389.972378240024,78.2342308399726));
#13658=CARTESIAN_POINT('',(-38.7745304314285,389.972378240024,70.7842067191411));
#13659=CARTESIAN_POINT('Origin',(-24.4744261486509,389.772378240024,99.584206719142));
#13660=CARTESIAN_POINT('',(-38.7745304314297,389.972378240024,99.3842067191399));
#13661=CARTESIAN_POINT('',(-24.4744261486509,389.972378240024,99.3842067191411));
#13662=CARTESIAN_POINT('',(-39.1745304314297,389.572378240024,99.7842067191416));
#13663=CARTESIAN_POINT('Origin',(-26.5244261486508,389.772378240024,70.5842067191411));
#13664=CARTESIAN_POINT('',(-27.7745304314285,389.972378240024,70.7842067191411));
#13665=CARTESIAN_POINT('',(-26.5244261486508,389.972378240024,70.7842067191411));
#13666=CARTESIAN_POINT('',(-27.7745304314285,389.972378240024,70.7842067191411));
#13667=CARTESIAN_POINT('Origin',(-27.5745304314287,389.772378240024,78.8342308399727));
#13668=CARTESIAN_POINT('',(-27.7745304314285,389.972378240024,71.9842067191408));
#13669=CARTESIAN_POINT('',(-27.7745304314287,389.972378240024,78.8342308399727));
#13670=CARTESIAN_POINT('',(-27.7745304314285,389.972378240024,71.9842067191408));
#13671=CARTESIAN_POINT('Origin',(-32.0244261486522,389.772378240024,100.784206719142));
#13672=CARTESIAN_POINT('',(-38.7745304314298,389.972378240024,100.584206719142));
#13673=CARTESIAN_POINT('',(-38.7745304314298,389.972378240024,100.584206719142));
#13674=CARTESIAN_POINT('',(-27.7745304314298,389.972378240024,100.584206719143));
#13675=CARTESIAN_POINT('',(-32.0244261486521,389.972378240024,100.584206719142));
#13676=CARTESIAN_POINT('',(-27.3745304314298,389.572378240024,100.984206719143));
#13677=CARTESIAN_POINT('Origin',(-27.5745304314291,389.772378240024,93.1342308399734));
#13678=CARTESIAN_POINT('',(-27.7745304314297,389.972378240024,99.3842067191408));
#13679=CARTESIAN_POINT('',(-27.7745304314291,389.972378240024,93.1342308399734));
#13680=CARTESIAN_POINT('',(-27.3745304314297,389.572378240024,99.7842067191426));
#13681=CARTESIAN_POINT('Origin',(-48.0744261486485,389.772378240023,71.7842067191391));
#13682=CARTESIAN_POINT('',(-24.1745304314252,389.972378240024,71.9842067191411));
#13683=CARTESIAN_POINT('',(-48.0744261486486,389.972378240023,71.9842067191391));
#13684=CARTESIAN_POINT('',(-24.1745304314252,389.972378240024,71.9842067191411));
#13685=CARTESIAN_POINT('Origin',(-24.1745304314252,389.772378240024,72.4842067191412));
#13686=CARTESIAN_POINT('',(-23.6745304314252,389.972378240024,72.4842067191412));
#13687=CARTESIAN_POINT('',(-23.6745304314252,389.972378240024,72.4842067191412));
#13688=CARTESIAN_POINT('Origin',(-24.1745304314252,389.972378240024,72.4842067191412));
#13689=CARTESIAN_POINT('Origin',(-23.4745304314258,389.772378240024,78.8342308399729));
#13690=CARTESIAN_POINT('',(-23.6745304314275,389.972378240024,98.8842067191412));
#13691=CARTESIAN_POINT('',(-23.6745304314275,389.972378240024,98.8842067191412));
#13692=CARTESIAN_POINT('',(-23.6745304314258,389.972378240024,78.8342308399729));
#13693=CARTESIAN_POINT('Origin',(-24.1745304314275,389.772378240024,98.8842067191412));
#13694=CARTESIAN_POINT('',(-24.1745304314276,389.972378240024,99.3842067191411));
#13695=CARTESIAN_POINT('',(-24.1745304314276,389.972378240024,99.3842067191411));
#13696=CARTESIAN_POINT('Origin',(-24.1745304314275,389.972378240024,98.8842067191412));
#13697=CARTESIAN_POINT('Origin',(-24.4744261486509,389.772378240024,99.584206719142));
#13698=CARTESIAN_POINT('',(-24.4744261486509,389.972378240024,99.3842067191411));
#13699=CARTESIAN_POINT('Origin',(-38.9745304314291,389.772378240023,92.5342308399725));
#13700=CARTESIAN_POINT('',(-38.7745304314291,389.972378240024,92.5342308399725));
#13701=CARTESIAN_POINT('Origin',(-66.9745304314264,389.772378240023,92.53423083997));
#13702=CARTESIAN_POINT('',(-66.7745304314264,389.972378240023,92.5342308399701));
#13703=CARTESIAN_POINT('Origin',(-70.3745304314275,389.772378240022,98.8842067191371));
#13704=CARTESIAN_POINT('',(-70.8745304314275,389.972378240021,98.8842067191371));
#13705=CARTESIAN_POINT('',(-70.8745304314275,389.972378240021,98.8842067191371));
#13706=CARTESIAN_POINT('Origin',(-70.3745304314275,389.972378240021,98.8842067191371));
#13707=CARTESIAN_POINT('Origin',(-71.074530431427,389.772378240023,92.5342308399688));
#13708=CARTESIAN_POINT('',(-70.8745304314252,389.972378240023,72.4842067191371));
#13709=CARTESIAN_POINT('',(-70.8745304314252,389.972378240023,72.4842067191371));
#13710=CARTESIAN_POINT('',(-70.8745304314269,389.972378240023,92.5342308399688));
#13711=CARTESIAN_POINT('Origin',(-70.3745304314252,389.772378240022,72.4842067191371));
#13712=CARTESIAN_POINT('',(-70.3745304314252,389.972378240021,71.9842067191371));
#13713=CARTESIAN_POINT('',(-70.3745304314252,389.972378240021,71.9842067191371));
#13714=CARTESIAN_POINT('Origin',(-70.3745304314252,389.972378240021,72.4842067191371));
#13715=CARTESIAN_POINT('Origin',(-48.0744261486485,389.772378240023,71.7842067191391));
#13716=CARTESIAN_POINT('',(-66.7745304314257,389.972378240023,71.9842067191374));
#13717=CARTESIAN_POINT('',(-66.7745304314257,389.972378240023,71.9842067191374));
#13718=CARTESIAN_POINT('',(-48.0744261486486,389.972378240023,71.9842067191391));
#13719=CARTESIAN_POINT('Origin',(-66.9745304314255,389.772378240023,78.2342308399734));
#13720=CARTESIAN_POINT('',(-66.7745304314255,389.972378240023,78.2342308399734));
#13721=CARTESIAN_POINT('Origin',(-66.774530431426,395.672378195322,70.784206719141));
#13722=CARTESIAN_POINT('',(-66.774530431426,395.672378195322,70.784206719141));
#13723=CARTESIAN_POINT('',(-66.774530431426,395.672378195322,70.784206719141));
#13724=CARTESIAN_POINT('',(-66.774530431426,395.672378195322,71.9842067191409));
#13725=CARTESIAN_POINT('',(-66.774530431426,395.672378195322,70.784206719141));
#13726=CARTESIAN_POINT('',(-66.774530431426,396.122378195322,71.9842067191374));
#13727=CARTESIAN_POINT('Origin',(-70.3745304314255,396.572378195322,72.4842067191371));
#13728=CARTESIAN_POINT('',(-70.3745304314255,396.572378195322,71.9842067191371));
#13729=CARTESIAN_POINT('',(-70.8745304314255,396.572378195322,72.4842067191371));
#13730=CARTESIAN_POINT('Origin',(-70.8745304314278,396.572378195322,99.3842067191371));
#13731=CARTESIAN_POINT('',(-70.8745304314278,396.572378195322,98.8842067191371));
#13732=CARTESIAN_POINT('Origin',(-70.3745304314278,396.572378195322,98.8842067191371));
#13733=CARTESIAN_POINT('',(-70.3745304314278,396.572378195322,99.3842067191371));
#13734=CARTESIAN_POINT('Origin',(-70.8745304314255,396.572378195322,71.9842067191371));
#13735=CARTESIAN_POINT('',(-55.774530431426,395.672378195323,71.984206719141));
#13736=CARTESIAN_POINT('',(-66.0745304314257,395.672378195322,71.9842067191375));
#13737=CARTESIAN_POINT('',(-55.774530431426,396.122378195323,71.9842067191384));
#13738=CARTESIAN_POINT('',(-38.7745304314288,395.672378195324,71.984206719141));
#13739=CARTESIAN_POINT('',(-38.7745304314288,396.122378195324,71.9842067191399));
#13740=CARTESIAN_POINT('',(-27.7745304314288,395.672378195324,71.9842067191411));
#13741=CARTESIAN_POINT('',(-52.0745304314271,395.672378195323,71.9842067191387));
#13742=CARTESIAN_POINT('',(-27.7745304314288,396.122378195324,71.9842067191408));
#13743=CARTESIAN_POINT('',(-24.1745304314255,396.572378195325,71.9842067191412));
#13744=CARTESIAN_POINT('Origin',(-66.7745304314272,395.672378195322,99.3842067191392));
#13745=CARTESIAN_POINT('',(-66.7745304314272,395.672378195322,99.3842067191392));
#13746=CARTESIAN_POINT('',(-66.7745304314273,396.122378195322,99.3842067191374));
#13747=CARTESIAN_POINT('',(-66.7745304314273,395.672378195322,100.584206719139));
#13748=CARTESIAN_POINT('',(-66.7745304314273,395.672378195322,100.584206719139));
#13749=CARTESIAN_POINT('',(-66.7745304314273,395.672378195322,100.584206719139));
#13750=CARTESIAN_POINT('Origin',(-66.7745304314273,395.672378195322,100.584206719139));
#13751=CARTESIAN_POINT('',(-55.7745304314273,395.672378195323,100.58420671914));
#13752=CARTESIAN_POINT('',(-55.7745304314273,395.672378195323,100.58420671914));
#13753=CARTESIAN_POINT('',(-55.7745304314273,395.672378195323,100.58420671914));
#13754=CARTESIAN_POINT('Origin',(-55.7745304314273,395.672378195323,100.58420671914));
#13755=CARTESIAN_POINT('',(-55.7745304314272,395.672378195323,99.3842067191402));
#13756=CARTESIAN_POINT('',(-55.7745304314272,395.672378195323,99.3842067191402));
#13757=CARTESIAN_POINT('',(-55.7745304314272,396.122378195323,99.3842067191384));
#13758=CARTESIAN_POINT('Origin',(-23.6745304314278,396.572378195325,99.3842067191412));
#13759=CARTESIAN_POINT('',(-24.1745304314279,396.572378195325,99.3842067191411));
#13760=CARTESIAN_POINT('',(-27.77453043143,395.672378195324,99.3842067191427));
#13761=CARTESIAN_POINT('',(-27.77453043143,396.122378195324,99.3842067191408));
#13762=CARTESIAN_POINT('',(-38.77453043143,395.672378195324,99.3842067191417));
#13763=CARTESIAN_POINT('',(-28.4745304314289,395.672378195324,99.3842067191408));
#13764=CARTESIAN_POINT('',(-38.77453043143,396.122378195324,99.3842067191399));
#13765=CARTESIAN_POINT('',(-42.4745304314275,395.672378195324,99.3842067191395));
#13766=CARTESIAN_POINT('Origin',(-38.77453043143,395.672378195324,99.3842067191417));
#13767=CARTESIAN_POINT('',(-38.7745304314301,395.672378195324,100.584206719142));
#13768=CARTESIAN_POINT('',(-38.77453043143,395.672378195324,99.3842067191417));
#13769=CARTESIAN_POINT('',(-38.7745304314301,395.672378195324,100.584206719142));
#13770=CARTESIAN_POINT('Origin',(-38.7745304314301,395.672378195324,100.584206719142));
#13771=CARTESIAN_POINT('',(-27.7745304314301,395.672378195324,100.584206719143));
#13772=CARTESIAN_POINT('',(-38.7745304314301,395.672378195324,100.584206719142));
#13773=CARTESIAN_POINT('',(-27.7745304314301,395.672378195324,100.584206719143));
#13774=CARTESIAN_POINT('Origin',(-16.6745304314267,393.072378217675,88.4750135881974));
#13775=CARTESIAN_POINT('',(-19.6745304314267,393.572378240023,88.4750135881971));
#13776=CARTESIAN_POINT('',(-18.1745304314266,393.572378240023,85.876937376844));
#13777=CARTESIAN_POINT('Origin',(-16.6745304314267,393.572378240023,88.4750135881974));
#13778=CARTESIAN_POINT('',(-18.1745304314266,393.072378217675,85.876937376844));
#13779=CARTESIAN_POINT('',(-19.6745304314267,393.072378217674,88.4750135881971));
#13780=CARTESIAN_POINT('Origin',(-19.6745304314282,396.572378195325,103.384206719142));
#13781=CARTESIAN_POINT('',(-19.6745304314276,393.572378240023,98.982788487449));
#13782=CARTESIAN_POINT('',(-19.6745304314276,393.072378217674,98.982788487449));
#13783=CARTESIAN_POINT('',(-19.6745304314276,393.572378240023,98.5565538784831));
#13784=CARTESIAN_POINT('Origin',(-16.6745304314276,393.072378217674,98.9827884874493));
#13785=CARTESIAN_POINT('',(-18.1745304314278,393.572378240023,101.580864698803));
#13786=CARTESIAN_POINT('Origin',(-16.6745304314276,393.572378240023,98.9827884874493));
#13787=CARTESIAN_POINT('',(-18.1745304314277,393.072378217674,101.580864698803));
#13788=CARTESIAN_POINT('Origin',(-9.22453043142637,393.572378240023,93.7289010378256));
#13789=CARTESIAN_POINT('',(-11.2745304314273,393.572378240023,105.564581556213));
#13790=CARTESIAN_POINT('',(-13.0682804314273,393.572378240023,104.528959510853));
#13791=CARTESIAN_POINT('',(-8.27453043142738,393.572378240023,105.564581556213));
#13792=CARTESIAN_POINT('Origin',(-9.77453043142821,393.572378240023,102.966505344858));
#13793=CARTESIAN_POINT('',(-0.27453043142712,393.572378240024,100.945779402696));
#13794=CARTESIAN_POINT('',(-2.06828043142801,393.572378240023,101.981401448053));
#13795=CARTESIAN_POINT('',(1.22546956857297,393.572378240024,98.3477031913429));
#13796=CARTESIAN_POINT('Origin',(-1.77453043142803,393.572378240023,98.3477031913411));
#13797=CARTESIAN_POINT('',(1.22546956857336,393.572378240024,89.110098884309));
#13798=CARTESIAN_POINT('',(1.22546956857233,393.572378240024,91.4194999610667));
#13799=CARTESIAN_POINT('',(-0.274530431426481,393.572378240024,86.5120226729557));
#13800=CARTESIAN_POINT('Origin',(-1.77453043142757,393.572378240023,89.1100988843071));
#13801=CARTESIAN_POINT('',(-8.27453043142631,393.572378240023,81.8932205194384));
#13802=CARTESIAN_POINT('',(-6.0682804314264,393.572378240023,83.1669995508367));
#13803=CARTESIAN_POINT('',(-11.2745304314263,393.572378240023,81.8932205194382));
#13804=CARTESIAN_POINT('Origin',(-9.77453043142736,393.572378240023,84.4912967307897));
#13805=CARTESIAN_POINT('',(-17.0682804314273,393.572378240023,85.2382436415534));
#13806=CARTESIAN_POINT('Origin',(-77.8745304314275,393.072378217677,98.9827884874451));
#13807=CARTESIAN_POINT('',(-74.8745304314276,393.572378240022,98.9827884874452));
#13808=CARTESIAN_POINT('',(-76.3745304314277,393.572378240022,101.580864698798));
#13809=CARTESIAN_POINT('Origin',(-77.8745304314276,393.572378240021,98.982788487445));
#13810=CARTESIAN_POINT('',(-76.3745304314277,393.072378217678,101.580864698798));
#13811=CARTESIAN_POINT('',(-74.8745304314276,393.072378217677,98.9827884874454));
#13812=CARTESIAN_POINT('Origin',(-83.2745304314284,389.572378240026,105.564581556208));
#13813=CARTESIAN_POINT('',(-83.2745304314272,393.572378240022,105.56458155621));
#13814=CARTESIAN_POINT('',(-81.4807804314286,393.572378240022,104.528959510848));
#13815=CARTESIAN_POINT('',(-83.2745304314287,396.956175072856,105.564581556206));
#13816=CARTESIAN_POINT('',(-83.2745304314284,389.572378240026,105.564581556208));
#13817=CARTESIAN_POINT('Origin',(-78.285673469403,407.572378195323,102.684263646229));
#13818=CARTESIAN_POINT('Origin',(-77.8745304314266,393.072378217674,88.4750135881949));
#13819=CARTESIAN_POINT('',(-76.3745304314266,393.572378240022,85.8769373768415));
#13820=CARTESIAN_POINT('',(-74.8745304314267,393.572378240022,88.475013588195));
#13821=CARTESIAN_POINT('Origin',(-77.8745304314266,393.572378240019,88.4750135881947));
#13822=CARTESIAN_POINT('',(-74.8745304314266,393.072378217675,88.4750135881951));
#13823=CARTESIAN_POINT('',(-76.3745304314265,393.072378217674,85.8769373768416));
#13824=CARTESIAN_POINT('Origin',(-74.8745304314251,396.572378195322,67.9842067191367));
#13825=CARTESIAN_POINT('',(-74.8745304314261,393.572378240022,80.8565538784799));
#13826=CARTESIAN_POINT('Origin',(-75.2745304314275,389.572378240021,86.5120226729506));
#13827=CARTESIAN_POINT('',(-83.2745304314261,393.572378240022,81.893220519435));
#13828=CARTESIAN_POINT('',(-83.2745304314273,389.57237824002,81.8932205194332));
#13829=CARTESIAN_POINT('',(-77.4807804314261,393.572378240022,85.2382436415507));
#13830=CARTESIAN_POINT('Origin',(-19.2745304314274,389.572378240024,86.512022672953));
#13831=CARTESIAN_POINT('',(-11.2745304314272,389.572378240024,81.8932205194363));
#13832=CARTESIAN_POINT('Origin',(-11.2745304314283,389.572378240024,105.564581556211));
#13833=CARTESIAN_POINT('',(-11.2745304314284,396.95617507286,105.564581556211));
#13834=CARTESIAN_POINT('Origin',(-16.2633873934625,407.572378195326,102.684263646232));
#13835=CARTESIAN_POINT('',(-11.2745304314283,389.572378240024,105.564581556211));
#13836=CARTESIAN_POINT('Origin',(-24.1745304314278,396.572378195325,98.8842067191412));
#13837=CARTESIAN_POINT('',(-23.6745304314278,396.572378195325,98.8842067191412));
#13838=CARTESIAN_POINT('Origin',(-24.1745304314255,396.572378195325,72.4842067191412));
#13839=CARTESIAN_POINT('',(-23.6745304314255,396.572378195325,72.4842067191412));
#13840=CARTESIAN_POINT('Origin',(-23.6745304314255,396.572378195325,71.9842067191411));
#13841=CARTESIAN_POINT('Origin',(-72.2745304314272,393.572378240022,108.413097735818));
#13842=CARTESIAN_POINT('',(-83.2745304314275,393.572378240022,111.684263646235));
#13843=CARTESIAN_POINT('Origin',(-81.2745304314288,393.572378240022,111.684263646233));
#13844=CARTESIAN_POINT('',(-61.2745304314274,393.572378240022,111.684263646236));
#13845=CARTESIAN_POINT('Origin',(-63.2745304314286,393.572378240023,111.684263646233));
#13846=CARTESIAN_POINT('',(-61.2745304314273,393.572378240022,110.760733978917));
#13847=CARTESIAN_POINT('',(-61.2745304314286,393.572378240022,110.048680691027));
#13848=CARTESIAN_POINT('',(-62.7745304314273,393.572378240022,108.162657767564));
#13849=CARTESIAN_POINT('Origin',(-64.2745304314286,393.572378240023,110.760733978914));
#13850=CARTESIAN_POINT('',(-70.7745304314271,393.572378240022,103.543855614046));
#13851=CARTESIAN_POINT('',(-66.2828085877692,393.572378240022,106.137152429605));
#13852=CARTESIAN_POINT('',(-73.7745304314283,393.572378240022,103.543855614047));
#13853=CARTESIAN_POINT('Origin',(-72.2745304314284,393.572378240021,106.141931825397));
#13854=CARTESIAN_POINT('',(-81.7745304314274,393.572378240022,108.162657767563));
#13855=CARTESIAN_POINT('',(-74.2662522750864,393.572378240022,103.827751352846));
#13856=CARTESIAN_POINT('',(-83.2745304314273,393.572378240022,110.760733978916));
#13857=CARTESIAN_POINT('Origin',(-80.2745304314287,393.572378240022,110.760733978914));
#13858=CARTESIAN_POINT('',(-83.2745304314287,393.572378240022,109.586915857366));
#13859=CARTESIAN_POINT('Origin',(-73.7745304314281,389.572378240026,103.543855614045));
#13860=CARTESIAN_POINT('',(-73.7745304314285,396.606015915658,103.543855614043));
#13861=CARTESIAN_POINT('',(-73.7745304314281,389.572378240026,103.543855614045));
#13862=CARTESIAN_POINT('',(-81.7745304314289,398.033657219669,108.162657767559));
#13863=CARTESIAN_POINT('Origin',(-72.285673469403,407.572378195323,102.684263646229));
#13864=CARTESIAN_POINT('',(-81.7745304314285,389.572378240027,108.162657767561));
#13865=CARTESIAN_POINT('Origin',(-80.2745304314285,389.572378240027,110.760733978915));
#13866=CARTESIAN_POINT('',(-83.2745304314291,400.104404777769,110.760733978912));
#13867=CARTESIAN_POINT('Ctrl Pts',(-83.274530431429,400.104404777769,110.760733978912));
#13868=CARTESIAN_POINT('Ctrl Pts',(-83.274530431429,399.985998897163,110.651249026647));
#13869=CARTESIAN_POINT('Ctrl Pts',(-83.2685709618689,399.869174315434,110.538399232917));
#13870=CARTESIAN_POINT('Ctrl Pts',(-83.2196532229927,399.443074073264,110.107862541918));
#13871=CARTESIAN_POINT('Ctrl Pts',(-83.1255612210921,399.12984595928,109.749351823689));
#13872=CARTESIAN_POINT('Ctrl Pts',(-82.7733983246513,398.594859809651,109.055761208345));
#13873=CARTESIAN_POINT('Ctrl Pts',(-82.5137389283626,398.372320647378,108.722092207389));
#13874=CARTESIAN_POINT('Ctrl Pts',(-82.071071464135,398.144444461664,108.352539307374));
#13875=CARTESIAN_POINT('Ctrl Pts',(-81.929037147186,398.084890228414,108.251862261493));
#13876=CARTESIAN_POINT('Ctrl Pts',(-81.7745304314287,398.033657219669,108.162657767559));
#13877=CARTESIAN_POINT('',(-83.2745304314285,389.572378240027,110.760733978914));
#13878=CARTESIAN_POINT('Origin',(-83.2745304314286,389.572378240027,110.760733978914));
#13879=CARTESIAN_POINT('',(-83.2745304314292,401.247822874988,111.684263646231));
#13880=CARTESIAN_POINT('Origin',(-83.2745304314291,407.572378195323,102.684263646229));
#13881=CARTESIAN_POINT('',(-83.2745304314286,389.572378240027,111.684263646234));
#13882=CARTESIAN_POINT('Origin',(-81.2745304314286,389.572378240027,111.684263646234));
#13883=CARTESIAN_POINT('Ctrl Pts',(-81.2745304314296,407.572378195325,113.684263646229));
#13884=CARTESIAN_POINT('Ctrl Pts',(-81.5129401681537,407.013257802112,113.68426364623));
#13885=CARTESIAN_POINT('Ctrl Pts',(-81.7745317485451,406.400846506743,113.639075321711));
#13886=CARTESIAN_POINT('Ctrl Pts',(-82.26981752259,405.183597199903,113.439453665638));
#13887=CARTESIAN_POINT('Ctrl Pts',(-82.5024542506846,404.578370744006,113.284766951721));
#13888=CARTESIAN_POINT('Ctrl Pts',(-82.8430446016475,403.576900387992,112.944176600758));
#13889=CARTESIAN_POINT('Ctrl Pts',(-82.9928412285256,403.084759984602,112.741588941189));
#13890=CARTESIAN_POINT('Ctrl Pts',(-83.2092260017694,402.126244528307,112.256522494384));
#13891=CARTESIAN_POINT('Ctrl Pts',(-83.2745304314292,401.659739370363,111.97372905316));
#13892=CARTESIAN_POINT('Ctrl Pts',(-83.2745304314292,401.247822874988,111.684263646231));
#13893=CARTESIAN_POINT('Origin',(-47.274530431427,393.572378240022,108.413097735819));
#13894=CARTESIAN_POINT('',(-58.2745304314275,393.572378240022,111.684263646236));
#13895=CARTESIAN_POINT('Origin',(-56.2745304314288,393.572378240023,111.684263646234));
#13896=CARTESIAN_POINT('',(-36.2745304314269,393.572378240023,111.684263646237));
#13897=CARTESIAN_POINT('Origin',(-38.274530431428,393.572378240023,111.684263646235));
#13898=CARTESIAN_POINT('',(-36.2745304314269,393.572378240023,110.760733978918));
#13899=CARTESIAN_POINT('',(-36.274530431428,393.572378240023,109.586915857367));
#13900=CARTESIAN_POINT('',(-37.774530431427,393.572378240023,108.162657767564));
#13901=CARTESIAN_POINT('Origin',(-39.274530431428,393.572378240023,110.760733978916));
#13902=CARTESIAN_POINT('',(-45.7745304314271,393.572378240022,103.543855614048));
#13903=CARTESIAN_POINT('',(-42.1325990947862,393.572378240023,105.646525651625));
#13904=CARTESIAN_POINT('',(-48.7745304314283,393.572378240022,103.543855614048));
#13905=CARTESIAN_POINT('Origin',(-47.2745304314284,393.572378240022,106.141931825398));
#13906=CARTESIAN_POINT('',(-56.7745304314274,393.572378240022,108.162657767564));
#13907=CARTESIAN_POINT('',(-49.2662522750864,393.572378240022,103.827751352847));
#13908=CARTESIAN_POINT('',(-58.2745304314275,393.572378240022,110.760733978917));
#13909=CARTESIAN_POINT('Origin',(-55.2745304314287,393.572378240023,110.760733978915));
#13910=CARTESIAN_POINT('',(-58.2745304314287,393.572378240022,109.586915857367));
#13911=CARTESIAN_POINT('Origin',(-48.7745304314281,389.572378240027,103.543855614046));
#13912=CARTESIAN_POINT('',(-48.7745304314285,396.606015915659,103.543855614044));
#13913=CARTESIAN_POINT('',(-48.7745304314281,389.572378240027,103.543855614046));
#13914=CARTESIAN_POINT('',(-56.7745304314289,398.03365721967,108.16265776756));
#13915=CARTESIAN_POINT('Origin',(-47.285673469403,407.572378195325,102.684263646231));
#13916=CARTESIAN_POINT('',(-56.7745304314285,389.572378240028,108.162657767562));
#13917=CARTESIAN_POINT('Origin',(-55.2745304314285,389.572378240029,110.760733978916));
#13918=CARTESIAN_POINT('',(-58.2745304314291,400.10440477777,110.760733978913));
#13919=CARTESIAN_POINT('Ctrl Pts',(-58.274530431429,400.10440477777,110.760733978913));
#13920=CARTESIAN_POINT('Ctrl Pts',(-58.274530431429,399.985998897164,110.651249026648));
#13921=CARTESIAN_POINT('Ctrl Pts',(-58.2685709618689,399.869174315435,110.538399232918));
#13922=CARTESIAN_POINT('Ctrl Pts',(-58.2196532229928,399.443074073265,110.107862541919));
#13923=CARTESIAN_POINT('Ctrl Pts',(-58.1255612210922,399.129845959282,109.74935182369));
#13924=CARTESIAN_POINT('Ctrl Pts',(-57.7733983246514,398.594859809652,109.055761208346));
#13925=CARTESIAN_POINT('Ctrl Pts',(-57.5137389283626,398.372320647379,108.72209220739));
#13926=CARTESIAN_POINT('Ctrl Pts',(-57.071071464135,398.144444461665,108.352539307375));
#13927=CARTESIAN_POINT('Ctrl Pts',(-56.929037147186,398.084890228415,108.251862261494));
#13928=CARTESIAN_POINT('Ctrl Pts',(-56.7745304314287,398.03365721967,108.16265776756));
#13929=CARTESIAN_POINT('',(-58.2745304314286,389.572378240028,110.760733978916));
#13930=CARTESIAN_POINT('Origin',(-58.2745304314286,389.572378240028,110.760733978916));
#13931=CARTESIAN_POINT('',(-58.2745304314292,401.247822874989,111.684263646232));
#13932=CARTESIAN_POINT('Origin',(-58.2745304314291,407.572378195324,102.68426364623));
#13933=CARTESIAN_POINT('',(-58.2745304314286,389.572378240029,111.684263646235));
#13934=CARTESIAN_POINT('Origin',(-56.2745304314286,389.572378240029,111.684263646235));
#13935=CARTESIAN_POINT('Ctrl Pts',(-56.2745304314296,407.572378195326,113.68426364623));
#13936=CARTESIAN_POINT('Ctrl Pts',(-56.5129401681537,407.013257802113,113.684263646231));
#13937=CARTESIAN_POINT('Ctrl Pts',(-56.7745317485448,406.400846506744,113.639075321712));
#13938=CARTESIAN_POINT('Ctrl Pts',(-57.2698175225899,405.183597199904,113.439453665639));
#13939=CARTESIAN_POINT('Ctrl Pts',(-57.5024542506846,404.578370744007,113.284766951722));
#13940=CARTESIAN_POINT('Ctrl Pts',(-57.8430446016475,403.576900387993,112.944176600759));
#13941=CARTESIAN_POINT('Ctrl Pts',(-57.9928412285257,403.084759984603,112.741588941189));
#13942=CARTESIAN_POINT('Ctrl Pts',(-58.2092260017694,402.126244528308,112.256522494385));
#13943=CARTESIAN_POINT('Ctrl Pts',(-58.2745304314292,401.659739370364,111.973729053161));
#13944=CARTESIAN_POINT('Ctrl Pts',(-58.2745304314292,401.247822874989,111.684263646232));
#13945=CARTESIAN_POINT('Origin',(-9.22453043142637,393.572378240023,93.7289010378256));
#13946=CARTESIAN_POINT('',(-86.2745304314262,393.572378240021,81.8932205194348));
#13947=CARTESIAN_POINT('Origin',(-84.7745304314276,393.572378240019,84.4912967307854));
#13948=CARTESIAN_POINT('',(-94.2745304314263,393.572378240021,86.5120226729515));
#13949=CARTESIAN_POINT('',(-88.4807804314277,393.572378240021,83.1669995508316));
#13950=CARTESIAN_POINT('',(-95.7745304314265,393.572378240021,89.1100988843048));
#13951=CARTESIAN_POINT('Origin',(-92.7745304314277,393.57237824002,89.1100988843021));
#13952=CARTESIAN_POINT('',(-95.7745304314269,393.572378240021,98.3477031913387));
#13953=CARTESIAN_POINT('',(-95.7745304314279,393.572378240021,91.4194999610623));
#13954=CARTESIAN_POINT('',(-94.2745304314269,393.572378240021,100.945779402692));
#13955=CARTESIAN_POINT('Origin',(-92.7745304314281,393.572378240022,98.3477031913361));
#13956=CARTESIAN_POINT('',(-86.2745304314272,393.572378240021,105.564581556209));
#13957=CARTESIAN_POINT('',(-92.4807804314268,393.572378240021,101.981401448049));
#13958=CARTESIAN_POINT('Origin',(-84.7745304314283,393.572378240024,102.966505344853));
#13959=CARTESIAN_POINT('Origin',(-84.7745304314274,389.57237824002,84.4912967307864));
#13960=CARTESIAN_POINT('',(-86.2745304314273,389.57237824002,81.893220519433));
#13961=CARTESIAN_POINT('Origin',(-86.2745304314273,389.57237824002,81.893220519433));
#13962=CARTESIAN_POINT('',(-94.2745304314275,389.57237824002,86.5120226729497));
#13963=CARTESIAN_POINT('Origin',(-1.77453043142796,389.572378240024,98.3477031913411));
#13964=CARTESIAN_POINT('',(-0.274530431428044,389.572378240025,100.945779402694));
#13965=CARTESIAN_POINT('',(1.22546956857205,389.572378240025,98.3477031913412));
#13966=CARTESIAN_POINT('Origin',(1.22546956857251,389.572378240025,89.1100988843073));
#13967=CARTESIAN_POINT('',(1.22546956857251,389.572378240025,89.1100988843072));
#13968=CARTESIAN_POINT('Origin',(-1.7745304314275,389.572378240024,89.1100988843071));
#13969=CARTESIAN_POINT('',(-0.274530431427404,389.572378240025,86.5120226729539));
#13970=CARTESIAN_POINT('Origin',(-8.2745304314272,389.572378240024,81.8932205194365));
#13971=CARTESIAN_POINT('',(-8.2745304314272,389.572378240024,81.8932205194365));
#13972=CARTESIAN_POINT('Origin',(-9.77453043142729,389.572378240024,84.4912967307897));
#13973=CARTESIAN_POINT('Origin',(-22.2745304314273,393.572378240023,108.41309773582));
#13974=CARTESIAN_POINT('',(-33.2745304314276,393.572378240023,111.684263646237));
#13975=CARTESIAN_POINT('Origin',(-31.2745304314286,393.572378240024,111.684263646235));
#13976=CARTESIAN_POINT('',(-11.2745304314275,393.572378240023,111.684263646238));
#13977=CARTESIAN_POINT('Origin',(-13.2745304314286,393.572378240024,111.684263646236));
#13978=CARTESIAN_POINT('',(-11.2745304314276,393.572378240023,110.760733978919));
#13979=CARTESIAN_POINT('',(-11.2745304314285,393.572378240023,109.586915857369));
#13980=CARTESIAN_POINT('',(-12.7745304314274,393.572378240023,108.162657767566));
#13981=CARTESIAN_POINT('Origin',(-14.2745304314285,393.572378240023,110.760733978918));
#13982=CARTESIAN_POINT('',(-20.7745304314273,393.572378240023,103.543855614049));
#13983=CARTESIAN_POINT('',(-20.2828085877696,393.572378240023,103.82775135285));
#13984=CARTESIAN_POINT('',(-23.7745304314273,393.572378240023,103.543855614049));
#13985=CARTESIAN_POINT('Origin',(-22.2745304314284,393.572378240023,106.1419318254));
#13986=CARTESIAN_POINT('',(-31.7745304314275,393.572378240023,108.162657767565));
#13987=CARTESIAN_POINT('',(-28.2662522750862,393.572378240023,106.137152429607));
#13988=CARTESIAN_POINT('',(-33.2745304314276,393.572378240023,110.760733978918));
#13989=CARTESIAN_POINT('Origin',(-30.2745304314286,393.572378240023,110.760733978917));
#13990=CARTESIAN_POINT('',(-33.2745304314287,393.572378240023,111.048680691025));
#13991=CARTESIAN_POINT('Origin',(-31.7745304314285,389.572378240024,108.162657767563));
#13992=CARTESIAN_POINT('',(-23.7745304314283,396.60601591566,103.543855614047));
#13993=CARTESIAN_POINT('',(-23.7745304314282,389.572378240024,103.543855614047));
#13994=CARTESIAN_POINT('',(-31.7745304314287,398.033657219673,108.162657767563));
#13995=CARTESIAN_POINT('Origin',(-22.2856734693945,407.572378195326,102.684263646232));
#13996=CARTESIAN_POINT('',(-31.7745304314285,389.572378240024,108.162657767563));
#13997=CARTESIAN_POINT('Origin',(-30.2745304314285,389.572378240024,110.760733978917));
#13998=CARTESIAN_POINT('',(-33.2745304314288,400.104404777774,110.760733978917));
#13999=CARTESIAN_POINT('Ctrl Pts',(-31.7745304314286,398.033657219672,108.162657767564));
#14000=CARTESIAN_POINT('Ctrl Pts',(-31.9290371471844,398.084890228417,108.251862261497));
#14001=CARTESIAN_POINT('Ctrl Pts',(-32.0710714641322,398.144444461667,108.352539307376));
#14002=CARTESIAN_POINT('Ctrl Pts',(-32.5137389283584,398.372320647379,108.722092207389));
#14003=CARTESIAN_POINT('Ctrl Pts',(-32.7733983246472,398.594859809651,109.055761208344));
#14004=CARTESIAN_POINT('Ctrl Pts',(-33.1255612210889,399.129845959278,109.749351823685));
#14005=CARTESIAN_POINT('Ctrl Pts',(-33.2196532229904,399.44307407326,110.107862541913));
#14006=CARTESIAN_POINT('Ctrl Pts',(-33.2685709618683,399.869174315432,110.538399232915));
#14007=CARTESIAN_POINT('Ctrl Pts',(-33.2745304314288,399.985998897165,110.651249026649));
#14008=CARTESIAN_POINT('Ctrl Pts',(-33.2745304314288,400.104404777774,110.760733978917));
#14009=CARTESIAN_POINT('',(-33.2745304314286,389.572378240024,110.760733978917));
#14010=CARTESIAN_POINT('Origin',(-33.2745304314287,389.572378240024,113.684263646231));
#14011=CARTESIAN_POINT('',(-33.2745304314293,401.247822874991,111.684263646233));
#14012=CARTESIAN_POINT('Origin',(-33.2745304314291,407.572378195325,102.684263646231));
#14013=CARTESIAN_POINT('',(-33.2745304314289,401.072378336883,111.684263646233));
#14014=CARTESIAN_POINT('Origin',(-31.2745304314289,401.072378336883,111.684263646233));
#14015=CARTESIAN_POINT('Ctrl Pts',(-31.2745304314291,407.572378195328,113.684263646231));
#14016=CARTESIAN_POINT('Ctrl Pts',(-31.7191719995319,406.529601286077,113.684263646232));
#14017=CARTESIAN_POINT('Ctrl Pts',(-32.2041853991549,405.401513859964,113.52804256453));
#14018=CARTESIAN_POINT('Ctrl Pts',(-32.9773287318789,403.223312400825,112.852160318408));
#14019=CARTESIAN_POINT('Ctrl Pts',(-33.2745304314289,402.175328524572,112.336048178533));
#14020=CARTESIAN_POINT('Ctrl Pts',(-33.2745304314289,401.24782287499,111.684263646233));
#14021=CARTESIAN_POINT('Origin',(-27.7745304314301,395.672378195324,100.584206719143));
#14022=CARTESIAN_POINT('',(-27.7745304314301,395.672378195324,100.584206719143));
#14023=CARTESIAN_POINT('Origin',(-33.27453043143,395.672378195324,99.9842067191422));
#14024=CARTESIAN_POINT('Origin',(-55.774530431426,395.672378195323,70.784206719141));
#14025=CARTESIAN_POINT('',(-55.774530431426,395.672378195323,70.784206719141));
#14026=CARTESIAN_POINT('',(-55.774530431426,395.672378195323,70.784206719141));
#14027=CARTESIAN_POINT('',(-55.774530431426,395.672378195323,70.784206719141));
#14028=CARTESIAN_POINT('Origin',(-55.774530431426,395.672378195323,71.984206719141));
#14029=CARTESIAN_POINT('',(-55.774530431426,395.672378195323,71.984206719141));
#14030=CARTESIAN_POINT('Origin',(-61.274530431426,395.672378195323,71.384206719141));
#14031=CARTESIAN_POINT('Origin',(-61.2745304314273,395.672378195323,99.9842067191397));
#14032=CARTESIAN_POINT('Origin',(-38.7745304314287,395.672378195324,70.7842067191411));
#14033=CARTESIAN_POINT('',(-38.7745304314287,395.672378195324,70.7842067191411));
#14034=CARTESIAN_POINT('',(-38.7745304314287,395.672378195324,70.7842067191411));
#14035=CARTESIAN_POINT('',(-38.7745304314288,395.672378195324,71.984206719141));
#14036=CARTESIAN_POINT('Origin',(-27.7745304314287,395.672378195324,70.7842067191411));
#14037=CARTESIAN_POINT('',(-27.7745304314287,395.672378195324,70.7842067191411));
#14038=CARTESIAN_POINT('',(-27.7745304314287,395.672378195324,70.7842067191411));
#14039=CARTESIAN_POINT('',(-38.7745304314287,395.672378195324,70.7842067191411));
#14040=CARTESIAN_POINT('Origin',(-27.7745304314288,395.672378195324,71.9842067191411));
#14041=CARTESIAN_POINT('',(-27.7745304314287,395.672378195324,70.7842067191411));
#14042=CARTESIAN_POINT('Origin',(-33.2745304314287,395.672378195324,71.3842067191411));
#14043=CARTESIAN_POINT('Origin',(-22.2745304314283,389.572378240024,106.1419318254));
#14044=CARTESIAN_POINT('',(-20.7745304314283,396.60601591566,103.543855614047));
#14045=CARTESIAN_POINT('',(-20.7745304314282,389.572378240024,103.543855614047));
#14046=CARTESIAN_POINT('Ctrl Pts',(-20.7745304314282,396.60601591566,103.543855614047));
#14047=CARTESIAN_POINT('Ctrl Pts',(-20.8877278670929,396.600893135475,103.478501044094));
#14048=CARTESIAN_POINT('Ctrl Pts',(-21.0059181281169,396.596907426659,103.420184116809));
#14049=CARTESIAN_POINT('Ctrl Pts',(-21.4965487514058,396.584227445037,103.217150937247));
#14050=CARTESIAN_POINT('Ctrl Pts',(-21.8980754202766,396.581903235717,103.1419318254));
#14051=CARTESIAN_POINT('Ctrl Pts',(-22.2745304314283,396.581903235717,103.1419318254));
#14052=CARTESIAN_POINT('Ctrl Pts',(-22.6509854425801,396.581903235717,103.1419318254));
#14053=CARTESIAN_POINT('Ctrl Pts',(-23.0525121114509,396.584227445037,103.217150937247));
#14054=CARTESIAN_POINT('Ctrl Pts',(-23.5431427347398,396.596907426659,103.420184116809));
#14055=CARTESIAN_POINT('Ctrl Pts',(-23.6613329957638,396.600893135475,103.478501044094));
#14056=CARTESIAN_POINT('Ctrl Pts',(-23.7745304314285,396.60601591566,103.543855614047));
#14057=CARTESIAN_POINT('Origin',(-72.2745304314283,389.572378240026,106.141931825398));
#14058=CARTESIAN_POINT('',(-70.7745304314285,396.606015915658,103.543855614043));
#14059=CARTESIAN_POINT('',(-70.7745304314281,389.572378240026,103.543855614045));
#14060=CARTESIAN_POINT('Ctrl Pts',(-73.7745304314286,396.606015915657,103.543855614043));
#14061=CARTESIAN_POINT('Ctrl Pts',(-73.6618938955711,396.600918519143,103.478824879745));
#14062=CARTESIAN_POINT('Ctrl Pts',(-73.5443216259321,396.59694724859,103.420765883768));
#14063=CARTESIAN_POINT('Ctrl Pts',(-73.0538343378721,396.584233288307,103.217413684077));
#14064=CARTESIAN_POINT('Ctrl Pts',(-72.6516472984244,396.581903235715,103.141931825396));
#14065=CARTESIAN_POINT('Ctrl Pts',(-72.2745304314285,396.581903235715,103.141931825396));
#14066=CARTESIAN_POINT('Ctrl Pts',(-71.8980754202768,396.581903235715,103.141931825396));
#14067=CARTESIAN_POINT('Ctrl Pts',(-71.496548751406,396.584227445034,103.217150937244));
#14068=CARTESIAN_POINT('Ctrl Pts',(-71.0059181281171,396.596907426656,103.420184116805));
#14069=CARTESIAN_POINT('Ctrl Pts',(-70.8877278670931,396.600893135472,103.47850104409));
#14070=CARTESIAN_POINT('Ctrl Pts',(-70.7745304314285,396.606015915657,103.543855614043));
#14071=CARTESIAN_POINT('Origin',(-47.2745304314283,389.572378240028,106.141931825399));
#14072=CARTESIAN_POINT('',(-45.7745304314285,396.606015915659,103.543855614044));
#14073=CARTESIAN_POINT('',(-45.7745304314281,389.572378240027,103.543855614046));
#14074=CARTESIAN_POINT('Ctrl Pts',(-48.7745304314286,396.606015915659,103.543855614044));
#14075=CARTESIAN_POINT('Ctrl Pts',(-48.6618938955711,396.600918519144,103.478824879746));
#14076=CARTESIAN_POINT('Ctrl Pts',(-48.5443216259321,396.596947248592,103.420765883769));
#14077=CARTESIAN_POINT('Ctrl Pts',(-48.0538343378721,396.584233288309,103.217413684078));
#14078=CARTESIAN_POINT('Ctrl Pts',(-47.6516472984244,396.581903235716,103.141931825397));
#14079=CARTESIAN_POINT('Ctrl Pts',(-47.2745304314285,396.581903235716,103.141931825397));
#14080=CARTESIAN_POINT('Ctrl Pts',(-46.8980754202768,396.581903235716,103.141931825397));
#14081=CARTESIAN_POINT('Ctrl Pts',(-46.496548751406,396.584227445036,103.217150937244));
#14082=CARTESIAN_POINT('Ctrl Pts',(-46.0059181281171,396.596907426658,103.420184116806));
#14083=CARTESIAN_POINT('Ctrl Pts',(-45.8877278670931,396.600893135473,103.478501044091));
#14084=CARTESIAN_POINT('Ctrl Pts',(-45.7745304314285,396.606015915659,103.543855614044));
#14085=CARTESIAN_POINT('Origin',(-1.0745304314292,401.072378240025,118.684263646238));
#14086=CARTESIAN_POINT('',(-1.07453043142906,397.372378240025,119.484263646238));
#14087=CARTESIAN_POINT('Origin',(-1.07453043142899,396.572378240025,118.684263646238));
#14088=CARTESIAN_POINT('',(-1.07453043142927,401.772378240025,119.484263646238));
#14089=CARTESIAN_POINT('Origin',(-1.07453043142931,402.572378240025,118.684263646238));
#14090=CARTESIAN_POINT('',(-1.07453043142923,401.072378240025,119.484263646238));
#14091=CARTESIAN_POINT('Origin',(-34.7745304314292,399.572378240023,119.484263646237));
#14092=CARTESIAN_POINT('',(-68.4745304314293,401.772378240022,119.484263646235));
#14093=CARTESIAN_POINT('',(-52.0245304314293,401.772378240023,119.484263646236));
#14094=CARTESIAN_POINT('',(-68.4745304314291,397.372378240022,119.484263646235));
#14095=CARTESIAN_POINT('',(-68.4745304314292,398.072378240022,119.484263646235));
#14096=CARTESIAN_POINT('',(-17.5245304314291,397.372378240024,119.484263646238));
#14097=CARTESIAN_POINT('Origin',(-17.5245304314291,396.972378240024,119.084263646238));
#14098=CARTESIAN_POINT('Origin',(-68.4745304314291,396.572378240022,118.684263646235));
#14099=CARTESIAN_POINT('Origin',(-68.4745304314291,398.072378240022,118.684263646235));
#14100=CARTESIAN_POINT('Origin',(-68.4745304314293,402.572378240022,118.684263646235));
#14101=CARTESIAN_POINT('Origin',(-52.0245304314293,402.172378240023,119.084263646236));
#14102=CARTESIAN_POINT('Origin',(-72.274530431429,399.572378240022,115.684263646235));
#14103=CARTESIAN_POINT('',(-69.2745304314291,399.572378240022,115.684263646235));
#14104=CARTESIAN_POINT('',(-69.274530431429,399.572378240022,115.684263646235));
#14105=CARTESIAN_POINT('Origin',(-72.274530431429,399.572378240022,115.684263646235));
#14106=CARTESIAN_POINT('Origin',(-72.274530431429,399.572378240022,115.684263646235));
#14107=CARTESIAN_POINT('',(-70.674530431429,399.572378240022,115.684263646235));
#14108=CARTESIAN_POINT('Origin',(-72.274530431429,399.572378240022,115.684263646235));
#14109=CARTESIAN_POINT('Origin',(2.725469568571,399.572378240025,115.684263646239));
#14110=CARTESIAN_POINT('',(5.72546956857101,399.572378240025,115.684263646239));
#14111=CARTESIAN_POINT('',(5.725469568571,399.572378240025,115.684263646239));
#14112=CARTESIAN_POINT('Origin',(2.725469568571,399.572378240025,115.684263646239));
#14113=CARTESIAN_POINT('Origin',(2.725469568571,399.572378240025,115.684263646239));
#14114=CARTESIAN_POINT('',(4.32546956857101,399.572378240025,115.684263646239));
#14115=CARTESIAN_POINT('Origin',(2.725469568571,399.572378240025,115.684263646239));
#14116=CARTESIAN_POINT('Origin',(-85.2745304314287,389.572378240028,114.684263646234));
#14117=CARTESIAN_POINT('',(-86.2745304314287,409.572378240022,114.684263646229));
#14118=CARTESIAN_POINT('Origin',(-85.2745304314296,409.572378240028,114.684263646229));
#14119=CARTESIAN_POINT('',(-86.2745304314295,407.572378195326,114.68426364623));
#14120=CARTESIAN_POINT('Origin',(-85.2745304314295,407.572378195326,114.68426364623));
#14121=CARTESIAN_POINT('',(-86.2745304314286,389.572378240028,114.684263646234));
#14122=CARTESIAN_POINT('Origin',(-85.274530431429,407.572378195323,102.684263646229));
#14123=CARTESIAN_POINT('',(-86.2745304314289,398.697096398935,110.760733978912));
#14124=CARTESIAN_POINT('',(-85.274530431429,399.436703215301,110.087694784522));
#14125=CARTESIAN_POINT('Origin',(-85.274530431429,398.697096398935,110.760733978912));
#14126=CARTESIAN_POINT('Origin',(-86.2745304314289,407.572378195322,102.684263646229));
#14127=CARTESIAN_POINT('Origin',(-85.274530431429,407.572378195323,102.684263646229));
#14128=CARTESIAN_POINT('Ctrl Pts',(-87.2745304314287,397.417380577694,106.912268303979));
#14129=CARTESIAN_POINT('Ctrl Pts',(-86.5005637665045,397.587921535905,107.321880677789));
#14130=CARTESIAN_POINT('Ctrl Pts',(-85.4933962622384,398.117120738279,108.442710243621));
#14131=CARTESIAN_POINT('Ctrl Pts',(-85.2745304314289,399.014310100891,109.623524452085));
#14132=CARTESIAN_POINT('Ctrl Pts',(-85.274530431429,399.436703215301,110.087694784522));
#14133=CARTESIAN_POINT('Ctrl Pts',(-87.3709903305314,397.476664556492,107.054659032512));
#14134=CARTESIAN_POINT('Ctrl Pts',(-86.6334172652495,397.643704302164,107.439679574504));
#14135=CARTESIAN_POINT('Ctrl Pts',(-85.6652034270304,398.15482369625,108.492512455927));
#14136=CARTESIAN_POINT('Ctrl Pts',(-85.432257495316,399.023768899827,109.633875280044));
#14137=CARTESIAN_POINT('Ctrl Pts',(-85.4241300815999,399.436703215301,110.087694784522));
#14138=CARTESIAN_POINT('Ctrl Pts',(-87.5632858810715,397.50075659592,107.377694043353));
#14139=CARTESIAN_POINT('Ctrl Pts',(-86.8983298909,397.663564655265,107.717006012155));
#14140=CARTESIAN_POINT('Ctrl Pts',(-86.0079457305828,398.150204015388,108.642055290104));
#14141=CARTESIAN_POINT('Ctrl Pts',(-85.7471139975864,398.983749165028,109.702851166206));
#14142=CARTESIAN_POINT('Ctrl Pts',(-85.7228248372655,399.38606886906,110.133771833635));
#14143=CARTESIAN_POINT('Ctrl Pts',(-87.8034870847158,397.202931409764,107.917733409571));
#14144=CARTESIAN_POINT('Ctrl Pts',(-87.2301110398519,397.370104276021,108.213553747725));
#14145=CARTESIAN_POINT('Ctrl Pts',(-86.4480921456676,397.868259727638,109.014434844463));
#14146=CARTESIAN_POINT('Ctrl Pts',(-86.1793612640393,398.724497692747,109.9661544092));
#14147=CARTESIAN_POINT('Ctrl Pts',(-86.1432847888246,399.138615911237,110.358953018689));
#14148=CARTESIAN_POINT('Ctrl Pts',(-87.8226932024601,396.761348988524,108.134850978739));
#14149=CARTESIAN_POINT('Ctrl Pts',(-87.2593167924295,396.94021696948,108.445664451218));
#14150=CARTESIAN_POINT('Ctrl Pts',(-86.5086182004396,397.487608715359,109.29191235229));
#14151=CARTESIAN_POINT('Ctrl Pts',(-86.2939152863505,398.419953945048,110.231310208972));
#14152=CARTESIAN_POINT('Ctrl Pts',(-86.274530431429,398.863063780423,110.609704336864));
#14153=CARTESIAN_POINT('Ctrl Pts',(-87.7745304314287,396.494198976092,108.162657767559));
#14154=CARTESIAN_POINT('Ctrl Pts',(-87.1940554327351,396.680243657776,108.497795164313));
#14155=CARTESIAN_POINT('Ctrl Pts',(-86.438679804536,397.257551878548,109.414837536357));
#14156=CARTESIAN_POINT('Ctrl Pts',(-86.274530431429,398.236303910488,110.380958252372));
#14157=CARTESIAN_POINT('Ctrl Pts',(-86.274530431429,398.697096398935,110.760733978912));
#14158=CARTESIAN_POINT('',(-87.2745304314286,397.417380577694,106.912268303979));
#14159=CARTESIAN_POINT('Ctrl Pts',(-87.2745304314287,397.417380577694,106.912268303979));
#14160=CARTESIAN_POINT('Ctrl Pts',(-86.5005637665045,397.587921535905,107.321880677789));
#14161=CARTESIAN_POINT('Ctrl Pts',(-85.4933962622384,398.117120738279,108.442710243621));
#14162=CARTESIAN_POINT('Ctrl Pts',(-85.2745304314289,399.014310100891,109.623524452085));
#14163=CARTESIAN_POINT('Ctrl Pts',(-85.274530431429,399.436703215301,110.087694784522));
#14164=CARTESIAN_POINT('',(-87.7745304314287,396.494198976092,108.162657767559));
#14165=CARTESIAN_POINT('Origin',(-87.2745304314286,396.494198976091,107.296632363775));
#14166=CARTESIAN_POINT('Ctrl Pts',(-86.274530431429,398.697096398935,110.760733978912));
#14167=CARTESIAN_POINT('Ctrl Pts',(-86.274530431429,398.236303910488,110.380958252372));
#14168=CARTESIAN_POINT('Ctrl Pts',(-86.438679804536,397.257551878548,109.414837536357));
#14169=CARTESIAN_POINT('Ctrl Pts',(-87.1940554327351,396.680243657776,108.497795164313));
#14170=CARTESIAN_POINT('Ctrl Pts',(-87.7745304314287,396.494198976092,108.162657767559));
#14171=CARTESIAN_POINT('Ctrl Pts',(-95.2633873934599,396.572378195322,102.684263646228));
#14172=CARTESIAN_POINT('Ctrl Pts',(-92.5300805075911,396.572378195322,104.130832823702));
#14173=CARTESIAN_POINT('Ctrl Pts',(-89.7978690599966,396.861371375865,105.576822253891));
#14174=CARTESIAN_POINT('Ctrl Pts',(-87.2745304314286,397.417380577694,106.912268303979));
#14175=CARTESIAN_POINT('Ctrl Pts',(-95.3381872185454,396.572378195322,102.813820743674));
#14176=CARTESIAN_POINT('Ctrl Pts',(-92.6103122508742,396.589461898843,104.269777109684));
#14177=CARTESIAN_POINT('Ctrl Pts',(-89.884887905362,396.899327457041,105.720937415835));
#14178=CARTESIAN_POINT('Ctrl Pts',(-87.3709903305313,397.476664556492,107.054659032512));
#14179=CARTESIAN_POINT('Ctrl Pts',(-95.4875345992906,396.503917031887,103.072497995102));
#14180=CARTESIAN_POINT('Ctrl Pts',(-92.7704612578875,396.544937218125,104.556169361996));
#14181=CARTESIAN_POINT('Ctrl Pts',(-90.0584256601907,396.88709859057,106.030323743089));
#14182=CARTESIAN_POINT('Ctrl Pts',(-87.5632858880415,397.500756605301,107.37769405152));
#14183=CARTESIAN_POINT('Ctrl Pts',(-95.6977645765856,396.169343374724,103.436626997051));
#14184=CARTESIAN_POINT('Ctrl Pts',(-92.9885692308782,396.212259138975,104.977941792185));
#14185=CARTESIAN_POINT('Ctrl Pts',(-90.2862849615731,396.566695340822,106.512425868736));
#14186=CARTESIAN_POINT('Ctrl Pts',(-87.803487095363,397.202931420772,107.917733423429));
#14187=CARTESIAN_POINT('Ctrl Pts',(-95.7633873934599,395.796777670579,103.550289050013));
#14188=CARTESIAN_POINT('Ctrl Pts',(-93.0430362829318,395.813144184139,105.121260162158));
#14189=CARTESIAN_POINT('Ctrl Pts',(-90.3257450619087,396.143113861761,106.689055286801));
#14190=CARTESIAN_POINT('Ctrl Pts',(-87.8226932024604,396.761348988523,108.13485097874));
#14191=CARTESIAN_POINT('Ctrl Pts',(-95.7633873934599,395.572378195322,103.550289050013));
#14192=CARTESIAN_POINT('Ctrl Pts',(-93.0300805075913,395.572378195322,105.128364516347));
#14193=CARTESIAN_POINT('Ctrl Pts',(-90.2978690599969,395.887643483187,106.705807531099));
#14194=CARTESIAN_POINT('Ctrl Pts',(-87.774530431429,396.494198976091,108.16265776756));
#14195=CARTESIAN_POINT('',(-95.7633873934599,395.572378195322,103.550289050013));
#14196=CARTESIAN_POINT('Origin',(-95.2633873934598,395.572378195322,102.684263646228));
#14197=CARTESIAN_POINT('Origin',(-95.763387393455,407.572378195322,103.550289050013));
#14198=CARTESIAN_POINT('Origin',(-95.263387393455,407.572378195322,102.684263646228));
#14199=CARTESIAN_POINT('Origin',(-92.7745304314277,395.572378195326,98.3477031913368));
#14200=CARTESIAN_POINT('',(-95.774530431428,395.572378195326,103.543855614043));
#14201=CARTESIAN_POINT('Origin',(-95.274530431428,395.572378195326,102.677830210259));
#14202=CARTESIAN_POINT('',(-98.774530431428,395.572378195326,98.3477031913366));
#14203=CARTESIAN_POINT('Origin',(-97.7745304314278,395.572378195326,98.3477031913366));
#14204=CARTESIAN_POINT('Origin',(-92.7745304314277,395.572378195326,98.3477031913368));
#14205=CARTESIAN_POINT('Origin',(-97.7745304314284,395.572378195322,103.114059630136));
#14206=CARTESIAN_POINT('',(-98.7745304314276,395.572378195322,89.1100988843026));
#14207=CARTESIAN_POINT('Origin',(-97.7745304314278,395.572378195322,89.1100988843027));
#14208=CARTESIAN_POINT('',(-98.7745304314284,395.572378195322,103.114059630136));
#14209=CARTESIAN_POINT('Origin',(-92.7745304314273,395.572378195326,89.1100988843029));
#14210=CARTESIAN_POINT('',(-95.774530431427,395.572378195326,83.9139464615961));
#14211=CARTESIAN_POINT('Origin',(-95.2745304314271,395.572378195326,84.7799718653805));
#14212=CARTESIAN_POINT('Origin',(-92.7745304314273,395.572378195326,89.1100988843029));
#14213=CARTESIAN_POINT('Origin',(-37.0884233111723,395.572378195325,51.186207256407));
#14214=CARTESIAN_POINT('Origin',(-87.2745304314274,395.572378195322,80.1611697118626));
#14215=CARTESIAN_POINT('',(-37.5884233111723,395.572378195325,50.3201818526226));
#14216=CARTESIAN_POINT('Origin',(-89.2745304314273,395.572378195316,76.6970680967247));
#14217=CARTESIAN_POINT('Origin',(-85.2745304314272,395.572378195316,76.697068096725));
#14218=CARTESIAN_POINT('Origin',(-85.2745304314278,395.572378195323,89.6906658714776));
#14219=CARTESIAN_POINT('Origin',(-85.2745304314268,395.572378195322,68.6841497920477));
#14220=CARTESIAN_POINT('Origin',(-85.2745304314274,407.572378195322,68.6841497920477));
#14221=CARTESIAN_POINT('Origin',(-85.2745304314269,407.572378195325,56.6841497920477));
#14222=CARTESIAN_POINT('Origin',(-85.2745304314265,399.572378240019,56.6841497920476));
#14223=CARTESIAN_POINT('Origin',(-85.274530431427,409.572378240021,56.6841497920477));
#14224=CARTESIAN_POINT('Origin',(-29.2106375516836,395.572378195325,140.819836548097));
#14225=CARTESIAN_POINT('',(-29.7106375516836,395.572378195326,141.685861951881));
#14226=CARTESIAN_POINT('Origin',(70.2254695685712,407.57237819533,102.684263646236));
#14227=CARTESIAN_POINT('',(-62.7745304314287,398.03365721967,108.16265776756));
#14228=CARTESIAN_POINT('Origin',(-72.263387393455,407.572378195323,102.684263646229));
#14229=CARTESIAN_POINT('',(-61.274530431429,400.10440477777,110.760733978913));
#14230=CARTESIAN_POINT('Ctrl Pts',(-62.7745304314284,398.033657219669,108.16265776756));
#14231=CARTESIAN_POINT('Ctrl Pts',(-62.543701227282,398.110198065009,108.295927070711));
#14232=CARTESIAN_POINT('Ctrl Pts',(-62.3380827874014,398.206599332959,108.456826172827));
#14233=CARTESIAN_POINT('Ctrl Pts',(-61.917894928563,398.472819394536,108.871620123995));
#14234=CARTESIAN_POINT('Ctrl Pts',(-61.6928483806896,398.70323291297,109.201005682877));
#14235=CARTESIAN_POINT('Ctrl Pts',(-61.4308874592307,399.141303043313,109.758051603875));
#14236=CARTESIAN_POINT('Ctrl Pts',(-61.3436051789563,399.39971914019,110.057768740891));
#14237=CARTESIAN_POINT('Ctrl Pts',(-61.2835011371453,399.817283306985,110.48797117361));
#14238=CARTESIAN_POINT('Ctrl Pts',(-61.2745304314289,399.960388314884,110.627567995232));
#14239=CARTESIAN_POINT('Ctrl Pts',(-61.2745304314289,400.10440477777,110.760733978913));
#14240=CARTESIAN_POINT('',(-61.274530431429,401.247822874989,111.684263646232));
#14241=CARTESIAN_POINT('Origin',(-61.274530431429,407.572378195324,102.68426364623));
#14242=CARTESIAN_POINT('Ctrl Pts',(-61.2745304314291,401.247822874988,111.684263646231));
#14243=CARTESIAN_POINT('Ctrl Pts',(-61.2745304314295,402.17532852457,112.336048178531));
#14244=CARTESIAN_POINT('Ctrl Pts',(-61.5717321309795,403.223312400823,112.852160318407));
#14245=CARTESIAN_POINT('Ctrl Pts',(-62.3448754637043,405.401513859961,113.528042564528));
#14246=CARTESIAN_POINT('Ctrl Pts',(-62.8298888633267,406.529601286075,113.68426364623));
#14247=CARTESIAN_POINT('Ctrl Pts',(-63.2745304314295,407.572378195326,113.684263646229));
#14248=CARTESIAN_POINT('',(-37.7745304314281,398.033657219672,108.162657767563));
#14249=CARTESIAN_POINT('Origin',(-47.263387393455,407.572378195325,102.684263646231));
#14250=CARTESIAN_POINT('',(-36.2745304314281,400.104404777773,110.760733978916));
#14251=CARTESIAN_POINT('Ctrl Pts',(-36.2745304314281,400.104404777773,110.760733978916));
#14252=CARTESIAN_POINT('Ctrl Pts',(-36.2745304314281,399.960388314887,110.627567995235));
#14253=CARTESIAN_POINT('Ctrl Pts',(-36.2835011371447,399.817283306987,110.487971173612));
#14254=CARTESIAN_POINT('Ctrl Pts',(-36.3436051789558,399.399719140192,110.057768740893));
#14255=CARTESIAN_POINT('Ctrl Pts',(-36.4308874592303,399.141303043315,109.758051603878));
#14256=CARTESIAN_POINT('Ctrl Pts',(-36.6928483806894,398.703232912972,109.201005682879));
#14257=CARTESIAN_POINT('Ctrl Pts',(-36.9178949285628,398.472819394539,108.871620123998));
#14258=CARTESIAN_POINT('Ctrl Pts',(-37.3380827874011,398.206599332962,108.45682617283));
#14259=CARTESIAN_POINT('Ctrl Pts',(-37.5437012272817,398.110198065011,108.295927070713));
#14260=CARTESIAN_POINT('Ctrl Pts',(-37.7745304314279,398.033657219672,108.162657767563));
#14261=CARTESIAN_POINT('',(-36.2745304314282,401.247822874994,111.684263646235));
#14262=CARTESIAN_POINT('Origin',(-36.2745304314285,407.572378195325,102.684263646231));
#14263=CARTESIAN_POINT('Ctrl Pts',(-38.2745304314284,407.572378195325,113.684263646235));
#14264=CARTESIAN_POINT('Ctrl Pts',(-37.8298888633261,406.529601286075,113.684263646235));
#14265=CARTESIAN_POINT('Ctrl Pts',(-37.3448754636977,405.401513859965,113.52804256453));
#14266=CARTESIAN_POINT('Ctrl Pts',(-36.5717321309778,403.223312400827,112.852160318409));
#14267=CARTESIAN_POINT('Ctrl Pts',(-36.2745304314283,402.175328524575,112.336048178534));
#14268=CARTESIAN_POINT('Ctrl Pts',(-36.2745304314282,401.247822874993,111.684263646235));
#14269=CARTESIAN_POINT('',(-12.7745304314285,398.033657219674,108.162657767564));
#14270=CARTESIAN_POINT('Origin',(-22.2633873934625,407.572378195326,102.684263646232));
#14271=CARTESIAN_POINT('',(-11.2745304314287,400.104404777775,110.760733978918));
#14272=CARTESIAN_POINT('Ctrl Pts',(-11.2745304314287,400.104404777775,110.760733978918));
#14273=CARTESIAN_POINT('Ctrl Pts',(-11.2745304314287,399.960388314889,110.627567995237));
#14274=CARTESIAN_POINT('Ctrl Pts',(-11.2835011371453,399.817283306989,110.487971173614));
#14275=CARTESIAN_POINT('Ctrl Pts',(-11.3436051789565,399.399719140194,110.057768740895));
#14276=CARTESIAN_POINT('Ctrl Pts',(-11.430887459231,399.141303043317,109.758051603879));
#14277=CARTESIAN_POINT('Ctrl Pts',(-11.69284838069,398.703232912974,109.201005682881));
#14278=CARTESIAN_POINT('Ctrl Pts',(-11.9178949285635,398.472819394541,108.871620124));
#14279=CARTESIAN_POINT('Ctrl Pts',(-12.3380827874019,398.206599332963,108.456826172832));
#14280=CARTESIAN_POINT('Ctrl Pts',(-12.5437012272824,398.110198065013,108.295927070715));
#14281=CARTESIAN_POINT('Ctrl Pts',(-12.7745304314287,398.033657219673,108.162657767565));
#14282=CARTESIAN_POINT('',(-11.2745304314292,401.247822874992,111.684263646234));
#14283=CARTESIAN_POINT('Origin',(-11.274530431429,407.572378195326,102.684263646232));
#14284=CARTESIAN_POINT('Ctrl Pts',(-11.2745304314288,401.247822874992,111.684263646234));
#14285=CARTESIAN_POINT('Ctrl Pts',(-11.2745304314289,401.659739370367,111.973729053163));
#14286=CARTESIAN_POINT('Ctrl Pts',(-11.3398348610888,402.12624452831,112.256522494387));
#14287=CARTESIAN_POINT('Ctrl Pts',(-11.5562196343326,403.084759984605,112.741588941192));
#14288=CARTESIAN_POINT('Ctrl Pts',(-11.7060162612108,403.576900387995,112.944176600762));
#14289=CARTESIAN_POINT('Ctrl Pts',(-12.0466066121738,404.578370744009,113.284766951724));
#14290=CARTESIAN_POINT('Ctrl Pts',(-12.2792433402685,405.183597199907,113.439453665641));
#14291=CARTESIAN_POINT('Ctrl Pts',(-12.7745291143136,406.400846506746,113.639075321714));
#14292=CARTESIAN_POINT('Ctrl Pts',(-13.0361206947049,407.013257802116,113.684263646232));
#14293=CARTESIAN_POINT('Ctrl Pts',(-13.274530431429,407.572378195329,113.684263646232));
#14294=CARTESIAN_POINT('',(4.2254695685717,396.606015915662,103.543855614048));
#14295=CARTESIAN_POINT('Ctrl Pts',(4.22546956857183,396.606015915661,103.543855614048));
#14296=CARTESIAN_POINT('Ctrl Pts',(4.11227213290716,396.600893135476,103.478501044095));
#14297=CARTESIAN_POINT('Ctrl Pts',(3.99408187188314,396.59690742666,103.42018411681));
#14298=CARTESIAN_POINT('Ctrl Pts',(3.50345124859422,396.584227445038,103.217150937248));
#14299=CARTESIAN_POINT('Ctrl Pts',(3.10192457972343,396.581903235718,103.141931825401));
#14300=CARTESIAN_POINT('Ctrl Pts',(2.72546956857167,396.581903235718,103.141931825401));
#14301=CARTESIAN_POINT('Ctrl Pts',(2.34901455741991,396.581903235718,103.141931825401));
#14302=CARTESIAN_POINT('Ctrl Pts',(1.94748788854911,396.584227445038,103.217150937248));
#14303=CARTESIAN_POINT('Ctrl Pts',(1.45685726526019,396.59690742666,103.42018411681));
#14304=CARTESIAN_POINT('Ctrl Pts',(1.33866700423617,396.600893135476,103.478501044095));
#14305=CARTESIAN_POINT('Ctrl Pts',(1.22546956857152,396.606015915661,103.543855614048));
#14306=CARTESIAN_POINT('',(10.7254695685715,397.586084848275,107.296632363781));
#14307=CARTESIAN_POINT('Origin',(2.73661260653748,407.572378195327,102.684263646233));
#14308=CARTESIAN_POINT('',(12.2254695685709,399.265183486686,109.894708575134));
#14309=CARTESIAN_POINT('Ctrl Pts',(10.7254695685717,397.586084848274,107.296632363781));
#14310=CARTESIAN_POINT('Ctrl Pts',(10.934386085155,397.641794680074,107.417250370868));
#14311=CARTESIAN_POINT('Ctrl Pts',(11.1232739332114,397.710868927237,107.560726866694));
#14312=CARTESIAN_POINT('Ctrl Pts',(11.5996545487905,397.941941701753,108.010287330371));
#14313=CARTESIAN_POINT('Ctrl Pts',(11.8492622324131,398.15176464232,108.382084343662));
#14314=CARTESIAN_POINT('Ctrl Pts',(12.1614189773196,398.662306816494,109.151392185428));
#14315=CARTESIAN_POINT('Ctrl Pts',(12.2254695685714,398.963962838026,109.547670548584));
#14316=CARTESIAN_POINT('Ctrl Pts',(12.2254695685714,399.265183486685,109.894708575134));
#14317=CARTESIAN_POINT('',(12.2254695685708,401.247822874993,111.684263646235));
#14318=CARTESIAN_POINT('Origin',(12.225469568571,407.572378195327,102.684263646233));
#14319=CARTESIAN_POINT('Ctrl Pts',(12.2254695685713,401.247822874993,111.684263646235));
#14320=CARTESIAN_POINT('Ctrl Pts',(12.2254695685713,401.659739370368,111.973729053164));
#14321=CARTESIAN_POINT('Ctrl Pts',(12.1601651389113,402.126244528311,112.256522494388));
#14322=CARTESIAN_POINT('Ctrl Pts',(11.9437803656675,403.084759984606,112.741588941193));
#14323=CARTESIAN_POINT('Ctrl Pts',(11.7939837387893,403.576900387996,112.944176600763));
#14324=CARTESIAN_POINT('Ctrl Pts',(11.4533933878263,404.578370744011,113.284766951725));
#14325=CARTESIAN_POINT('Ctrl Pts',(11.2207566597316,405.183597199908,113.439453665642));
#14326=CARTESIAN_POINT('Ctrl Pts',(10.7254708856864,406.400846506747,113.639075321715));
#14327=CARTESIAN_POINT('Ctrl Pts',(10.4638793052952,407.013257802117,113.684263646233));
#14328=CARTESIAN_POINT('Ctrl Pts',(10.2254695685711,407.57237819533,113.684263646233));
#14329=CARTESIAN_POINT('Origin',(14.2254695685716,407.572378195328,102.684263646233));
#14330=CARTESIAN_POINT('',(-8.27453043142841,396.956175072861,105.564581556211));
#14331=CARTESIAN_POINT('Origin',(-3.28567346939456,407.572378195327,102.684263646232));
#14332=CARTESIAN_POINT('Ctrl Pts',(-11.2745304314284,396.95617507286,105.564581556211));
#14333=CARTESIAN_POINT('Ctrl Pts',(-11.1869601456062,396.969892332067,105.615140284303));
#14334=CARTESIAN_POINT('Ctrl Pts',(-11.0967892065234,396.982801433514,105.661297577944));
#14335=CARTESIAN_POINT('Ctrl Pts',(-11.0043391204484,396.994658729741,105.702847901704));
#14336=CARTESIAN_POINT('Ctrl Pts',(-10.8990930467093,397.008157190652,105.750149192855));
#14337=CARTESIAN_POINT('Ctrl Pts',(-10.7910817286903,397.02026658875,105.791395831487));
#14338=CARTESIAN_POINT('Ctrl Pts',(-10.6808035916028,397.030682886127,105.826342577133));
#14339=CARTESIAN_POINT('Ctrl Pts',(-10.6700395120563,397.031699604912,105.829753675288));
#14340=CARTESIAN_POINT('Ctrl Pts',(-10.6592538355902,397.032700233464,105.833104743914));
#14341=CARTESIAN_POINT('Ctrl Pts',(-10.6484470257179,397.033684516083,105.836395549417));
#14342=CARTESIAN_POINT('Ctrl Pts',(-10.5456985403331,397.043042832688,105.867683717262));
#14343=CARTESIAN_POINT('Ctrl Pts',(-10.4413164903651,397.050894298024,105.893440968242));
#14344=CARTESIAN_POINT('Ctrl Pts',(-10.3357179451862,397.057069671312,105.913549425597));
#14345=CARTESIAN_POINT('Ctrl Pts',(-10.2710410150614,397.060851960036,105.925865440832));
#14346=CARTESIAN_POINT('Ctrl Pts',(-10.2059077399018,397.064006424618,105.936062184111));
#14347=CARTESIAN_POINT('Ctrl Pts',(-10.140413945559,397.066503553027,105.944109961674));
#14348=CARTESIAN_POINT('Ctrl Pts',(-10.0716477072671,397.069125452231,105.952559852159));
#14349=CARTESIAN_POINT('Ctrl Pts',(-10.0025947720979,397.071018332987,105.958627069331));
#14350=CARTESIAN_POINT('Ctrl Pts',(-9.93336843554876,397.072164187226,105.962297475237));
#14351=CARTESIAN_POINT('Ctrl Pts',(-9.90161417617112,397.072689792863,105.963981097786));
#14352=CARTESIAN_POINT('Ctrl Pts',(-9.86983386758727,397.073058179163,105.965159818886));
#14353=CARTESIAN_POINT('Ctrl Pts',(-9.83803848575417,397.073268604513,105.965833057368));
#14354=CARTESIAN_POINT('Ctrl Pts',(-9.82556151753102,397.073351178467,105.966097245897));
#14355=CARTESIAN_POINT('Ctrl Pts',(-9.81308294123028,397.073409428173,105.966283579026));
#14356=CARTESIAN_POINT('Ctrl Pts',(-9.80060342056551,397.07344333555,105.966392042591));
#14357=CARTESIAN_POINT('Ctrl Pts',(-9.79191264171067,397.073466948758,105.966467576971));
#14358=CARTESIAN_POINT('Ctrl Pts',(-9.78322157060176,397.073478756251,105.966505344858));
#14359=CARTESIAN_POINT('Ctrl Pts',(-9.77453043142845,397.073478756251,105.966505344858));
#14360=CARTESIAN_POINT('Ctrl Pts',(-9.76583929225516,397.073478756251,105.966505344858));
#14361=CARTESIAN_POINT('Ctrl Pts',(-9.75714822114629,397.073466948758,105.966467576971));
#14362=CARTESIAN_POINT('Ctrl Pts',(-9.74845744229148,397.07344333555,105.966392042591));
#14363=CARTESIAN_POINT('Ctrl Pts',(-9.73597792162684,397.073409428173,105.966283579026));
#14364=CARTESIAN_POINT('Ctrl Pts',(-9.72349934532618,397.073351178467,105.966097245897));
#14365=CARTESIAN_POINT('Ctrl Pts',(-9.71102237710319,397.073268604513,105.965833057368));
#14366=CARTESIAN_POINT('Ctrl Pts',(-9.67922699527096,397.073058179163,105.965159818886));
#14367=CARTESIAN_POINT('Ctrl Pts',(-9.64744668668799,397.072689792863,105.963981097787));
#14368=CARTESIAN_POINT('Ctrl Pts',(-9.61569242731119,397.072164187226,105.962297475238));
#14369=CARTESIAN_POINT('Ctrl Pts',(-9.54646609076423,397.071018332988,105.958627069332));
#14370=CARTESIAN_POINT('Ctrl Pts',(-9.47741315559724,397.069125452231,105.95255985216));
#14371=CARTESIAN_POINT('Ctrl Pts',(-9.40864691730745,397.066503553027,105.944109961676));
#14372=CARTESIAN_POINT('Ctrl Pts',(-9.30171467134645,397.062426471344,105.930970290376));
#14373=CARTESIAN_POINT('Ctrl Pts',(-9.19574347421093,397.056594415708,105.912102816529));
#14374=CARTESIAN_POINT('Ctrl Pts',(-9.09115039527293,397.049145849107,105.887633900744));
#14375=CARTESIAN_POINT('Ctrl Pts',(-9.02708929246473,397.044583755748,105.872647194686));
#14376=CARTESIAN_POINT('Ctrl Pts',(-8.9635451644801,397.039416291918,105.855558906669));
#14377=CARTESIAN_POINT('Ctrl Pts',(-8.90061383717062,397.033684516086,105.836395549427));
#14378=CARTESIAN_POINT('Ctrl Pts',(-8.78989792734991,397.023600527661,105.8026812036));
#14379=CARTESIAN_POINT('Ctrl Pts',(-8.68140018607773,397.011796520623,105.762642498598));
#14380=CARTESIAN_POINT('Ctrl Pts',(-8.57561903856515,396.998571533487,105.716525620081));
#14381=CARTESIAN_POINT('Ctrl Pts',(-8.56529390323644,396.997280662806,105.712024222404));
#14382=CARTESIAN_POINT('Ctrl Pts',(-8.55499465001637,396.995976293778,105.707464908083));
#14383=CARTESIAN_POINT('Ctrl Pts',(-8.54472174241853,396.994658729742,105.702847901709));
#14384=CARTESIAN_POINT('Ctrl Pts',(-8.45227165634,396.982801433515,105.661297577948));
#14385=CARTESIAN_POINT('Ctrl Pts',(-8.36210071725389,396.969892332068,105.615140284305));
#14386=CARTESIAN_POINT('Ctrl Pts',(-8.2745304314285,396.95617507286,105.564581556211));
#14387=CARTESIAN_POINT('',(-86.2745304314287,396.956175072856,105.564581556206));
#14388=CARTESIAN_POINT('Ctrl Pts',(-83.274530431429,396.956175072856,105.564581556206));
#14389=CARTESIAN_POINT('Ctrl Pts',(-83.3866447651715,396.973736981697,105.629310796972));
#14390=CARTESIAN_POINT('Ctrl Pts',(-83.5037096150869,396.990069274971,105.687169969908));
#14391=CARTESIAN_POINT('Ctrl Pts',(-83.993052681997,397.048764634625,105.890348476098));
#14392=CARTESIAN_POINT('Ctrl Pts',(-84.3955863300874,397.073478756247,105.966505344852));
#14393=CARTESIAN_POINT('Ctrl Pts',(-85.1538641582464,397.073478756247,105.966505344852));
#14394=CARTESIAN_POINT('Ctrl Pts',(-85.5567812611047,397.048712936744,105.890193566425));
#14395=CARTESIAN_POINT('Ctrl Pts',(-86.0460382657461,396.989973449718,105.686830399346));
#14396=CARTESIAN_POINT('Ctrl Pts',(-86.1627428975178,396.97368579084,105.629122119001));
#14397=CARTESIAN_POINT('Ctrl Pts',(-86.2745304314283,396.956175072856,105.564581556206));
#14398=CARTESIAN_POINT('Origin',(-91.2633873934551,407.572378195322,102.684263646229));
#14399=CARTESIAN_POINT('Origin',(-25.2743218658735,409.572378240024,85.6842549608045));
#14400=CARTESIAN_POINT('Origin',(14.2254695685734,409.572378240025,56.684149792052));
#14401=CARTESIAN_POINT('',(13.2254695685736,409.572378240025,52.684149792052));
#14402=CARTESIAN_POINT('Origin',(13.2254695685735,409.572378240025,54.684149792052));
#14403=CARTESIAN_POINT('',(-84.2745304314268,409.572378240022,52.6841497920463));
#14404=CARTESIAN_POINT('',(-83.9494256849351,409.572378240022,52.6841497920463));
#14405=CARTESIAN_POINT('Origin',(-84.2745304314269,409.572378240021,54.6841497920477));
#14406=CARTESIAN_POINT('Origin',(-95.7745304314273,389.57237824002,83.9139464615963));
#14407=CARTESIAN_POINT('',(-95.7745304314269,389.572378240022,83.9139464615961));
#14408=CARTESIAN_POINT('Origin',(-84.2745304314293,399.572378240024,116.684263646235));
#14409=CARTESIAN_POINT('',(-86.2745304314288,409.572378240022,116.684263646234));
#14410=CARTESIAN_POINT('Origin',(-84.2745304314298,409.572378240021,116.684263646235));
#14411=CARTESIAN_POINT('',(-86.2745304314292,399.572378240024,116.684263646234));
#14412=CARTESIAN_POINT('Origin',(-38.2745304314279,389.572378240024,111.684263646235));
#14413=CARTESIAN_POINT('',(-36.2745304314279,389.572378240024,111.684263646235));
#14414=CARTESIAN_POINT('Origin',(-36.2745304314279,389.572378240024,110.760733978916));
#14415=CARTESIAN_POINT('',(-36.2745304314279,389.572378240024,110.760733978916));
#14416=CARTESIAN_POINT('Origin',(-39.2745304314279,389.572378240024,110.760733978916));
#14417=CARTESIAN_POINT('',(-37.7745304314279,389.572378240024,108.162657767563));
#14418=CARTESIAN_POINT('Origin',(-92.7745304314276,389.572378240022,98.3477031913368));
#14419=CARTESIAN_POINT('',(-95.7745304314279,389.572378240022,103.543855614043));
#14420=CARTESIAN_POINT('',(-98.7745304314279,389.572378240022,98.3477031913366));
#14421=CARTESIAN_POINT('Origin',(-92.7745304314271,389.572378240022,89.1100988843029));
#14422=CARTESIAN_POINT('',(-98.7745304314275,389.572378240022,89.1100988843026));
#14423=CARTESIAN_POINT('Origin',(-25.2743218658735,409.572378240024,85.6842549608045));
#14424=CARTESIAN_POINT('',(-86.274530431428,409.572378240022,98.6842593035175));
#14425=CARTESIAN_POINT('Origin',(14.2254695685709,409.572378240032,114.684263646233));
#14426=CARTESIAN_POINT('Origin',(-98.7745304314281,389.572378240024,103.543855614043));
#14427=CARTESIAN_POINT('Origin',(-84.2745304314264,399.572378240019,54.6841497920477));
#14428=CARTESIAN_POINT('',(-84.2745304314266,404.284970266991,52.6841497920477));
#14429=CARTESIAN_POINT('Origin',(-84.2745304314265,401.428674253506,54.6841497920477));
#14430=CARTESIAN_POINT('',(-84.2745304314263,399.572378240019,52.6841497920477));
#14431=CARTESIAN_POINT('Origin',(15.2254695685737,404.284970266993,52.684149792052));
#14432=CARTESIAN_POINT('',(13.2254695685737,404.284970266993,52.684149792052));
#14433=CARTESIAN_POINT('',(15.2254695685737,404.284970266993,52.6841497920521));
#14434=CARTESIAN_POINT('Origin',(13.2254695685737,401.428674253509,54.684149792052));
#14435=CARTESIAN_POINT('Origin',(-84.7745304314282,389.572378240025,102.966505344854));
#14436=CARTESIAN_POINT('',(-86.2745304314283,389.572378240026,105.564581556208));
#14437=CARTESIAN_POINT('Origin',(-94.2745304314281,389.572378240024,100.94577940269));
#14438=CARTESIAN_POINT('',(-94.2745304314282,389.572378240024,100.94577940269));
#14439=CARTESIAN_POINT('Origin',(-87.7745304314283,389.572378240026,108.162657767561));
#14440=CARTESIAN_POINT('',(-87.7745304314283,389.572378240026,108.162657767561));
#14441=CARTESIAN_POINT('Origin',(-89.2745304314284,389.572378240027,110.760733978914));
#14442=CARTESIAN_POINT('',(-86.2745304314284,389.572378240027,110.760733978914));
#14443=CARTESIAN_POINT('Origin',(-86.2745304314285,389.572378240027,111.684263646233));
#14444=CARTESIAN_POINT('Origin',(-62.7745304314283,389.572378240027,108.162657767562));
#14445=CARTESIAN_POINT('',(-62.7745304314283,389.572378240027,108.162657767562));
#14446=CARTESIAN_POINT('Origin',(-64.2745304314284,389.572378240028,110.760733978915));
#14447=CARTESIAN_POINT('',(-61.2745304314284,389.572378240028,110.760733978915));
#14448=CARTESIAN_POINT('Origin',(-61.2745304314285,389.572378240028,111.684263646235));
#14449=CARTESIAN_POINT('',(-61.2745304314285,389.572378240028,111.684263646235));
#14450=CARTESIAN_POINT('Origin',(-63.2745304314285,389.572378240028,111.684263646234));
#14451=CARTESIAN_POINT('Origin',(-39.4741114454623,389.572378240028,107.181404211601));
#14452=CARTESIAN_POINT('Origin',(-54.0752407351352,396.572378195325,58.684149792049));
#14453=CARTESIAN_POINT('',(-53.5752407351352,396.572378195325,59.5501751958335));
#14454=CARTESIAN_POINT('Origin',(-53.5752407351352,396.572378195325,59.5501751958335));
#14455=CARTESIAN_POINT('Origin',(-95.7745304314276,389.572378240021,89.110098884303));
#14456=CARTESIAN_POINT('',(-95.7745304314276,389.572378240021,89.110098884303));
#14457=CARTESIAN_POINT('',(-95.7745304314281,389.572378240023,98.347703191337));
#14458=CARTESIAN_POINT('Origin',(-92.7745304314276,389.572378240021,89.1100988843031));
#14459=CARTESIAN_POINT('Origin',(-92.774530431428,389.572378240023,98.3477031913371));
#14460=CARTESIAN_POINT('Origin',(15.2254695685735,409.572378240025,52.6841497920521));
#14461=CARTESIAN_POINT('',(13.2254695685736,409.572378240025,52.684149792052));
#14462=CARTESIAN_POINT('Origin',(13.2254695685735,409.572378240025,54.684149792052));
#14463=CARTESIAN_POINT('Origin',(14.2254695685709,411.072378336885,114.684263646232));
#14464=CARTESIAN_POINT('Origin',(14.225469568571,407.572378195331,114.684263646233));
#14465=CARTESIAN_POINT('Origin',(14.2254695685716,407.572378195328,102.684263646233));
#14466=CARTESIAN_POINT('Origin',(14.2254695685718,395.572378195328,102.684263646233));
#14467=CARTESIAN_POINT('Origin',(14.2254695685715,395.572378195328,110.684263646236));
#14468=CARTESIAN_POINT('Origin',(14.2254695685733,395.572378195327,68.6841497920521));
#14469=CARTESIAN_POINT('Origin',(14.2254695685731,407.572378195327,68.684149792052));
#14470=CARTESIAN_POINT('Origin',(14.2254695685735,407.572378195327,56.684149792052));
#14471=CARTESIAN_POINT('Origin',(14.2254695685734,409.572378240025,56.684149792052));
#14472=CARTESIAN_POINT('Origin',(12.2254695685735,389.572378240025,66.5934383859123));
#14473=CARTESIAN_POINT('',(12.225469568573,389.572378240025,77.5630935005152));
#14474=CARTESIAN_POINT('',(12.2254695685735,389.572378240025,66.5934383859123));
#14475=CARTESIAN_POINT('Origin',(8.21712204231703,389.572378240025,62.5471670550534));
#14476=CARTESIAN_POINT('',(10.7254695685736,389.572378240025,63.9953621745589));
#14477=CARTESIAN_POINT('',(4.22546956857376,389.572378240025,60.242585424826));
#14478=CARTESIAN_POINT('Origin',(9.22546956857348,389.572378240025,66.5934383859122));
#14479=CARTESIAN_POINT('Origin',(9.22546956857159,389.572378240025,109.894708575134));
#14480=CARTESIAN_POINT('',(12.2254695685716,389.572378240025,109.894708575134));
#14481=CARTESIAN_POINT('',(10.7254695685717,389.572378240025,107.296632363781));
#14482=CARTESIAN_POINT('Origin',(4.22546956857184,389.572378240025,103.543855614048));
#14483=CARTESIAN_POINT('',(4.22546956857184,389.572378240025,103.543855614048));
#14484=CARTESIAN_POINT('Origin',(10.2254695685713,401.072378336885,111.684263646235));
#14485=CARTESIAN_POINT('',(12.2254695685712,401.072378336885,111.684263646235));
#14486=CARTESIAN_POINT('Origin',(12.2254695685716,389.572378240025,108.162657767565));
#14487=CARTESIAN_POINT('Origin',(7.22546956857252,389.572378240025,89.1100988843075));
#14488=CARTESIAN_POINT('',(5.72546956857261,389.572378240025,86.5120226729541));
#14489=CARTESIAN_POINT('',(4.22546956857259,389.572378240025,89.1100988843073));
#14490=CARTESIAN_POINT('Origin',(11.2254695685727,389.572378240025,84.4912967307907));
#14491=CARTESIAN_POINT('',(10.7254695685728,389.572378240025,83.6252713270062));
#14492=CARTESIAN_POINT('Origin',(5.72546956857261,389.572378240025,86.5120226729541));
#14493=CARTESIAN_POINT('Origin',(10.7254695685729,389.572378240025,80.1611697118685));
#14494=CARTESIAN_POINT('',(10.7254695685729,389.572378240025,80.1611697118685));
#14495=CARTESIAN_POINT('Origin',(9.22546956857298,389.572378240025,77.5630935005151));
#14496=CARTESIAN_POINT('Origin',(4.22546956857252,399.572378240025,86.1842067191459));
#14497=CARTESIAN_POINT('Origin',(-9.77453043142672,409.572378240024,59.6652351556359));
#14498=CARTESIAN_POINT('',(-11.2745304314268,409.572378240024,62.2633113669891));
#14499=CARTESIAN_POINT('Origin',(-15.4738201277179,409.572378240024,58.6841497920507));
#14500=CARTESIAN_POINT('',(-15.9738201277179,409.572378240024,59.5501751958351));
#14501=CARTESIAN_POINT('Origin',(-19.2058709352868,409.572378240024,57.6841497920506));
#14502=CARTESIAN_POINT('Origin',(-9.77453043142814,389.572378240024,102.966505344858));
#14503=CARTESIAN_POINT('',(-8.27453043142826,389.572378240024,105.564581556211));
#14504=CARTESIAN_POINT('Origin',(-14.2745304314285,389.572378240024,110.760733978918));
#14505=CARTESIAN_POINT('',(-11.2745304314285,389.572378240024,110.760733978918));
#14506=CARTESIAN_POINT('',(-12.7745304314284,389.572378240024,108.162657767564));
#14507=CARTESIAN_POINT('Origin',(-20.7745304314282,389.572378240024,103.543855614047));
#14508=CARTESIAN_POINT('Origin',(-13.2745304314288,401.072378336884,111.684263646234));
#14509=CARTESIAN_POINT('',(-11.2745304314288,401.072378336884,111.684263646234));
#14510=CARTESIAN_POINT('Origin',(-11.2745304314285,389.572378240024,110.760733978918));
#14511=CARTESIAN_POINT('Origin',(2.72546956857171,389.572378240025,106.141931825401));
#14512=CARTESIAN_POINT('Origin',(-0.274530431428044,389.572378240025,100.945779402694));
#14513=CARTESIAN_POINT('Origin',(2.72546956857363,389.572378240025,62.8406616361793));
#14514=CARTESIAN_POINT('Origin',(2.72546956857086,399.572378240025,118.684263646238));
#14515=CARTESIAN_POINT('',(4.32546956857086,399.572378240025,118.684263646238));
#14516=CARTESIAN_POINT('Origin',(-72.2745304314292,399.572378240022,118.684263646235));
#14517=CARTESIAN_POINT('',(-70.6745304314292,399.572378240022,118.684263646235));
#14518=CARTESIAN_POINT('Origin',(-35.0243209434491,394.072378240024,63.6841497920497));
#14519=CARTESIAN_POINT('',(-37.1245304314266,394.072378240024,63.6841497920496));
#14520=CARTESIAN_POINT('Origin',(-34.7745304314266,394.072378240024,63.6841497920497));
#14521=CARTESIAN_POINT('Origin',(-34.7745304314263,394.072378240024,56.6841497920497));
#14522=CARTESIAN_POINT('',(-37.1245304314263,394.072378240024,56.6841497920496));
#14523=CARTESIAN_POINT('Origin',(-33.2745304314269,409.572378240024,62.2633113669882));
#14524=CARTESIAN_POINT('',(-28.5752407351355,409.572378240024,59.5501751958346));
#14525=CARTESIAN_POINT('Origin',(-29.0752407351355,409.572378240024,58.6841497920501));
#14526=CARTESIAN_POINT('',(0.,0.,0.));
#14527=CARTESIAN_POINT('Origin',(11.5195457799266,389.572378240025,70.5782659432133));
#14528=CARTESIAN_POINT('',(11.5195457799266,389.572378240025,70.5782659432133));
#14529=CARTESIAN_POINT('',(11.5195457799266,389.572378240025,73.5782659432133));
#14530=CARTESIAN_POINT('',(11.5195457799266,389.572378240025,70.5782659432133));
#14531=CARTESIAN_POINT('',(11.5195457799266,392.572378240025,73.5782659432133));
#14532=CARTESIAN_POINT('',(11.5195457799266,389.572378240025,73.5782659432133));
#14533=CARTESIAN_POINT('',(11.5195457799266,392.572378240025,70.5782659432133));
#14534=CARTESIAN_POINT('',(11.5195457799266,392.572378240025,70.5782659432133));
#14535=CARTESIAN_POINT('',(11.5195457799266,389.572378240025,70.5782659432133));
#14536=CARTESIAN_POINT('Origin',(8.92146956857325,389.572378240025,69.0782659432133));
#14537=CARTESIAN_POINT('',(8.92146956857325,389.572378240025,69.0782659432133));
#14538=CARTESIAN_POINT('',(8.92146956857325,389.572378240025,69.0782659432133));
#14539=CARTESIAN_POINT('',(8.92146956857325,392.572378240025,69.0782659432133));
#14540=CARTESIAN_POINT('',(8.92146956857325,392.572378240025,69.0782659432133));
#14541=CARTESIAN_POINT('',(8.92146956857325,389.572378240025,69.0782659432133));
#14542=CARTESIAN_POINT('Origin',(6.32339335721994,389.572378240025,70.5782659432133));
#14543=CARTESIAN_POINT('',(6.32339335721994,389.572378240025,70.5782659432133));
#14544=CARTESIAN_POINT('',(6.32339335721994,389.572378240025,70.5782659432133));
#14545=CARTESIAN_POINT('',(6.32339335721994,392.572378240025,70.5782659432133));
#14546=CARTESIAN_POINT('',(6.32339335721994,392.572378240025,70.5782659432133));
#14547=CARTESIAN_POINT('',(6.32339335721994,389.572378240025,70.5782659432133));
#14548=CARTESIAN_POINT('Origin',(6.32339335721995,389.572378240025,73.5782659432133));
#14549=CARTESIAN_POINT('',(6.32339335721995,389.572378240025,73.5782659432133));
#14550=CARTESIAN_POINT('',(6.32339335721995,389.572378240025,73.5782659432133));
#14551=CARTESIAN_POINT('',(6.32339335721995,392.572378240025,73.5782659432133));
#14552=CARTESIAN_POINT('',(6.32339335721995,392.572378240025,73.5782659432133));
#14553=CARTESIAN_POINT('',(6.32339335721995,389.572378240025,73.5782659432133));
#14554=CARTESIAN_POINT('Origin',(8.92146956857327,389.572378240025,75.0782659432133));
#14555=CARTESIAN_POINT('',(8.92146956857327,389.572378240025,75.0782659432133));
#14556=CARTESIAN_POINT('',(8.92146956857327,389.572378240025,75.0782659432133));
#14557=CARTESIAN_POINT('',(8.92146956857327,392.572378240025,75.0782659432133));
#14558=CARTESIAN_POINT('',(8.92146956857327,392.572378240025,75.0782659432133));
#14559=CARTESIAN_POINT('',(8.92146956857327,389.572378240025,75.0782659432133));
#14560=CARTESIAN_POINT('Origin',(11.5195457799266,389.572378240025,73.5782659432133));
#14561=CARTESIAN_POINT('',(11.5195457799266,389.572378240025,73.5782659432133));
#14562=CARTESIAN_POINT('',(11.5195457799266,392.572378240025,73.5782659432133));
#14563=CARTESIAN_POINT('Origin',(-0.872454220073431,389.572378240025,70.5782659432133));
#14564=CARTESIAN_POINT('',(-0.872454220073431,389.572378240025,70.5782659432133));
#14565=CARTESIAN_POINT('',(-0.872454220073422,389.572378240025,73.5782659432133));
#14566=CARTESIAN_POINT('',(-0.872454220073431,389.572378240025,70.5782659432133));
#14567=CARTESIAN_POINT('',(-0.872454220073422,392.572378240025,73.5782659432133));
#14568=CARTESIAN_POINT('',(-0.872454220073422,389.572378240025,73.5782659432133));
#14569=CARTESIAN_POINT('',(-0.872454220073431,392.572378240025,70.5782659432133));
#14570=CARTESIAN_POINT('',(-0.872454220073431,392.572378240025,70.5782659432133));
#14571=CARTESIAN_POINT('',(-0.872454220073431,389.572378240025,70.5782659432133));
#14572=CARTESIAN_POINT('Origin',(-3.47053043142675,389.572378240025,69.0782659432133));
#14573=CARTESIAN_POINT('',(-3.47053043142675,389.572378240025,69.0782659432133));
#14574=CARTESIAN_POINT('',(-3.47053043142675,389.572378240025,69.0782659432133));
#14575=CARTESIAN_POINT('',(-3.47053043142675,392.572378240025,69.0782659432133));
#14576=CARTESIAN_POINT('',(-3.47053043142675,392.572378240025,69.0782659432133));
#14577=CARTESIAN_POINT('',(-3.47053043142675,389.572378240025,69.0782659432133));
#14578=CARTESIAN_POINT('Origin',(-6.06860664278006,389.572378240025,70.5782659432133));
#14579=CARTESIAN_POINT('',(-6.06860664278006,389.572378240025,70.5782659432133));
#14580=CARTESIAN_POINT('',(-6.06860664278006,389.572378240025,70.5782659432133));
#14581=CARTESIAN_POINT('',(-6.06860664278006,392.572378240025,70.5782659432133));
#14582=CARTESIAN_POINT('',(-6.06860664278006,392.572378240025,70.5782659432133));
#14583=CARTESIAN_POINT('',(-6.06860664278006,389.572378240025,70.5782659432133));
#14584=CARTESIAN_POINT('Origin',(-6.06860664278005,389.572378240025,73.5782659432133));
#14585=CARTESIAN_POINT('',(-6.06860664278005,389.572378240025,73.5782659432133));
#14586=CARTESIAN_POINT('',(-6.06860664278005,389.572378240025,73.5782659432133));
#14587=CARTESIAN_POINT('',(-6.06860664278005,392.572378240025,73.5782659432133));
#14588=CARTESIAN_POINT('',(-6.06860664278005,392.572378240025,73.5782659432133));
#14589=CARTESIAN_POINT('',(-6.06860664278005,389.572378240025,73.5782659432133));
#14590=CARTESIAN_POINT('Origin',(-3.47053043142673,389.572378240025,75.0782659432133));
#14591=CARTESIAN_POINT('',(-3.47053043142673,389.572378240025,75.0782659432133));
#14592=CARTESIAN_POINT('',(-3.47053043142673,389.572378240025,75.0782659432133));
#14593=CARTESIAN_POINT('',(-3.47053043142673,392.572378240025,75.0782659432133));
#14594=CARTESIAN_POINT('',(-3.47053043142673,392.572378240025,75.0782659432133));
#14595=CARTESIAN_POINT('',(-3.47053043142673,389.572378240025,75.0782659432133));
#14596=CARTESIAN_POINT('Origin',(-0.872454220073422,389.572378240025,73.5782659432133));
#14597=CARTESIAN_POINT('',(-0.872454220073422,389.572378240025,73.5782659432133));
#14598=CARTESIAN_POINT('',(-0.872454220073422,392.572378240025,73.5782659432133));
#14599=CARTESIAN_POINT('Origin',(2.22562199128005,389.57237898125,75.944291346998));
#14600=CARTESIAN_POINT('',(2.22562199128005,389.57237898125,75.944291346998));
#14601=CARTESIAN_POINT('',(2.22562199128005,389.57237898125,78.944291346998));
#14602=CARTESIAN_POINT('',(2.22562199128005,389.57237898125,75.944291346998));
#14603=CARTESIAN_POINT('',(2.22562199128005,392.57237898125,78.944291346998));
#14604=CARTESIAN_POINT('',(2.22562199128005,389.57237898125,78.944291346998));
#14605=CARTESIAN_POINT('',(2.22562199128005,392.57237898125,75.944291346998));
#14606=CARTESIAN_POINT('',(2.22562199128005,392.57237898125,75.944291346998));
#14607=CARTESIAN_POINT('',(2.22562199128005,389.57237898125,75.944291346998));
#14608=CARTESIAN_POINT('Origin',(-0.372454220073255,389.57237898125,74.444291346998));
#14609=CARTESIAN_POINT('',(-0.372454220073255,389.57237898125,74.444291346998));
#14610=CARTESIAN_POINT('',(-0.372454220073255,389.57237898125,74.444291346998));
#14611=CARTESIAN_POINT('',(-0.372454220073255,392.57237898125,74.444291346998));
#14612=CARTESIAN_POINT('',(-0.372454220073255,392.57237898125,74.444291346998));
#14613=CARTESIAN_POINT('',(-0.372454220073255,389.57237898125,74.444291346998));
#14614=CARTESIAN_POINT('Origin',(-2.97053043142651,389.572378671429,75.9442913469981));
#14615=CARTESIAN_POINT('',(-2.97053043142651,389.572378671429,75.9442913469981));
#14616=CARTESIAN_POINT('',(-2.97053043142651,389.572378671429,75.9442913469981));
#14617=CARTESIAN_POINT('',(-2.97053043142651,392.572378671429,75.9442913469981));
#14618=CARTESIAN_POINT('',(-2.97053043142651,392.572378671429,75.9442913469981));
#14619=CARTESIAN_POINT('',(-2.97053043142651,389.572378671429,75.9442913469981));
#14620=CARTESIAN_POINT('Origin',(-2.97053043142659,389.57237898125,78.944291346998));
#14621=CARTESIAN_POINT('',(-2.97053043142659,389.57237898125,78.944291346998));
#14622=CARTESIAN_POINT('',(-2.97053043142659,389.57237898125,78.944291346998));
#14623=CARTESIAN_POINT('',(-2.97053043142659,392.57237898125,78.944291346998));
#14624=CARTESIAN_POINT('',(-2.97053043142659,392.57237898125,78.944291346998));
#14625=CARTESIAN_POINT('',(-2.97053043142659,389.57237898125,78.944291346998));
#14626=CARTESIAN_POINT('Origin',(-0.372454220073273,389.57237898125,80.444291346998));
#14627=CARTESIAN_POINT('',(-0.372454220073273,389.57237898125,80.444291346998));
#14628=CARTESIAN_POINT('',(-0.372454220073273,389.57237898125,80.444291346998));
#14629=CARTESIAN_POINT('',(-0.372454220073273,392.57237898125,80.444291346998));
#14630=CARTESIAN_POINT('',(-0.372454220073273,392.57237898125,80.444291346998));
#14631=CARTESIAN_POINT('',(-0.372454220073273,389.57237898125,80.444291346998));
#14632=CARTESIAN_POINT('Origin',(2.22562199128005,389.57237898125,78.944291346998));
#14633=CARTESIAN_POINT('',(2.22562199128005,389.57237898125,78.944291346998));
#14634=CARTESIAN_POINT('',(2.22562199128005,392.57237898125,78.944291346998));
#14635=CARTESIAN_POINT('Origin',(8.42162199128006,389.57237898125,65.212291346998));
#14636=CARTESIAN_POINT('',(8.42162199128006,389.57237898125,65.212291346998));
#14637=CARTESIAN_POINT('',(8.42162199128005,389.57237898125,68.212291346998));
#14638=CARTESIAN_POINT('',(8.42162199128006,389.57237898125,65.212291346998));
#14639=CARTESIAN_POINT('',(8.42162199128005,392.57237898125,68.212291346998));
#14640=CARTESIAN_POINT('',(8.42162199128005,389.57237898125,68.212291346998));
#14641=CARTESIAN_POINT('',(8.42162199128006,392.57237898125,65.212291346998));
#14642=CARTESIAN_POINT('',(8.42162199128006,392.57237898125,65.212291346998));
#14643=CARTESIAN_POINT('',(8.42162199128006,389.57237898125,65.212291346998));
#14644=CARTESIAN_POINT('Origin',(5.82354577992674,389.57237898125,63.712291346998));
#14645=CARTESIAN_POINT('',(5.82354577992674,389.57237898125,63.712291346998));
#14646=CARTESIAN_POINT('',(5.82354577992674,389.57237898125,63.712291346998));
#14647=CARTESIAN_POINT('',(5.82354577992674,392.57237898125,63.712291346998));
#14648=CARTESIAN_POINT('',(5.82354577992674,392.57237898125,63.712291346998));
#14649=CARTESIAN_POINT('',(5.82354577992674,389.57237898125,63.712291346998));
#14650=CARTESIAN_POINT('Origin',(3.2254695685735,389.572378671429,65.2122913469981));
#14651=CARTESIAN_POINT('',(3.2254695685735,389.572378671429,65.2122913469981));
#14652=CARTESIAN_POINT('',(3.2254695685735,389.572378671429,65.2122913469981));
#14653=CARTESIAN_POINT('',(3.2254695685735,392.572378671429,65.2122913469981));
#14654=CARTESIAN_POINT('',(3.2254695685735,392.572378671429,65.2122913469981));
#14655=CARTESIAN_POINT('',(3.2254695685735,389.572378671429,65.2122913469981));
#14656=CARTESIAN_POINT('Origin',(3.22546956857342,389.57237898125,68.212291346998));
#14657=CARTESIAN_POINT('',(3.22546956857342,389.57237898125,68.212291346998));
#14658=CARTESIAN_POINT('',(3.22546956857342,389.57237898125,68.212291346998));
#14659=CARTESIAN_POINT('',(3.22546956857342,392.57237898125,68.212291346998));
#14660=CARTESIAN_POINT('',(3.22546956857342,392.57237898125,68.212291346998));
#14661=CARTESIAN_POINT('',(3.22546956857342,389.57237898125,68.212291346998));
#14662=CARTESIAN_POINT('Origin',(5.82354577992673,389.57237898125,69.712291346998));
#14663=CARTESIAN_POINT('',(5.82354577992673,389.57237898125,69.712291346998));
#14664=CARTESIAN_POINT('',(5.82354577992673,389.57237898125,69.712291346998));
#14665=CARTESIAN_POINT('',(5.82354577992673,392.57237898125,69.712291346998));
#14666=CARTESIAN_POINT('',(5.82354577992673,392.57237898125,69.712291346998));
#14667=CARTESIAN_POINT('',(5.82354577992673,389.57237898125,69.712291346998));
#14668=CARTESIAN_POINT('Origin',(8.42162199128005,389.57237898125,68.212291346998));
#14669=CARTESIAN_POINT('',(8.42162199128005,389.57237898125,68.212291346998));
#14670=CARTESIAN_POINT('',(8.42162199128005,392.57237898125,68.212291346998));
#14671=CARTESIAN_POINT('Origin',(2.22562199128006,389.57237898125,65.212291346998));
#14672=CARTESIAN_POINT('',(2.22562199128006,389.57237898125,65.212291346998));
#14673=CARTESIAN_POINT('',(2.22562199128006,389.57237898125,68.212291346998));
#14674=CARTESIAN_POINT('',(2.22562199128006,389.57237898125,65.212291346998));
#14675=CARTESIAN_POINT('',(2.22562199128006,392.57237898125,68.212291346998));
#14676=CARTESIAN_POINT('',(2.22562199128006,389.57237898125,68.212291346998));
#14677=CARTESIAN_POINT('',(2.22562199128006,392.57237898125,65.212291346998));
#14678=CARTESIAN_POINT('',(2.22562199128006,392.57237898125,65.212291346998));
#14679=CARTESIAN_POINT('',(2.22562199128006,389.57237898125,65.212291346998));
#14680=CARTESIAN_POINT('Origin',(-0.372454220073264,389.57237898125,63.712291346998));
#14681=CARTESIAN_POINT('',(-0.372454220073264,389.57237898125,63.712291346998));
#14682=CARTESIAN_POINT('',(-0.372454220073264,389.57237898125,63.712291346998));
#14683=CARTESIAN_POINT('',(-0.372454220073264,392.57237898125,63.712291346998));
#14684=CARTESIAN_POINT('',(-0.372454220073264,392.57237898125,63.712291346998));
#14685=CARTESIAN_POINT('',(-0.372454220073264,389.57237898125,63.712291346998));
#14686=CARTESIAN_POINT('Origin',(-2.9705304314265,389.572378671429,65.2122913469981));
#14687=CARTESIAN_POINT('',(-2.9705304314265,389.572378671429,65.2122913469981));
#14688=CARTESIAN_POINT('',(-2.9705304314265,389.572378671429,65.2122913469981));
#14689=CARTESIAN_POINT('',(-2.9705304314265,392.572378671429,65.2122913469981));
#14690=CARTESIAN_POINT('',(-2.9705304314265,392.572378671429,65.2122913469981));
#14691=CARTESIAN_POINT('',(-2.9705304314265,389.572378671429,65.2122913469981));
#14692=CARTESIAN_POINT('Origin',(-2.97053043142658,389.57237898125,68.212291346998));
#14693=CARTESIAN_POINT('',(-2.97053043142658,389.57237898125,68.212291346998));
#14694=CARTESIAN_POINT('',(-2.97053043142658,389.57237898125,68.212291346998));
#14695=CARTESIAN_POINT('',(-2.97053043142658,392.57237898125,68.212291346998));
#14696=CARTESIAN_POINT('',(-2.97053043142658,392.57237898125,68.212291346998));
#14697=CARTESIAN_POINT('',(-2.97053043142658,389.57237898125,68.212291346998));
#14698=CARTESIAN_POINT('Origin',(-0.372454220073273,389.57237898125,69.712291346998));
#14699=CARTESIAN_POINT('',(-0.372454220073273,389.57237898125,69.712291346998));
#14700=CARTESIAN_POINT('',(-0.372454220073273,389.57237898125,69.712291346998));
#14701=CARTESIAN_POINT('',(-0.372454220073273,392.57237898125,69.712291346998));
#14702=CARTESIAN_POINT('',(-0.372454220073273,392.57237898125,69.712291346998));
#14703=CARTESIAN_POINT('',(-0.372454220073273,389.57237898125,69.712291346998));
#14704=CARTESIAN_POINT('Origin',(2.22562199128006,389.57237898125,68.212291346998));
#14705=CARTESIAN_POINT('',(2.22562199128006,389.57237898125,68.212291346998));
#14706=CARTESIAN_POINT('',(2.22562199128006,392.57237898125,68.212291346998));
#14707=CARTESIAN_POINT('Origin',(5.32354577992657,389.572378240025,70.5782659432133));
#14708=CARTESIAN_POINT('',(5.32354577992657,389.572378240025,70.5782659432133));
#14709=CARTESIAN_POINT('',(5.32354577992658,389.572378240025,73.5782659432133));
#14710=CARTESIAN_POINT('',(5.32354577992657,389.572378240025,70.5782659432133));
#14711=CARTESIAN_POINT('',(5.32354577992658,392.572378240025,73.5782659432133));
#14712=CARTESIAN_POINT('',(5.32354577992658,389.572378240025,73.5782659432133));
#14713=CARTESIAN_POINT('',(5.32354577992657,392.572378240025,70.5782659432133));
#14714=CARTESIAN_POINT('',(5.32354577992657,392.572378240025,70.5782659432133));
#14715=CARTESIAN_POINT('',(5.32354577992657,389.572378240025,70.5782659432133));
#14716=CARTESIAN_POINT('Origin',(2.72546956857325,389.572378240025,69.0782659432133));
#14717=CARTESIAN_POINT('',(2.72546956857325,389.572378240025,69.0782659432133));
#14718=CARTESIAN_POINT('',(2.72546956857325,389.572378240025,69.0782659432133));
#14719=CARTESIAN_POINT('',(2.72546956857325,392.572378240025,69.0782659432133));
#14720=CARTESIAN_POINT('',(2.72546956857325,392.572378240025,69.0782659432133));
#14721=CARTESIAN_POINT('',(2.72546956857325,389.572378240025,69.0782659432133));
#14722=CARTESIAN_POINT('Origin',(0.12739335721994,389.572378240025,70.5782659432133));
#14723=CARTESIAN_POINT('',(0.12739335721994,389.572378240025,70.5782659432133));
#14724=CARTESIAN_POINT('',(0.12739335721994,389.572378240025,70.5782659432133));
#14725=CARTESIAN_POINT('',(0.12739335721994,392.572378240025,70.5782659432133));
#14726=CARTESIAN_POINT('',(0.12739335721994,392.572378240025,70.5782659432133));
#14727=CARTESIAN_POINT('',(0.12739335721994,389.572378240025,70.5782659432133));
#14728=CARTESIAN_POINT('Origin',(0.127393357219949,389.572378240025,73.5782659432133));
#14729=CARTESIAN_POINT('',(0.127393357219949,389.572378240025,73.5782659432133));
#14730=CARTESIAN_POINT('',(0.127393357219949,389.572378240025,73.5782659432133));
#14731=CARTESIAN_POINT('',(0.127393357219949,392.572378240025,73.5782659432133));
#14732=CARTESIAN_POINT('',(0.127393357219949,392.572378240025,73.5782659432133));
#14733=CARTESIAN_POINT('',(0.127393357219949,389.572378240025,73.5782659432133));
#14734=CARTESIAN_POINT('Origin',(2.72546956857327,389.572378240025,75.0782659432133));
#14735=CARTESIAN_POINT('',(2.72546956857327,389.572378240025,75.0782659432133));
#14736=CARTESIAN_POINT('',(2.72546956857327,389.572378240025,75.0782659432133));
#14737=CARTESIAN_POINT('',(2.72546956857327,392.572378240025,75.0782659432133));
#14738=CARTESIAN_POINT('',(2.72546956857327,392.572378240025,75.0782659432133));
#14739=CARTESIAN_POINT('',(2.72546956857327,389.572378240025,75.0782659432133));
#14740=CARTESIAN_POINT('Origin',(5.32354577992658,389.572378240025,73.5782659432133));
#14741=CARTESIAN_POINT('',(5.32354577992658,389.572378240025,73.5782659432133));
#14742=CARTESIAN_POINT('',(5.32354577992658,392.572378240025,73.5782659432133));
#14743=CARTESIAN_POINT('Origin',(5.82354577992673,389.57237898125,80.444291346998));
#14744=CARTESIAN_POINT('',(5.82354577992673,389.57237898125,80.444291346998));
#14745=CARTESIAN_POINT('',(3.22546956857341,389.57237898125,78.944291346998));
#14746=CARTESIAN_POINT('',(5.82354577992673,389.57237898125,80.444291346998));
#14747=CARTESIAN_POINT('',(3.22546956857341,392.57237898125,78.944291346998));
#14748=CARTESIAN_POINT('',(3.22546956857341,389.57237898125,78.944291346998));
#14749=CARTESIAN_POINT('',(5.82354577992673,392.57237898125,80.444291346998));
#14750=CARTESIAN_POINT('',(5.82354577992673,392.57237898125,80.444291346998));
#14751=CARTESIAN_POINT('',(5.82354577992673,389.57237898125,80.444291346998));
#14752=CARTESIAN_POINT('Origin',(8.42162199128005,389.57237898125,78.944291346998));
#14753=CARTESIAN_POINT('',(8.42162199128005,389.57237898125,78.944291346998));
#14754=CARTESIAN_POINT('',(8.42162199128005,389.57237898125,78.944291346998));
#14755=CARTESIAN_POINT('',(8.42162199128005,392.57237898125,78.944291346998));
#14756=CARTESIAN_POINT('',(8.42162199128005,392.57237898125,78.944291346998));
#14757=CARTESIAN_POINT('',(8.42162199128005,389.57237898125,78.944291346998));
#14758=CARTESIAN_POINT('Origin',(8.42162199128005,389.57237898125,75.944291346998));
#14759=CARTESIAN_POINT('',(8.42162199128005,389.57237898125,75.944291346998));
#14760=CARTESIAN_POINT('',(8.42162199128005,389.57237898125,75.944291346998));
#14761=CARTESIAN_POINT('',(8.42162199128005,392.57237898125,75.944291346998));
#14762=CARTESIAN_POINT('',(8.42162199128005,392.57237898125,75.944291346998));
#14763=CARTESIAN_POINT('',(8.42162199128005,389.57237898125,75.944291346998));
#14764=CARTESIAN_POINT('Origin',(5.82354577992674,389.57237898125,74.444291346998));
#14765=CARTESIAN_POINT('',(5.82354577992674,389.57237898125,74.444291346998));
#14766=CARTESIAN_POINT('',(5.82354577992674,389.57237898125,74.444291346998));
#14767=CARTESIAN_POINT('',(5.82354577992674,392.57237898125,74.444291346998));
#14768=CARTESIAN_POINT('',(5.82354577992674,392.57237898125,74.444291346998));
#14769=CARTESIAN_POINT('',(5.82354577992674,389.57237898125,74.444291346998));
#14770=CARTESIAN_POINT('Origin',(3.22546956857343,389.57237898125,75.944291346998));
#14771=CARTESIAN_POINT('',(3.22546956857349,389.572378671429,75.9442913469981));
#14772=CARTESIAN_POINT('',(3.22546956857342,389.57237898125,75.944291346998));
#14773=CARTESIAN_POINT('',(3.22546956857349,392.572378671429,75.9442913469981));
#14774=CARTESIAN_POINT('',(3.22546956857342,392.57237898125,75.944291346998));
#14775=CARTESIAN_POINT('',(3.22546956857349,389.572378671429,75.9442913469981));
#14776=CARTESIAN_POINT('Origin',(3.22546956857341,389.57237898125,78.944291346998));
#14777=CARTESIAN_POINT('',(3.22546956857341,389.57237898125,78.944291346998));
#14778=CARTESIAN_POINT('',(3.22546956857341,392.57237898125,78.944291346998));
#14779=CARTESIAN_POINT('Origin',(2.72546956857327,389.572378240025,64.3462659432133));
#14780=CARTESIAN_POINT('',(2.72546956857327,389.572378240025,64.3462659432133));
#14781=CARTESIAN_POINT('',(0.127393357219949,389.572378240025,62.8462659432133));
#14782=CARTESIAN_POINT('',(2.72546956857327,389.572378240025,64.3462659432133));
#14783=CARTESIAN_POINT('',(0.127393357219949,392.572378240025,62.8462659432133));
#14784=CARTESIAN_POINT('',(0.127393357219949,389.572378240025,62.8462659432133));
#14785=CARTESIAN_POINT('',(2.72546956857327,392.572378240025,64.3462659432133));
#14786=CARTESIAN_POINT('',(2.72546956857327,392.572378240025,64.3462659432133));
#14787=CARTESIAN_POINT('',(2.72546956857327,389.572378240025,64.3462659432133));
#14788=CARTESIAN_POINT('Origin',(5.32354577992658,389.572378240025,62.8462659432133));
#14789=CARTESIAN_POINT('',(5.32354577992658,389.572378240025,62.8462659432133));
#14790=CARTESIAN_POINT('',(5.32354577992658,389.572378240025,62.8462659432133));
#14791=CARTESIAN_POINT('',(5.32354577992658,392.572378240025,62.8462659432133));
#14792=CARTESIAN_POINT('',(5.32354577992658,392.572378240025,62.8462659432133));
#14793=CARTESIAN_POINT('',(5.32354577992658,389.572378240025,62.8462659432133));
#14794=CARTESIAN_POINT('Origin',(5.32354577992657,389.572378240025,60.4146798056897));
#14795=CARTESIAN_POINT('',(5.32354577992657,389.572378240025,60.4146798056897));
#14796=CARTESIAN_POINT('',(5.32354577992657,389.572378240025,59.8462659432133));
#14797=CARTESIAN_POINT('',(5.32354577992657,392.572378240025,60.4146798056897));
#14798=CARTESIAN_POINT('',(5.32354577992657,392.572378240025,59.8462659432133));
#14799=CARTESIAN_POINT('',(5.32354577992657,389.572378240025,60.4146798056897));
#14800=CARTESIAN_POINT('Origin',(6.32339335721994,389.572378240025,60.9919420735887));
#14801=CARTESIAN_POINT('',(6.32339335721994,389.572378240025,60.9919420735887));
#14802=CARTESIAN_POINT('',(10.9254695685736,389.572378240025,63.6489520130451));
#14803=CARTESIAN_POINT('',(6.32339335721994,392.572378240025,60.9919420735887));
#14804=CARTESIAN_POINT('',(10.9254695685736,392.572378240025,63.6489520130451));
#14805=CARTESIAN_POINT('',(6.32339335721994,389.572378240025,60.9919420735887));
#14806=CARTESIAN_POINT('Origin',(6.32339335721994,389.572378240025,62.8462659432133));
#14807=CARTESIAN_POINT('',(6.32339335721994,389.572378240025,62.8462659432133));
#14808=CARTESIAN_POINT('',(6.32339335721994,389.572378240025,62.8462659432133));
#14809=CARTESIAN_POINT('',(6.32339335721994,392.572378240025,62.8462659432133));
#14810=CARTESIAN_POINT('',(6.32339335721994,392.572378240025,62.8462659432133));
#14811=CARTESIAN_POINT('',(6.32339335721994,389.572378240025,62.8462659432133));
#14812=CARTESIAN_POINT('Origin',(8.92146956857326,389.572378240025,64.3462659432133));
#14813=CARTESIAN_POINT('',(8.92146956857326,389.572378240025,64.3462659432133));
#14814=CARTESIAN_POINT('',(8.92146956857326,389.572378240025,64.3462659432133));
#14815=CARTESIAN_POINT('',(8.92146956857326,392.572378240025,64.3462659432133));
#14816=CARTESIAN_POINT('',(8.92146956857326,392.572378240025,64.3462659432133));
#14817=CARTESIAN_POINT('',(8.92146956857326,389.572378240025,64.3462659432133));
#14818=CARTESIAN_POINT('Origin',(10.5273611465118,389.572378240025,63.4191040084011));
#14819=CARTESIAN_POINT('',(10.5273611465118,389.572378240025,63.4191040084011));
#14820=CARTESIAN_POINT('',(11.5195457799266,389.572378240025,62.8462659432133));
#14821=CARTESIAN_POINT('',(10.5273611465118,392.572378240025,63.4191040084011));
#14822=CARTESIAN_POINT('',(11.5195457799266,392.572378240025,62.8462659432133));
#14823=CARTESIAN_POINT('',(10.5273611465118,389.572378240025,63.4191040084011));
#14824=CARTESIAN_POINT('Origin',(10.9254695685736,389.572378240025,63.6489520130451));
#14825=CARTESIAN_POINT('',(10.9254695685736,389.572378240025,63.6489520130451));
#14826=CARTESIAN_POINT('',(10.9254695685736,389.572378240025,63.6489520130451));
#14827=CARTESIAN_POINT('',(10.9254695685736,392.572378240025,63.6489520130451));
#14828=CARTESIAN_POINT('',(10.9254695685736,392.572378240025,63.6489520130451));
#14829=CARTESIAN_POINT('',(10.9254695685736,389.572378240025,63.6489520130451));
#14830=CARTESIAN_POINT('Origin',(9.22546956857348,389.572378240025,66.5934383859122));
#14831=CARTESIAN_POINT('',(11.4631012781388,389.572378914894,64.0335547298944));
#14832=CARTESIAN_POINT('Origin',(9.22546956857348,389.572378240025,66.5934383859122));
#14833=CARTESIAN_POINT('',(11.4631012781388,392.572378914894,64.0335547298944));
#14834=CARTESIAN_POINT('Origin',(9.22546956857348,392.572378240025,66.5934383859122));
#14835=CARTESIAN_POINT('',(11.4631012781388,389.572378914894,64.0335547298944));
#14836=CARTESIAN_POINT('Origin',(9.4214695685735,389.572378671429,65.2122913469981));
#14837=CARTESIAN_POINT('',(9.4214695685735,389.572378671429,65.2122913469981));
#14838=CARTESIAN_POINT('',(9.4214695685735,389.572378671429,65.2122913469981));
#14839=CARTESIAN_POINT('',(9.4214695685735,392.572378671429,65.2122913469981));
#14840=CARTESIAN_POINT('',(9.4214695685735,392.572378671429,65.2122913469981));
#14841=CARTESIAN_POINT('',(9.4214695685735,389.572378671429,65.2122913469981));
#14842=CARTESIAN_POINT('Origin',(9.42146956857342,389.57237898125,68.212291346998));
#14843=CARTESIAN_POINT('',(9.42146956857342,389.57237898125,68.212291346998));
#14844=CARTESIAN_POINT('',(9.42146956857342,389.57237898125,68.212291346998));
#14845=CARTESIAN_POINT('',(9.42146956857342,392.57237898125,68.212291346998));
#14846=CARTESIAN_POINT('',(9.42146956857342,392.57237898125,68.212291346998));
#14847=CARTESIAN_POINT('',(9.42146956857342,389.57237898125,68.212291346998));
#14848=CARTESIAN_POINT('Origin',(12.0195457799267,389.57237898125,69.712291346998));
#14849=CARTESIAN_POINT('',(12.0195457799267,389.57237898125,69.712291346998));
#14850=CARTESIAN_POINT('',(12.0195457799267,389.57237898125,69.712291346998));
#14851=CARTESIAN_POINT('',(12.0195457799267,392.57237898125,69.712291346998));
#14852=CARTESIAN_POINT('',(12.0195457799267,392.57237898125,69.712291346998));
#14853=CARTESIAN_POINT('',(12.0195457799267,389.57237898125,69.712291346998));
#14854=CARTESIAN_POINT('Origin',(12.6254695685734,389.57237898125,69.3624610845145));
#14855=CARTESIAN_POINT('',(12.6254695685734,389.57237898125,69.3624610845145));
#14856=CARTESIAN_POINT('',(14.61762199128,389.57237898125,68.212291346998));
#14857=CARTESIAN_POINT('',(12.6254695685734,392.57237898125,69.3624610845145));
#14858=CARTESIAN_POINT('',(14.61762199128,392.57237898125,68.212291346998));
#14859=CARTESIAN_POINT('',(12.6254695685734,389.57237898125,69.3624610845145));
#14860=CARTESIAN_POINT('Origin',(12.6254695685733,389.572378240025,70.5170228140338));
#14861=CARTESIAN_POINT('',(12.6254695685733,389.572378240025,70.5170228140338));
#14862=CARTESIAN_POINT('',(12.625469568573,389.572378240025,77.5630935005152));
#14863=CARTESIAN_POINT('',(12.6254695685733,392.572378240025,70.5170228140338));
#14864=CARTESIAN_POINT('',(12.625469568573,392.572378240025,77.5630935005152));
#14865=CARTESIAN_POINT('',(12.6254695685733,389.572378240025,70.5170228140338));
#14866=CARTESIAN_POINT('Origin',(12.5193933572199,389.572378240025,70.5782659432133));
#14867=CARTESIAN_POINT('',(12.5193933572199,389.572378240025,70.5782659432133));
#14868=CARTESIAN_POINT('',(12.5193933572199,389.572378240025,70.5782659432133));
#14869=CARTESIAN_POINT('',(12.5193933572199,392.572378240025,70.5782659432133));
#14870=CARTESIAN_POINT('',(12.5193933572199,392.572378240025,70.5782659432133));
#14871=CARTESIAN_POINT('',(12.5193933572199,389.572378240025,70.5782659432133));
#14872=CARTESIAN_POINT('Origin',(12.51939335722,389.572378240025,73.5782659432133));
#14873=CARTESIAN_POINT('',(12.51939335722,389.572378240025,73.5782659432133));
#14874=CARTESIAN_POINT('',(12.51939335722,389.572378240025,73.5782659432133));
#14875=CARTESIAN_POINT('',(12.51939335722,392.572378240025,73.5782659432133));
#14876=CARTESIAN_POINT('',(12.51939335722,392.572378240025,73.5782659432133));
#14877=CARTESIAN_POINT('',(12.51939335722,389.572378240025,73.5782659432133));
#14878=CARTESIAN_POINT('Origin',(12.6254695685732,389.572378240025,73.6395090723927));
#14879=CARTESIAN_POINT('',(12.6254695685732,389.572378240025,73.6395090723927));
#14880=CARTESIAN_POINT('',(15.1174695685733,389.572378240025,75.0782659432133));
#14881=CARTESIAN_POINT('',(12.6254695685732,392.572378240025,73.6395090723927));
#14882=CARTESIAN_POINT('',(15.1174695685733,392.572378240025,75.0782659432133));
#14883=CARTESIAN_POINT('',(12.6254695685732,389.572378240025,73.6395090723927));
#14884=CARTESIAN_POINT('Origin',(12.6254695685731,389.572378240025,74.7941216094814));
#14885=CARTESIAN_POINT('',(12.6254695685731,389.57237898125,74.7941216094814));
#14886=CARTESIAN_POINT('',(12.625469568573,389.572378240025,77.5630935005152));
#14887=CARTESIAN_POINT('',(12.6254695685731,392.57237898125,74.7941216094814));
#14888=CARTESIAN_POINT('',(12.625469568573,392.572378240025,77.5630935005152));
#14889=CARTESIAN_POINT('',(12.6254695685731,389.57237898125,74.7941216094814));
#14890=CARTESIAN_POINT('Origin',(12.0195457799267,389.57237898125,74.444291346998));
#14891=CARTESIAN_POINT('',(12.0195457799267,389.57237898125,74.444291346998));
#14892=CARTESIAN_POINT('',(12.0195457799267,389.57237898125,74.444291346998));
#14893=CARTESIAN_POINT('',(12.0195457799267,392.57237898125,74.444291346998));
#14894=CARTESIAN_POINT('',(12.0195457799267,392.57237898125,74.444291346998));
#14895=CARTESIAN_POINT('',(12.0195457799267,389.57237898125,74.444291346998));
#14896=CARTESIAN_POINT('Origin',(9.42146956857349,389.572378671429,75.9442913469981));
#14897=CARTESIAN_POINT('',(9.42146956857349,389.572378671429,75.9442913469981));
#14898=CARTESIAN_POINT('',(9.42146956857349,389.572378671429,75.9442913469981));
#14899=CARTESIAN_POINT('',(9.42146956857349,392.572378671429,75.9442913469981));
#14900=CARTESIAN_POINT('',(9.42146956857349,392.572378671429,75.9442913469981));
#14901=CARTESIAN_POINT('',(9.42146956857349,389.572378671429,75.9442913469981));
#14902=CARTESIAN_POINT('Origin',(9.42146956857341,389.57237898125,78.944291346998));
#14903=CARTESIAN_POINT('',(9.42146956857341,389.57237898125,78.944291346998));
#14904=CARTESIAN_POINT('',(9.42146956857341,389.57237898125,78.944291346998));
#14905=CARTESIAN_POINT('',(9.42146956857341,392.57237898125,78.944291346998));
#14906=CARTESIAN_POINT('',(9.42146956857341,392.57237898125,78.944291346998));
#14907=CARTESIAN_POINT('',(9.42146956857341,389.57237898125,78.944291346998));
#14908=CARTESIAN_POINT('Origin',(11.4630662735087,389.57237898125,80.1230077541691));
#14909=CARTESIAN_POINT('',(11.4630662735087,389.57237898125,80.1230077541691));
#14910=CARTESIAN_POINT('',(12.0195457799267,389.57237898125,80.444291346998));
#14911=CARTESIAN_POINT('',(11.4630662735087,392.57237898125,80.1230077541691));
#14912=CARTESIAN_POINT('',(12.0195457799267,392.57237898125,80.444291346998));
#14913=CARTESIAN_POINT('',(11.4630662735087,389.57237898125,80.1230077541691));
#14914=CARTESIAN_POINT('Origin',(9.22546956857298,389.572378240025,77.5630935005151));
#14915=CARTESIAN_POINT('',(10.9254695685729,389.572378240025,80.5075798733822));
#14916=CARTESIAN_POINT('Origin',(9.22546956857298,389.572378240025,77.5630935005151));
#14917=CARTESIAN_POINT('',(10.9254695685729,392.572378240025,80.5075798733822));
#14918=CARTESIAN_POINT('Origin',(9.22546956857298,392.572378240025,77.5630935005151));
#14919=CARTESIAN_POINT('',(10.9254695685729,389.572378240025,80.5075798733822));
#14920=CARTESIAN_POINT('Origin',(10.5273611465121,389.572378240025,80.7374278780256));
#14921=CARTESIAN_POINT('',(10.5273611465121,389.572378240025,80.7374278780256));
#14922=CARTESIAN_POINT('',(4.42546956857271,389.572378240025,84.2603566231145));
#14923=CARTESIAN_POINT('',(10.5273611465121,392.572378240025,80.7374278780256));
#14924=CARTESIAN_POINT('',(4.42546956857271,392.572378240025,84.2603566231145));
#14925=CARTESIAN_POINT('',(10.5273611465121,389.572378240025,80.7374278780256));
#14926=CARTESIAN_POINT('Origin',(8.92146956857324,389.572378240025,79.8102659432133));
#14927=CARTESIAN_POINT('',(8.92146956857324,389.572378240025,79.8102659432133));
#14928=CARTESIAN_POINT('',(8.92146956857324,389.572378240025,79.8102659432133));
#14929=CARTESIAN_POINT('',(8.92146956857324,392.572378240025,79.8102659432133));
#14930=CARTESIAN_POINT('',(8.92146956857324,392.572378240025,79.8102659432133));
#14931=CARTESIAN_POINT('',(8.92146956857324,389.572378240025,79.8102659432133));
#14932=CARTESIAN_POINT('Origin',(6.32339335721993,389.572378240025,81.3102659432133));
#14933=CARTESIAN_POINT('',(6.32339335721993,389.572378240025,81.3102659432133));
#14934=CARTESIAN_POINT('',(6.32339335721993,389.572378240025,81.3102659432133));
#14935=CARTESIAN_POINT('',(6.32339335721993,392.572378240025,81.3102659432133));
#14936=CARTESIAN_POINT('',(6.32339335721993,392.572378240025,81.3102659432133));
#14937=CARTESIAN_POINT('',(6.32339335721993,389.572378240025,81.3102659432133));
#14938=CARTESIAN_POINT('Origin',(6.32339335721993,389.572378240025,83.1645898128377));
#14939=CARTESIAN_POINT('',(6.32339335721994,389.572378240025,83.1645898128377));
#14940=CARTESIAN_POINT('',(6.32339335721994,389.572378240025,84.3102659432133));
#14941=CARTESIAN_POINT('',(6.32339335721994,392.572378240025,83.1645898128377));
#14942=CARTESIAN_POINT('',(6.32339335721994,392.572378240025,84.3102659432133));
#14943=CARTESIAN_POINT('',(6.32339335721994,389.572378240025,83.1645898128377));
#14944=CARTESIAN_POINT('Origin',(5.32354577992657,389.572378240025,83.7418520807366));
#14945=CARTESIAN_POINT('',(5.32354577992657,389.572378240025,83.7418520807366));
#14946=CARTESIAN_POINT('',(4.42546956857271,389.572378240025,84.2603566231145));
#14947=CARTESIAN_POINT('',(5.32354577992657,392.572378240025,83.7418520807366));
#14948=CARTESIAN_POINT('',(4.42546956857271,392.572378240025,84.2603566231145));
#14949=CARTESIAN_POINT('',(5.32354577992657,389.572378240025,83.7418520807366));
#14950=CARTESIAN_POINT('Origin',(5.32354577992657,389.572378240025,81.3102659432133));
#14951=CARTESIAN_POINT('',(5.32354577992657,389.572378240025,81.3102659432133));
#14952=CARTESIAN_POINT('',(5.32354577992657,389.572378240025,81.3102659432133));
#14953=CARTESIAN_POINT('',(5.32354577992657,392.572378240025,81.3102659432133));
#14954=CARTESIAN_POINT('',(5.32354577992657,392.572378240025,81.3102659432133));
#14955=CARTESIAN_POINT('',(5.32354577992657,389.572378240025,81.3102659432133));
#14956=CARTESIAN_POINT('Origin',(2.72546956857324,389.572378240025,79.8102659432133));
#14957=CARTESIAN_POINT('',(2.72546956857324,389.572378240025,79.8102659432133));
#14958=CARTESIAN_POINT('',(2.72546956857324,389.572378240025,79.8102659432133));
#14959=CARTESIAN_POINT('',(2.72546956857324,392.572378240025,79.8102659432133));
#14960=CARTESIAN_POINT('',(2.72546956857324,392.572378240025,79.8102659432133));
#14961=CARTESIAN_POINT('',(2.72546956857324,389.572378240025,79.8102659432133));
#14962=CARTESIAN_POINT('Origin',(0.127393357219932,389.572378240025,81.3102659432133));
#14963=CARTESIAN_POINT('',(0.127393357219932,389.572378240025,81.3102659432133));
#14964=CARTESIAN_POINT('',(0.127393357219932,389.572378240025,81.3102659432133));
#14965=CARTESIAN_POINT('',(0.127393357219932,392.572378240025,81.3102659432133));
#14966=CARTESIAN_POINT('',(0.127393357219932,392.572378240025,81.3102659432133));
#14967=CARTESIAN_POINT('',(0.127393357219932,389.572378240025,81.3102659432133));
#14968=CARTESIAN_POINT('Origin',(0.12739335721994,389.572378240025,83.741852080737));
#14969=CARTESIAN_POINT('',(0.12739335721994,389.572378240025,83.741852080737));
#14970=CARTESIAN_POINT('',(0.12739335721994,389.572378240025,84.3102659432133));
#14971=CARTESIAN_POINT('',(0.12739335721994,392.572378240025,83.741852080737));
#14972=CARTESIAN_POINT('',(0.12739335721994,392.572378240025,84.3102659432133));
#14973=CARTESIAN_POINT('',(0.12739335721994,389.572378240025,83.741852080737));
#14974=CARTESIAN_POINT('Origin',(-0.872454220073422,389.572378240025,83.164589812838));
#14975=CARTESIAN_POINT('',(-0.872454220073431,389.572378240025,83.164589812838));
#14976=CARTESIAN_POINT('',(-6.97453043142707,389.572378240024,79.641554469597));
#14977=CARTESIAN_POINT('',(-0.872454220073431,392.572378240025,83.164589812838));
#14978=CARTESIAN_POINT('',(-6.97453043142707,392.572378240024,79.641554469597));
#14979=CARTESIAN_POINT('',(-0.872454220073431,389.572378240025,83.164589812838));
#14980=CARTESIAN_POINT('Origin',(-0.872454220073431,389.572378240025,81.3102659432133));
#14981=CARTESIAN_POINT('',(-0.872454220073431,389.572378240025,81.3102659432133));
#14982=CARTESIAN_POINT('',(-0.872454220073431,389.572378240025,81.3102659432133));
#14983=CARTESIAN_POINT('',(-0.872454220073431,392.572378240025,81.3102659432133));
#14984=CARTESIAN_POINT('',(-0.872454220073431,392.572378240025,81.3102659432133));
#14985=CARTESIAN_POINT('',(-0.872454220073431,389.572378240025,81.3102659432133));
#14986=CARTESIAN_POINT('Origin',(-3.47053043142675,389.572378240025,79.8102659432133));
#14987=CARTESIAN_POINT('',(-3.47053043142675,389.572378240025,79.8102659432133));
#14988=CARTESIAN_POINT('',(-3.47053043142675,389.572378240025,79.8102659432133));
#14989=CARTESIAN_POINT('',(-3.47053043142675,392.572378240025,79.8102659432133));
#14990=CARTESIAN_POINT('',(-3.47053043142675,392.572378240025,79.8102659432133));
#14991=CARTESIAN_POINT('',(-3.47053043142675,389.572378240025,79.8102659432133));
#14992=CARTESIAN_POINT('Origin',(-5.07642200936538,389.572378240025,80.7374278780255));
#14993=CARTESIAN_POINT('',(-5.07642200936538,389.572378240025,80.7374278780255));
#14994=CARTESIAN_POINT('',(-6.06860664278007,389.572378240025,81.3102659432133));
#14995=CARTESIAN_POINT('',(-5.07642200936538,392.572378240025,80.7374278780255));
#14996=CARTESIAN_POINT('',(-6.06860664278007,392.572378240025,81.3102659432133));
#14997=CARTESIAN_POINT('',(-5.07642200936538,389.572378240025,80.7374278780255));
#14998=CARTESIAN_POINT('Origin',(-6.07630179736635,389.572378240024,80.1601470132659));
#14999=CARTESIAN_POINT('',(-6.07630179736636,389.57237898125,80.1601470132659));
#15000=CARTESIAN_POINT('',(-6.97453043142707,389.572378240024,79.641554469597));
#15001=CARTESIAN_POINT('',(-6.07630179736636,392.57237898125,80.1601470132659));
#15002=CARTESIAN_POINT('',(-6.97453043142707,392.572378240024,79.641554469597));
#15003=CARTESIAN_POINT('',(-6.07630179736636,389.57237898125,80.1601470132659));
#15004=CARTESIAN_POINT('Origin',(-3.97037800871995,389.57237898125,78.944291346998));
#15005=CARTESIAN_POINT('',(-3.97037800871995,389.57237898125,78.944291346998));
#15006=CARTESIAN_POINT('',(-3.97037800871995,389.57237898125,78.944291346998));
#15007=CARTESIAN_POINT('',(-3.97037800871995,392.57237898125,78.944291346998));
#15008=CARTESIAN_POINT('',(-3.97037800871995,392.57237898125,78.944291346998));
#15009=CARTESIAN_POINT('',(-3.97037800871995,389.57237898125,78.944291346998));
#15010=CARTESIAN_POINT('Origin',(-3.97037800871995,389.57237898125,75.944291346998));
#15011=CARTESIAN_POINT('',(-3.97037800871995,389.57237898125,75.944291346998));
#15012=CARTESIAN_POINT('',(-3.97037800871995,389.57237898125,75.944291346998));
#15013=CARTESIAN_POINT('',(-3.97037800871995,392.57237898125,75.944291346998));
#15014=CARTESIAN_POINT('',(-3.97037800871995,392.57237898125,75.944291346998));
#15015=CARTESIAN_POINT('',(-3.97037800871995,389.57237898125,75.944291346998));
#15016=CARTESIAN_POINT('Origin',(-6.56845422007326,389.57237898125,74.444291346998));
#15017=CARTESIAN_POINT('',(-6.56845422007326,389.57237898125,74.444291346998));
#15018=CARTESIAN_POINT('',(-6.56845422007326,389.57237898125,74.444291346998));
#15019=CARTESIAN_POINT('',(-6.56845422007326,392.57237898125,74.444291346998));
#15020=CARTESIAN_POINT('',(-6.56845422007326,392.57237898125,74.444291346998));
#15021=CARTESIAN_POINT('',(-6.56845422007326,389.57237898125,74.444291346998));
#15022=CARTESIAN_POINT('Origin',(-8.67453043142699,389.5723787301,75.6602350145571));
#15023=CARTESIAN_POINT('',(-8.67453043142699,389.5723787301,75.6602350145571));
#15024=CARTESIAN_POINT('',(-9.16653043142651,389.572378671429,75.9442913469981));
#15025=CARTESIAN_POINT('',(-8.67453043142699,392.5723787301,75.6602350145571));
#15026=CARTESIAN_POINT('',(-9.16653043142651,392.572378671429,75.9442913469981));
#15027=CARTESIAN_POINT('',(-8.67453043142699,389.5723787301,75.6602350145571));
#15028=CARTESIAN_POINT('Origin',(-8.67453043142688,389.572378240024,74.5055344761773));
#15029=CARTESIAN_POINT('',(-8.67453043142688,389.572378240025,74.5055344761773));
#15030=CARTESIAN_POINT('',(-8.67453043142655,389.572378240024,67.4594637896958));
#15031=CARTESIAN_POINT('',(-8.67453043142688,392.572378240025,74.5055344761773));
#15032=CARTESIAN_POINT('',(-8.67453043142655,392.572378240024,67.4594637896958));
#15033=CARTESIAN_POINT('',(-8.67453043142688,389.572378240025,74.5055344761773));
#15034=CARTESIAN_POINT('Origin',(-7.06845422007342,389.572378240025,73.5782659432133));
#15035=CARTESIAN_POINT('',(-7.06845422007342,389.572378240025,73.5782659432133));
#15036=CARTESIAN_POINT('',(-7.06845422007342,389.572378240025,73.5782659432133));
#15037=CARTESIAN_POINT('',(-7.06845422007342,392.572378240025,73.5782659432133));
#15038=CARTESIAN_POINT('',(-7.06845422007342,392.572378240025,73.5782659432133));
#15039=CARTESIAN_POINT('',(-7.06845422007342,389.572378240025,73.5782659432133));
#15040=CARTESIAN_POINT('Origin',(-7.06845422007342,389.572378240025,70.5782659432133));
#15041=CARTESIAN_POINT('',(-7.06845422007342,389.572378240025,70.5782659432133));
#15042=CARTESIAN_POINT('',(-7.06845422007342,389.572378240025,70.5782659432133));
#15043=CARTESIAN_POINT('',(-7.06845422007342,392.572378240025,70.5782659432133));
#15044=CARTESIAN_POINT('',(-7.06845422007342,392.572378240025,70.5782659432133));
#15045=CARTESIAN_POINT('',(-7.06845422007342,389.572378240025,70.5782659432133));
#15046=CARTESIAN_POINT('Origin',(-8.67453043142665,389.572378240025,69.6509974102495));
#15047=CARTESIAN_POINT('',(-8.67453043142665,389.572378240025,69.6509974102495));
#15048=CARTESIAN_POINT('',(-9.66653043142675,389.572378240025,69.0782659432133));
#15049=CARTESIAN_POINT('',(-8.67453043142665,392.572378240025,69.6509974102495));
#15050=CARTESIAN_POINT('',(-9.66653043142675,392.572378240025,69.0782659432133));
#15051=CARTESIAN_POINT('',(-8.67453043142665,389.572378240025,69.6509974102495));
#15052=CARTESIAN_POINT('Origin',(-8.67453043142659,389.572378240024,68.4963476794393));
#15053=CARTESIAN_POINT('',(-8.67453043142659,389.57237898125,68.4963476794393));
#15054=CARTESIAN_POINT('',(-8.67453043142655,389.572378240024,67.4594637896958));
#15055=CARTESIAN_POINT('',(-8.67453043142659,392.57237898125,68.4963476794393));
#15056=CARTESIAN_POINT('',(-8.67453043142655,392.572378240024,67.4594637896958));
#15057=CARTESIAN_POINT('',(-8.67453043142659,389.57237898125,68.4963476794393));
#15058=CARTESIAN_POINT('Origin',(-6.56845422007327,389.57237898125,69.712291346998));
#15059=CARTESIAN_POINT('',(-6.56845422007327,389.57237898125,69.712291346998));
#15060=CARTESIAN_POINT('',(-6.56845422007327,389.57237898125,69.712291346998));
#15061=CARTESIAN_POINT('',(-6.56845422007327,392.57237898125,69.712291346998));
#15062=CARTESIAN_POINT('',(-6.56845422007327,392.57237898125,69.712291346998));
#15063=CARTESIAN_POINT('',(-6.56845422007327,389.57237898125,69.712291346998));
#15064=CARTESIAN_POINT('Origin',(-3.97037800871995,389.57237898125,68.212291346998));
#15065=CARTESIAN_POINT('',(-3.97037800871995,389.57237898125,68.212291346998));
#15066=CARTESIAN_POINT('',(-3.97037800871995,389.57237898125,68.212291346998));
#15067=CARTESIAN_POINT('',(-3.97037800871995,392.57237898125,68.212291346998));
#15068=CARTESIAN_POINT('',(-3.97037800871995,392.57237898125,68.212291346998));
#15069=CARTESIAN_POINT('',(-3.97037800871995,389.57237898125,68.212291346998));
#15070=CARTESIAN_POINT('Origin',(-3.97037800871995,389.57237898125,65.212291346998));
#15071=CARTESIAN_POINT('',(-3.97037800871995,389.57237898125,65.212291346998));
#15072=CARTESIAN_POINT('',(-3.97037800871995,389.57237898125,65.212291346998));
#15073=CARTESIAN_POINT('',(-3.97037800871995,392.57237898125,65.212291346998));
#15074=CARTESIAN_POINT('',(-3.97037800871995,392.57237898125,65.212291346998));
#15075=CARTESIAN_POINT('',(-3.97037800871995,389.57237898125,65.212291346998));
#15076=CARTESIAN_POINT('Origin',(-6.07634579801243,389.57237898125,63.9964102769453));
#15077=CARTESIAN_POINT('',(-6.07634579801243,389.57237898125,63.9964102769453));
#15078=CARTESIAN_POINT('',(-6.56845422007327,389.57237898125,63.712291346998));
#15079=CARTESIAN_POINT('',(-6.07634579801243,392.57237898125,63.9964102769453));
#15080=CARTESIAN_POINT('',(-6.56845422007327,392.57237898125,63.712291346998));
#15081=CARTESIAN_POINT('',(-6.07634579801243,389.57237898125,63.9964102769453));
#15082=CARTESIAN_POINT('Origin',(-5.07642200936555,389.572378240024,63.419104008401));
#15083=CARTESIAN_POINT('',(-5.07642200936554,389.572378240025,63.419104008401));
#15084=CARTESIAN_POINT('',(1.02546956857374,389.572378240025,59.8961752633121));
#15085=CARTESIAN_POINT('',(-5.07642200936554,392.572378240025,63.419104008401));
#15086=CARTESIAN_POINT('',(1.02546956857374,392.572378240025,59.8961752633121));
#15087=CARTESIAN_POINT('',(-5.07642200936554,389.572378240025,63.419104008401));
#15088=CARTESIAN_POINT('Origin',(-3.47053043142673,389.572378240025,64.3462659432133));
#15089=CARTESIAN_POINT('',(-3.47053043142673,389.572378240025,64.3462659432133));
#15090=CARTESIAN_POINT('',(-3.47053043142673,389.572378240025,64.3462659432133));
#15091=CARTESIAN_POINT('',(-3.47053043142673,392.572378240025,64.3462659432133));
#15092=CARTESIAN_POINT('',(-3.47053043142673,392.572378240025,64.3462659432133));
#15093=CARTESIAN_POINT('',(-3.47053043142673,389.572378240025,64.3462659432133));
#15094=CARTESIAN_POINT('Origin',(-0.872454220073422,389.572378240025,62.8462659432133));
#15095=CARTESIAN_POINT('',(-0.872454220073422,389.572378240025,62.8462659432133));
#15096=CARTESIAN_POINT('',(-0.872454220073422,389.572378240025,62.8462659432133));
#15097=CARTESIAN_POINT('',(-0.872454220073422,392.572378240025,62.8462659432133));
#15098=CARTESIAN_POINT('',(-0.872454220073422,392.572378240025,62.8462659432133));
#15099=CARTESIAN_POINT('',(-0.872454220073422,389.572378240025,62.8462659432133));
#15100=CARTESIAN_POINT('Origin',(-0.872454220073422,389.572378240025,60.9919420735889));
#15101=CARTESIAN_POINT('',(-0.872454220073422,389.572378240025,60.9919420735889));
#15102=CARTESIAN_POINT('',(-0.872454220073431,389.572378240025,59.8462659432133));
#15103=CARTESIAN_POINT('',(-0.872454220073422,392.572378240025,60.9919420735889));
#15104=CARTESIAN_POINT('',(-0.872454220073431,392.572378240025,59.8462659432133));
#15105=CARTESIAN_POINT('',(-0.872454220073422,389.572378240025,60.9919420735889));
#15106=CARTESIAN_POINT('Origin',(0.127393357219932,389.572378240025,60.41467980569));
#15107=CARTESIAN_POINT('',(0.12739335721994,389.572378240025,60.41467980569));
#15108=CARTESIAN_POINT('',(1.02546956857374,389.572378240025,59.8961752633121));
#15109=CARTESIAN_POINT('',(0.12739335721994,392.572378240025,60.41467980569));
#15110=CARTESIAN_POINT('',(1.02546956857374,392.572378240025,59.8961752633121));
#15111=CARTESIAN_POINT('',(0.12739335721994,389.572378240025,60.41467980569));
#15112=CARTESIAN_POINT('Origin',(0.127393357219949,389.572378240025,62.8462659432133));
#15113=CARTESIAN_POINT('',(0.127393357219949,389.572378240025,62.8462659432133));
#15114=CARTESIAN_POINT('',(0.127393357219949,392.572378240025,62.8462659432133));
#15115=CARTESIAN_POINT('Origin',(-38.780454220074,389.57237898125,80.1272786451057));
#15116=CARTESIAN_POINT('Origin',(-38.780454220074,392.57237898125,80.1272786451057));
#15117=CARTESIAN_POINT('Origin',(11.5195457799266,389.572378240025,92.0422659432133));
#15118=CARTESIAN_POINT('',(11.5195457799266,389.572378240025,92.0422659432133));
#15119=CARTESIAN_POINT('',(11.5195457799266,389.572378240025,95.0422659432133));
#15120=CARTESIAN_POINT('',(11.5195457799266,389.572378240025,92.0422659432133));
#15121=CARTESIAN_POINT('',(11.5195457799266,392.572378240025,95.0422659432133));
#15122=CARTESIAN_POINT('',(11.5195457799266,389.572378240025,95.0422659432133));
#15123=CARTESIAN_POINT('',(11.5195457799266,392.572378240025,92.0422659432133));
#15124=CARTESIAN_POINT('',(11.5195457799266,392.572378240025,92.0422659432133));
#15125=CARTESIAN_POINT('',(11.5195457799266,389.572378240025,92.0422659432133));
#15126=CARTESIAN_POINT('Origin',(8.92146956857325,389.572378240025,90.5422659432133));
#15127=CARTESIAN_POINT('',(8.92146956857325,389.572378240025,90.5422659432133));
#15128=CARTESIAN_POINT('',(8.92146956857325,389.572378240025,90.5422659432133));
#15129=CARTESIAN_POINT('',(8.92146956857325,392.572378240025,90.5422659432133));
#15130=CARTESIAN_POINT('',(8.92146956857325,392.572378240025,90.5422659432133));
#15131=CARTESIAN_POINT('',(8.92146956857325,389.572378240025,90.5422659432133));
#15132=CARTESIAN_POINT('Origin',(6.32339335721994,389.572378240025,92.0422659432133));
#15133=CARTESIAN_POINT('',(6.32339335721994,389.572378240025,92.0422659432133));
#15134=CARTESIAN_POINT('',(6.32339335721994,389.572378240025,92.0422659432133));
#15135=CARTESIAN_POINT('',(6.32339335721994,392.572378240025,92.0422659432133));
#15136=CARTESIAN_POINT('',(6.32339335721994,392.572378240025,92.0422659432133));
#15137=CARTESIAN_POINT('',(6.32339335721994,389.572378240025,92.0422659432133));
#15138=CARTESIAN_POINT('Origin',(6.32339335721995,389.572378240025,95.0422659432133));
#15139=CARTESIAN_POINT('',(6.32339335721995,389.572378240025,95.0422659432133));
#15140=CARTESIAN_POINT('',(6.32339335721995,389.572378240025,95.0422659432133));
#15141=CARTESIAN_POINT('',(6.32339335721995,392.572378240025,95.0422659432133));
#15142=CARTESIAN_POINT('',(6.32339335721995,392.572378240025,95.0422659432133));
#15143=CARTESIAN_POINT('',(6.32339335721995,389.572378240025,95.0422659432133));
#15144=CARTESIAN_POINT('Origin',(8.92146956857327,389.572378240025,96.5422659432133));
#15145=CARTESIAN_POINT('',(8.92146956857327,389.572378240025,96.5422659432133));
#15146=CARTESIAN_POINT('',(8.92146956857327,389.572378240025,96.5422659432133));
#15147=CARTESIAN_POINT('',(8.92146956857327,392.572378240025,96.5422659432133));
#15148=CARTESIAN_POINT('',(8.92146956857327,392.572378240025,96.5422659432133));
#15149=CARTESIAN_POINT('',(8.92146956857327,389.572378240025,96.5422659432133));
#15150=CARTESIAN_POINT('Origin',(11.5195457799266,389.572378240025,95.0422659432133));
#15151=CARTESIAN_POINT('',(11.5195457799266,389.572378240025,95.0422659432133));
#15152=CARTESIAN_POINT('',(11.5195457799266,392.572378240025,95.0422659432133));
#15153=CARTESIAN_POINT('Origin',(11.5195457799266,389.572378240025,84.3102659432133));
#15154=CARTESIAN_POINT('',(11.5195457799266,389.572378240025,84.3102659432133));
#15155=CARTESIAN_POINT('',(8.92146956857326,389.572378240025,85.8102659432133));
#15156=CARTESIAN_POINT('',(11.5195457799266,389.572378240025,84.3102659432133));
#15157=CARTESIAN_POINT('',(8.92146956857326,392.572378240025,85.8102659432133));
#15158=CARTESIAN_POINT('',(8.92146956857326,389.572378240025,85.8102659432133));
#15159=CARTESIAN_POINT('',(11.5195457799266,392.572378240025,84.3102659432133));
#15160=CARTESIAN_POINT('',(11.5195457799266,392.572378240025,84.3102659432133));
#15161=CARTESIAN_POINT('',(11.5195457799266,389.572378240025,84.3102659432133));
#15162=CARTESIAN_POINT('Origin',(11.5195457799266,389.572378240025,83.1225311621429));
#15163=CARTESIAN_POINT('',(11.5195457799266,389.572378240025,83.1225311621429));
#15164=CARTESIAN_POINT('',(11.5195457799266,389.572378240025,81.3102659432133));
#15165=CARTESIAN_POINT('',(11.5195457799266,392.572378240025,83.1225311621429));
#15166=CARTESIAN_POINT('',(11.5195457799266,392.572378240025,81.3102659432133));
#15167=CARTESIAN_POINT('',(11.5195457799266,389.572378240025,83.1225311621429));
#15168=CARTESIAN_POINT('Origin',(11.2254695685727,389.572378240025,84.4912967307907));
#15169=CARTESIAN_POINT('',(12.5193933572199,389.572378240025,83.9567303371848));
#15170=CARTESIAN_POINT('Origin',(11.2254695685727,389.572378240025,84.4912967307907));
#15171=CARTESIAN_POINT('',(12.5193933572199,392.572378240025,83.9567303371848));
#15172=CARTESIAN_POINT('Origin',(11.2254695685727,392.572378240025,84.4912967307907));
#15173=CARTESIAN_POINT('',(12.5193933572199,389.572378240025,83.9567303371848));
#15174=CARTESIAN_POINT('Origin',(12.5193933572199,389.572378240025,84.3102659432133));
#15175=CARTESIAN_POINT('',(12.5193933572199,389.572378240025,84.3102659432133));
#15176=CARTESIAN_POINT('',(12.5193933572199,389.572378240025,84.3102659432133));
#15177=CARTESIAN_POINT('',(12.5193933572199,392.572378240025,84.3102659432133));
#15178=CARTESIAN_POINT('',(12.5193933572199,392.572378240025,84.3102659432133));
#15179=CARTESIAN_POINT('',(12.5193933572199,389.572378240025,84.3102659432133));
#15180=CARTESIAN_POINT('Origin',(12.6200639457984,389.572378240025,84.3683881346286));
#15181=CARTESIAN_POINT('',(12.6200639457984,389.572378240025,84.3683881346286));
#15182=CARTESIAN_POINT('',(15.1174695685733,389.572378240025,85.8102659432133));
#15183=CARTESIAN_POINT('',(12.6200639457984,392.572378240025,84.3683881346286));
#15184=CARTESIAN_POINT('',(15.1174695685733,392.572378240025,85.8102659432133));
#15185=CARTESIAN_POINT('',(12.6200639457984,389.572378240025,84.3683881346286));
#15186=CARTESIAN_POINT('Origin',(11.2254695685727,389.572378240025,84.4912967307907));
#15187=CARTESIAN_POINT('',(12.6254695685727,389.572378240025,84.4912967307907));
#15188=CARTESIAN_POINT('Origin',(11.2254695685727,389.572378240025,84.4912967307907));
#15189=CARTESIAN_POINT('',(12.6254695685727,392.572378240025,84.4912967307907));
#15190=CARTESIAN_POINT('Origin',(11.2254695685727,392.572378240025,84.4912967307907));
#15191=CARTESIAN_POINT('',(12.6254695685727,389.572378240025,84.4912967307907));
#15192=CARTESIAN_POINT('Origin',(12.6254695685726,389.572378240025,85.5261216094811));
#15193=CARTESIAN_POINT('',(12.6254695685726,389.57237898125,85.5261216094811));
#15194=CARTESIAN_POINT('',(12.6254695685719,389.572378240025,102.966505344859));
#15195=CARTESIAN_POINT('',(12.6254695685726,392.57237898125,85.5261216094811));
#15196=CARTESIAN_POINT('',(12.6254695685719,392.572378240025,102.966505344859));
#15197=CARTESIAN_POINT('',(12.6254695685726,389.57237898125,85.5261216094811));
#15198=CARTESIAN_POINT('Origin',(12.0195457799267,389.57237898125,85.176291346998));
#15199=CARTESIAN_POINT('',(12.0195457799267,389.57237898125,85.176291346998));
#15200=CARTESIAN_POINT('',(12.0195457799267,389.57237898125,85.176291346998));
#15201=CARTESIAN_POINT('',(12.0195457799267,392.57237898125,85.176291346998));
#15202=CARTESIAN_POINT('',(12.0195457799267,392.57237898125,85.176291346998));
#15203=CARTESIAN_POINT('',(12.0195457799267,389.57237898125,85.176291346998));
#15204=CARTESIAN_POINT('Origin',(9.42146956857349,389.572378671429,86.6762913469981));
#15205=CARTESIAN_POINT('',(9.42146956857349,389.572378671429,86.6762913469981));
#15206=CARTESIAN_POINT('',(9.42146956857349,389.572378671429,86.6762913469981));
#15207=CARTESIAN_POINT('',(9.42146956857349,392.572378671429,86.6762913469981));
#15208=CARTESIAN_POINT('',(9.42146956857349,392.572378671429,86.6762913469981));
#15209=CARTESIAN_POINT('',(9.42146956857349,389.572378671429,86.6762913469981));
#15210=CARTESIAN_POINT('Origin',(9.42146956857341,389.57237898125,89.676291346998));
#15211=CARTESIAN_POINT('',(9.42146956857341,389.57237898125,89.676291346998));
#15212=CARTESIAN_POINT('',(9.42146956857341,389.57237898125,89.676291346998));
#15213=CARTESIAN_POINT('',(9.42146956857341,392.57237898125,89.676291346998));
#15214=CARTESIAN_POINT('',(9.42146956857341,392.57237898125,89.676291346998));
#15215=CARTESIAN_POINT('',(9.42146956857341,389.57237898125,89.676291346998));
#15216=CARTESIAN_POINT('Origin',(12.0195457799267,389.57237898125,91.176291346998));
#15217=CARTESIAN_POINT('',(12.0195457799267,389.57237898125,91.176291346998));
#15218=CARTESIAN_POINT('',(12.0195457799267,389.57237898125,91.176291346998));
#15219=CARTESIAN_POINT('',(12.0195457799267,392.57237898125,91.176291346998));
#15220=CARTESIAN_POINT('',(12.0195457799267,392.57237898125,91.176291346998));
#15221=CARTESIAN_POINT('',(12.0195457799267,389.57237898125,91.176291346998));
#15222=CARTESIAN_POINT('Origin',(12.6254695685724,389.57237898125,90.826461084515));
#15223=CARTESIAN_POINT('',(12.6254695685724,389.57237898125,90.826461084515));
#15224=CARTESIAN_POINT('',(14.61762199128,389.57237898125,89.676291346998));
#15225=CARTESIAN_POINT('',(12.6254695685724,392.57237898125,90.826461084515));
#15226=CARTESIAN_POINT('',(14.61762199128,392.57237898125,89.676291346998));
#15227=CARTESIAN_POINT('',(12.6254695685724,389.57237898125,90.826461084515));
#15228=CARTESIAN_POINT('Origin',(12.6254695685724,389.572378240025,91.9810228140344));
#15229=CARTESIAN_POINT('',(12.6254695685724,389.572378240025,91.9810228140344));
#15230=CARTESIAN_POINT('',(12.6254695685719,389.572378240025,102.966505344859));
#15231=CARTESIAN_POINT('',(12.6254695685724,392.572378240025,91.9810228140344));
#15232=CARTESIAN_POINT('',(12.6254695685719,392.572378240025,102.966505344859));
#15233=CARTESIAN_POINT('',(12.6254695685724,389.572378240025,91.9810228140344));
#15234=CARTESIAN_POINT('Origin',(12.5193933572199,389.572378240025,92.0422659432133));
#15235=CARTESIAN_POINT('',(12.5193933572199,389.572378240025,92.0422659432133));
#15236=CARTESIAN_POINT('',(12.5193933572199,389.572378240025,92.0422659432133));
#15237=CARTESIAN_POINT('',(12.5193933572199,392.572378240025,92.0422659432133));
#15238=CARTESIAN_POINT('',(12.5193933572199,392.572378240025,92.0422659432133));
#15239=CARTESIAN_POINT('',(12.5193933572199,389.572378240025,92.0422659432133));
#15240=CARTESIAN_POINT('Origin',(12.51939335722,389.572378240025,95.0422659432133));
#15241=CARTESIAN_POINT('',(12.51939335722,389.572378240025,95.0422659432133));
#15242=CARTESIAN_POINT('',(12.51939335722,389.572378240025,95.0422659432133));
#15243=CARTESIAN_POINT('',(12.51939335722,392.572378240025,95.0422659432133));
#15244=CARTESIAN_POINT('',(12.51939335722,392.572378240025,95.0422659432133));
#15245=CARTESIAN_POINT('',(12.51939335722,389.572378240025,95.0422659432133));
#15246=CARTESIAN_POINT('Origin',(12.6254695685722,389.572378240025,95.1035090723922));
#15247=CARTESIAN_POINT('',(12.6254695685722,389.572378240025,95.1035090723922));
#15248=CARTESIAN_POINT('',(15.1174695685733,389.572378240025,96.5422659432133));
#15249=CARTESIAN_POINT('',(12.6254695685722,392.572378240025,95.1035090723922));
#15250=CARTESIAN_POINT('',(15.1174695685733,392.572378240025,96.5422659432133));
#15251=CARTESIAN_POINT('',(12.6254695685722,389.572378240025,95.1035090723922));
#15252=CARTESIAN_POINT('Origin',(12.6254695685722,389.572378240025,96.2581216094809));
#15253=CARTESIAN_POINT('',(12.6254695685722,389.57237898125,96.2581216094809));
#15254=CARTESIAN_POINT('',(12.6254695685719,389.572378240025,102.966505344859));
#15255=CARTESIAN_POINT('',(12.6254695685722,392.57237898125,96.2581216094809));
#15256=CARTESIAN_POINT('',(12.6254695685719,392.572378240025,102.966505344859));
#15257=CARTESIAN_POINT('',(12.6254695685722,389.57237898125,96.2581216094809));
#15258=CARTESIAN_POINT('Origin',(12.0195457799267,389.57237898125,95.908291346998));
#15259=CARTESIAN_POINT('',(12.0195457799267,389.57237898125,95.908291346998));
#15260=CARTESIAN_POINT('',(12.0195457799267,389.57237898125,95.908291346998));
#15261=CARTESIAN_POINT('',(12.0195457799267,392.57237898125,95.908291346998));
#15262=CARTESIAN_POINT('',(12.0195457799267,392.57237898125,95.908291346998));
#15263=CARTESIAN_POINT('',(12.0195457799267,389.57237898125,95.908291346998));
#15264=CARTESIAN_POINT('Origin',(9.4214695685735,389.572378671429,97.4082913469981));
#15265=CARTESIAN_POINT('',(9.4214695685735,389.572378671429,97.4082913469981));
#15266=CARTESIAN_POINT('',(9.4214695685735,389.572378671429,97.4082913469981));
#15267=CARTESIAN_POINT('',(9.4214695685735,392.572378671429,97.4082913469982));
#15268=CARTESIAN_POINT('',(9.4214695685735,392.572378671429,97.4082913469982));
#15269=CARTESIAN_POINT('',(9.4214695685735,389.572378671429,97.4082913469981));
#15270=CARTESIAN_POINT('Origin',(9.42146956857342,389.57237898125,100.408291346998));
#15271=CARTESIAN_POINT('',(9.42146956857342,389.57237898125,100.408291346998));
#15272=CARTESIAN_POINT('',(9.42146956857342,389.57237898125,100.408291346998));
#15273=CARTESIAN_POINT('',(9.42146956857342,392.57237898125,100.408291346998));
#15274=CARTESIAN_POINT('',(9.42146956857342,392.57237898125,100.408291346998));
#15275=CARTESIAN_POINT('',(9.42146956857342,389.57237898125,100.408291346998));
#15276=CARTESIAN_POINT('Origin',(12.0195457799267,389.57237898125,101.908291346998));
#15277=CARTESIAN_POINT('',(12.0195457799267,389.57237898125,101.908291346998));
#15278=CARTESIAN_POINT('',(12.0195457799267,389.57237898125,101.908291346998));
#15279=CARTESIAN_POINT('',(12.0195457799267,392.57237898125,101.908291346998));
#15280=CARTESIAN_POINT('',(12.0195457799267,392.57237898125,101.908291346998));
#15281=CARTESIAN_POINT('',(12.0195457799267,389.57237898125,101.908291346998));
#15282=CARTESIAN_POINT('Origin',(12.625469568572,389.57237898125,101.558461084515));
#15283=CARTESIAN_POINT('',(12.625469568572,389.57237898125,101.558461084515));
#15284=CARTESIAN_POINT('',(14.6176219912801,389.57237898125,100.408291346998));
#15285=CARTESIAN_POINT('',(12.625469568572,392.57237898125,101.558461084515));
#15286=CARTESIAN_POINT('',(14.6176219912801,392.57237898125,100.408291346998));
#15287=CARTESIAN_POINT('',(12.625469568572,389.57237898125,101.558461084515));
#15288=CARTESIAN_POINT('Origin',(12.6254695685719,389.572378240025,102.713022814035));
#15289=CARTESIAN_POINT('',(12.6254695685719,389.572378240025,102.713022814035));
#15290=CARTESIAN_POINT('',(12.6254695685719,389.572378240025,102.966505344859));
#15291=CARTESIAN_POINT('',(12.6254695685719,392.572378240025,102.713022814035));
#15292=CARTESIAN_POINT('',(12.6254695685719,392.572378240025,102.966505344859));
#15293=CARTESIAN_POINT('',(12.6254695685719,389.572378240025,102.713022814035));
#15294=CARTESIAN_POINT('Origin',(12.5193933572199,389.572378240025,102.774265943213));
#15295=CARTESIAN_POINT('',(12.5193933572199,389.572378240025,102.774265943213));
#15296=CARTESIAN_POINT('',(12.5193933572199,389.572378240025,102.774265943213));
#15297=CARTESIAN_POINT('',(12.5193933572199,392.572378240025,102.774265943213));
#15298=CARTESIAN_POINT('',(12.5193933572199,392.572378240025,102.774265943213));
#15299=CARTESIAN_POINT('',(12.5193933572199,389.572378240025,102.774265943213));
#15300=CARTESIAN_POINT('Origin',(12.5193933572199,389.572378240025,103.501071738463));
#15301=CARTESIAN_POINT('',(12.5193933572199,389.572378240025,103.501071738463));
#15302=CARTESIAN_POINT('',(12.5193933572199,389.572378240025,105.774265943213));
#15303=CARTESIAN_POINT('',(12.5193933572199,392.572378240025,103.501071738463));
#15304=CARTESIAN_POINT('',(12.5193933572199,392.572378240025,105.774265943213));
#15305=CARTESIAN_POINT('',(12.5193933572199,389.572378240025,103.501071738463));
#15306=CARTESIAN_POINT('Origin',(11.2254695685719,389.572378240025,102.966505344859));
#15307=CARTESIAN_POINT('',(11.5195457799266,389.572378240025,104.335270913507));
#15308=CARTESIAN_POINT('Origin',(11.2254695685719,389.572378240025,102.966505344859));
#15309=CARTESIAN_POINT('',(11.5195457799266,392.572378240025,104.335270913507));
#15310=CARTESIAN_POINT('Origin',(11.2254695685719,392.572378240025,102.966505344859));
#15311=CARTESIAN_POINT('',(11.5195457799266,389.572378240025,104.335270913507));
#15312=CARTESIAN_POINT('Origin',(11.5195457799266,389.572378240025,102.774265943213));
#15313=CARTESIAN_POINT('',(11.5195457799266,389.572378240025,102.774265943213));
#15314=CARTESIAN_POINT('',(11.5195457799266,389.572378240025,102.774265943213));
#15315=CARTESIAN_POINT('',(11.5195457799266,392.572378240025,102.774265943213));
#15316=CARTESIAN_POINT('',(11.5195457799266,392.572378240025,102.774265943213));
#15317=CARTESIAN_POINT('',(11.5195457799266,389.572378240025,102.774265943213));
#15318=CARTESIAN_POINT('Origin',(8.92146956857325,389.572378240025,101.274265943213));
#15319=CARTESIAN_POINT('',(8.92146956857325,389.572378240025,101.274265943213));
#15320=CARTESIAN_POINT('',(8.92146956857325,389.572378240025,101.274265943213));
#15321=CARTESIAN_POINT('',(8.92146956857325,392.572378240025,101.274265943213));
#15322=CARTESIAN_POINT('',(8.92146956857325,392.572378240025,101.274265943213));
#15323=CARTESIAN_POINT('',(8.92146956857325,389.572378240025,101.274265943213));
#15324=CARTESIAN_POINT('Origin',(7.20794725746281,389.572378240025,102.263568510795));
#15325=CARTESIAN_POINT('',(7.20794725746281,389.572378240025,102.263568510795));
#15326=CARTESIAN_POINT('',(6.32339335721993,389.572378240025,102.774265943213));
#15327=CARTESIAN_POINT('',(7.20794725746281,392.572378240025,102.263568510795));
#15328=CARTESIAN_POINT('',(6.32339335721993,392.572378240025,102.774265943213));
#15329=CARTESIAN_POINT('',(7.20794725746281,389.572378240025,102.263568510795));
#15330=CARTESIAN_POINT('Origin',(6.20806746946187,389.572378240025,101.686287646036));
#15331=CARTESIAN_POINT('',(6.20806746946187,389.57237898125,101.686287646036));
#15332=CARTESIAN_POINT('',(5.52546956857217,389.572378240025,101.292189564209));
#15333=CARTESIAN_POINT('',(6.20806746946187,392.57237898125,101.686287646036));
#15334=CARTESIAN_POINT('',(5.52546956857217,392.572378240025,101.292189564209));
#15335=CARTESIAN_POINT('',(6.20806746946187,389.57237898125,101.686287646036));
#15336=CARTESIAN_POINT('Origin',(8.42162199128006,389.57237898125,100.408291346998));
#15337=CARTESIAN_POINT('',(8.42162199128006,389.57237898125,100.408291346998));
#15338=CARTESIAN_POINT('',(8.42162199128006,389.57237898125,100.408291346998));
#15339=CARTESIAN_POINT('',(8.42162199128006,392.57237898125,100.408291346998));
#15340=CARTESIAN_POINT('',(8.42162199128006,392.57237898125,100.408291346998));
#15341=CARTESIAN_POINT('',(8.42162199128006,389.57237898125,100.408291346998));
#15342=CARTESIAN_POINT('Origin',(8.42162199128006,389.57237898125,97.408291346998));
#15343=CARTESIAN_POINT('',(8.42162199128006,389.57237898125,97.408291346998));
#15344=CARTESIAN_POINT('',(8.42162199128006,389.57237898125,97.408291346998));
#15345=CARTESIAN_POINT('',(8.42162199128006,392.57237898125,97.408291346998));
#15346=CARTESIAN_POINT('',(8.42162199128006,392.57237898125,97.408291346998));
#15347=CARTESIAN_POINT('',(8.42162199128006,389.57237898125,97.408291346998));
#15348=CARTESIAN_POINT('Origin',(5.82354577992674,389.57237898125,95.908291346998));
#15349=CARTESIAN_POINT('',(5.82354577992674,389.57237898125,95.908291346998));
#15350=CARTESIAN_POINT('',(5.82354577992674,389.57237898125,95.908291346998));
#15351=CARTESIAN_POINT('',(5.82354577992674,392.57237898125,95.908291346998));
#15352=CARTESIAN_POINT('',(5.82354577992674,392.57237898125,95.908291346998));
#15353=CARTESIAN_POINT('',(5.82354577992674,389.57237898125,95.908291346998));
#15354=CARTESIAN_POINT('Origin',(3.82546956857206,389.572378742979,97.0618811854851));
#15355=CARTESIAN_POINT('',(3.82546956857206,389.572378742979,97.0618811854851));
#15356=CARTESIAN_POINT('',(3.2254695685735,389.572378671429,97.4082913469981));
#15357=CARTESIAN_POINT('',(3.82546956857206,392.572378742979,97.0618811854851));
#15358=CARTESIAN_POINT('',(3.2254695685735,392.572378671429,97.4082913469981));
#15359=CARTESIAN_POINT('',(3.82546956857206,389.572378742979,97.0618811854851));
#15360=CARTESIAN_POINT('Origin',(3.82546956857218,389.572378240025,95.9071806471053));
#15361=CARTESIAN_POINT('',(3.82546956857218,389.572378240025,95.9071806471053));
#15362=CARTESIAN_POINT('',(3.8254695685725,389.572378240025,89.1100988843073));
#15363=CARTESIAN_POINT('',(3.82546956857218,392.572378240025,95.9071806471053));
#15364=CARTESIAN_POINT('',(3.8254695685725,392.572378240025,89.1100988843073));
#15365=CARTESIAN_POINT('',(3.82546956857218,389.572378240025,95.9071806471053));
#15366=CARTESIAN_POINT('Origin',(5.32354577992658,389.572378240025,95.0422659432133));
#15367=CARTESIAN_POINT('',(5.32354577992658,389.572378240025,95.0422659432133));
#15368=CARTESIAN_POINT('',(5.32354577992658,389.572378240025,95.0422659432133));
#15369=CARTESIAN_POINT('',(5.32354577992658,392.572378240025,95.0422659432133));
#15370=CARTESIAN_POINT('',(5.32354577992658,392.572378240025,95.0422659432133));
#15371=CARTESIAN_POINT('',(5.32354577992658,389.572378240025,95.0422659432133));
#15372=CARTESIAN_POINT('Origin',(5.32354577992657,389.572378240025,92.0422659432133));
#15373=CARTESIAN_POINT('',(5.32354577992657,389.572378240025,92.0422659432133));
#15374=CARTESIAN_POINT('',(5.32354577992657,389.572378240025,92.0422659432133));
#15375=CARTESIAN_POINT('',(5.32354577992657,392.572378240025,92.0422659432133));
#15376=CARTESIAN_POINT('',(5.32354577992657,392.572378240025,92.0422659432133));
#15377=CARTESIAN_POINT('',(5.32354577992657,389.572378240025,92.0422659432133));
#15378=CARTESIAN_POINT('Origin',(3.8254695685724,389.572378240025,91.1773512393214));
#15379=CARTESIAN_POINT('',(3.8254695685724,389.572378240025,91.1773512393214));
#15380=CARTESIAN_POINT('',(2.72546956857325,389.572378240025,90.5422659432133));
#15381=CARTESIAN_POINT('',(3.8254695685724,392.572378240025,91.1773512393214));
#15382=CARTESIAN_POINT('',(2.72546956857325,392.572378240025,90.5422659432133));
#15383=CARTESIAN_POINT('',(3.8254695685724,389.572378240025,91.1773512393214));
#15384=CARTESIAN_POINT('Origin',(3.82546956857245,389.572378240025,90.0227015085112));
#15385=CARTESIAN_POINT('',(3.82546956857245,389.57237898125,90.0227015085112));
#15386=CARTESIAN_POINT('',(3.8254695685725,389.572378240025,89.1100988843073));
#15387=CARTESIAN_POINT('',(3.82546956857245,392.57237898125,90.0227015085112));
#15388=CARTESIAN_POINT('',(3.8254695685725,392.572378240025,89.1100988843073));
#15389=CARTESIAN_POINT('',(3.82546956857245,389.57237898125,90.0227015085112));
#15390=CARTESIAN_POINT('Origin',(5.82354577992673,389.57237898125,91.176291346998));
#15391=CARTESIAN_POINT('',(5.82354577992673,389.57237898125,91.176291346998));
#15392=CARTESIAN_POINT('',(5.82354577992673,389.57237898125,91.176291346998));
#15393=CARTESIAN_POINT('',(5.82354577992673,392.57237898125,91.176291346998));
#15394=CARTESIAN_POINT('',(5.82354577992673,392.57237898125,91.176291346998));
#15395=CARTESIAN_POINT('',(5.82354577992673,389.57237898125,91.176291346998));
#15396=CARTESIAN_POINT('Origin',(8.42162199128005,389.57237898125,89.676291346998));
#15397=CARTESIAN_POINT('',(8.42162199128005,389.57237898125,89.676291346998));
#15398=CARTESIAN_POINT('',(8.42162199128005,389.57237898125,89.676291346998));
#15399=CARTESIAN_POINT('',(8.42162199128005,392.57237898125,89.676291346998));
#15400=CARTESIAN_POINT('',(8.42162199128005,392.57237898125,89.676291346998));
#15401=CARTESIAN_POINT('',(8.42162199128005,389.57237898125,89.676291346998));
#15402=CARTESIAN_POINT('Origin',(8.42162199128006,389.57237898125,86.676291346998));
#15403=CARTESIAN_POINT('',(8.42162199128006,389.57237898125,86.676291346998));
#15404=CARTESIAN_POINT('',(8.42162199128006,389.57237898125,86.676291346998));
#15405=CARTESIAN_POINT('',(8.42162199128006,392.57237898125,86.676291346998));
#15406=CARTESIAN_POINT('',(8.42162199128006,392.57237898125,86.676291346998));
#15407=CARTESIAN_POINT('',(8.42162199128006,389.57237898125,86.676291346998));
#15408=CARTESIAN_POINT('Origin',(6.53128493515839,389.57237898125,85.584904738787));
#15409=CARTESIAN_POINT('',(6.53128493515839,389.57237898125,85.584904738787));
#15410=CARTESIAN_POINT('',(5.82354577992674,389.57237898125,85.176291346998));
#15411=CARTESIAN_POINT('',(6.53128493515839,392.57237898125,85.584904738787));
#15412=CARTESIAN_POINT('',(5.82354577992674,392.57237898125,85.176291346998));
#15413=CARTESIAN_POINT('',(6.53128493515839,389.57237898125,85.584904738787));
#15414=CARTESIAN_POINT('Origin',(7.53120872380528,389.572378240025,85.0075984702427));
#15415=CARTESIAN_POINT('',(7.53120872380527,389.572378240025,85.0075984702427));
#15416=CARTESIAN_POINT('',(10.5254695685728,389.572378240025,83.2788611654924));
#15417=CARTESIAN_POINT('',(7.53120872380527,392.572378240025,85.0075984702427));
#15418=CARTESIAN_POINT('',(10.5254695685728,392.572378240025,83.2788611654924));
#15419=CARTESIAN_POINT('',(7.53120872380527,389.572378240025,85.0075984702427));
#15420=CARTESIAN_POINT('Origin',(8.92146956857326,389.572378240025,85.8102659432133));
#15421=CARTESIAN_POINT('',(8.92146956857326,389.572378240025,85.8102659432133));
#15422=CARTESIAN_POINT('',(8.92146956857326,392.572378240025,85.8102659432133));
#15423=CARTESIAN_POINT('Origin',(-38.780454220074,389.57237898125,80.1272786451057));
#15424=CARTESIAN_POINT('Origin',(-38.780454220074,392.57237898125,80.1272786451057));
#15425=CARTESIAN_POINT('Origin',(8.42162199128005,389.57237898125,108.140291346998));
#15426=CARTESIAN_POINT('',(8.42162199128005,389.57237898125,108.140291346998));
#15427=CARTESIAN_POINT('',(8.42162199128005,389.57237898125,111.140291346998));
#15428=CARTESIAN_POINT('',(8.42162199128005,389.57237898125,108.140291346998));
#15429=CARTESIAN_POINT('',(8.42162199128005,392.57237898125,111.140291346998));
#15430=CARTESIAN_POINT('',(8.42162199128005,389.57237898125,111.140291346998));
#15431=CARTESIAN_POINT('',(8.42162199128005,392.57237898125,108.140291346998));
#15432=CARTESIAN_POINT('',(8.42162199128005,392.57237898125,108.140291346998));
#15433=CARTESIAN_POINT('',(8.42162199128005,389.57237898125,108.140291346998));
#15434=CARTESIAN_POINT('Origin',(5.82354577992674,389.57237898125,106.640291346998));
#15435=CARTESIAN_POINT('',(5.82354577992674,389.57237898125,106.640291346998));
#15436=CARTESIAN_POINT('',(5.82354577992674,389.57237898125,106.640291346998));
#15437=CARTESIAN_POINT('',(5.82354577992674,392.57237898125,106.640291346998));
#15438=CARTESIAN_POINT('',(5.82354577992674,392.57237898125,106.640291346998));
#15439=CARTESIAN_POINT('',(5.82354577992674,389.57237898125,106.640291346998));
#15440=CARTESIAN_POINT('Origin',(3.22546956857349,389.572378671429,108.140291346998));
#15441=CARTESIAN_POINT('',(3.22546956857349,389.572378671429,108.140291346998));
#15442=CARTESIAN_POINT('',(3.22546956857349,389.572378671429,108.140291346998));
#15443=CARTESIAN_POINT('',(3.22546956857349,392.572378671429,108.140291346998));
#15444=CARTESIAN_POINT('',(3.22546956857349,392.572378671429,108.140291346998));
#15445=CARTESIAN_POINT('',(3.22546956857349,389.572378671429,108.140291346998));
#15446=CARTESIAN_POINT('Origin',(3.22546956857341,389.57237898125,111.140291346998));
#15447=CARTESIAN_POINT('',(3.22546956857341,389.57237898125,111.140291346998));
#15448=CARTESIAN_POINT('',(3.22546956857341,389.57237898125,111.140291346998));
#15449=CARTESIAN_POINT('',(3.22546956857341,392.57237898125,111.140291346998));
#15450=CARTESIAN_POINT('',(3.22546956857341,392.57237898125,111.140291346998));
#15451=CARTESIAN_POINT('',(3.22546956857341,389.57237898125,111.140291346998));
#15452=CARTESIAN_POINT('Origin',(5.82354577992673,389.57237898125,112.640291346998));
#15453=CARTESIAN_POINT('',(5.82354577992673,389.57237898125,112.640291346998));
#15454=CARTESIAN_POINT('',(5.82354577992673,389.57237898125,112.640291346998));
#15455=CARTESIAN_POINT('',(5.82354577992673,392.57237898125,112.640291346998));
#15456=CARTESIAN_POINT('',(5.82354577992673,392.57237898125,112.640291346998));
#15457=CARTESIAN_POINT('',(5.82354577992673,389.57237898125,112.640291346998));
#15458=CARTESIAN_POINT('Origin',(8.42162199128005,389.57237898125,111.140291346998));
#15459=CARTESIAN_POINT('',(8.42162199128005,389.57237898125,111.140291346998));
#15460=CARTESIAN_POINT('',(8.42162199128005,392.57237898125,111.140291346998));
#15461=CARTESIAN_POINT('Origin',(2.22562199128006,389.57237898125,108.140291346998));
#15462=CARTESIAN_POINT('',(2.22562199128006,389.57237898125,108.140291346998));
#15463=CARTESIAN_POINT('',(2.22562199128005,389.57237898125,111.140291346998));
#15464=CARTESIAN_POINT('',(2.22562199128006,389.57237898125,108.140291346998));
#15465=CARTESIAN_POINT('',(2.22562199128005,392.57237898125,111.140291346998));
#15466=CARTESIAN_POINT('',(2.22562199128005,389.57237898125,111.140291346998));
#15467=CARTESIAN_POINT('',(2.22562199128006,392.57237898125,108.140291346998));
#15468=CARTESIAN_POINT('',(2.22562199128006,392.57237898125,108.140291346998));
#15469=CARTESIAN_POINT('',(2.22562199128006,389.57237898125,108.140291346998));
#15470=CARTESIAN_POINT('Origin',(-0.372454220073264,389.57237898125,106.640291346998));
#15471=CARTESIAN_POINT('',(-0.372454220073264,389.57237898125,106.640291346998));
#15472=CARTESIAN_POINT('',(-0.372454220073264,389.57237898125,106.640291346998));
#15473=CARTESIAN_POINT('',(-0.372454220073264,392.57237898125,106.640291346998));
#15474=CARTESIAN_POINT('',(-0.372454220073264,392.57237898125,106.640291346998));
#15475=CARTESIAN_POINT('',(-0.372454220073264,389.57237898125,106.640291346998));
#15476=CARTESIAN_POINT('Origin',(-2.9705304314265,389.572378671429,108.140291346998));
#15477=CARTESIAN_POINT('',(-2.9705304314265,389.572378671429,108.140291346998));
#15478=CARTESIAN_POINT('',(-2.9705304314265,389.572378671429,108.140291346998));
#15479=CARTESIAN_POINT('',(-2.9705304314265,392.572378671429,108.140291346998));
#15480=CARTESIAN_POINT('',(-2.9705304314265,392.572378671429,108.140291346998));
#15481=CARTESIAN_POINT('',(-2.9705304314265,389.572378671429,108.140291346998));
#15482=CARTESIAN_POINT('Origin',(-2.97053043142659,389.57237898125,111.140291346998));
#15483=CARTESIAN_POINT('',(-2.97053043142659,389.57237898125,111.140291346998));
#15484=CARTESIAN_POINT('',(-2.97053043142659,389.57237898125,111.140291346998));
#15485=CARTESIAN_POINT('',(-2.97053043142659,392.57237898125,111.140291346998));
#15486=CARTESIAN_POINT('',(-2.97053043142659,392.57237898125,111.140291346998));
#15487=CARTESIAN_POINT('',(-2.97053043142659,389.57237898125,111.140291346998));
#15488=CARTESIAN_POINT('Origin',(-0.372454220073273,389.57237898125,112.640291346998));
#15489=CARTESIAN_POINT('',(-0.372454220073273,389.57237898125,112.640291346998));
#15490=CARTESIAN_POINT('',(-0.372454220073273,389.57237898125,112.640291346998));
#15491=CARTESIAN_POINT('',(-0.372454220073273,392.57237898125,112.640291346998));
#15492=CARTESIAN_POINT('',(-0.372454220073273,392.57237898125,112.640291346998));
#15493=CARTESIAN_POINT('',(-0.372454220073273,389.57237898125,112.640291346998));
#15494=CARTESIAN_POINT('Origin',(2.22562199128005,389.57237898125,111.140291346998));
#15495=CARTESIAN_POINT('',(2.22562199128005,389.57237898125,111.140291346998));
#15496=CARTESIAN_POINT('',(2.22562199128005,392.57237898125,111.140291346998));
#15497=CARTESIAN_POINT('Origin',(8.92146956857326,389.572378240025,107.274265943213));
#15498=CARTESIAN_POINT('',(8.92146956857326,389.572378240025,107.274265943213));
#15499=CARTESIAN_POINT('',(6.32339335721994,389.572378240025,105.774265943213));
#15500=CARTESIAN_POINT('',(8.92146956857326,389.572378240025,107.274265943213));
#15501=CARTESIAN_POINT('',(6.32339335721994,392.572378240025,105.774265943213));
#15502=CARTESIAN_POINT('',(6.32339335721994,389.572378240025,105.774265943213));
#15503=CARTESIAN_POINT('',(8.92146956857326,392.572378240025,107.274265943213));
#15504=CARTESIAN_POINT('',(8.92146956857326,392.572378240025,107.274265943213));
#15505=CARTESIAN_POINT('',(8.92146956857326,389.572378240025,107.274265943213));
#15506=CARTESIAN_POINT('Origin',(10.2040996801694,389.572378240025,106.533739103013));
#15507=CARTESIAN_POINT('',(10.2040996801694,389.572378240025,106.533739103013));
#15508=CARTESIAN_POINT('',(11.5195457799266,389.572378240025,105.774265943213));
#15509=CARTESIAN_POINT('',(10.2040996801694,392.572378240025,106.533739103013));
#15510=CARTESIAN_POINT('',(11.5195457799266,392.572378240025,105.774265943213));
#15511=CARTESIAN_POINT('',(10.2040996801694,389.572378240025,106.533739103013));
#15512=CARTESIAN_POINT('Origin',(10.9254695685717,389.572378240025,106.950222202267));
#15513=CARTESIAN_POINT('',(10.9254695685717,389.572378240025,106.950222202267));
#15514=CARTESIAN_POINT('',(10.9254695685717,389.572378240025,106.950222202267));
#15515=CARTESIAN_POINT('',(10.9254695685717,392.572378240025,106.950222202267));
#15516=CARTESIAN_POINT('',(10.9254695685717,392.572378240025,106.950222202267));
#15517=CARTESIAN_POINT('',(10.9254695685717,389.572378240025,106.950222202267));
#15518=CARTESIAN_POINT('Origin',(9.22546956857158,389.572378240025,109.894708575134));
#15519=CARTESIAN_POINT('',(11.1896268122871,389.572378882282,107.11944528637));
#15520=CARTESIAN_POINT('Origin',(9.22546956857158,389.572378240025,109.894708575134));
#15521=CARTESIAN_POINT('',(11.1896268122871,392.572378882282,107.11944528637));
#15522=CARTESIAN_POINT('Origin',(9.22546956857158,392.572378240025,109.894708575134));
#15523=CARTESIAN_POINT('',(11.1896268122871,389.572378882282,107.11944528637));
#15524=CARTESIAN_POINT('Origin',(9.42146956857349,389.572378671429,108.140291346998));
#15525=CARTESIAN_POINT('',(9.42146956857349,389.572378671429,108.140291346998));
#15526=CARTESIAN_POINT('',(9.42146956857349,389.572378671429,108.140291346998));
#15527=CARTESIAN_POINT('',(9.42146956857349,392.572378671429,108.140291346998));
#15528=CARTESIAN_POINT('',(9.42146956857349,392.572378671429,108.140291346998));
#15529=CARTESIAN_POINT('',(9.42146956857349,389.572378671429,108.140291346998));
#15530=CARTESIAN_POINT('Origin',(9.42146956857341,389.57237898125,111.140291346998));
#15531=CARTESIAN_POINT('',(9.42146956857341,389.57237898125,111.140291346998));
#15532=CARTESIAN_POINT('',(9.42146956857341,389.57237898125,111.140291346998));
#15533=CARTESIAN_POINT('',(9.42146956857341,392.57237898125,111.140291346998));
#15534=CARTESIAN_POINT('',(9.42146956857341,392.57237898125,111.140291346998));
#15535=CARTESIAN_POINT('',(9.42146956857341,389.57237898125,111.140291346998));
#15536=CARTESIAN_POINT('Origin',(12.0195457799267,389.57237898125,112.640291346998));
#15537=CARTESIAN_POINT('',(12.0195457799267,389.57237898125,112.640291346998));
#15538=CARTESIAN_POINT('',(12.0195457799267,389.57237898125,112.640291346998));
#15539=CARTESIAN_POINT('',(12.0195457799267,392.57237898125,112.640291346998));
#15540=CARTESIAN_POINT('',(12.0195457799267,392.57237898125,112.640291346998));
#15541=CARTESIAN_POINT('',(12.0195457799267,389.57237898125,112.640291346998));
#15542=CARTESIAN_POINT('Origin',(12.5330651977319,389.57237898125,112.343810772894));
#15543=CARTESIAN_POINT('',(12.5330651977319,389.57237898125,112.343810772894));
#15544=CARTESIAN_POINT('',(14.61762199128,389.57237898125,111.140291346998));
#15545=CARTESIAN_POINT('',(12.5330651977319,392.57237898125,112.343810772894));
#15546=CARTESIAN_POINT('',(14.61762199128,392.57237898125,111.140291346998));
#15547=CARTESIAN_POINT('',(12.5330651977319,389.57237898125,112.343810772894));
#15548=CARTESIAN_POINT('Origin',(10.2254695685715,389.572378240025,111.684263646238));
#15549=CARTESIAN_POINT('',(11.5195457799266,389.572378240025,113.705492668196));
#15550=CARTESIAN_POINT('Origin',(10.2254695685715,389.572378240025,111.684263646238));
#15551=CARTESIAN_POINT('',(11.5195457799266,392.572378240025,113.705492668196));
#15552=CARTESIAN_POINT('Origin',(10.2254695685715,392.572378240025,111.684263646238));
#15553=CARTESIAN_POINT('',(11.5195457799266,389.572378240025,113.705492668196));
#15554=CARTESIAN_POINT('Origin',(11.5195457799266,389.572378240025,113.506265943213));
#15555=CARTESIAN_POINT('',(11.5195457799266,389.572378240025,113.506265943213));
#15556=CARTESIAN_POINT('',(11.5195457799266,389.572378240025,113.506265943213));
#15557=CARTESIAN_POINT('',(11.5195457799266,392.572378240025,113.506265943213));
#15558=CARTESIAN_POINT('',(11.5195457799266,392.572378240025,113.506265943213));
#15559=CARTESIAN_POINT('',(11.5195457799266,389.572378240025,113.506265943213));
#15560=CARTESIAN_POINT('Origin',(8.92146956857325,389.572378240025,112.006265943213));
#15561=CARTESIAN_POINT('',(8.92146956857325,389.572378240025,112.006265943213));
#15562=CARTESIAN_POINT('',(8.92146956857325,389.572378240025,112.006265943213));
#15563=CARTESIAN_POINT('',(8.92146956857325,392.572378240025,112.006265943213));
#15564=CARTESIAN_POINT('',(8.92146956857325,392.572378240025,112.006265943213));
#15565=CARTESIAN_POINT('',(8.92146956857325,389.572378240025,112.006265943213));
#15566=CARTESIAN_POINT('Origin',(6.32339335721994,389.572378240025,113.506265943213));
#15567=CARTESIAN_POINT('',(6.32339335721994,389.572378240025,113.506265943213));
#15568=CARTESIAN_POINT('',(6.32339335721994,389.572378240025,113.506265943213));
#15569=CARTESIAN_POINT('',(6.32339335721994,392.572378240025,113.506265943213));
#15570=CARTESIAN_POINT('',(6.32339335721994,392.572378240025,113.506265943213));
#15571=CARTESIAN_POINT('',(6.32339335721994,389.572378240025,113.506265943213));
#15572=CARTESIAN_POINT('Origin',(6.32339335721993,389.572378240025,114.084263646234));
#15573=CARTESIAN_POINT('',(6.32339335721994,389.572378240025,114.084263646234));
#15574=CARTESIAN_POINT('',(6.32339335721994,389.572378240025,116.506265943213));
#15575=CARTESIAN_POINT('',(6.32339335721994,392.572378240025,114.084263646234));
#15576=CARTESIAN_POINT('',(6.32339335721994,392.572378240025,116.506265943213));
#15577=CARTESIAN_POINT('',(6.32339335721994,389.572378240025,114.084263646234));
#15578=CARTESIAN_POINT('Origin',(5.32354577992657,389.572378240025,114.084263646234));
#15579=CARTESIAN_POINT('',(5.32354577992657,389.572378240025,114.084263646234));
#15580=CARTESIAN_POINT('',(-6.27453043142873,389.572378240024,114.08426364623));
#15581=CARTESIAN_POINT('',(5.32354577992657,392.572378240025,114.084263646234));
#15582=CARTESIAN_POINT('',(-6.27453043142873,392.572378240024,114.08426364623));
#15583=CARTESIAN_POINT('',(5.32354577992657,389.572378240025,114.084263646234));
#15584=CARTESIAN_POINT('Origin',(5.32354577992657,389.572378240025,113.506265943213));
#15585=CARTESIAN_POINT('',(5.32354577992657,389.572378240025,113.506265943213));
#15586=CARTESIAN_POINT('',(5.32354577992657,389.572378240025,113.506265943213));
#15587=CARTESIAN_POINT('',(5.32354577992657,392.572378240025,113.506265943213));
#15588=CARTESIAN_POINT('',(5.32354577992657,392.572378240025,113.506265943213));
#15589=CARTESIAN_POINT('',(5.32354577992657,389.572378240025,113.506265943213));
#15590=CARTESIAN_POINT('Origin',(2.72546956857325,389.572378240025,112.006265943213));
#15591=CARTESIAN_POINT('',(2.72546956857325,389.572378240025,112.006265943213));
#15592=CARTESIAN_POINT('',(2.72546956857325,389.572378240025,112.006265943213));
#15593=CARTESIAN_POINT('',(2.72546956857325,392.572378240025,112.006265943213));
#15594=CARTESIAN_POINT('',(2.72546956857325,392.572378240025,112.006265943213));
#15595=CARTESIAN_POINT('',(2.72546956857325,389.572378240025,112.006265943213));
#15596=CARTESIAN_POINT('Origin',(0.12739335721994,389.572378240025,113.506265943213));
#15597=CARTESIAN_POINT('',(0.12739335721994,389.572378240025,113.506265943213));
#15598=CARTESIAN_POINT('',(0.12739335721994,389.572378240025,113.506265943213));
#15599=CARTESIAN_POINT('',(0.12739335721994,392.572378240025,113.506265943213));
#15600=CARTESIAN_POINT('',(0.12739335721994,392.572378240025,113.506265943213));
#15601=CARTESIAN_POINT('',(0.12739335721994,389.572378240025,113.506265943213));
#15602=CARTESIAN_POINT('Origin',(0.12739335721994,389.572378240025,114.084263646232));
#15603=CARTESIAN_POINT('',(0.12739335721994,389.572378240025,114.084263646232));
#15604=CARTESIAN_POINT('',(0.127393357219949,389.572378240025,116.506265943213));
#15605=CARTESIAN_POINT('',(0.12739335721994,392.572378240025,114.084263646232));
#15606=CARTESIAN_POINT('',(0.127393357219949,392.572378240025,116.506265943213));
#15607=CARTESIAN_POINT('',(0.12739335721994,389.572378240025,114.084263646232));
#15608=CARTESIAN_POINT('Origin',(-0.872454220073431,389.572378240024,114.084263646232));
#15609=CARTESIAN_POINT('',(-0.872454220073431,389.572378240025,114.084263646232));
#15610=CARTESIAN_POINT('',(-6.27453043142873,389.572378240024,114.08426364623));
#15611=CARTESIAN_POINT('',(-0.872454220073431,392.572378240025,114.084263646232));
#15612=CARTESIAN_POINT('',(-6.27453043142873,392.572378240024,114.08426364623));
#15613=CARTESIAN_POINT('',(-0.872454220073431,389.572378240025,114.084263646232));
#15614=CARTESIAN_POINT('Origin',(-0.872454220073431,389.572378240025,113.506265943213));
#15615=CARTESIAN_POINT('',(-0.872454220073431,389.572378240025,113.506265943213));
#15616=CARTESIAN_POINT('',(-0.872454220073431,389.572378240025,113.506265943213));
#15617=CARTESIAN_POINT('',(-0.872454220073431,392.572378240025,113.506265943213));
#15618=CARTESIAN_POINT('',(-0.872454220073431,392.572378240025,113.506265943213));
#15619=CARTESIAN_POINT('',(-0.872454220073431,389.572378240025,113.506265943213));
#15620=CARTESIAN_POINT('Origin',(-3.47053043142675,389.572378240025,112.006265943213));
#15621=CARTESIAN_POINT('',(-3.47053043142675,389.572378240025,112.006265943213));
#15622=CARTESIAN_POINT('',(-3.47053043142675,389.572378240025,112.006265943213));
#15623=CARTESIAN_POINT('',(-3.47053043142675,392.572378240025,112.006265943213));
#15624=CARTESIAN_POINT('',(-3.47053043142675,392.572378240025,112.006265943213));
#15625=CARTESIAN_POINT('',(-3.47053043142675,389.572378240025,112.006265943213));
#15626=CARTESIAN_POINT('Origin',(-6.06860664278006,389.572378240025,113.506265943213));
#15627=CARTESIAN_POINT('',(-6.06860664278006,389.572378240025,113.506265943213));
#15628=CARTESIAN_POINT('',(-6.06860664278006,389.572378240025,113.506265943213));
#15629=CARTESIAN_POINT('',(-6.06860664278006,392.572378240025,113.506265943213));
#15630=CARTESIAN_POINT('',(-6.06860664278006,392.572378240025,113.506265943213));
#15631=CARTESIAN_POINT('',(-6.06860664278006,389.572378240025,113.506265943213));
#15632=CARTESIAN_POINT('Origin',(-6.06860664278006,389.572378240025,114.08426364623));
#15633=CARTESIAN_POINT('',(-6.06860664278006,389.572378240025,114.08426364623));
#15634=CARTESIAN_POINT('',(-6.06860664278005,389.572378240025,116.506265943213));
#15635=CARTESIAN_POINT('',(-6.06860664278006,392.572378240025,114.08426364623));
#15636=CARTESIAN_POINT('',(-6.06860664278005,392.572378240025,116.506265943213));
#15637=CARTESIAN_POINT('',(-6.06860664278006,389.572378240025,114.08426364623));
#15638=CARTESIAN_POINT('Origin',(-6.27453043142873,389.572378240024,114.08426364623));
#15639=CARTESIAN_POINT('',(-6.27453043142873,389.572378240024,114.08426364623));
#15640=CARTESIAN_POINT('',(-6.27453043142873,389.572378240024,114.08426364623));
#15641=CARTESIAN_POINT('',(-6.27453043142873,392.572378240024,114.08426364623));
#15642=CARTESIAN_POINT('',(-6.27453043142873,392.572378240024,114.08426364623));
#15643=CARTESIAN_POINT('',(-6.27453043142873,389.572378240024,114.08426364623));
#15644=CARTESIAN_POINT('Origin',(-6.27453043142852,389.572378240024,111.684263646237));
#15645=CARTESIAN_POINT('',(-7.06845422007342,389.572378240025,113.949144441729));
#15646=CARTESIAN_POINT('Origin',(-6.27453043142852,389.572378240024,111.684263646237));
#15647=CARTESIAN_POINT('',(-7.06845422007342,392.572378240025,113.949144441729));
#15648=CARTESIAN_POINT('Origin',(-6.27453043142852,392.572378240024,111.684263646237));
#15649=CARTESIAN_POINT('',(-7.06845422007342,389.572378240025,113.949144441729));
#15650=CARTESIAN_POINT('Origin',(-7.06845422007343,389.572378240025,113.506265943213));
#15651=CARTESIAN_POINT('',(-7.06845422007343,389.572378240025,113.506265943213));
#15652=CARTESIAN_POINT('',(-7.06845422007343,389.572378240025,113.506265943213));
#15653=CARTESIAN_POINT('',(-7.06845422007343,392.572378240025,113.506265943213));
#15654=CARTESIAN_POINT('',(-7.06845422007343,392.572378240025,113.506265943213));
#15655=CARTESIAN_POINT('',(-7.06845422007343,389.572378240025,113.506265943213));
#15656=CARTESIAN_POINT('Origin',(-8.44303711029391,389.572378240025,112.712650141521));
#15657=CARTESIAN_POINT('',(-8.44303711029392,389.572378240025,112.712650141521));
#15658=CARTESIAN_POINT('',(-9.66653043142675,389.572378240025,112.006265943213));
#15659=CARTESIAN_POINT('',(-8.44303711029392,392.572378240025,112.712650141521));
#15660=CARTESIAN_POINT('',(-9.66653043142675,392.572378240025,112.006265943213));
#15661=CARTESIAN_POINT('',(-8.44303711029392,389.572378240025,112.712650141521));
#15662=CARTESIAN_POINT('Origin',(-6.27453043142852,389.572378240024,111.684263646237));
#15663=CARTESIAN_POINT('',(-8.67453043142152,389.572378240024,111.684263646237));
#15664=CARTESIAN_POINT('Origin',(-6.27453043142852,389.572378240024,111.684263646237));
#15665=CARTESIAN_POINT('',(-8.67453043142152,392.572378240024,111.684263646237));
#15666=CARTESIAN_POINT('Origin',(-6.27453043142852,392.572378240024,111.684263646237));
#15667=CARTESIAN_POINT('',(-8.67453043142152,389.572378240024,111.684263646237));
#15668=CARTESIAN_POINT('Origin',(-8.67453043142855,389.572378240024,111.424347679438));
#15669=CARTESIAN_POINT('',(-8.67453043142855,389.57237898125,111.424347679438));
#15670=CARTESIAN_POINT('',(-8.67453043142844,389.572378240024,110.760733978918));
#15671=CARTESIAN_POINT('',(-8.67453043142855,392.57237898125,111.424347679438));
#15672=CARTESIAN_POINT('',(-8.67453043142844,392.572378240024,110.760733978918));
#15673=CARTESIAN_POINT('',(-8.67453043142855,389.57237898125,111.424347679438));
#15674=CARTESIAN_POINT('Origin',(-6.56845422007327,389.57237898125,112.640291346998));
#15675=CARTESIAN_POINT('',(-6.56845422007327,389.57237898125,112.640291346998));
#15676=CARTESIAN_POINT('',(-6.56845422007327,389.57237898125,112.640291346998));
#15677=CARTESIAN_POINT('',(-6.56845422007327,392.57237898125,112.640291346998));
#15678=CARTESIAN_POINT('',(-6.56845422007327,392.57237898125,112.640291346998));
#15679=CARTESIAN_POINT('',(-6.56845422007327,389.57237898125,112.640291346998));
#15680=CARTESIAN_POINT('Origin',(-3.97037800871995,389.57237898125,111.140291346998));
#15681=CARTESIAN_POINT('',(-3.97037800871995,389.57237898125,111.140291346998));
#15682=CARTESIAN_POINT('',(-3.97037800871995,389.57237898125,111.140291346998));
#15683=CARTESIAN_POINT('',(-3.97037800871995,392.57237898125,111.140291346998));
#15684=CARTESIAN_POINT('',(-3.97037800871995,392.57237898125,111.140291346998));
#15685=CARTESIAN_POINT('',(-3.97037800871995,389.57237898125,111.140291346998));
#15686=CARTESIAN_POINT('Origin',(-3.97037800871995,389.57237898125,108.140291346998));
#15687=CARTESIAN_POINT('',(-3.97037800871995,389.57237898125,108.140291346998));
#15688=CARTESIAN_POINT('',(-3.97037800871995,389.57237898125,108.140291346998));
#15689=CARTESIAN_POINT('',(-3.97037800871995,392.57237898125,108.140291346998));
#15690=CARTESIAN_POINT('',(-3.97037800871995,392.57237898125,108.140291346998));
#15691=CARTESIAN_POINT('',(-3.97037800871995,389.57237898125,108.140291346998));
#15692=CARTESIAN_POINT('Origin',(-5.75308433167161,389.57237898125,107.111045371556));
#15693=CARTESIAN_POINT('',(-5.75308433167161,389.57237898125,107.111045371556));
#15694=CARTESIAN_POINT('',(-6.56845422007327,389.57237898125,106.640291346998));
#15695=CARTESIAN_POINT('',(-5.75308433167161,392.57237898125,107.111045371556));
#15696=CARTESIAN_POINT('',(-6.56845422007327,392.57237898125,106.640291346998));
#15697=CARTESIAN_POINT('',(-5.75308433167161,389.57237898125,107.111045371556));
#15698=CARTESIAN_POINT('Origin',(-4.75316054302479,389.572378240024,106.533739103011));
#15699=CARTESIAN_POINT('',(-4.75316054302479,389.572378240025,106.533739103011));
#15700=CARTESIAN_POINT('',(1.02546956857177,389.572378240025,103.197445452534));
#15701=CARTESIAN_POINT('',(-4.75316054302479,392.572378240025,106.533739103011));
#15702=CARTESIAN_POINT('',(1.02546956857177,392.572378240025,103.197445452534));
#15703=CARTESIAN_POINT('',(-4.75316054302479,389.572378240025,106.533739103011));
#15704=CARTESIAN_POINT('Origin',(-3.47053043142674,389.572378240025,107.274265943213));
#15705=CARTESIAN_POINT('',(-3.47053043142674,389.572378240025,107.274265943213));
#15706=CARTESIAN_POINT('',(-3.47053043142674,389.572378240025,107.274265943213));
#15707=CARTESIAN_POINT('',(-3.47053043142674,392.572378240025,107.274265943213));
#15708=CARTESIAN_POINT('',(-3.47053043142674,392.572378240025,107.274265943213));
#15709=CARTESIAN_POINT('',(-3.47053043142674,389.572378240025,107.274265943213));
#15710=CARTESIAN_POINT('Origin',(-0.872454220073422,389.572378240025,105.774265943213));
#15711=CARTESIAN_POINT('',(-0.872454220073422,389.572378240025,105.774265943213));
#15712=CARTESIAN_POINT('',(-0.872454220073422,389.572378240025,105.774265943213));
#15713=CARTESIAN_POINT('',(-0.872454220073422,392.572378240025,105.774265943213));
#15714=CARTESIAN_POINT('',(-0.872454220073422,392.572378240025,105.774265943213));
#15715=CARTESIAN_POINT('',(-0.872454220073422,389.572378240025,105.774265943213));
#15716=CARTESIAN_POINT('Origin',(-0.872454220073422,389.572378240025,104.29321226281));
#15717=CARTESIAN_POINT('',(-0.872454220073422,389.572378240025,104.29321226281));
#15718=CARTESIAN_POINT('',(-0.872454220073431,389.572378240025,102.774265943213));
#15719=CARTESIAN_POINT('',(-0.872454220073422,392.572378240025,104.29321226281));
#15720=CARTESIAN_POINT('',(-0.872454220073431,392.572378240025,102.774265943213));
#15721=CARTESIAN_POINT('',(-0.872454220073422,389.572378240025,104.29321226281));
#15722=CARTESIAN_POINT('Origin',(0.12739335721994,389.572378240025,103.715949994911));
#15723=CARTESIAN_POINT('',(0.12739335721994,389.572378240025,103.715949994911));
#15724=CARTESIAN_POINT('',(1.02546956857177,389.572378240025,103.197445452534));
#15725=CARTESIAN_POINT('',(0.12739335721994,392.572378240025,103.715949994911));
#15726=CARTESIAN_POINT('',(1.02546956857177,392.572378240025,103.197445452534));
#15727=CARTESIAN_POINT('',(0.12739335721994,389.572378240025,103.715949994911));
#15728=CARTESIAN_POINT('Origin',(0.12739335721994,389.572378240025,105.774265943213));
#15729=CARTESIAN_POINT('',(0.12739335721994,389.572378240025,105.774265943213));
#15730=CARTESIAN_POINT('',(0.12739335721994,389.572378240025,105.774265943213));
#15731=CARTESIAN_POINT('',(0.12739335721994,392.572378240025,105.774265943213));
#15732=CARTESIAN_POINT('',(0.12739335721994,392.572378240025,105.774265943213));
#15733=CARTESIAN_POINT('',(0.12739335721994,389.572378240025,105.774265943213));
#15734=CARTESIAN_POINT('Origin',(2.72546956857326,389.572378240025,107.274265943213));
#15735=CARTESIAN_POINT('',(2.72546956857326,389.572378240025,107.274265943213));
#15736=CARTESIAN_POINT('',(2.72546956857326,389.572378240025,107.274265943213));
#15737=CARTESIAN_POINT('',(2.72546956857326,392.572378240025,107.274265943213));
#15738=CARTESIAN_POINT('',(2.72546956857326,392.572378240025,107.274265943213));
#15739=CARTESIAN_POINT('',(2.72546956857326,389.572378240025,107.274265943213));
#15740=CARTESIAN_POINT('Origin',(5.32354577992658,389.572378240025,105.774265943213));
#15741=CARTESIAN_POINT('',(5.32354577992658,389.572378240025,105.774265943213));
#15742=CARTESIAN_POINT('',(5.32354577992658,389.572378240025,105.774265943213));
#15743=CARTESIAN_POINT('',(5.32354577992658,392.572378240025,105.774265943213));
#15744=CARTESIAN_POINT('',(5.32354577992658,392.572378240025,105.774265943213));
#15745=CARTESIAN_POINT('',(5.32354577992658,389.572378240025,105.774265943213));
#15746=CARTESIAN_POINT('Origin',(5.32354577992657,389.572378240025,103.715949994913));
#15747=CARTESIAN_POINT('',(5.32354577992658,389.572378240025,103.715949994913));
#15748=CARTESIAN_POINT('',(5.32354577992656,389.572378240025,102.774265943213));
#15749=CARTESIAN_POINT('',(5.32354577992658,392.572378240025,103.715949994913));
#15750=CARTESIAN_POINT('',(5.32354577992656,392.572378240025,102.774265943213));
#15751=CARTESIAN_POINT('',(5.32354577992658,389.572378240025,103.715949994913));
#15752=CARTESIAN_POINT('Origin',(6.32339335721994,389.572378240025,104.293212262812));
#15753=CARTESIAN_POINT('',(6.32339335721994,389.572378240025,104.293212262812));
#15754=CARTESIAN_POINT('',(10.9254695685717,389.572378240025,106.950222202267));
#15755=CARTESIAN_POINT('',(6.32339335721994,392.572378240025,104.293212262812));
#15756=CARTESIAN_POINT('',(10.9254695685717,392.572378240025,106.950222202267));
#15757=CARTESIAN_POINT('',(6.32339335721994,389.572378240025,104.293212262812));
#15758=CARTESIAN_POINT('Origin',(6.32339335721994,389.572378240025,105.774265943213));
#15759=CARTESIAN_POINT('',(6.32339335721994,389.572378240025,105.774265943213));
#15760=CARTESIAN_POINT('',(6.32339335721994,392.572378240025,105.774265943213));
#15761=CARTESIAN_POINT('Origin',(-38.780454220074,389.57237898125,80.1272786451057));
#15762=CARTESIAN_POINT('Origin',(-38.780454220074,392.57237898125,80.1272786451057));
#15763=CARTESIAN_POINT('',(0.,0.,0.));
#15764=CARTESIAN_POINT('',(0.,0.,0.));
#15765=UNCERTAINTY_MEASURE_WITH_UNIT(LENGTH_MEASURE(0.01),#15773,
'DISTANCE_ACCURACY_VALUE',
'Maximum model space distance between geometric entities at asserted c
onnectivities');
#15766=UNCERTAINTY_MEASURE_WITH_UNIT(LENGTH_MEASURE(0.01),#15773,
'DISTANCE_ACCURACY_VALUE',
'Maximum model space distance between geometric entities at asserted c
onnectivities');
#15767=UNCERTAINTY_MEASURE_WITH_UNIT(LENGTH_MEASURE(0.01),#15773,
'DISTANCE_ACCURACY_VALUE',
'Maximum model space distance between geometric entities at asserted c
onnectivities');
#15768=UNCERTAINTY_MEASURE_WITH_UNIT(LENGTH_MEASURE(0.01),#15773,
'DISTANCE_ACCURACY_VALUE',
'Maximum model space distance between geometric entities at asserted c
onnectivities');
#15769=(
GEOMETRIC_REPRESENTATION_CONTEXT(3)
GLOBAL_UNCERTAINTY_ASSIGNED_CONTEXT((#15765))
GLOBAL_UNIT_ASSIGNED_CONTEXT((#15773,#15775,#15776))
REPRESENTATION_CONTEXT('','3D')
);
#15770=(
GEOMETRIC_REPRESENTATION_CONTEXT(3)
GLOBAL_UNCERTAINTY_ASSIGNED_CONTEXT((#15766))
GLOBAL_UNIT_ASSIGNED_CONTEXT((#15773,#15775,#15776))
REPRESENTATION_CONTEXT('','3D')
);
#15771=(
GEOMETRIC_REPRESENTATION_CONTEXT(3)
GLOBAL_UNCERTAINTY_ASSIGNED_CONTEXT((#15767))
GLOBAL_UNIT_ASSIGNED_CONTEXT((#15773,#15775,#15776))
REPRESENTATION_CONTEXT('','3D')
);
#15772=(
GEOMETRIC_REPRESENTATION_CONTEXT(3)
GLOBAL_UNCERTAINTY_ASSIGNED_CONTEXT((#15768))
GLOBAL_UNIT_ASSIGNED_CONTEXT((#15773,#15775,#15776))
REPRESENTATION_CONTEXT('','3D')
);
#15773=(
LENGTH_UNIT()
NAMED_UNIT(*)
SI_UNIT(.MILLI.,.METRE.)
);
#15774=(
LENGTH_UNIT()
NAMED_UNIT(*)
SI_UNIT($,.METRE.)
);
#15775=(
NAMED_UNIT(*)
PLANE_ANGLE_UNIT()
SI_UNIT($,.RADIAN.)
);
#15776=(
NAMED_UNIT(*)
SI_UNIT($,.STERADIAN.)
SOLID_ANGLE_UNIT()
);
#15777=SHAPE_DEFINITION_REPRESENTATION(#15780,#15785);
#15778=SHAPE_DEFINITION_REPRESENTATION(#15781,#15786);
#15779=SHAPE_DEFINITION_REPRESENTATION(#15782,#15787);
#15780=PRODUCT_DEFINITION_SHAPE('',$,#15789);
#15781=PRODUCT_DEFINITION_SHAPE('',$,#15790);
#15782=PRODUCT_DEFINITION_SHAPE('',$,#15791);
#15783=PRODUCT_DEFINITION_SHAPE($,$,#17);
#15784=PRODUCT_DEFINITION_SHAPE($,$,#18);
#15785=SHAPE_REPRESENTATION('',(#9363,#10085,#10086),#15769);
#15786=SHAPE_REPRESENTATION('',(#9364),#15770);
#15787=SHAPE_REPRESENTATION('',(#9855),#15771);
#15788=PRODUCT_DEFINITION_CONTEXT('part definition',#15799,'design');
#15789=PRODUCT_DEFINITION('Left_Power_Inlet','Left_Power_Inlet',#15792,
#15788);
#15790=PRODUCT_DEFINITION('Adam''s Tech','Adam''s Tech',#15793,#15788);
#15791=PRODUCT_DEFINITION('Hexagons (8)','Hexagons (8)',#15794,#15788);
#15792=PRODUCT_DEFINITION_FORMATION('',$,#15801);
#15793=PRODUCT_DEFINITION_FORMATION('',$,#15802);
#15794=PRODUCT_DEFINITION_FORMATION('',$,#15803);
#15795=PRODUCT_RELATED_PRODUCT_CATEGORY('Left_Power_Inlet',
'Left_Power_Inlet',(#15801));
#15796=PRODUCT_RELATED_PRODUCT_CATEGORY('Adam''s Tech','Adam''s Tech',(#15802));
#15797=PRODUCT_RELATED_PRODUCT_CATEGORY('Hexagons (8)','Hexagons (8)',(#15803));
#15798=APPLICATION_PROTOCOL_DEFINITION('international standard',
'automotive_design',2009,#15799);
#15799=APPLICATION_CONTEXT(
'Core Data for Automotive Mechanical Design Process');
#15800=PRODUCT_CONTEXT('part definition',#15799,'mechanical');
#15801=PRODUCT('Left_Power_Inlet','Left_Power_Inlet',$,(#15800));
#15802=PRODUCT('Adam''s Tech','Adam''s Tech',$,(#15800));
#15803=PRODUCT('Hexagons (8)','Hexagons (8)',$,(#15800));
#15804=PRESENTATION_STYLE_ASSIGNMENT((#15806));
#15805=PRESENTATION_STYLE_ASSIGNMENT((#15807));
#15806=SURFACE_STYLE_USAGE(.BOTH.,#15808);
#15807=SURFACE_STYLE_USAGE(.BOTH.,#15809);
#15808=SURFACE_SIDE_STYLE('',(#15810));
#15809=SURFACE_SIDE_STYLE('',(#15811));
#15810=SURFACE_STYLE_FILL_AREA(#15812);
#15811=SURFACE_STYLE_FILL_AREA(#15813);
#15812=FILL_AREA_STYLE('ABS (White)',(#15814));
#15813=FILL_AREA_STYLE('Opaque(63,63,63)',(#15815));
#15814=FILL_AREA_STYLE_COLOUR('ABS (White)',#15816);
#15815=FILL_AREA_STYLE_COLOUR('Opaque(63,63,63)',#15817);
#15816=COLOUR_RGB('ABS (White)',0.964705882352941,0.964705882352941,0.952941176470588);
#15817=COLOUR_RGB('Opaque(63,63,63)',0.247058823529412,0.247058823529412,
0.247058823529412);
ENDSEC;
END-ISO-10303-21;
